行号,标签,预测,判定
1,这是其他垃圾_PE塑料袋。,图中的垃圾是几种不同颜色的打包带。,0
2,这是其他垃圾_PE塑料袋。,这是一个双杯袋，通常用于存放饮料或食物。它有一个塑料袋的形状，带有两个杯子的孔，方便在外出时携带饮料。双杯袋通常用于超市或咖啡店等地方，方便顾客取杯子。,1
3,这是其他垃圾_PE塑料袋。,这个垃圾是塑料袋。,1
4,这是其他垃圾_PE塑料袋。,图中没有垃圾，这是一张红色的包装盒图片。,0
5,这是其他垃圾_PE塑料袋。,这是一盒披萨。,0
6,这是其他垃圾_PE塑料袋。,这张图片中的垃圾属于可回收垃圾。垃圾袋上的图案和文字表明这是一个塑料袋，而塑料袋通常可以回收。,0
7,这是其他垃圾_PE塑料袋。,这个垃圾属于塑料袋。,1
8,这是其他垃圾_PE塑料袋。,这个垃圾应该属于其他垃圾。,1
9,这是其他垃圾_PE塑料袋。,这个垃圾属于可回收垃圾。,0
10,这是其他垃圾_PE塑料袋。,图中的垃圾是塑料袋。,1
11,这是其他垃圾_PE塑料袋。,图中的垃圾是塑料袋。,1
12,这是其他垃圾_PE塑料袋。,塑料袋,1
13,这是其他垃圾_PE塑料袋。,这个垃圾属于塑料袋。,1
14,这是其他垃圾_PE塑料袋。,这个垃圾属于塑料袋。,1
15,这是其他垃圾_PE塑料袋。,这是两个塑料袋，上面有英文和中文的标语。塑料袋的设计简洁，具有手柄，适合用于包装物品。,1
16,这是其他垃圾_PE塑料袋。,这个垃圾应该属于可回收垃圾。,0
17,这是其他垃圾_PE塑料袋。,这是打包带，用于打包和固定物品。,0
18,这是其他垃圾_PE塑料袋。,这是一只折叠式水袋，通常用于户外活动或应急情况。袋子上有一些标志和文字，包括“ROYEN”和“1只起印”等信息。这个袋子可以折叠，方便携带和使用。,0
19,这是其他垃圾_PE塑料袋。,这张图片里是蓝色塑料桶。,0
20,这是其他垃圾_PE塑料袋。,这是一张塑料袋的照片。塑料袋里装着一些物品，可能包括衣服或其他垃圾。塑料袋是由聚乙烯制成的，通常用于垃圾收集或运输。,1
21,这是其他垃圾_PE塑料袋。,图中的垃圾是塑料袋。,1
22,这是其他垃圾_PE塑料袋。,图片中的物品属于可回收垃圾。,0
23,这是其他垃圾_PE塑料袋。,图中没有垃圾，是一些橙色的塑料袋。,1
24,这是其他垃圾_PE塑料袋。,这张图片里是一卷蓝色的塑料编织袋。塑料编织袋通常用于包装和运输各种物品。,0
25,这是其他垃圾_PE塑料袋。,这个垃圾应该属于其他垃圾。,1
26,这是其他垃圾_PE塑料袋。,这个垃圾属于厨房垃圾。,0
27,这是其他垃圾_PE塑料袋。,图片中的物品属于可回收垃圾。,0
28,这是其他垃圾_PE塑料袋。,根据图片中的内容，无法确定物品属于什么垃圾类别。,0
29,这是其他垃圾_PE塑料袋。,这张图片里是塑料袋。,1
30,这是其他垃圾_PE塑料袋。,这张图片中的垃圾属于塑料垃圾。塑料垃圾通常由塑料材料制成，包括塑料袋、塑料瓶、塑料膜等。,1
31,这是其他垃圾_PE塑料袋。,图中的垃圾是一卷塑料袋。,1
32,这是其他垃圾_PE塑料袋。,这张图片里没有垃圾。,0
33,这是其他垃圾_PE塑料袋。,图中的垃圾是塑料袋。,1
34,这是其他垃圾_PE塑料袋。,这个垃圾属于餐厨垃圾。,0
35,这是其他垃圾_PE塑料袋。,图片中的物品属于其他垃圾。,1
36,这是其他垃圾_PE塑料袋。,根据图片内容，这个物品属于可回收垃圾。,0
37,这是其他垃圾_U型回形针。,这张图片里是金属垃圾。,0
38,这是其他垃圾_U型回形针。,根据图片中的物品，它们属于不可回收垃圾。,0
39,这是其他垃圾_U型回形针。,这是一个回形针。回形针是一种常用的办公工具，通常由两根细铁丝组成，一根为直立的针，另一根为回形的针，方便整理文件和书籍。,1
40,这是其他垃圾_一次性杯子。,图片中的物品属于其他垃圾。,1
41,这是其他垃圾_一次性杯子。,这张图片中的杯子属于厨余垃圾。,0
42,这是其他垃圾_一次性杯子。,这是一张显示两个透明塑料杯的照片。左边的杯子装满了水，右边的杯子空着。杯子放在一个深色的表面上，背景是黑色的。,1
43,这是其他垃圾_一次性杯子。,这张图片是一个展示纸杯的广告海报。这些纸杯通常用于咖啡店、茶馆、餐厅等场所，用于品尝咖啡、茶等饮品。它们通常具有多种规格和图案，以适应不同的口味和饮品需求。这些纸杯通常由环保材料制成，具有可降解的特点，对环境友好。,1
44,这是其他垃圾_一次性杯子。,这张图片中的垃圾是纸杯。,1
45,这是其他垃圾_一次性杯子。,这张图片里没有垃圾，而是四个一次性纸杯。,0
46,这是其他垃圾_一次性杯子。,这张图片里的垃圾是纸杯。,1
47,这是其他垃圾_一次性杯子。,图片中的物品属于其他垃圾类别。,1
48,这是其他垃圾_一次性杯子。,图片中的物品属于可回收垃圾。,0
49,这是其他垃圾_一次性杯子。,图片中的物品属于其他垃圾类别。,1
50,这是其他垃圾_一次性杯子。,图片中的物品属于其他垃圾类别。,1
51,这是其他垃圾_一次性棉签。,图片中的物品属于其他垃圾类别。,1
52,这是其他垃圾_一次性棉签。,根据图片描述，这些物品属于医疗垃圾。,0
53,这是其他垃圾_一次性棉签。,这个垃圾属于可回收物。,0
54,这是其他垃圾_一次性棉签。,这个垃圾应该属于有害垃圾。,0
55,这是其他垃圾_一次性棉签。,图中的垃圾是卫生纸。,0
56,这是其他垃圾_一次性棉签。,图中的垃圾是一包棉签。,1
57,这是其他垃圾_一次性棉签。,图中的垃圾是一次性使用医用棉签。,1
58,这是其他垃圾_一次性棉签。,图片中的物品属于其他垃圾。,1
59,这是其他垃圾_一次性棉签。,这张图片里的物品是塑料棉签，属于塑料垃圾。,0
60,这是其他垃圾_一次性棉签。,这张图片中的垃圾属于医疗废物。医疗废物是指在医疗卫生机构或其周围环境中产生的具有直接或间接传染性、危害健康的废物。医疗废物需要按照规定进行分类、收集、运输和处理，以防止污染环境和危害人体健康。,0
61,这是其他垃圾_一次性棉签。,图中的垃圾是棉签。,1
62,这是其他垃圾_一次性棉签。,根据图片内容，物品属于不可回收垃圾。,0
63,这是其他垃圾_一次性棉签。,这个垃圾属于有害垃圾。,0
64,这是其他垃圾_一次性棉签。,这个垃圾属于塑料垃圾。,0
65,这是其他垃圾_一次性棉签。,这张图片里的垃圾是“一次性卫生用品”。,0
66,这是其他垃圾_一次性棉签。,这张图片里是餐巾纸。餐巾纸是一种常见的厨房用纸，通常用于擦手、擦脸、擦嘴等。,0
67,这是其他垃圾_一次性棉签。,这张图片里的垃圾是塑料包装袋。塑料包装袋是一种塑料制品，通常用于包装食品、药品或其他物品。塑料包装袋是由塑料制成的，具有耐用性和可回收性，但长期使用可能导致环境问题。,0
68,这是其他垃圾_一次性棉签。,这个垃圾应该属于“其他垃圾”。,1
69,这是其他垃圾_一次性棉签。,这是一组棉花签（耳棒）的图片。每个棉花签都是独立包装的，可以单独使用。包装上有“高级棉签 500”字样，表示这些棉花签是由高品质的棉花制成的。此外，图片还显示了两盒装，每盒有1000支棉花签。,1
70,这是其他垃圾_一次性棉签。,这个垃圾属于其他垃圾。,1
71,这是其他垃圾_一次性棉签。,图片中的物品属于医疗废物。,0
72,这是其他垃圾_一次性棉签。,这张图片里包含的垃圾是塑料制品。,0
73,这是其他垃圾_一次性棉签。,这是一次性使用换药盒，通常用于医院或诊所等医疗场所，用于药箱的补充和更换药物。,0
74,这是其他垃圾_一次性棉签。,图中的垃圾是塑料包装袋。,0
75,这是其他垃圾_一次性棉签。,根据图中的描述，图片中的物品属于有害垃圾。,0
76,这是其他垃圾_串串竹签。,这张图片里的是竹子。竹子是一种植物，通常用于制造竹制品，如筷子、筷子夹等。图片中可以看到一些竹子的碎片。,1
77,这是其他垃圾_串串竹签。,图中没有垃圾。,0
78,这是其他垃圾_串串竹签。,这个垃圾属于厨余垃圾。,0
79,这是其他垃圾_串串竹签。,这张图片里有塑料袋，属于其他垃圾。,0
80,这是其他垃圾_串串竹签。,这个垃圾是可回收垃圾。,0
81,这是其他垃圾_串串竹签。,这是竹签，通常用于烧烤或其他食物处理。,1
82,这是其他垃圾_串串竹签。,图中的垃圾是竹签。,1
83,这是其他垃圾_串串竹签。,图片中的物品属于其他垃圾类别。,1
84,这是其他垃圾_串串竹签。,图中没有垃圾。,0
85,这是其他垃圾_串串竹签。,图中的垃圾是“筷子”。,0
86,这是其他垃圾_便利贴。,图片中的物品属于不可回收垃圾类别。,0
87,这是其他垃圾_便利贴。,这张图片里是纸张垃圾。,0
88,这是其他垃圾_便利贴。,图中的垃圾是胶带。,0
89,这是其他垃圾_便利贴。,根据图片中的物品，我们可以看出这些物品属于其他垃圾。其他垃圾包括可回收物、有害垃圾、湿垃圾和干垃圾等。在垃圾分类中，这些物品属于湿垃圾。,0
90,这是其他垃圾_便利贴。,这张图片里有可爱的兔子、熊、青蛙等图案的便利贴，这些便利贴通常用于做笔记或标记信息。,1
91,这是其他垃圾_便利贴。,图中的垃圾是彩色的便利贴，贴纸上的图案有笑脸、五角星、圆圈、三角形、正方形、圆形、正方形、方形、圆形、圆形、方形、方形、圆形、方形、方形、方形、方形、方形、方形、方形、方形、方形、方形、方形、方形、方形、方形、方形、方形、方形、方形、方形、方形、方形、方形、方形、方形、方形、方形、方形、方形、方形、方形、方形、方形、方形、方形、方形、方形、方形、方形、方形、方形、方形、方形、方形、方形、方形、方形、方形、方形、方形、方形、方形、方形、方形、方形、方形、方形、方形、方形、方形、方形、方形、方形、方形、方形、方形、方形、方形、方形、方形、方形、方形、方形、方形、方形、方形、方形、方形、方形、方形、方形、方形、方形、方形、方形、方形、方形、方形、方形、方形、方形、方形、方形、方形、方形、方形、方形、方形、方形、方形、方形、方形、方形、方形、方形、方形、方形、方形、方形、方形、方形、方形、方形、方形、方形、方形、方形、方形、方形、方形、方形、方形、方形、方形、方形、方形、方形、方形、方形、方形、方形、方形、方形、方形、方形、方形、方形、方形、方形、方形、方形、方形、方形、方形、方形、方形、方形、方形、方形、方形、方形、方形、方形、方形、方形、方形、方形、方形、方形、方形、方形、方形、方形、方形、方形、方形、方形、方形、方形、方形、方形、方形、方形、方形、方形、方形、方形、方形、方形、方形、方形、方形、方形、方形、方形、方形、方形、方形、方形、方形、方形、方形、方形、方形、方形、方形、方形、方形、方形、方形、方形、方形、方形、方形、方形、方形、方形、方形、方形、方形、方形、方形、方形、方形、方形、方形、方形、方形、方形、方形、方形、方形、方形、方形、方形、方形、方形、方形、方形、方形、方形、方形、方形、方形、,1
92,这是其他垃圾_便利贴。,这是一张橙色的纸片，形状像一朵花。它放在一张带有彩色图案的纸上。,0
93,这是其他垃圾_便利贴。,这是四张彩色的便利贴，每张便利贴都是正方形的。,1
94,这是其他垃圾_便利贴。,图片中的物品属于可回收垃圾。,0
95,这是其他垃圾_便利贴。,这张图片里是塑料垃圾。,0
96,这是其他垃圾_创可贴。,这是一张黄色的创可贴。创可贴是一种常见的医疗用品，通常用于处理轻微的擦伤或切割伤。它通常由胶水或胶带粘附在受伤的皮肤上，以帮助减少疼痛和促进愈合。,1
97,这是其他垃圾_创可贴。,这是一个胶布绷带，通常用于包扎伤口。胶布绷带是医疗设备的一部分，用于保护伤口并促进愈合。,1
98,这是其他垃圾_创可贴。,图中的垃圾是创可贴。,1
99,这是其他垃圾_创可贴。,这个垃圾属于“医疗废弃物”类别。,0
100,这是其他垃圾_创可贴。,这张图片中的垃圾是废弃的医用胶布。,1
101,这是其他垃圾_创可贴。,这张图片里的垃圾是塑料袋。塑料袋通常被分类为可回收垃圾。,0
102,这是其他垃圾_创可贴。,这是一包儿童创可贴。这些创可贴上印有各种图案和颜色，适合儿童使用。,1
103,这是其他垃圾_创可贴。,这是一张卡通插画，图中是一个橙色的膏药。膏药是一种常见的医疗用品，用于敷在受伤或擦伤的皮肤上，以减轻疼痛和促进愈合。膏药通常由橡胶或合成橡胶制成，上面有多个小孔，可以透气并保持干燥。,0
104,这是其他垃圾_创可贴。,图片中的物品属于其他垃圾。,1
105,这是其他垃圾_创可贴。,根据图片内容，可以确定该物品属于其他垃圾类别。其他垃圾是指除可回收物、有害垃圾、湿垃圾和干垃圾外的其他垃圾，主要包括砖瓦、陶瓷、渣土、卫生间废纸等。,0
106,这是其他垃圾_创可贴。,这是一张卡通插画，图中展示的是一个包装盒和一块贴片。包装盒的顶部是打开的，露出了一块贴片。贴片上有一个白色的十字，旁边有白色和棕色的圆点，代表了布丁的外观。背景是浅色的，没有其他明显的细节。,0
107,这是其他垃圾_创可贴。,图中没有垃圾。,0
108,这是其他垃圾_创可贴。,这个垃圾属于“医疗废物”。,0
109,这是其他垃圾_创可贴。,这个垃圾是塑料包装袋。,0
110,这是其他垃圾_创可贴。,这张图片里是医疗废物。,0
111,这是其他垃圾_创可贴。,图片中的物品属于其他垃圾类别。,1
112,这是其他垃圾_创可贴。,这张图片中的垃圾属于其他垃圾。,1
113,这是其他垃圾_创可贴。,这个垃圾属于生活垃圾中的医疗垃圾。,0
114,这是其他垃圾_厨房手套。,这张图片里没有垃圾，只有一双手。,0
115,这是其他垃圾_厨房手套。,这个垃圾属于塑料垃圾。,0
116,这是其他垃圾_厨房手套。,这是一双手套。手套通常是用于保护手部免受伤害或污染的物品，通常在厨房、清洁工作或需要接触化学品时使用。根据手套的材质和设计，它们可以有不同的用途和功能。,1
117,这是其他垃圾_厨房手套。,这张图片展示的是三双厨房手套，每双手套的价格是9.8元。,1
118,这是其他垃圾_厨房手套。,图中没有垃圾。,0
119,这是其他垃圾_厨房手套。,这张图片里的是一个紫色的橡胶手套。橡胶手套通常用于清洁和保护手部。橡胶手套在家庭清洁、厨房清洁、浴室清洁等方面非常常见。橡胶手套通常由橡胶制成，具有耐用性和防滑性。,1
120,这是其他垃圾_厨房手套。,这张图片里是一双橡胶手套。橡胶手套通常用于清洁工作，如洗碗、清洁厨房等。它们通常不会被分类为可回收垃圾或有害垃圾，而是被归类为普通垃圾。,1
121,这是其他垃圾_厨房手套。,这张图片里是塑料垃圾。塑料垃圾通常是指那些由塑料制成的垃圾，包括塑料袋、塑料瓶、塑料包装盒等。,1
122,这是其他垃圾_厨房手套。,这个物品看起来像是一个硅胶手套。硅胶手套通常用于清洁和保护手部。因此，这个垃圾应该被分类为“家居清洁用品”。,0
123,这是其他垃圾_厨房手套。,这是橡胶手套。橡胶手套通常用于清洁和防护，特别是厨房和卫生区域。它们可以防止手部受到划伤和污染。,1
124,这是其他垃圾_厨房手套。,图片中的物品属于不可回收垃圾。,0
125,这是其他垃圾_厨房手套。,这是一双白色的手套。手套上有凹凸不平的纹理，可能用于保护手部免受刺激或伤害。手套的前部有一个圆形的标志，可能表示品牌或系列。,1
126,这是其他垃圾_厨房手套。,这张图片是一张黄色手套的图片，无法确定它属于什么垃圾类别。,0
127,这是其他垃圾_厨房手套。,这个垃圾是厨房垃圾。,0
128,这是其他垃圾_厨房手套。,图中的垃圾是黄色橡胶手套。,1
129,这是其他垃圾_口罩。,图片中的物品属于有害垃圾类别。,0
130,这是其他垃圾_口罩。,图片中的物品属于其他垃圾。,1
131,这是其他垃圾_口罩。,这是一张3M品牌的9501口罩的照片。3M是全球知名的防护用品制造商，该口罩符合GB2626-2006 KN95标准，具有良好的防护效果。,1
132,这是其他垃圾_口罩。,图中有一个白色的防护口罩。,1
133,这是其他垃圾_口罩。,图中的垃圾是3M口罩。,1
134,这是其他垃圾_口罩。,图片中的物品属于可回收垃圾。,0
135,这是其他垃圾_口罩。,这张图片里是一次性口罩，属于生活垃圾。,1
136,这是其他垃圾_口罩。,图片中的物品属于可回收垃圾。,0
137,这是其他垃圾_口罩。,这张图片里有三个白色口罩。根据图片内容，它们属于口罩类垃圾。,1
138,这是其他垃圾_口罩。,这个垃圾应该属于以下类别之一：  1. 医用口罩 2. 防护口罩 3. 一次性口罩 4. 个人防护装备（PPE） 5. 个人卫生用品  由于这个口罩带有呼吸阀，通常情况下，呼吸阀口罩的使用场景是用于在有空气污染的情况下，比如在化工厂、工厂等环境中使用，以防止吸入有害气体或粉尘。,1
139,这是其他垃圾_唱片。,这个垃圾属于废弃物品，具体来说是旧唱片。,1
140,这是其他垃圾_唱片。,图中的垃圾是一些破损的黑胶唱片，表面有些许划痕和磨损。,1
141,这是其他垃圾_唱片。,这是一张黑胶唱片。唱片上印有中文歌词和音乐作品的标题，唱片的外包装上也印有“中国唱片”的标志。黑胶唱片是一种传统的音频存储介质，通常用于播放音乐和广播。,1
142,这是其他垃圾_唱片。,根据图片中的描述，这个物品是一个红色的唱片，属于音乐类垃圾。,1
143,这是其他垃圾_图钉。,图片中的物品属于其他垃圾类别。,1
144,这是其他垃圾_图钉。,图中的垃圾是四枚银色金属圆片。,0
145,这是其他垃圾_图钉。,这张图片里的垃圾是金属。,0
146,这是其他垃圾_图钉。,这个垃圾可以归为“金属废料”。,0
147,这是其他垃圾_图钉。,这是两种不同颜色的回形针。,0
148,这是其他垃圾_大龙虾头。,这是一道美味的红烧小龙虾。,0
149,这是其他垃圾_大龙虾头。,图片中的物品属于其他垃圾类别。,1
150,这是其他垃圾_大龙虾头。,这张图片里没有垃圾。,0
151,这是其他垃圾_大龙虾头。,图片中的物品属于厨余垃圾类别。,0
152,这是其他垃圾_奶茶杯。,这是一个杯子，上面有雪花图案。,1
153,这是其他垃圾_奶茶杯。,这个垃圾属于厨余垃圾。,0
154,这是其他垃圾_奶茶杯。,这张图片里是可回收物。,0
155,这是其他垃圾_奶茶杯。,这张图片里没有明显的垃圾，因为图片中展示的是各种不同容量的塑料杯。,0
156,这是其他垃圾_奶茶杯。,这是《小猪佩奇》的饮品。图中杯子上有小猪佩奇的图案，背景是《小猪佩奇》的主题店。,0
157,这是其他垃圾_奶茶杯。,这张图片里有塑料杯，塑料杯属于其他垃圾。,1
158,这是其他垃圾_奶茶杯。,图片中的物品属于其他垃圾。,1
159,这是其他垃圾_干果壳。,这是一碗松果。,0
160,这是其他垃圾_干果壳。,这张图片里是坚果壳。,1
161,这是其他垃圾_干果壳。,这是一碗杏仁。杏仁是一种常见的坚果，通常以壳包裹着种子。它们富含健康脂肪，蛋白质和纤维，并且在许多文化中被用于零食或健康饮食。,0
162,这是其他垃圾_干果壳。,这张图片里没有明显的垃圾，可能是一个食品包装袋。,0
163,这是其他垃圾_干果壳。,图片中的物品属于其他垃圾。,1
164,这是其他垃圾_干果壳。,图片中的物品属于厨余垃圾。,0
165,这是其他垃圾_干果壳。,图中的垃圾是坚果。,1
166,这是其他垃圾_干果壳。,图中的垃圾是核桃。,1
167,这是其他垃圾_干果壳。,,0
168,这是其他垃圾_干果壳。,图中没有垃圾。,0
169,这是其他垃圾_干燥剂。,这是一种硅胶干燥剂，通常用于吸收空气中的水分，保持物品干燥。硅胶是一种多孔的非晶态材料，通常含有硅和氧的化合物。它具有吸湿性，能够吸收和释放水分，从而调节物品的湿度。硅胶干燥剂常用于食品储存、衣物干燥、相机清洁和电池维护等领域。,1
170,这是其他垃圾_干燥剂。,图片中的物品属于有害垃圾类别。,0
171,这是其他垃圾_干燥剂。,图中的垃圾是硅胶干燥剂，它是一种吸附剂，用于吸收空气中的水分，防止物品受潮。,1
172,这是其他垃圾_干燥剂。,这张图片里的垃圾是硅胶干燥剂。硅胶干燥剂是一种吸湿剂，通常用于干燥空气、食品、药品等。图片中的硅胶干燥剂包装上印有“DO NOT EAT”字样，提示用户不要食用。,1
173,这是其他垃圾_干燥剂。,这个垃圾属于固体废弃物。,0
174,这是其他垃圾_干燥剂。,这个垃圾是塑料垃圾。,0
175,这是其他垃圾_干燥剂。,这张图片里的垃圾是硅胶干燥剂，属于不可回收垃圾。,1
176,这是其他垃圾_打泡网。,这张图片里的垃圾是可回收物。,0
177,这是其他垃圾_打泡网。,这是一张报纸，上面有英文文字，可能是一份旧报纸。报纸上的文字看起来像是英文，但具体的内容可能无法辨认。,0
178,这是其他垃圾_打火机。,这张图片中的物品是香烟和打火机。,1
179,这是其他垃圾_打火机。,这个物品是一个打火机，属于垃圾中的电子产品和电子设备。,0
180,这是其他垃圾_放大镜。,这是一个放大镜，上面写着“SEARCH”。放大镜通常用于放大物体或文本，以便更清楚地观察细节。,1
181,这是其他垃圾_放大镜。,这张图片里有一个放大镜和几本书。放大镜是用来放大物体的工具，而书则是书籍的英文单词。所以，这张图片里并不是垃圾，而是书和放大镜。,0
182,这是其他垃圾_放大镜。,这个垃圾是纸张垃圾。,0
183,这是其他垃圾_放大镜。,图片中的物品属于有害垃圾。,0
184,这是其他垃圾_毛巾。,这张图片里是一叠毛巾。,1
185,这是其他垃圾_毛巾。,这是用毛巾折叠成的兔子。具体步骤如下：  1. 将毛巾展开，将毛巾的一侧折叠成一条小圆柱。 2. 将毛巾的另一侧折叠成一条细长的条。 3. 将毛巾的底部折叠成一个圆形，使其形成兔子的头部。 4. 将毛巾的底部向右折叠，形成兔子的身体。 5. 将毛巾的顶部向右折叠，形成兔子的耳朵。  这样就完成了兔子的折叠。,1
186,这是其他垃圾_毛巾。,图中的垃圾是一堆柔软的白色棉布毛巾。,1
187,这是其他垃圾_毛巾。,这张图片中的垃圾是：  1. 柔软的浴巾和毛巾 2. 红色的花朵 3. 白色的背景  这些垃圾属于家庭垃圾，不需要进行分类。,1
188,这是其他垃圾_毛巾。,,0
189,这是其他垃圾_毛巾。,这张图片中的垃圾是：浴巾。,1
190,这是其他垃圾_毛巾。,图中没有垃圾。,0
191,这是其他垃圾_毛巾。,这个垃圾属于可回收物。,0
192,这是其他垃圾_毛巾。,根据图片中的物品，它属于其他垃圾。,1
193,这是其他垃圾_毛巾。,图中没有垃圾，只有一堆绿色的毛巾。,0
194,这是其他垃圾_毛巾。,图片中的物品属于其他垃圾类别。,1
195,这是其他垃圾_毛巾。,图中没有垃圾。,0
196,这是其他垃圾_毛巾。,这个垃圾属于不可回收垃圾。,0
197,这是其他垃圾_毛巾。,图片中的物品属于不可回收垃圾。,0
198,这是其他垃圾_毛巾。,这张图片展示了一块蓝色的毛巾，放在一辆车的挡风玻璃上。这可能是一种汽车清洁用品，用于擦拭汽车表面。因此，这个垃圾可以归类为“清洁用品”或“汽车护理用品”。,1
199,这是其他垃圾_毛巾。,这个垃圾属于电子产品垃圾。,0
200,这是其他垃圾_毛巾。,这张图片的内容物属于家居用品，属于生活用品类。,0
201,这是其他垃圾_毛巾。,图中的垃圾是绿色的针织衫，上面有白色的毛绒图案。,0
202,这是其他垃圾_毛巾。,图中没有垃圾。,0
203,这是其他垃圾_毛巾。,这是四个不同颜色的毛巾叠放在一起的照片。从上到下分别是绿色、白色、黄色和橙色。这些毛巾看起来非常柔软和舒适。,1
204,这是其他垃圾_毛巾。,图中的垃圾是纸巾。,0
205,这是其他垃圾_毛巾。,图中的垃圾是一堆折叠的婴儿毛巾被。,1
206,这是其他垃圾_毛巾。,这张图片中的垃圾是毛巾。,1
207,这是其他垃圾_毛巾。,图片中的物品属于不可回收垃圾类别。,1
208,这是其他垃圾_毛巾。,,0
209,这是其他垃圾_毛巾。,这个图片中的垃圾类型是“垃圾”（Garbage）。,0
210,这是其他垃圾_毛巾。,这是毛巾。,1
211,这是其他垃圾_毛巾。,图片中的物品属于其他垃圾。,1
212,这是其他垃圾_毛巾。,图中的垃圾是一块绿色的塑料瓶盖。,0
213,这是其他垃圾_毛巾。,这张图片里的是大白巾，属于其他垃圾。,1
214,这是其他垃圾_涂改带。,这张图片里的垃圾是塑料垃圾。,0
215,这是其他垃圾_涂改带。,根据图片中的信息，该物品属于有害垃圾。,0
216,这是其他垃圾_涂改带。,这个垃圾属于办公用品垃圾。,0
217,这是其他垃圾_涂改带。,这张图片里没有提到垃圾。,0
218,这是其他垃圾_涂改带。,这张图片里的物品是废弃的，应该属于有害垃圾。,0
219,这是其他垃圾_湿纸巾。,根据图片内容，这个物品属于其他垃圾类别。,1
220,这是其他垃圾_湿纸巾。,这是三包婴儿湿巾。湿巾通常用于清洁宝宝的脸部和身体，具有温和的配方，不会对宝宝的皮肤造成刺激。,1
221,这是其他垃圾_湿纸巾。,这张图片里没有明显的垃圾。,0
222,这是其他垃圾_湿纸巾。,图片中的物品属于有害垃圾。,0
223,这是其他垃圾_湿纸巾。,这个垃圾属于其他垃圾。,1
224,这是其他垃圾_湿纸巾。,这是一个湿巾，通常用于清洁双手或面部。它可能含有温和的清洁剂，适合家庭使用或旅行时使用。湿巾通常用于清洁，可以去除表面的污垢、油脂和细菌。,1
225,这是其他垃圾_湿纸巾。,这是一个包装盒，里面装着“WingCotton 棉花之翼”品牌的湿巾。湿巾通常用于清洁皮肤，具有柔软的材质和温和的配方，适合各种皮肤类型。,1
226,这是其他垃圾_湿纸巾。,图片中的物品属于可回收物。,0
227,这是其他垃圾_湿纸巾。,这是一个名为“伦敦清爽雪松净化湿巾”的产品。它是一种含有雪松提取物的湿巾，通常用于清洁面部、颈部和身体。,1
228,这是其他垃圾_湿纸巾。,根据图片中的物品，这个是包装湿巾，属于生活类垃圾。,1
229,这是其他垃圾_湿纸巾。,图片中的物品属于其他垃圾类别。,1
230,这是其他垃圾_湿纸巾。,这是一个装有婴儿湿巾的包装。包装上有一个透明的盖子，打开后可以看到湿巾的包装。湿巾上有“Baby Wipes”的字样，表示这是针对婴儿使用的湿巾。湿巾的包装上有品牌标识和包装细节，包括湿巾的数量和使用说明。,0
231,这是其他垃圾_湿纸巾。,这个垃圾属于不可回收垃圾。,0
232,这是其他垃圾_湿纸巾。,这张图片中的垃圾属于“其他垃圾”类别。,1
233,这是其他垃圾_烟蒂。,这张图片里的是废电池。,0
234,这是其他垃圾_烟蒂。,图片中的物品属于其他垃圾类别。,1
235,这是其他垃圾_烟蒂。,这个垃圾是废弃的香烟烟蒂。,1
236,这是其他垃圾_烟蒂。,这张图片里的是烟蒂。,1
237,这是其他垃圾_烟蒂。,图片里是一块废弃的烟蒂。,1
238,这是其他垃圾_烟蒂。,图片中的物品属于有害垃圾。,0
239,这是其他垃圾_烟蒂。,这张图片里的是烟蒂。,1
240,这是其他垃圾_烟蒂。,这张图片中的垃圾是废纸。,0
241,这是其他垃圾_烟蒂。,这张图片里是一块粉笔。,0
242,这是其他垃圾_烟蒂。,这个垃圾应该归类为烟蒂。,1
243,这是其他垃圾_烟蒂。,这张图片中的垃圾属于烟蒂。,1
244,这是其他垃圾_烟蒂。,这个垃圾应该属于可回收垃圾。,0
245,这是其他垃圾_烟蒂。,这张图片里的垃圾是电池。,0
246,这是其他垃圾_烟蒂。,这是一张图片，图片中有一个小木块。根据图片中的信息，无法准确判断这个垃圾是属于哪一类垃圾。可能需要更多的信息来确定垃圾类型。,0
247,这是其他垃圾_烟蒂。,根据图片内容，这个物品属于其他垃圾。,1
248,这是其他垃圾_烟蒂。,这是一个棕色的物体，看起来像是一个巧克力棒。巧克力棒通常是由巧克力制成的，常见于巧克力食品中。,0
249,这是其他垃圾_烟蒂。,根据图中物品的外观和颜色，它属于其他垃圾。,1
250,这是其他垃圾_烟蒂。,图中的垃圾是烟蒂。,1
251,这是其他垃圾_烟蒂。,这张图片显示的是一根烟蒂。,1
252,这是其他垃圾_烟蒂。,这是一个木制的插销，通常用于建筑或家具安装。插销是一种插入式装置，可以用来固定两个物体之间的距离，使其不能自由移动。插销通常用于需要频繁拆装的场合，例如家具安装。,0
253,这是其他垃圾_烟蒂。,根据图片中的物品，可以判断它属于其他垃圾。,1
254,这是其他垃圾_烟蒂。,图片中的物品属于烟蒂垃圾类别。,1
255,这是其他垃圾_烟蒂。,图片中的物品属于不可回收垃圾。,1
256,这是其他垃圾_烟蒂。,根据图片中的物品，它属于可回收垃圾。,0
257,这是其他垃圾_烟蒂。,这个垃圾属于可回收垃圾。,0
258,这是其他垃圾_烟蒂。,这是一支香烟。,1
259,这是其他垃圾_烟蒂。,这张图片里是烟蒂。,1
260,这是其他垃圾_烟蒂。,图片中的物品属于有害垃圾类别。,0
261,这是其他垃圾_烟蒂。,这个垃圾属于其他垃圾。,1
262,这是其他垃圾_烟蒂。,这张图片里的是烟蒂，烟蒂属于生活垃圾。,1
263,这是其他垃圾_烟蒂。,图中的垃圾是一支烟蒂。,1
264,这是其他垃圾_烟蒂。,图片中的物品属于烟蒂垃圾。,1
265,这是其他垃圾_烟蒂。,这是一支被点燃的香烟。香烟的烟灰看起来有些松散，可能是因为燃烧过程中产生的烟雾和杂质。香烟的包装通常是塑料的，烟灰托是金属或塑料制成的，用来放置燃烧后的烟灰。,1
266,这是其他垃圾_牙刷。,图中的垃圾是牙膏。,0
267,这是其他垃圾_牙刷。,图中的垃圾是牙刷。,1
268,这是其他垃圾_牙刷。,图片中的物品属于有害垃圾。,0
269,这是其他垃圾_牙刷。,这是一把电动牙刷。电动牙刷通常有多个刷头，可以更换不同的刷头以适应不同的牙齿清洁需求。,1
270,这是其他垃圾_百洁布。,图中的垃圾是一块擦布。,1
271,这是其他垃圾_百洁布。,根据图片中的物品，我们可以推测它属于其他垃圾类别。,1
272,这是其他垃圾_百洁布。,这是一个黄色和绿色相间的海绵。这种海绵通常用于清洁厨房和浴室的表面，如锅、锅铲、碗和水槽。它可以帮助去除污垢和油脂，保持厨房和浴室的清洁。,1
273,这是其他垃圾_百洁布。,图片中的物品属于其他垃圾类别。,1
274,这是其他垃圾_百洁布。,这是一盒思高（Scotch-Brite）品牌的百洁布。,1
275,这是其他垃圾_百洁布。,这个垃圾是一个绿色的布，可能需要清洗。,0
276,这是其他垃圾_百洁布。,图片中的物品属于可回收垃圾。,0
277,这是其他垃圾_百洁布。,图片中的物品属于其他垃圾类别。,1
278,这是其他垃圾_百洁布。,这张图片里没有垃圾，只是一叠彩色的毛巾。,0
279,这是其他垃圾_百洁布。,这个垃圾属于厨余垃圾。,0
280,这是其他垃圾_百洁布。,这个垃圾属于可回收垃圾。,0
281,这是其他垃圾_百洁布。,这个垃圾属于厨房垃圾。,0
282,这是其他垃圾_百洁布。,这张图片中的垃圾应该属于“其他垃圾”。,1
283,这是其他垃圾_百洁布。,这个垃圾应该属于厨房垃圾。,0
284,这是其他垃圾_百洁布。,图片中的物品属于其他垃圾。,1
285,这是其他垃圾_百洁布。,这张图片里的是厨房洗碗布，属于其他垃圾。,1
286,这是其他垃圾_百洁布。,这张图片里是一块绿色海绵。海绵通常属于厨余垃圾，因为它可以用来清洁厨房的表面。,0
287,这是其他垃圾_眼镜。,这是3D眼镜。3D眼镜通常用于观看3D电影或视频，通过两片不同的镜片，一片呈现蓝色，另一片呈现红色，观众的眼睛需要同时看到这两片镜片，从而获得立体视觉效果。,1
288,这是其他垃圾_眼镜。,这张图片中的物品是一个3D眼镜。根据这个信息，这张图片属于电子产品类别。,0
289,这是其他垃圾_眼镜。,图片中的物品属于有害垃圾类别。,0
290,这是其他垃圾_眼镜。,这张图片里没有垃圾，是一副3D眼镜和一个硬币。,1
291,这是其他垃圾_眼镜。,这张图片里的是电子垃圾。,0
292,这是其他垃圾_眼镜。,这张图片里的是智能眼镜。,1
293,这是其他垃圾_眼镜。,这张图片中的垃圾类型是“电子产品垃圾”。,0
294,这是其他垃圾_眼镜。,这是一副护目镜。护目镜通常用于保护眼睛免受紫外线、眩光或其他有害光线的伤害。这种护目镜的镜片通常是透明的，能够提供一定的视野。,0
295,这是其他垃圾_眼镜。,这张图片里没有垃圾。,0
296,这是其他垃圾_眼镜。,图中的垃圾是“BenQ”品牌的眼镜。,1
297,这是其他垃圾_票据。,这张图片中的垃圾是“废纸”。,0
298,这是其他垃圾_票据。,这是几张车票，上面有不同颜色的数字和文字，可能是在苏州三轮车服务社购买的车票。,1
299,这是其他垃圾_票据。,这张图片里的是火车票。,1
300,这是其他垃圾_票据。,这张图片里是废旧的汽车报废凭证。,1
301,这是其他垃圾_票据。,图中的垃圾是邮票。,0
302,这是其他垃圾_票据。,这张图片里是汽车票。,1
303,这是其他垃圾_票据。,这张图片里是一张老式火车票。,1
304,这是其他垃圾_票据。,根据物品的描述，这个火车票属于铁路运输工具，属于生活垃圾类别。,0
305,这是其他垃圾_票据。,这张图片中的垃圾是纸张。,0
306,这是其他垃圾_票据。,根据图片中的描述，这是一张车票，属于公共交通工具类垃圾。,0
307,这是其他垃圾_票据。,这张图片中的物品属于废弃垃圾类别。,0
308,这是其他垃圾_票据。,图片中的物品属于可回收垃圾。,0
309,这是其他垃圾_票据。,图片中的物品属于有害垃圾类别。,0
310,这是其他垃圾_票据。,这张图片中的物品属于不可回收垃圾。,1
311,这是其他垃圾_票据。,这张图片显示的是一个旅游发票，发票上写着“中国凤凰山”，并且标注了旅游地点是辽宁丹东的凤凰山风景名胜区。发票上还显示了发票代码和金额，金额为80.00元。发票上还有其他一些信息，但这些信息无法从图片中清楚地显示出来。,1
312,这是其他垃圾_票据。,这张图片里是一张火车票。火车票上写着“太原-大同”，时间和车次信息，以及乘客的具体信息。火车票是一种运输工具，用于乘客在不同地点之间运输。,1
313,这是其他垃圾_票据。,这张图片中的物品属于“废纸”的类别。,0
314,这是其他垃圾_空调滤芯。,这是一个方形的棉签，通常用于清洁耳朵。包装上有一些促销信息，显示这是“诚信汽配”品牌的棉花棒。,0
315,这是其他垃圾_空调滤芯。,图片中的物品属于有害垃圾。有害垃圾是指可能对环境造成危害的垃圾，如废电池、废灯管、废药品等。这些垃圾如果不正确处理，可能会对环境造成污染，影响人类健康。,0
316,这是其他垃圾_空调滤芯。,这是一张空调滤清器的图片。空调滤清器是一种用于过滤汽车空调系统中空气的滤清器，通常安装在汽车的空调进风口处。它的主要功能是防止灰尘、颗粒和细菌等物质进入空调系统，保护车内空气的清洁和健康。,1
317,这是其他垃圾_空调滤芯。,这是汽车空调滤清器。使用一段时间后，空调滤清器可能会变得脏污，外观也可能会发生变化。,1
318,这是其他垃圾_空调滤芯。,根据图片内容，该物品属于其他垃圾类别。,1
319,这是其他垃圾_空调滤芯。,这个垃圾属于垃圾类别中的“汽车空调滤清器”。,1
320,这是其他垃圾_空调滤芯。,图中的垃圾是一张白色的滤网。,1
321,这是其他垃圾_笔及笔芯。,这张图片中的垃圾属于纸张垃圾。,0
322,这是其他垃圾_笔及笔芯。,图中的垃圾是钢笔。,1
323,这是其他垃圾_笔及笔芯。,图中的垃圾是两个包装盒。,0
324,这是其他垃圾_笔及笔芯。,这是一张图片，显示了两种不同颜色的笔芯。图片左上角有“进贤县万里文具礼品有限公司”的文字，右下角有“wliigroup 1688.com”的文字。,1
325,这是其他垃圾_笔及笔芯。,这是一支蓝色的墨水笔芯。它看起来像是一个笔尖或笔芯，用于在墨水笔上填充墨水。,1
326,这是其他垃圾_笔及笔芯。,这是几支铅笔，铅笔的包装上贴着卡通人物的图案。,1
327,这是其他垃圾_笔及笔芯。,这张图片里没有明显的垃圾，只有几支笔的包装。,0
328,这是其他垃圾_笔及笔芯。,图中的垃圾是：笔,1
329,这是其他垃圾_笔及笔芯。,这张图片里是一些彩色的笔。,1
330,这是其他垃圾_笔及笔芯。,这张图片中的产品包装袋是塑料制品，属于可回收物。,0
331,这是其他垃圾_笔及笔芯。,这是一组彩色的笔尖，具体来说，它们是蓝色的笔尖。,1
332,这是其他垃圾_笔及笔芯。,这是一套心形图案的铅笔芯。铅笔芯是铅笔的重要组成部分，它们提供了笔芯的硬度和可塑性。铅笔芯有不同的硬度，以便不同用途的铅笔使用。铅笔芯的颜色和图案通常与品牌和设计有关。在这些铅笔芯中，大多数颜色和图案都是一样的，但也有例外。,1
333,这是其他垃圾_笔及笔芯。,这是一支带有胶水的圆珠笔。胶水笔是一种特殊的圆珠笔，笔芯内部含有胶水，可以使用胶水来书写。,1
334,这是其他垃圾_笔及笔芯。,这张图片中没有垃圾。,0
335,这是其他垃圾_笔及笔芯。,这是几支蓝色的橡皮擦。,0
336,这是其他垃圾_笔及笔芯。,这是几支笔。左边是红色的笔，右边是黑色的笔。,1
337,这是其他垃圾_笔及笔芯。,根据图片中的描述，这些物品属于有害垃圾类别。,0
338,这是其他垃圾_笔及笔芯。,这是一套DONG-A品牌的文具套装。套装内有不同颜色的橡皮擦，包括蓝色、红色和黑色。橡皮擦上有“DONG-A”的标志和中文标识。这些橡皮擦可能是用来擦去写字时留下的痕迹，方便使用。,0
339,这是其他垃圾_笔及笔芯。,图中的垃圾是黑色底专用笔芯。,1
340,这是其他垃圾_笔及笔芯。,图片中的物品属于有害垃圾类别。,0
341,这是其他垃圾_笔及笔芯。,这个垃圾是一次性筷子。,0
342,这是其他垃圾_笔及笔芯。,图片中的物品属于有害垃圾类别。,0
343,这是其他垃圾_笔及笔芯。,根据图片中的信息，该物品属于办公用品或文具类垃圾。,1
344,这是其他垃圾_笔及笔芯。,图是一张打开的白色笔记本，笔记本上插着五支不同颜色的中性笔。图中有以下描述：全部五件包邮。,0
345,这是其他垃圾_笔及笔芯。,这是一张图片，显示了几种透明塑料包装的墨水笔芯。包装上有一个圆形标志，标示为“MG-2004”和“0.5毫米”。包装上还标有“0.5毫米”的字样，表示笔芯的直径为0.5毫米。这些包装通常用于存储和展示墨水笔芯。,1
346,这是其他垃圾_笔及笔芯。,图中的垃圾是塑料包装。,0
347,这是其他垃圾_笔及笔芯。,这张图片里没有垃圾，只有一张展示铅笔的图片。,0
348,这是其他垃圾_笔及笔芯。,这张图片里没有垃圾，只有一支Pilot（皮克托）的笔。,1
349,这是其他垃圾_笔及笔芯。,这个垃圾可以分类为“包装垃圾”。,0
350,这是其他垃圾_笔及笔芯。,图中没有垃圾，只有一盒铅笔和一盒橡皮。,0
351,这是其他垃圾_笔及笔芯。,根据图片中的信息，无法确定该物品属于什么垃圾类别。,0
352,这是其他垃圾_笔及笔芯。,根据图片内容，这个物品属于其他垃圾类别。,1
353,这是其他垃圾_笔及笔芯。,图片中的物品属于其他垃圾。,1
354,这是其他垃圾_笔及笔芯。,这是一支眉笔。眉笔是一种化妆工具，用于描绘眉毛。图中展示了四种不同颜色的眉笔，分别是自然棕、深棕色、咖啡色和深灰色。,1
355,这是其他垃圾_笔及笔芯。,这张图片里没有显示垃圾，而是展示了各种颜色的笔芯。,1
356,这是其他垃圾_笔及笔芯。,图中的垃圾是牙刷。,0
357,这是其他垃圾_笔及笔芯。,图片中的物品属于其他垃圾类别。,1
358,这是其他垃圾_笔及笔芯。,这是一支得力思达（delistar）品牌的签字笔。以下是一些关键信息：  - 品牌：得力思达（delistar） - 型号：S754 - 颜色：黑色 - 线幅：0.7mm - 重量：2.33g - 规格：Φ5.7*110.4mm - 包装：20/240/2880 - 外箱尺寸：59.5*34.5*30.5cm  这些信息可以帮助你了解这支笔的基本规格和特点。,1
359,这是其他垃圾_笔及笔芯。,这个垃圾是废电池。,0
360,这是其他垃圾_笔及笔芯。,图片中的物品属于不可回收垃圾。,1
361,这是其他垃圾_笔及笔芯。,这个垃圾可以归类为“文具”。,0
362,这是其他垃圾_笔及笔芯。,这个垃圾应该属于电子产品或设备。,0
363,这是其他垃圾_笔及笔芯。,这个垃圾属于“其他垃圾”。,1
364,这是其他垃圾_笔及笔芯。,这张图片的内容看起来像是几支笔，具体来说是钢笔或圆珠笔的笔尖。为了更准确地分类，我们需要进一步的信息。钢笔笔尖的笔帽通常会有不同的颜色来表示不同的墨水颜色，例如蓝色、红色和绿色。这些笔尖通常用于更换笔芯，以便更换不同颜色的墨水。  钢笔笔尖的分类通常基于它们的笔帽颜色。蓝色笔帽通常代表蓝色墨水，红色笔帽通常代表红色墨水，而绿色笔帽通常代表绿色墨水。因此，根据图片中的颜色，我们可以推测这可能是一些不同颜色的钢笔笔尖。  不过，如果没有更多的信息，比如笔尖的名称或制造商的标志，很难确定这些笔尖的具体类型。如果您能提供更多的信息，我可以帮助您更准确地分类这些钢笔笔尖。,1
365,这是其他垃圾_笔及笔芯。,这张图片里是一盒橡皮。橡皮是学校用品，属于废纸类垃圾。,0
366,这是其他垃圾_笔及笔芯。,这个垃圾应该属于“废纸”。,0
367,这是其他垃圾_笔及笔芯。,这个垃圾是废弃的笔芯，属于生活用品垃圾。,1
368,这是其他垃圾_笔及笔芯。,图中没有垃圾。,0
369,这是其他垃圾_笔及笔芯。,这个垃圾属于电子垃圾。,0
370,这是其他垃圾_笔及笔芯。,图片中的物品属于其他垃圾类别。,1
371,这是其他垃圾_纸巾。,图中的垃圾是皱巴巴的纸巾。,1
372,这是其他垃圾_纸巾。,这张图片里的是垃圾。图片中的物体看起来像是纸巾的碎片，可能是被揉成一团的纸巾，上面有红色的污渍。,1
373,这是其他垃圾_纸巾。,根据图片描述，这个物体是皱巴巴的纸团，因此它属于纸张类垃圾。,0
374,这是其他垃圾_纸巾。,这是一张皱巴巴的纸张。它看起来像是被揉成一团，可能是由于使用或折叠造成的。,1
375,这是其他垃圾_纸巾。,这张图片里是一团皱巴巴的纸巾。,1
376,这是其他垃圾_纸巾。,这张图片里的是卫生纸。,1
377,这是其他垃圾_纸巾。,这张图片里的是皱巴巴的纸球。,1
378,这是其他垃圾_纸巾。,图中的垃圾是一块皱巴巴的纸巾。,1
379,这是其他垃圾_纸巾。,这张图片里的是皱巴巴的纸。,1
380,这是其他垃圾_纸巾。,图片中的物品属于其他垃圾。,1
381,这是其他垃圾_纸巾。,这张图片展示了一团皱巴巴的纸。根据垃圾的类型，这可能是纸张垃圾。纸张垃圾通常包括纸巾、纸袋、纸盒等。,1
382,这是其他垃圾_纸巾。,图中的垃圾是一团皱巴巴的纸。,1
383,这是其他垃圾_纸巾。,这张图片里的是皱巴巴的纸。,1
384,这是其他垃圾_纸巾。,根据图片内容，这个物品是纸巾，属于纸张类垃圾。,0
385,这是其他垃圾_纸巾。,这张图片里的是皱巴巴的纸巾。,1
386,这是其他垃圾_纸巾。,这张图片里是一个被揉成一团的纸巾。,1
387,这是其他垃圾_纸巾。,根据图片内容，这个物品属于餐厨垃圾。餐厨垃圾是指食物残渣、骨头、茶叶渣、果皮、塑料等有机废弃物。,0
388,这是其他垃圾_纸巾。,图片中的物品属于其他垃圾。,1
389,这是其他垃圾_纸巾。,这张图片中的垃圾属于可回收垃圾。,0
390,这是其他垃圾_纸巾。,这张图片里的是纸巾垃圾。,1
391,这是其他垃圾_纸巾。,这是一张纸巾，上面有一些血迹。,1
392,这是其他垃圾_纸巾。,图中的垃圾是纸巾。,1
393,这是其他垃圾_纸巾。,图片中的物品属于纸张垃圾。,0
394,这是其他垃圾_纸巾。,图片中的物品属于餐巾纸。,1
395,这是其他垃圾_纸巾。,这是一个皱巴巴的纸巾，通常用于擦拭嘴、鼻子或眼睛。,1
396,这是其他垃圾_纸巾。,图片中的物品属于其他垃圾。,1
397,这是其他垃圾_纸巾。,"这个垃圾应该归为""纸巾""类。",1
398,这是其他垃圾_纸巾。,这张图片里是一块皱巴巴的纸巾。,1
399,这是其他垃圾_纸巾。,这是一团皱巴巴的白色和粉色的布料。它看起来像是被揉成一团的布料，可能是用来擦嘴或擦手的。,0
400,这是其他垃圾_纸巾。,这是一张皱巴巴的纸巾，上面有红色的血迹。看起来像是从身体部位掉下来的。,1
401,这是其他垃圾_纸巾。,图片中的物品属于其他垃圾。,1
402,这是其他垃圾_纸巾。,这张图片显示的是一个皱巴巴的纸巾，纸巾上有一些红色的斑点。纸巾看起来已经使用过，并且已经皱缩。,1
403,这是其他垃圾_纸巾。,这是一个皱巴巴的纸巾，看起来像是被揉皱了。,1
404,这是其他垃圾_胶带。,这张图片里的是塑料垃圾。,0
405,这是其他垃圾_胶带。,图中的垃圾是黑色和黄色的胶带。,1
406,这是其他垃圾_胶带。,这个垃圾属于“废弃的电气胶带”。,1
407,这是其他垃圾_胶带。,这是一个包装盒，里面装的是一个防滑胶带。胶带是黑色的，上面有绿色的图案和白色的文字，写着“anti-slip tape”。包装盒上还写着“good days”和“48mmx3M”，表示胶带的尺寸和品牌。,1
408,这是其他垃圾_胶带。,根据图片内容，物品属于其他垃圾。,1
409,这是其他垃圾_胶带。,这个垃圾属于有害垃圾。,0
410,这是其他垃圾_胶带。,图中没有垃圾。,0
411,这是其他垃圾_胶带。,这张图片里没有垃圾。它是一卷棕色的弹性绷带，可能用于医疗或运动用途。,0
412,这是其他垃圾_胶带。,这是几种不同颜色的胶带。,1
413,这是其他垃圾_胶带。,这个垃圾属于可回收物。,0
414,这是其他垃圾_胶带。,这是一张显示不同颜色的防水防滑胶带的图片。胶带的颜色包括黄色、黑色、蓝色和绿色。这些胶带通常用于防止滑倒和提高地面的防滑性。图片中还显示了这些胶带的制造商信息。,1
415,这是其他垃圾_胶带。,根据图片内容，物品属于其他垃圾类别。,0
416,这是其他垃圾_胶带。,这张图片中的垃圾是废弃的电子设备和电子废弃物。,0
417,这是其他垃圾_胶带。,这个垃圾属于电子垃圾。,0
418,这是其他垃圾_胶带。,图中的垃圾是纸管。,0
419,这是其他垃圾_胶带。,这个垃圾属于工业废弃物。,0
420,这是其他垃圾_胶带。,根据图片中的物品，这些物品属于不可回收垃圾类别。,0
421,这是其他垃圾_胶带。,这张图片里有废弃的胶带，属于有害垃圾。,0
422,这是其他垃圾_胶带。,图中没有垃圾。,0
423,这是其他垃圾_胶带。,这是一卷胶带。通常胶带用于包装、运输、修理等多种场合，具有粘性，能够牢固地将物品固定在一起。,1
424,这是其他垃圾_胶带。,这是标有“Cantech”和“加拿大”标志的胶带卷。,1
425,这是其他垃圾_胶带。,这是一卷黑色和黄色相间的防滑胶带。这种胶带通常用于地板和地面的防滑处理，特别是在容易滑倒的区域。胶带上有防滑颗粒，可以帮助在滑动时提供额外的抓地力。,1
426,这是其他垃圾_胶水废包装。,这个垃圾应该归为“有害垃圾”。,0
427,这是其他垃圾_胶水废包装。,根据图片内容，图片中的物品属于其他垃圾。,1
428,这是其他垃圾_苍蝇拍。,图片中的物品属于其他垃圾类别。,1
429,这是其他垃圾_苍蝇拍。,这张图片里的是塑料垃圾。塑料垃圾通常包括塑料袋、塑料瓶、塑料袋和其他塑料制品。,0
430,这是其他垃圾_苍蝇拍。,图中的垃圾是一只绿色的塑料网。,0
431,这是其他垃圾_苍蝇拍。,这张图片中的物品是一个电击拍子。电击拍子是一种用于捕捉昆虫的工具，通常由塑料制成，顶部有一个网格，可以捕获昆虫。,0
432,这是其他垃圾_苍蝇拍。,这张图片里是一只苍蝇拍。苍蝇拍属于生活垃圾，属于其他垃圾。,1
433,这是其他垃圾_苍蝇拍。,这是一把电蚊拍。电蚊拍是一种用来对付蚊子等昆虫的工具，它利用电流将电击作用在昆虫身上，使其死亡或麻痹。电蚊拍通常由一个带网的把手和一个金属杆组成，通过电流驱动电击器，使昆虫受到电击而死亡。,0
434,这是其他垃圾_苍蝇拍。,图中的垃圾是一把白色的电击苍蝇拍。,1
435,这是其他垃圾_苍蝇拍。,图中的垃圾是一把电蚊拍。,0
436,这是其他垃圾_苍蝇拍。,根据图片中的描述，这个物品是蚊子拍，属于其他垃圾。,1
437,这是其他垃圾_苍蝇拍。,这张图片显示的是多色的飞蚊拍。飞蚊拍是用来捕蚊子的工具，通常用于家庭或公共场所的防蚊措施。它由塑料制成，通常有多种颜色供选择。这个图片中的飞蚊拍颜色多样，可能适合不同场合使用。,1
438,这是其他垃圾_苍蝇拍。,图中的垃圾是三只不同的塑料蚊蝇拍。,1
439,这是其他垃圾_苍蝇拍。,这是一把电子灭蚊拍。它通常由金属网制成，可以用来捕获蚊子和其他昆虫。电子灭蚊拍可以通过紫外线灯杀死昆虫，也可以通过声音来警告用户周围有昆虫存在。,0
440,这是其他垃圾_苍蝇拍。,根据图片中的描述，这个物品是电蚊拍。电蚊拍属于家用电器，属于其他垃圾。,0
441,这是其他垃圾_苍蝇拍。,这是一只飞蚊拍，通常也被称为飞虫拍或蚊拍。它是一种捕虫工具，用于捕捉和消灭飞虫，如蚊子、苍蝇等。飞蚊拍通常由塑料制成，设计有网状的网眼，可以用来捕捉并击打飞虫。,1
442,这是其他垃圾_苍蝇拍。,这个垃圾属于有害垃圾。,0
443,这是其他垃圾_苍蝇拍。,图中没有垃圾，只有四种不同颜色的塑料梳子。,0
444,这是其他垃圾_苍蝇拍。,这张图片里没有垃圾。,0
445,这是其他垃圾_苍蝇拍。,图中的垃圾是电蚊拍。,0
446,这是其他垃圾_苍蝇拍。,这张图片里是一个电击苍蝇拍。,1
447,这是其他垃圾_苍蝇拍。,这是一个红色的捕蝇器，通常用于捕获飞虫。,1
448,这是其他垃圾_苍蝇拍。,这个垃圾应该属于垃圾中的“其他垃圾”。其他垃圾是指在垃圾收集和分类过程中未能被归类为其他垃圾的垃圾，如破碎的玻璃、塑料、金属、橡胶等。这个垃圾可能是由于分类错误或其他原因产生的。,1
449,这是其他垃圾_苍蝇拍。,图中的垃圾是一把蚊子拍子。,1
450,这是其他垃圾_苍蝇拍。,这张图片中的物品是塑料飞虫拍，通常被称为“苍蝇拍”。在分类上，它属于“其他垃圾”，因为它是日常用品，而不是有害垃圾。,1
451,这是其他垃圾_苍蝇拍。,这是三个不同颜色的塑料飞虫拍。它们都是长柄设计，适合用来拍打飞虫。,1
452,这是其他垃圾_苍蝇拍。,这是一组四只蚊子拍，通常被称为“电蚊拍”。它们是一种家用工具，用于捕捉和杀死蚊子。电蚊拍通过电动装置产生的电流击打蚊子，从而使其无法飞行或移动。这种工具对于控制家庭中的蚊子数量非常有效。,0
453,这是其他垃圾_苍蝇拍。,图中没有垃圾。,0
454,这是其他垃圾_苍蝇拍。,这张图片中的物品属于塑料玩具。,0
455,这是其他垃圾_苍蝇拍。,这是一个黄色的飞蚊拍，通常用于捕捉飞蚊和苍蝇等昆虫。它有一个长柄和一个捕虫网，可以帮助人们捕获这些害虫。,0
456,这是其他垃圾_苍蝇拍。,图片中的物品属于其他垃圾。,1
457,这是其他垃圾_茶壶碎片。,图中的垃圾是一堆破碎的瓷器碎片。,1
458,这是其他垃圾_茶壶碎片。,这是一只紫砂壶的壶把。紫砂壶是一种中国传统茶器，由紫砂陶土制成，具有独特的色泽和质感。壶把通常用于倒水，壶身用于盛放茶水。紫砂壶以其独特的颜色和质感，深受茶道爱好者喜爱。,1
459,这是其他垃圾_茶壶碎片。,这张图片中的物品是一种瓷器。瓷器通常被视为一种可回收的垃圾。然而，具体是否可以回收还需要考虑几个因素，包括其材质、使用情况以及是否被破坏。在大多数情况下，瓷器的碎片可以被回收，但需要进行适当的分类和处理。,0
460,这是其他垃圾_茶壶碎片。,这张图片里的垃圾是瓷器。瓷器属于无机非金属材料，具有以下特点：  1. **耐高温**：瓷器具有良好的耐高温性，可以在高温下保持良好的性能。 2. **化学稳定性**：瓷器的化学稳定性较强，不容易被化学物质侵蚀。 3. **热膨胀性**：瓷器的热膨胀性较强，但在高温下会膨胀得更明显。 4. **密度高**：瓷器的密度较高，因此具有良好的保温性能。  瓷器的常见应用包括陶瓷餐具、瓷器花瓶、瓷器茶具等。,1
461,这是其他垃圾_茶壶碎片。,这是一套蓝色和白色相间的茶具。茶具上装饰着花朵和叶子的图案，看起来非常精致和传统。茶具套装可能用于中国传统的茶道或家庭聚会。,0
462,这是其他垃圾_茶壶碎片。,这是一套传统的中国茶具。茶具通常由茶壶、茶杯和茶盘组成。图中的茶具是白玉制成的，上面有莲花和月牙纹的装饰，具有传统中国风格。茶具放在一个雕刻精美的木制底座上，展示了传统的中国工艺和美学。,0
463,这是其他垃圾_茶壶碎片。,图片中的物品属于其他垃圾。,1
464,这是其他垃圾_茶壶碎片。,图片中的物品属于其他垃圾。,1
465,这是其他垃圾_茶壶碎片。,图中的垃圾是茶杯。,0
466,这是其他垃圾_茶壶碎片。,这是一个紫砂壶。紫砂壶是中国传统茶具之一，以其独特的色泽和质感而闻名。紫砂壶的制作工艺精细，使用优质紫砂陶土制成，具有耐高温和耐磨损的特点，适合泡茶。,0
467,这是其他垃圾_餐盒。,图中的垃圾是塑料包装盒。,0
468,这是其他垃圾_餐盒。,图中的垃圾是铝箔盒。,0
469,这是其他垃圾_餐盒。,这个垃圾应该属于“其他垃圾”。因为它是一种塑料食品盒，通常用于存放和运输食物。,1
470,这是其他垃圾_餐盒。,这个垃圾属于厨余垃圾。,0
471,这是其他垃圾_餐盒。,这张图片中的垃圾是金属垃圾。金属垃圾通常包括各种金属制品，如铝箔纸、金属容器等。金属垃圾需要进行分类处理，以确保资源的合理利用和环境保护。,0
472,这是其他垃圾_餐盒。,这个垃圾属于其他垃圾。,1
473,这是其他垃圾_餐盒。,图中没有垃圾。,0
474,这是其他垃圾_餐盒。,这张图片里是塑料垃圾。塑料垃圾是由塑料制品制成的垃圾，包括塑料瓶、塑料袋、塑料容器、塑料餐具等。塑料垃圾容易被微生物分解，但长期堆积会污染环境。,0
475,这是其他垃圾_餐盒。,这个垃圾是金属制品，属于其他垃圾。,0
476,这是其他垃圾_验孕棒。,这个垃圾看起来是一袋垃圾，可能是湿垃圾或湿塑料垃圾。,0
477,这是其他垃圾_验孕棒。,图中是一条验孕棒，显示两条红线，表明怀孕。,1
478,这是其他垃圾_验孕棒。,图片中的物品是医疗垃圾，应该被分类为有害垃圾。,0
479,这是其他垃圾_验孕棒。,这是一张验孕棒的照片。验孕棒上有两个测试条，分别标记为“HCG”和“CT”。HCG是人绒毛膜促性腺激素的缩写，通常用于检测是否怀孕。图中的测试条显示一条红色线，表示怀孕的结果。,1
480,这是其他垃圾_验孕棒。,图中没有垃圾。,0
481,这是其他垃圾_验孕棒。,这张图片显示的是一个怀孕测试棒，显示的结果是“1”。这个结果通常表示怀孕测试是阴性，即没有怀孕。因此，这张图片中的垃圾可以分类为“怀孕测试棒”。,1
482,这是其他垃圾_验孕棒。,图中的垃圾是：怀孕。,0
483,这是其他垃圾_验孕棒。,图中没有垃圾。,0
484,这是其他垃圾_验孕棒。,图中的垃圾是体温计。,0
485,这是其他垃圾_验孕棒。,图片中的物品属于有害垃圾类别。,0
486,这是其他垃圾_验孕棒。,这张图片里有一个验孕棒。验孕棒是用来检测是否怀孕的工具。,1
487,这是其他垃圾_验孕棒。,图中的垃圾是粉色的验孕棒。,1
488,这是其他垃圾_验孕棒。,这张图片的内容是一支验孕棒，显示怀孕测试结果为阳性。由于这是一张图片，而不是一个实际存在的物体，因此不需要进行分类。,1
489,这是其他垃圾_验孕棒。,图中的垃圾是“怀孕测试”。,1
490,这是其他垃圾_验孕棒。,图片中的物品是孕检棒，属于生活垃圾。,1
491,这是其他垃圾_验孕棒。,这是一张怀孕试纸的照片。,1
492,这是其他垃圾_验孕棒。,这个图片中的内容是一对验孕棒。验孕棒是一种用来检测怀孕的工具，通常在怀孕早期使用。它通过检测尿液中的绒毛膜促性腺激素（human chorionic gonadotropin，HCG）来确定是否怀孕。验孕棒的结果通常在怀孕后几天内显示出来，但有些女性可能需要等待几天才能确定结果。,1
493,这是其他垃圾_验孕棒。,这是验孕棒，通常用于检测是否怀孕。显示两条线表示怀孕，一条线表示没有怀孕。,1
494,这是其他垃圾_验孕棒。,图片中的物品属于医疗垃圾类别。,0
495,这是其他垃圾_验孕棒。,图中的垃圾是月经卫生棉条。,0
496,这是其他垃圾_验孕棒。,图片中的物品属于其他垃圾。,1
497,这是其他垃圾_鸡毛掸。,图片中的物品属于其他垃圾类别。,1
498,这是其他垃圾_鸡毛掸。,,0
499,这是其他垃圾_鸡毛掸。,这是两只大号的彩色毛绒兔子耳朵。,0
500,这是其他垃圾_鸡毛掸。,这个垃圾是毛绒玩具，属于生活用品垃圾。,0
501,这是其他垃圾_鸡毛掸。,这是一把羽毛掸子。羽毛掸子通常用于清洁地面和家具，因为其柔软的羽毛可以轻松地去除灰尘和污垢。它通常有一个长柄和一个羽毛刷，可以伸展到一定的高度，方便清洁较高的地方。,1
502,这是其他垃圾_鸡毛掸。,图片中的物品属于可回收物。,0
503,这是其他垃圾_鸡毛掸。,图中的垃圾是羽毛掸子。,1
504,这是其他垃圾_鸡毛掸。,这个垃圾属于其他垃圾。,1
505,这是其他垃圾_鸡毛掸。,这是一组不同颜色的伸缩杆子，顶部装有毛刷，可能用于清洁。具体用途无法确定，可能是用来清洁墙壁、天花板、窗户等地方。,0
506,这是其他垃圾_鸡毛掸。,图片中的物品属于其他垃圾类别。,1
507,这是其他垃圾_鸡毛掸。,图中的垃圾是扫把头。,0
508,这是其他垃圾_鸡毛掸。,这是一把家用清洁工具，具体来说是一把羽毛掸子。它通常用于除尘，可以帮助人们快速清除家中的灰尘。它通常由木棍和毛刷组成，可以伸缩，方便使用。,1
509,这是其他垃圾_鸡毛掸。,这个垃圾属于不可回收垃圾。,0
510,这是其他垃圾_鸡毛掸。,这张图片里有“擦窗器”和“模型老公”两个物品。擦窗器是一种清洁工具，而模型老公可能是指某种模型玩具。这两者都不是有害垃圾，所以它们都不会被分类为有害垃圾。,0
511,这是其他垃圾_鸡毛掸。,这张图片中的垃圾是“毛刷”。,0
512,这是其他垃圾_鸡毛掸。,这张图片里的是毛刷，不属于任何垃圾类别。,0
513,这是其他垃圾_鸡毛掸。,图中的垃圾是一把羽毛掸子。,1
514,这是其他垃圾_鸡毛掸。,根据图中描述，这个物品是羽毛掸子，属于不可回收垃圾。,1
515,这是其他垃圾_鸡毛掸。,这张图片里是一把羽毛掸子。,1
516,这是其他垃圾_鸡毛掸。,这张图片里没有提到任何垃圾，只有一把羽毛掸子。,0
517,这是其他垃圾_鸡毛掸。,图片中的物品属于其他垃圾。,1
518,这是其他垃圾_鸡毛掸。,这张图片里没有垃圾。,0
519,这是其他垃圾_鸡毛掸。,图中的垃圾是一把蓝色手柄的毛刷和一个灰色的长杆。,0
520,这是其他垃圾_鸡毛掸。,这张图片里是一把羽毛掸子。,1
521,这是其他垃圾_鸡毛掸。,这个垃圾是塑料垃圾。,0
522,这是其他垃圾_鸡毛掸。,这是一组羽毛掸子，通常用于清洁家居和办公环境。羽毛掸子的材质通常为羽毛或羽毛和布料混合，以增加吸水性和清洁效果。,1
523,这是其他垃圾_鸡毛掸。,根据图片描述，该物品是一个羽毛掸子，属于其他垃圾类别。,1
524,这是其他垃圾_鸡毛掸。,图中的垃圾是一把绿色的除尘掸子。,1
525,这是其他垃圾_鸡毛掸。,图中的垃圾是塑料袋。,0
526,这是厨余垃圾_八宝粥。,图片中的物品属于其他垃圾。,0
527,这是厨余垃圾_八宝粥。,这张图片里没有明确显示是什么垃圾，但看起来像是食品包装。,0
528,这是厨余垃圾_八宝粥。,图中没有垃圾。,0
529,这是厨余垃圾_八宝粥。,这个垃圾属于厨余垃圾。,1
530,这是厨余垃圾_八宝粥。,这张图片是一碗红色的汤，看起来像是红烧肉或者是一些红色的蔬菜。这种食物看起来很美味，但是因为它的外观和颜色，可能会让人联想到垃圾。所以，这张图片可以被分类为“垃圾”类别。,0
531,这是厨余垃圾_八宝粥。,这张图片里包含以下垃圾：  1. 花菜：绿叶蔬菜 2. 豆腐：豆制品 3. 豆皮：豆制品 4. 黑豆：豆制品 5. 红豆：豆制品 6. 红薯：薯类 7. 红辣椒：蔬菜 8. 西红柿：蔬菜 9. 花椒：香辛料 10. 蒜瓣：调味品 11. 芝麻：调味品 12. 花生：坚果 13. 豆芽：蔬菜 14. 香菜：蔬菜 15. 花椒：香辛料 16. 胡萝卜：蔬菜 17. 韭菜：蔬菜 18. 茶叶：茶叶 19. 植物油：食用油 20. 植物纤维：植物纤维  这些垃圾属于以下几类：  - 可回收垃圾：花菜、豆腐、豆皮、黑豆、红豆、红辣椒、西红柿、花椒、芝麻、花生、豆芽、香菜、胡萝卜、韭菜、茶叶、植物油、植物纤维 - 有害垃圾：花菜、豆皮、黑豆、红豆、红辣椒、西红柿、香菜、胡萝卜、韭菜、茶叶、植物油、植物纤维 - 一般垃圾：花菜、豆腐、豆皮、黑豆、红豆、红辣椒、西红柿、香菜、胡萝卜、韭菜、茶叶、植物油、植物纤维 - 其他垃圾：花生、芝麻、茶叶、茶叶、植物纤维,0
532,这是厨余垃圾_八宝粥。,这个垃圾属于厨房垃圾。,1
533,这是厨余垃圾_八宝粥。,图片中的物品属于其他垃圾。,0
534,这是厨余垃圾_八宝粥。,这是一碗红糖黑豆粥。红糖黑豆粥是一种传统的中式甜粥，通常由红糖和黑豆制成，具有温补和滋补的功效。,1
535,这是厨余垃圾_八宝粥。,这张图片里有以下垃圾：  1. **塑料碗**：放在碗的右侧。 2. **餐巾纸**：放在碗的左侧。 3. **筷子**：放在碗的右侧。 4. **勺子**：放在碗的右侧。 5. **盘子**：放在碗的右侧。 6. **面包**：放在盘子的右侧。 7. **水果**：放在盘子的右侧。 8. **豆子**：放在碗的右侧。 9. **其他杂物**：放在碗的右侧。 10. **玻璃杯**：放在碗的右侧。 11. **杯子**：放在碗的右侧。 12. **盘子**：放在碗的右侧。 13. **其他杂物**：放在碗的右侧。 14. **盘子**：放在碗的右侧。 15. **盘子**：放在碗的右侧。 16. **盘子**：放在碗的右侧。 17. **盘子**：放在碗的右侧。 18. **盘子**：放在碗的右侧。 19. **盘子**：放在碗的右侧。 20. **盘子**：放在碗的右侧。 21. **盘子**：放在碗的右侧。 22. **盘子**：放在碗的右侧。 23. **盘子**：放在碗的右侧。 24. **盘子**：放在碗的右侧。 25. **盘子**：放在碗的右侧。 26. **盘子**：放在碗的右侧。 27. **盘子**：放在碗的右侧。 28. **盘子**：放在碗的右侧。 29. **盘子**：放在碗的右侧。 30. **盘子**：放在碗的右侧。 31. **盘子**：放在碗的右侧。 32. **盘子**：放在碗的右侧。 33. **盘子**：放在碗的右侧。 34. **盘子**：放在碗的右侧。 35. **盘子**：放在碗的右侧。 36. **盘子**：放在碗的右侧。 37. **盘子**：放在碗的右侧。 38. **盘子**：放在碗的右侧。 39. **盘子**：放在碗的右侧。 40. **盘子**：,0
536,这是厨余垃圾_八宝粥。,这个垃圾应该归类为“食物垃圾”。,1
537,这是厨余垃圾_八宝粥。,,0
538,这是厨余垃圾_八宝粥。,这张图片的内容是一个碗里的食物，具体来说是一个豆子和肉的混合物。这个食物看起来像是中式豆子和肉的混合物，可能是一道传统的中国菜。如果你有更多关于这个食物的信息，我可以尝试帮助你识别它。,0
539,这是厨余垃圾_冰糖葫芦。,图片中的物品属于可回收垃圾。,0
540,这是厨余垃圾_冰糖葫芦。,根据图片内容，可以判断出该物品属于其他垃圾。,0
541,这是厨余垃圾_冰糖葫芦。,这个垃圾属于可回收物。,0
542,这是厨余垃圾_冰糖葫芦。,图片中的物品属于其他垃圾类别。,0
543,这是厨余垃圾_冰糖葫芦。,这是金鹰嘉宏店的冰糖葫芦，是一种传统的中式小吃，用冰糖和水果串成串，味道甜美，非常受欢迎。,1
544,这是厨余垃圾_冰糖葫芦。,图中没有垃圾。,0
545,这是厨余垃圾_冰糖葫芦。,这个垃圾应该归为“其他垃圾”。,0
546,这是厨余垃圾_冰糖葫芦。,,0
547,这是厨余垃圾_冰糖葫芦。,根据图片中的物品种类，我们可以推断出这个区域属于垃圾类别。,0
548,这是厨余垃圾_冰糖葫芦。,图片中的物品属于可回收物类别。,0
549,这是厨余垃圾_冰糖葫芦。,图中的垃圾是塑料袋。,0
550,这是厨余垃圾_冰糖葫芦。,图中的垃圾是糖葫芦。,1
551,这是厨余垃圾_冰糖葫芦。,图片中的物品属于厨余垃圾。,1
552,这是厨余垃圾_冰糖葫芦。,图片中的物品属于餐厨垃圾类别。,1
553,这是厨余垃圾_冰糖葫芦。,这个垃圾属于其他垃圾。,0
554,这是厨余垃圾_冰糖葫芦。,这张图片里是鲜果。,0
555,这是厨余垃圾_冰糖葫芦。,图片中的物品属于厨余垃圾。,1
556,这是厨余垃圾_冰糖葫芦。,这是一幅展示各种水果串糖的图片。这些水果串糖由各种新鲜水果和糖混合而成，看起来非常美味和诱人。,1
557,这是厨余垃圾_冰糖葫芦。,根据图片中的物品，可以看出它属于餐厨垃圾。,1
558,这是厨余垃圾_冰糖葫芦。,这张图片里没有垃圾，是一些彩色的果串。,0
559,这是厨余垃圾_冰糖葫芦。,这张图片里没有明确的垃圾类型，但可以猜测这些食物可能是水果串，可能包括苹果、草莓、猕猴桃等。水果串通常不会被分类为有害垃圾，因为它是一种食品，可以在适当的条件下进行回收和再利用。然而，如果这些食物被不当处理或丢弃，可能会导致环境问题，因此建议正确处理这些食物。,1
560,这是厨余垃圾_冰糖葫芦。,这张图片里有垃圾。,0
561,这是厨余垃圾_冰糖葫芦。,图中没有垃圾。,0
562,这是厨余垃圾_咖啡渣。,图片中的物品属于其他垃圾类别。,0
563,这是厨余垃圾_咖啡渣。,这张图片包含的垃圾是咖啡豆。,1
564,这是厨余垃圾_咖啡渣。,这是一张手握咖啡豆的照片。背景是一大堆咖啡豆。咖啡豆的纹理和颜色清晰可见。,0
565,这是厨余垃圾_咖啡渣。,这是咖啡树上的咖啡豆。咖啡豆是咖啡树上长出的红色或绿色的果实，是制作咖啡的主要原料。,0
566,这是厨余垃圾_咖啡渣。,这张图片里是咖啡豆。,0
567,这是厨余垃圾_咖啡渣。,根据图片描述，图片中的物品是咖啡树上的咖啡豆，因此属于有机垃圾。有机垃圾是指那些可以直接回收利用或无害化处理的垃圾，比如蔬菜残渣、果皮、茶叶渣等。有机垃圾可以作为肥料直接施用于土壤中，促进土壤的肥力提升。,1
568,这是厨余垃圾_咖啡渣。,图片中的物品属于其他垃圾。,0
569,这是厨余垃圾_咖啡渣。,这个垃圾属于厨余垃圾。,1
570,这是厨余垃圾_咖啡渣。,图中没有垃圾。,0
571,这是厨余垃圾_咖啡渣。,图片中的物品属于其他垃圾类别。,0
572,这是厨余垃圾_咖啡渣。,图中没有垃圾。,0
573,这是厨余垃圾_咖啡渣。,图片中的物品属于可回收物类别。,0
574,这是厨余垃圾_咖啡渣。,根据图中提供的信息，无法确定该物品属于什么垃圾类别。,0
575,这是厨余垃圾_咖啡渣。,这是一罐咖啡豆。,0
576,这是厨余垃圾_咖啡渣。,图片中的物品属于可回收垃圾。,0
577,这是厨余垃圾_咖啡渣。,这张图片里是一些咖啡豆。,0
578,这是厨余垃圾_咖啡渣。,这是一个装满咖啡豆的杯子和碟子。杯子和碟子上堆满了咖啡豆，咖啡豆的表面反射着光线。,0
579,这是厨余垃圾_咖啡渣。,这张图片里没有垃圾，只有一堆咖啡豆。,0
580,这是厨余垃圾_咖啡渣。,这张图片中的垃圾属于厨余垃圾。,1
581,这是厨余垃圾_咖啡渣。,这个垃圾属于厨余垃圾。,1
582,这是厨余垃圾_咖啡渣。,这是一个铜制的咖啡研磨机。它有一个木制的把手，用来调整研磨度。内部装满了咖啡豆，咖啡豆的形状和颜色表明它们是咖啡豆。,0
583,这是厨余垃圾_咖啡渣。,根据图片中的物品是咖啡豆，属于厨余垃圾。,1
584,这是厨余垃圾_咖啡渣。,这是一个咖啡豆的图片。咖啡豆是一种常见的咖啡原料，通常在烘焙后用于制作咖啡。图片中展示了几个咖啡豆，背景模糊，突出了咖啡豆的质感和颜色。,1
585,这是厨余垃圾_咖啡渣。,这是一杯浓缩咖啡，通常在咖啡豆旁边。,0
586,这是厨余垃圾_咖啡渣。,这是一张咖啡豆的照片，咖啡豆被剪切出来，然后在图像的周围散落着一些咖啡粉。这种效果可能是通过摄影技巧或软件处理得到的。,0
587,这是厨余垃圾_哈密瓜。,这是一个甜瓜，具体来说是哈密瓜。哈密瓜是一种甜瓜，因其甜味和丰富的营养而受到喜爱。,1
588,这是厨余垃圾_哈密瓜。,这张图片里的是瓜果垃圾。瓜果垃圾是湿垃圾，需要通过生物降解的方式进行处理。,1
589,这是厨余垃圾_哈密瓜。,图片中的物品属于其他垃圾。,0
590,这是厨余垃圾_哈密瓜。,图中没有垃圾。,0
591,这是厨余垃圾_哈密瓜。,图片中的物品属于厨余垃圾。,1
592,这是厨余垃圾_哈密瓜。,这个垃圾属于食物垃圾。,1
593,这是厨余垃圾_哈密瓜。,这张图片里没有垃圾。,0
594,这是厨余垃圾_哈密瓜。,这是一盘哈密瓜。哈密瓜是一种甜瓜，通常在夏季食用，因其独特的甜味和多汁的口感而受到欢迎。,1
595,这是厨余垃圾_哈密瓜。,这张图片里的是水果垃圾。,1
596,这是厨余垃圾_哈密瓜。,这张图片中的垃圾是瓜皮和瓜子。,1
597,这是厨余垃圾_哈密瓜。,这张图片里的是可食用垃圾。,0
598,这是厨余垃圾_哈密瓜。,这个垃圾属于生物垃圾，因为这些是生长在植物上的水果。,1
599,这是厨余垃圾_哈密瓜。,这张图片里的是水果垃圾，具体来说是甜瓜。,1
600,这是厨余垃圾_哈密瓜。,图中的垃圾是两个黄色的甜瓜。,1
601,这是厨余垃圾_哈密瓜。,,0
602,这是厨余垃圾_哈密瓜。,这是在农产品批发市场销售甜瓜的场景。甜瓜是一种常见的水果，具有清甜的口感。在市场上，甜瓜通常以各种形式出售，包括袋装、篮装和直接销售。甜瓜的外观和颜色也因品种而异，常见的有黄甜瓜、绿甜瓜和红甜瓜等。在农产品批发市场，甜瓜的销售价格通常会根据其成熟度、大小和品质等因素进行调整。,0
603,这是厨余垃圾_哈密瓜。,垃圾,0
604,这是厨余垃圾_哈密瓜。,这张图片里的水果是瓜果，属于厨余垃圾。,1
605,这是厨余垃圾_哈密瓜。,这个物体是一个西瓜。,0
606,这是厨余垃圾_哈密瓜。,图片中的物品属于厨余垃圾。,1
607,这是厨余垃圾_哈密瓜。,这张图片里没有提到任何垃圾，只是展示了一位农民在南瓜田里工作的场景。,0
608,这是厨余垃圾_哈密瓜。,图中没有垃圾。,0
609,这是厨余垃圾_哈密瓜。,这是一张哈密瓜的图片。哈密瓜是一种甜瓜，它的外皮呈深绿色，内部肉质多汁，味道甜美。哈密瓜的口感类似于西瓜，但是由于甜度更高，所以口感也更甜。,1
610,这是厨余垃圾_哈密瓜。,,0
611,这是厨余垃圾_哈密瓜。,图中没有垃圾。,0
612,这是厨余垃圾_哈密瓜。,这张图片里没有垃圾。,0
613,这是厨余垃圾_哈密瓜。,图中的垃圾是：地瓜,0
614,这是厨余垃圾_圣女果。,这个垃圾是干果类。,0
615,这是厨余垃圾_圣女果。,图中的垃圾是樱桃番茄。,1
616,这是厨余垃圾_圣女果。,,0
617,这是厨余垃圾_圣女果。,这个垃圾是蔬菜垃圾。,1
618,这是厨余垃圾_圣女果。,这是一张展示西红柿的图片。图片中可以看到红色的西红柿挂在藤蔓上，上面有文字说明，写着“千禧圣女果”、“菜叶儿青青”、“超甜番茄种子”。,1
619,这是厨余垃圾_圣女果。,图中没有垃圾。,0
620,这是厨余垃圾_圣女果。,这张图片里的是可食用的西红柿。西红柿属于蔬菜类，是绿果网网站的一部分。,1
621,这是厨余垃圾_圣女果。,蔬菜,1
622,这是厨余垃圾_圣女果。,这是蓝莓。蓝莓是一种常见的水果，通常在夏季和秋季成熟。它们通常生长在灌木丛中，果实呈深红色或紫色，口感酸甜。蓝莓富含维生素和抗氧化剂，常被用于制作水果沙拉、果酱和果汁。,0
623,这是厨余垃圾_圣女果。,这张图片里的是食物垃圾。,1
624,这是厨余垃圾_圣女果。,根据图片中的物品和描述，我们可以推断出这个物品属于其他垃圾类别。,0
625,这是厨余垃圾_圣女果。,这个垃圾是红色的西红柿。,1
626,这是厨余垃圾_圣女果。,这是一张展示圣女果的照片。圣女果是一种小番茄，通常具有鲜艳的红色或黄色，适合用于烹饪或直接食用。,1
627,这是厨余垃圾_圣女果。,图片中的物品属于可回收物类别。,0
628,这是厨余垃圾_圣女果。,这是樱桃番茄。樱桃番茄通常比普通的番茄小，果肉多汁，颜色鲜艳，口感甜美。它们通常用于烹饪，如沙拉、汤或酱汁。,1
629,这是厨余垃圾_圣女果。,这是一碗樱桃番茄。樱桃番茄是红色的番茄，口感脆甜，是许多人的喜爱水果。,1
630,这是厨余垃圾_圣女果。,图片中的物品属于其他垃圾。,0
631,这是厨余垃圾_圣女果。,这张图片里是一盘樱桃番茄。樱桃番茄属于蔬菜类垃圾。,1
632,这是厨余垃圾_圣女果。,这是一种西红柿。,1
633,这是厨余垃圾_圣女果。,这是一张展示番茄果实的图片。番茄是一种常见的蔬菜，通常在夏季和秋季种植。它们有多种颜色，包括红色、橙色和绿色。番茄果实富含维生素和矿物质，是一种健康的零食和食品。,1
634,这是厨余垃圾_圣女果。,这是一碗装满红色果冻的碗。果冻上放了几片绿叶作为装饰。,0
635,这是厨余垃圾_圣女果。,这是一碗混合了红色和橙色的番茄，背景是绿色的。番茄上点缀着新鲜的罗勒叶。,1
636,这是厨余垃圾_圣女果。,这是圣女果（也称为圣女番茄或圣女樱桃番茄）。圣女果是一种小型番茄，形状类似于樱桃，果肉鲜红，口感甜美。,1
637,这是厨余垃圾_圣女果。,图片中的物品属于其他垃圾。,0
638,这是厨余垃圾_圣女果。,这个垃圾是番茄，属于蔬菜类垃圾。,1
639,这是厨余垃圾_圣女果。,图片中的物品属于不可回收垃圾。,0
640,这是厨余垃圾_圣女果。,这张图片里是湿西红柿。湿西红柿通常会被分类为其他垃圾，因为它们通常需要特殊的处理和处理，而不是像湿食物垃圾那样可以被简单地丢弃。,1
641,这是厨余垃圾_巴旦木。,这是一堆杏仁。杏仁是一种坚果，通常以杏仁壳（即杏仁的外壳）包裹着种子。杏仁是一种营养丰富的食物，含有丰富的蛋白质、脂肪、维生素和矿物质。它们被广泛用于各种食物和饮料中，如烘焙食品、糖果和饮料。,1
642,这是厨余垃圾_巴旦木。,图片中的物品属于干果垃圾类别。,0
643,这是厨余垃圾_巴旦木。,图中没有垃圾。,0
644,这是厨余垃圾_巴旦木。,图中的垃圾是坚果和零食，包括核桃、杏仁、开心果和腰果。,1
645,这是厨余垃圾_巴旦木。,图中没有垃圾。,0
646,这是厨余垃圾_巴旦木。,这个垃圾是坚果壳。坚果壳通常会被分类为其他垃圾，包括食品废弃物和其他废弃物。,0
647,这是厨余垃圾_巴旦木。,这个垃圾是一碗杏仁。,1
648,这是厨余垃圾_巴旦木。,这张图片里有杏仁，杏仁属于坚果类食品，通常属于其他垃圾。坚果壳和杏仁壳可以作为其他垃圾进行处理。,0
649,这是厨余垃圾_巴旦木。,图片中的物品属于其他垃圾类别。,0
650,这是厨余垃圾_巴旦木。,图中没有垃圾。,0
651,这是厨余垃圾_巴旦木。,图片中的物品属于其他垃圾类别。,0
652,这是厨余垃圾_巴旦木。,图片中的物品属于其他垃圾。,0
653,这是厨余垃圾_巴旦木。,这是一张杏仁的照片。杏仁是一种常见的坚果，具有独特的口感和味道。它们通常被用作零食或烹饪原料。杏仁中含有丰富的营养物质，如维生素E和不饱和脂肪酸，对健康有益。,1
654,这是厨余垃圾_巴旦木。,图中没有垃圾，是一堆杏仁。,1
655,这是厨余垃圾_巴旦木。,这个垃圾是坚果壳。坚果壳属于可回收垃圾。,0
656,这是厨余垃圾_巴旦木。,这张图片是一个食品宣传海报，主要宣传的是坚果。因此，这张图片应该归类为“食品/健康”。,0
657,这是厨余垃圾_巴旦木。,图中的垃圾是杏仁。,1
658,这是厨余垃圾_巴旦木。,这张图片里的是坚果垃圾。坚果属于坚果壳垃圾，坚果壳属于其他垃圾。坚果壳可以作为其他垃圾丢弃，而坚果则需要按照坚果丢弃。,0
659,这是厨余垃圾_巴旦木。,垃圾,0
660,这是厨余垃圾_巴旦木。,图片中的物品属于其他垃圾。,0
661,这是厨余垃圾_巴旦木。,图片中的物品属于可回收物。,0
662,这是厨余垃圾_巴旦木。,图中没有垃圾，只有坚果。,1
663,这是厨余垃圾_巴旦木。,这张图片里的是坚果类垃圾。,1
664,这是厨余垃圾_巴旦木。,图片中的物品属于其他垃圾。,0
665,这是厨余垃圾_巴旦木。,图中的垃圾是杏仁。,1
666,这是厨余垃圾_巴旦木。,这张图片里有坚果。坚果属于干果，不属于可回收垃圾。,1
667,这是厨余垃圾_巴旦木。,这是杏仁。杏仁是一种常见的坚果，通常来自杏树。它们通常是圆形的，外壳坚硬，内部是柔软的种子。杏仁有多种用途，包括食用和作为食品原料。,1
668,这是厨余垃圾_巴旦木。,图片中的物品是坚果，属于厨余垃圾。,1
669,这是厨余垃圾_巴旦木。,图中的垃圾是坚果。,1
670,这是厨余垃圾_巴旦木。,根据图片中的物品，它属于厨余垃圾。,0
671,这是厨余垃圾_巴旦木。,这个垃圾属于有害垃圾。,0
672,这是厨余垃圾_开心果。,图片中的物品属于其他垃圾类别。,0
673,这是厨余垃圾_普通面包。,图片中的物品属于其他垃圾类别。,0
674,这是厨余垃圾_普通面包。,这张图片里没有垃圾。,0
675,这是厨余垃圾_普通面包。,这个垃圾属于厨余垃圾。,1
676,这是厨余垃圾_普通面包。,图中没有垃圾。,0
677,这是厨余垃圾_普通面包。,这个垃圾属于厨房垃圾，包括面粉、鸡蛋、面包屑和豆腐。,1
678,这是厨余垃圾_普通面包。,这张图片里是食物垃圾。,1
679,这是厨余垃圾_普通面包。,图中的垃圾是三个圆球。,0
680,这是厨余垃圾_普通面包。,根据图片内容，这个物品属于可回收垃圾类别。,0
681,这是厨余垃圾_普通面包。,图中的垃圾是面包。,1
682,这是厨余垃圾_普通面包。,这张图片里有面包。面包属于食品垃圾。,1
683,这是厨余垃圾_普通面包。,根据图片中的描述，这个物品属于可食用垃圾。,0
684,这是厨余垃圾_普通面包。,图片中的物品属于其他垃圾。,0
685,这是厨余垃圾_普通面包。,这是一张图片，显示了两个形状像星星的面包，放在一个木制的托盘上。背景中有几本书和一个蓝色的餐巾。,1
686,这是厨余垃圾_普通面包。,这是一个木制砧板，上面放着三个法棍面包。法棍面包是一种传统的法式面包，通常由酵母发酵制成，具有酥脆的外壳和柔软的内部。,1
687,这是厨余垃圾_普通面包。,这是一张展示面包和咖啡的图片。面包上有一些配料，看起来像是烤面包，旁边还有一杯咖啡。,1
688,这是厨余垃圾_普通面包。,这个垃圾属于食品垃圾。,1
689,这是厨余垃圾_普通面包。,这张图片里有一个切成两半的面包，面包的形状看起来像是烤面包。由于面包是切成两半的，所以这张图片里有两个不同的垃圾类别：面包片和面包屑。,1
690,这是厨余垃圾_普通面包。,这张图片里有以下几种垃圾：  1. 蛋黄饼干：饼干属于垃圾食品，应该被分类为其他垃圾。 2. 面团：面团属于其他垃圾。 3. 面包：面包属于其他垃圾。  这些垃圾都可以被分类为其他垃圾。,0
691,这是厨余垃圾_普通面包。,图中的垃圾是切片面包。,1
692,这是厨余垃圾_普通面包。,图片中的物品属于其他垃圾。,0
693,这是厨余垃圾_普通面包。,图中的垃圾是面包。,1
694,这是厨余垃圾_普通面包。,这个垃圾属于厨房垃圾。,1
695,这是厨余垃圾_普通面包。,这个垃圾应该被分类为“其他垃圾”。,0
696,这是厨余垃圾_普通面包。,图片中的物品属于厨余垃圾。,1
697,这是厨余垃圾_普通面包。,这张图片里是一堆面包。根据垃圾的分类标准，面包属于餐厨垃圾。,1
698,这是厨余垃圾_普通面包。,根据图片中的物品，这个物品属于不可回收垃圾。,0
699,这是厨余垃圾_普通面包。,这个垃圾属于其他垃圾。,0
700,这是厨余垃圾_普通面包。,这张图片里的是可回收垃圾。,0
701,这是厨余垃圾_普通面包。,这是两个烤面包。,1
702,这是厨余垃圾_普通面包。,这个垃圾是食物垃圾，具体来说是面包。,1
703,这是厨余垃圾_普通面包。,这是一块面包。面包上有明显的烤痕，可能是烤箱烤制的效果。背景中还有一些蕨类植物和餐巾纸。,1
704,这是厨余垃圾_普通面包。,这个垃圾是食品废弃物。,1
705,这是厨余垃圾_普通面包。,这是三块法棍面包，上面放着一把刀。,1
706,这是厨余垃圾_普通面包。,图中没有垃圾。,0
707,这是厨余垃圾_普通面包。,这是一片烤好的面包。面包表面呈现出金黄色，表面光滑，边缘整齐。这种面包通常是在烤箱中烘烤而成的。,1
708,这是厨余垃圾_板栗。,图片中的物品属于其他垃圾类别。,0
709,这是厨余垃圾_板栗。,,0
710,这是厨余垃圾_板栗。,这张图片里的垃圾是栗子壳和栗子。,1
711,这是厨余垃圾_板栗。,图中没有垃圾。,0
712,这是厨余垃圾_板栗。,这张图片里包含的是可食用的栗子，因此，这种垃圾属于可食用垃圾。,1
713,这是厨余垃圾_板栗。,,0
714,这是厨余垃圾_板栗。,图片中的物品属于厨余垃圾。,1
715,这是厨余垃圾_板栗。,,0
716,这是厨余垃圾_板栗。,图片中的物品属于厨余垃圾。,1
717,这是厨余垃圾_板栗。,这是一个卡通插画，描绘了几个栗子。图片中有完整的栗子和一个被切开的栗子。背景中还有一些绿色的叶子。这个插画可能是用来表示栗子的形状和特征。,1
718,这是厨余垃圾_板栗。,这张图片中的垃圾属于厨余垃圾。,1
719,这是厨余垃圾_板栗。,这是板栗。,1
720,这是厨余垃圾_板栗。,图片中的物品属于可回收垃圾。,0
721,这是厨余垃圾_板栗。,这个垃圾属于可回收垃圾。,0
722,这是厨余垃圾_板栗。,这是栗子。栗子是一种常见的坚果，通常用于烤制或煮食。它们的味道丰富，口感香甜，是许多人的喜爱食品。,1
723,这是厨余垃圾_板栗。,这张图片里没有明确的垃圾分类信息，因为图片中的内容是植物的一部分，而不是垃圾。,0
724,这是厨余垃圾_板栗。,图片中的物品属于厨余垃圾类别。,1
725,这是厨余垃圾_板栗。,"这个垃圾应该被分类为""坚果""。",1
726,这是厨余垃圾_板栗。,这个垃圾是栗子，属于厨余垃圾。,1
727,这是厨余垃圾_板栗。,这张图片里有栗子，是可回收垃圾。,0
728,这是厨余垃圾_板栗。,图中的垃圾是栗子。,1
729,这是厨余垃圾_板栗。,,0
730,这是厨余垃圾_板栗。,这张图片里的垃圾是坚果壳。坚果壳通常被视为其他垃圾，因为它们通常与食品包装和垃圾分离。,0
731,这是厨余垃圾_板栗。,图片中的物品属于可回收垃圾。,0
732,这是厨余垃圾_板栗。,这是一个一堆坚果的图片。这些坚果看起来像是榛子。榛子是一种常见的坚果，通常在秋季收获。它们通常呈圆形，外壳为棕色或深色，种子为浅色。榛子被广泛用于烘焙、零食和坚果酱中。,0
733,这是厨余垃圾_板栗。,这张图片里是可食用的栗子。,1
734,这是厨余垃圾_板栗。,图片中的物品属于其他垃圾类别。,0
735,这是厨余垃圾_板栗。,,0
736,这是厨余垃圾_板栗。,这张图片里是栗子，属于可回收物。,0
737,这是厨余垃圾_板栗。,这个垃圾属于可回收垃圾。,0
738,这是厨余垃圾_果冻。,这张图片里的是塑料包装，因为塑料包装通常是用塑料制成的。塑料包装通常用于食品、饮料和其他商品的包装，以便保护商品并延长其保质期。,0
739,这是厨余垃圾_果冻。,,0
740,这是厨余垃圾_果冻。,图片中的物品属于其他垃圾。,0
741,这是厨余垃圾_果冻。,这个垃圾属于食物垃圾。,1
742,这是厨余垃圾_果冻。,这个垃圾属于厨余垃圾。,1
743,这是厨余垃圾_果冻。,这是一张显示一个人穿着一件黑色T恤，上面写着“Believe”字样的图片。,0
744,这是厨余垃圾_果冻。,图片中的物品属于其他垃圾类别。,0
745,这是厨余垃圾_果冻。,这张图片里的垃圾是糖果。,0
746,这是厨余垃圾_果冻。,图中的垃圾是冰块。,0
747,这是厨余垃圾_果冻。,这是一杯用塑料杯装的饮料。饮料看起来是用牛奶和一些水果片混合而成的，顶部还有一根吸管。饮料看起来像是甜点或者奶昔。,0
748,这是厨余垃圾_果冻。,根据图片内容，物品属于其他垃圾类别。,0
749,这是厨余垃圾_果冻。,这张图片里的是食物垃圾。食物垃圾是指食物加工后形成的废物，包括剩菜剩饭、骨头、果皮、菜叶、剩菜、剩饭、过期食品等。,1
750,这是厨余垃圾_果冻。,图片中的物品属于不可回收垃圾类别。,0
751,这是厨余垃圾_果冻。,这张图片里没有明显的垃圾。它展示了一块黄色的食品，可能是一种果冻或类似的甜点。,1
752,这是厨余垃圾_果冻。,这是一个甜点，看起来像是一个用彩色水果片做的果冻。具体来说，可能是用草莓、蓝莓、橙子等水果片做成的。,1
753,这是厨余垃圾_果冻。,这个垃圾属于“其他垃圾”。,0
754,这是厨余垃圾_果冻。,图片中的物品属于可回收垃圾类别。,0
755,这是厨余垃圾_果冻。,根据图片中的物品描述，它是一种毛绒玩具，因此它属于家庭废弃物。,0
756,这是厨余垃圾_果冻。,图中的垃圾是西瓜和火龙果。,0
757,这是厨余垃圾_果冻。,图片中的物品属于其他垃圾。,0
758,这是厨余垃圾_果冻。,图片中的物品属于其他垃圾。,0
759,这是厨余垃圾_果冻。,这是一罐果冻。果冻是一种由水果、糖和琼脂等成分制成的甜点，常用来作为甜点食用。,1
760,这是厨余垃圾_果冻。,图片中的物品属于厨余垃圾类别。,1
761,这是厨余垃圾_果冻。,图中没有垃圾。,0
762,这是厨余垃圾_果冻。,这个垃圾应该归为其他垃圾。,0
763,这是厨余垃圾_果冻。,这个垃圾属于食物垃圾。,1
764,这是厨余垃圾_果冻。,图片中的物品属于其他垃圾。,0
765,这是厨余垃圾_果冻。,,0
766,这是厨余垃圾_果冻。,这是一杯黄色的冰淇淋，看起来非常诱人。背景中有一些模糊的灯光和建筑物。,0
767,这是厨余垃圾_果冻。,垃圾类别：食物残渣,1
768,这是厨余垃圾_果冻。,这个垃圾是一个盘子。,0
769,这是厨余垃圾_果冻。,图中没有垃圾。,0
770,这是厨余垃圾_果冻。,图中的垃圾是橘子皮。,0
771,这是厨余垃圾_果冻。,这道菜看起来像是水果沙拉，其中包含了几颗樱桃。这种食物属于垃圾食品，因为它包含过多的糖分和不健康的脂肪，对健康不利。,0
772,这是厨余垃圾_果冻。,这个垃圾应该归类为“其他垃圾”。,0
773,这是厨余垃圾_果冻。,,0
774,这是厨余垃圾_果冻。,这张图片里的垃圾是可回收物。,0
775,这是厨余垃圾_果冻。,这张图片里的是食品垃圾。,1
776,这是厨余垃圾_果冻。,这张图片中的垃圾是餐巾纸。,0
777,这是厨余垃圾_果冻。,图片中的物品属于其他垃圾。,0
778,这是厨余垃圾_果冻。,这是一碗彩色的果冻豆。果冻豆是一种甜味的软糖，通常呈圆形，表面光滑，颜色丰富，包括红色、绿色、黄色和白色等。它们通常用于糖果店、蛋糕店和甜品店。,0
779,这是厨余垃圾_果冻。,,0
780,这是厨余垃圾_果冻。,这张图片里的是玻璃杯。,0
781,这是厨余垃圾_果冻。,这张图片里有蓝莓和芒果，这些食物属于可食用垃圾。,0
782,这是厨余垃圾_果冻。,这个图片包含以下垃圾：  1. 瓶子：绿色 2. 花束：橙色 3. 蜡烛：红色 4. 蜡烛：白色 5. 蜡烛：粉色 6. 蜡烛：黄色 7. 蜡烛：白色 8. 蜡烛：粉色 9. 蜡烛：红色 10. 蜡烛：橙色 11. 蜡烛：白色 12. 蜡烛：粉色 13. 蜡烛：红色 14. 蜡烛：橙色 15. 蜡烛：白色 16. 蜡烛：粉色 17. 蜡烛：红色 18. 蜡烛：橙色 19. 蜡烛：白色 20. 蜡烛：粉色 21. 蜡烛：红色 22. 蜡烛：橙色 23. 蜡烛：白色 24. 蜡烛：粉色 25. 蜡烛：红色 26. 蜡烛：橙色 27. 蜡烛：白色 28. 蜡烛：粉色 29. 蜡烛：红色 30. 蜡烛：橙色 31. 蜡烛：白色 32. 蜡烛：粉色 33. 蜡烛：红色 34. 蜡烛：橙色 35. 蜡烛：白色 36. 蜡烛：粉色 37. 蜡烛：红色 38. 蜡烛：橙色 39. 蜡烛：白色 40. 蜡烛：粉色 41. 蜡烛：红色 42. 蜡烛：橙色 43. 蜡烛：白色 44. 蜡烛：粉色 45. 蜡烛：红色 46. 蜡烛：橙色 47. 蜡烛：白色 48. 蜡烛：粉色 49. 蜡烛：红色 50. 蜡烛：橙色 51.,0
783,这是厨余垃圾_果冻。,这个垃圾应该属于“其他垃圾”。,0
784,这是厨余垃圾_果冻。,图中的垃圾是“垃圾”,0
785,这是厨余垃圾_核桃。,这张图片里是硬木。硬木通常是指木材中硬度较大的部分，如树干、树枝等。在图像中，可以看到硬木呈现出自然的纹理和颜色，表面光滑，具有一定的硬度。,0
786,这是厨余垃圾_核桃。,这是一个陶器或瓷器制成的物体，表面有独特的雕刻图案。由于缺乏更多的背景信息，很难确定其具体用途或历史背景。它可能是一种古代工艺品，或者是某个文化和时代的代表。,0
787,这是厨余垃圾_核桃。,这是一个图片，显示了几个形状相似的物体。这些物体看起来像是由不同材料制成的，可能有纹理和表面的差异。由于缺乏上下文，很难确定它们的具体用途或类型。,0
788,这是厨余垃圾_核桃。,这个垃圾属于其他垃圾。,0
789,这是厨余垃圾_核桃。,这个垃圾属于垃圾中的废金属。,0
790,这是厨余垃圾_核桃。,这是一只手戴的佛珠。佛珠通常由小珠子组成，这些珠子在不同的排列方式下代表不同的咒语或意义。在佛教中，佛珠常被用来冥想和修行，代表了对内心的平静和净化。佛珠的颜色和材质通常与特定的宗教或文化有关。,0
791,这是厨余垃圾_核桃。,根据图片内容，这个物品属于“其它垃圾”。,0
792,这是厨余垃圾_核桃。,这张图片里是坚果壳。,1
793,这是厨余垃圾_核桃。,图中的垃圾是核桃仁。,1
794,这是厨余垃圾_核桃。,这是一种植物果实，看起来像是肉豆蔻。肉豆蔻是一种常用的中药材，具有暖胃止痛的作用。它通常以干果的形式出售，形状类似核桃，表面有明显的纹理和凹凸不平的表面。,0
795,这是厨余垃圾_核桃。,这张图片里的是珠宝，具体来说是红宝石或类似的珠子，可能用于项链或其他珠宝饰品。,0
796,这是厨余垃圾_核桃。,这张图片中的垃圾属于其他垃圾。它看起来像是一个由木头或类似材料制成的物体，而不是普通的垃圾。,0
797,这是厨余垃圾_核桃。,这张图片里的是坚果壳。坚果壳是有机垃圾，通常包括坚果壳、种子壳等。坚果壳属于不可回收垃圾。,1
798,这是厨余垃圾_核桃。,图中的垃圾是一个木雕，具体来说，它是一个具有人脸和颈部的木雕。,0
799,这是厨余垃圾_核桃。,图片中的物品属于其他垃圾类别。,0
800,这是厨余垃圾_核桃。,这个垃圾属于废品。,0
801,这是厨余垃圾_核桃。,这张图片里是核桃珠。核桃珠是一种常见的手工制作的珠子，通常由核桃壳制成。它们常用于珠宝制作和装饰。,0
802,这是厨余垃圾_核桃。,这是三个核桃，每个核桃都用绳子串起来。,1
803,这是厨余垃圾_核桃。,图中展示的是一个核桃手链。核桃是一种常见的坚果，可以食用或用于制作核桃仁。核桃手链是一种手工艺品，通常由核桃仁制成。,0
804,这是厨余垃圾_核桃。,图中的垃圾是一块雕刻成人物形状的木头，具体来说，这是一块雕刻有一个人脸的木头。,0
805,这是厨余垃圾_核桃。,这张图片里没有明显的垃圾。它展示了一只手，手腕上戴着一条棕色的木珠手链，手腕上有一只戴着红色手环的手。背景是一块白色的布。,0
806,这是厨余垃圾_核桃。,这个垃圾属于“废品”。,0
807,这是厨余垃圾_核桃。,图中的垃圾是一些小核桃。,1
808,这是厨余垃圾_核桃。,图片中的物品属于其他垃圾类别。,0
809,这是厨余垃圾_核桃。,这张图片里的垃圾属于可回收垃圾。,0
810,这是厨余垃圾_核桃。,这张图片里是一堆木珠，这些木珠可以用来制作工艺品。,0
811,这是厨余垃圾_核桃。,图片中的物品属于其他垃圾类别。,0
812,这是厨余垃圾_核桃。,这是一张展示了一只手掌中的核桃的图片。手掌中的核桃数量较多，形状和颜色与核桃相似。核桃是一种常见的坚果，通常用于烹饪或作为零食。,1
813,这是厨余垃圾_核桃。,图中没有垃圾。,0
814,这是厨余垃圾_核桃。,这是一堆核桃。核桃是一种常见的坚果，通常以壳包裹着。核桃富含营养，含有多种维生素和矿物质。,1
815,这是厨余垃圾_核桃。,这是一个由核桃壳制成的手串。核桃壳的手串通常具有独特的纹理和图案，常常被用于装饰和佩戴。核桃壳的手串不仅可以作为装饰品，还可以具有一定的文化意义和历史价值。,0
816,这是厨余垃圾_核桃。,图片中的物品属于不可回收垃圾类别。,0
817,这是厨余垃圾_核桃。,根据图片中的描述，该物品属于“珠饰品”类别。,0
818,这是厨余垃圾_核桃。,图片中的物品属于其他垃圾。,0
819,这是厨余垃圾_核桃。,这是“罗汉香”，是一种传统的香料，通常用于制作茶、咖啡、饮料和其他食品。罗汉香的香味独特，常被用来增加食品的香气和口感。,0
820,这是厨余垃圾_梨。,这张图片里是果梨，是一种水果。,1
821,这是厨余垃圾_梨。,这个垃圾应该属于可回收垃圾。,0
822,这是厨余垃圾_梨。,这是一张梨的图片。图片中显示了两个完整的梨和一个切开的梨。梨的皮呈浅黄色，表面有明显的斑点和纹理。梨子的切面清晰可见，果肉呈白色，中间有明显的种子。,1
823,这是厨余垃圾_梨。,这是梨。,1
824,这是厨余垃圾_橙子。,这个图片是一个矢量橙子的矢量图。它可能属于以下垃圾类型之一：  1. **水果垃圾**：如果这个图是橙子的矢量图，那么它属于水果垃圾。 2. **健康食品垃圾**：如果这个图是橙子的矢量图，那么它也可能属于健康食品垃圾。 3. **新鲜水果垃圾**：如果这个图是橙子的矢量图，那么它还可能属于新鲜水果垃圾。 4. **插图垃圾**：如果这个图是橙子的矢量图，那么它还可能属于插图垃圾。  具体的垃圾类型取决于图片的内容和用途。,1
825,这是厨余垃圾_橙子。,图中没有垃圾。,0
826,这是厨余垃圾_橙子。,图片中的物品属于厨余垃圾。,1
827,这是厨余垃圾_橙子。,图片中的物品属于厨余垃圾。,1
828,这是厨余垃圾_橙子。,图中的垃圾是三个橙子。,1
829,这是厨余垃圾_橙子。,这个垃圾属于厨余垃圾。,1
830,这是厨余垃圾_橙子。,图中没有垃圾。,0
831,这是厨余垃圾_橙子。,图中没有垃圾。,0
832,这是厨余垃圾_橙子。,这是一张橙子的图片。图片中展示了两个橙子的切片，一个是完整的橙子，另一个是切开的橙子。完整的橙子比较大，切开的橙子比较小。,1
833,这是厨余垃圾_橙子。,该物品属于厨余垃圾。,1
834,这是厨余垃圾_橙子。,图片中的物品属于厨余垃圾类别。,1
835,这是厨余垃圾_橙子。,橙子属于厨余垃圾。,1
836,这是厨余垃圾_橙子。,根据图片中的描述，这些物品属于其他垃圾类别。,0
837,这是厨余垃圾_残渣剩饭。,这个垃圾是食物垃圾。,1
838,这是厨余垃圾_残渣剩饭。,图中没有垃圾。,0
839,这是厨余垃圾_残渣剩饭。,这张图片里没有垃圾。,0
840,这是厨余垃圾_残渣剩饭。,这是一盘炒饭，里面有蔬菜和米饭。,1
841,这是厨余垃圾_残渣剩饭。,这张图片中的垃圾属于厨余垃圾。,1
842,这是厨余垃圾_残渣剩饭。,图中的垃圾是塑料盒和勺子。,0
843,这是厨余垃圾_残渣剩饭。,根据图片中的物品，可能是属于其他垃圾类别。,0
844,这是厨余垃圾_残渣剩饭。,图中的垃圾是一根菠萝。,1
845,这是厨余垃圾_残渣剩饭。,图片中的物品属于其他垃圾类别。,0
846,这是厨余垃圾_残渣剩饭。,这是一道融合了中式和西式烹饪手法的菜肴。具体来说，这是一道将香肠、虾仁、煎蛋等中式食材与炸薯条、炒饭等西式食材结合在一起的菜肴。这种菜肴通常会在锅中快速炒制，使食材充分融合，形成独特的口感和味道。,0
847,这是厨余垃圾_残渣剩饭。,这张图片里的食物是炒饭，是一种常见的中式炒菜，属于食物垃圾。,1
848,这是厨余垃圾_残渣剩饭。,这个垃圾属于厨余垃圾。,1
849,这是厨余垃圾_残渣剩饭。,这张图片里没有垃圾。,0
850,这是厨余垃圾_残渣剩饭。,这张图片里是可回收垃圾。,0
851,这是厨余垃圾_残渣剩饭。,这是一份炒饭，属于垃圾食品。,0
852,这是厨余垃圾_残渣剩饭。,图片中的物品属于其他垃圾。,0
853,这是厨余垃圾_残渣剩饭。,这个垃圾是食物垃圾。,1
854,这是厨余垃圾_残渣剩饭。,这张图片里没有可见的垃圾。,0
855,这是厨余垃圾_残渣剩饭。,这张图片里没有提到任何垃圾，只有炒饭。,0
856,这是厨余垃圾_残渣剩饭。,这是一道看起来非常美味的炒饭，主要食材包括米饭、鸡蛋、青豆、青菜和草莓。炒饭通常口感松软，米饭和青豆炒至微黄，鸡蛋炒至微黄，草莓和青菜炒至出水，整体味道丰富，营养丰富。,1
857,这是厨余垃圾_残渣剩饭。,图中的垃圾是绿色的塑料袋。,0
858,这是厨余垃圾_残渣剩饭。,这张图片里有一个装有食物的碗，属于餐厨垃圾。,1
859,这是厨余垃圾_残渣剩饭。,这张图片里的食物是塑料垃圾。,0
860,这是厨余垃圾_残渣剩饭。,这个垃圾是一份炒饭。,1
861,这是厨余垃圾_残渣剩饭。,这是一道炒饭，上面铺满了煮熟的肉片、切碎的葱花和炒鸡蛋，看起来非常美味。,1
862,这是厨余垃圾_残渣剩饭。,,0
863,这是厨余垃圾_残渣剩饭。,图片中的物品属于其他垃圾类别。,0
864,这是厨余垃圾_残渣剩饭。,这个垃圾属于厨余垃圾。,1
865,这是厨余垃圾_残渣剩饭。,图中的垃圾是盘子里的米饭。,1
866,这是厨余垃圾_残渣剩饭。,This is a picture of food.,1
867,这是厨余垃圾_残渣剩饭。,这个垃圾属于食物垃圾。,1
868,这是厨余垃圾_残渣剩饭。,这是一道虾仁炒饭，通常也被称为虾仁炒饭或虾仁炒饭。这道菜是由米饭、虾仁、胡萝卜、青豆和玉米等食材制成的。,1
869,这是厨余垃圾_残渣剩饭。,图中没有垃圾。,0
870,这是厨余垃圾_汉堡。,图片中的物品属于餐饮垃圾。,1
871,这是厨余垃圾_汉堡。,这个垃圾属于可回收垃圾。,0
872,这是厨余垃圾_汉堡。,这个垃圾属于餐厨垃圾。,1
873,这是厨余垃圾_汉堡。,这张图片里有塑料和玻璃。,0
874,这是厨余垃圾_汉堡。,这个垃圾是汉堡。,1
875,这是厨余垃圾_汉堡。,这是一份看起来非常美味的汉堡。汉堡由一个大面包卷组成，里面装有牛肉、融化的奶酪和番茄片。看起来这是一份非常丰盛的汉堡，适合喜欢重口味的人。,1
876,这是厨余垃圾_汉堡。,这是一份汉堡包和薯条。汉堡包的面包上有芝麻，汉堡内有肉饼、生菜、番茄、奶酪等配料，旁边有一个小碗装着薯条。,1
877,这是厨余垃圾_汉堡。,图中的垃圾是汉堡。,1
878,这是厨余垃圾_汉堡。,图中的垃圾是炸鸡。,0
879,这是厨余垃圾_汉堡。,这张图片中的垃圾是食物垃圾。,1
880,这是厨余垃圾_汉堡。,这张图片里是餐食垃圾。,1
881,这是厨余垃圾_汉堡。,这个垃圾属于食品垃圾。,1
882,这是厨余垃圾_汉堡。,图中的垃圾是汉堡包、番茄、洋葱、生菜、薯条、辣椒酱和番茄酱。,1
883,这是厨余垃圾_汉堡。,这是一份三明治和薯条的组合。三明治里面有汉堡、肉饼、奶酪和蔬菜，旁边是炸薯条。,1
884,这是厨余垃圾_汉堡。,图中的垃圾是汉堡。,1
885,这是厨余垃圾_汉堡。,图中的垃圾是薯条。,0
886,这是厨余垃圾_汉堡。,图中的垃圾是汉堡。,1
887,这是厨余垃圾_汉堡。,图片中的物品属于可回收垃圾类别。,0
888,这是厨余垃圾_汉堡。,图片中的物品属于食物垃圾类别。,1
889,这是厨余垃圾_汉堡。,这个图是一个汉堡，所以它属于食物垃圾。,1
890,这是厨余垃圾_汉堡。,,0
891,这是厨余垃圾_汉堡。,图中的垃圾是三明治。,1
892,这是厨余垃圾_汉堡。,这张图片里的是“垃圾食品”垃圾。,0
893,这是厨余垃圾_汉堡。,图中的垃圾是汉堡和可乐。,0
894,这是厨余垃圾_汉堡。,这张图片里是一个汉堡，上面放了意大利面、生菜和番茄酱。由于汉堡里有意大利面，所以它可能是混合垃圾。,1
895,这是厨余垃圾_汉堡。,这张图片里有垃圾。,0
896,这是厨余垃圾_汉堡。,这张图片里没有垃圾。,0
897,这是厨余垃圾_汉堡。,这是一张图片，显示了一种叫做“The Kansas City”的汉堡。汉堡上有炸薯条、火腿、洋葱、培根、沙拉和奶酪。汉堡上有一个标签，上面写着“Wisconsin Smoked Gouda”，这表明这是一款包含奶酪的汉堡。汉堡的顶部有一个美国地图的剪影，上面有一个红色的星星，表示这是美国的产品。,1
898,这是厨余垃圾_汉堡。,这张图片里没有垃圾。图片中展示的是三个汉堡，放在木板上。,1
899,这是厨余垃圾_汉堡。,这是一份汉堡。,1
900,这是厨余垃圾_汉堡。,图中的垃圾是汉堡和薯条。,1
901,这是厨余垃圾_汉堡。,图片中的物品属于食物垃圾类别。,1
902,这是厨余垃圾_汉堡。,图中没有垃圾。,0
903,这是厨余垃圾_火龙果。,这张图片中的垃圾是红色的水果，看起来像是火龙果。它不属于垃圾，因为它是一种健康的水果。,0
904,这是厨余垃圾_火龙果。,图中的垃圾是一片红色的火龙果皮。,1
905,这是厨余垃圾_火龙果。,图中的垃圾是一片火龙果。,1
906,这是厨余垃圾_火龙果。,这是一个装有火龙果的碗，火龙果是一种紫色的热带水果，果肉甜美多汁，富含营养。火龙果富含维生素C和膳食纤维，常吃对身体健康有益。,1
907,这是厨余垃圾_火龙果。,图片中的物品属于其他垃圾类别。,0
908,这是厨余垃圾_火龙果。,图片中的物品属于其他垃圾类别。,0
909,这是厨余垃圾_火龙果。,这个垃圾应该归为“水果”类别。,1
910,这是厨余垃圾_火龙果。,这张图片里是水果垃圾。,1
911,这是厨余垃圾_火龙果。,图中的垃圾是泡菜。,0
912,这是厨余垃圾_火龙果。,图片中的物品属于厨余垃圾类别。,1
913,这是厨余垃圾_火龙果。,这张图片里的是可回收物。,0
914,这是厨余垃圾_火龙果。,图中的垃圾是火龙果。,1
915,这是厨余垃圾_火龙果。,这张图片里有红色的火龙果皮。火龙果皮属于其他垃圾。,0
916,这是厨余垃圾_火龙果。,这个垃圾属于食品垃圾。,1
917,这是厨余垃圾_火龙果。,这张图片里没有明显的垃圾，看起来像是切开的火龙果。火龙果是一种热带水果，通常以红色或紫色的外皮和白色的果肉为特点。,1
918,这是厨余垃圾_火龙果。,这张图片中的水果是火龙果。火龙果是一种红色的水果，通常有黑色的种子。图片中的火龙果已经被切成片，展示出其鲜艳的颜色和细腻的质感。火龙果富含营养，含有丰富的维生素和矿物质，是一种非常受欢迎的水果。,1
919,这是厨余垃圾_火龙果。,这是一张火龙果的照片。火龙果是一种热带水果，外皮呈红色或紫色，果肉多汁，口感甜爽，常见于热带地区。,1
920,这是厨余垃圾_火龙果。,这是一张火龙果切片的图片。火龙果是一种热带水果，果肉多汁，含有丰富的营养成分，常见于亚洲地区。图片中展示了火龙果的果肉切块，呈现出鲜艳的红色和黑色籽粒。火龙果不仅美味，还富含维生素和矿物质，是一种健康且美味的水果。,1
921,这是厨余垃圾_火龙果。,这张图片里没有垃圾。,0
922,这是厨余垃圾_火龙果。,这是火龙果。火龙果是一种多汁的水果，通常呈红色或紫色，含有丰富的维生素和矿物质。它通常被切成片或块状，可以生食或作为甜点食用。,1
923,这是厨余垃圾_火龙果。,这张图片中的垃圾是塑料垃圾。塑料垃圾通常是由塑料制品（如塑料袋、塑料瓶等）制成的废弃物。,0
924,这是厨余垃圾_火龙果。,图中没有垃圾，是一张火龙果的图片。,0
925,这是厨余垃圾_火龙果。,这张图片里没有垃圾。,0
926,这是厨余垃圾_火龙果。,这张图片里包含的食物垃圾是火龙果。火龙果是一种热带水果，通常切成块状食用。,1
927,这是厨余垃圾_火龙果。,图中的垃圾是火龙果皮。,1
928,这是厨余垃圾_火龙果。,,0
929,这是厨余垃圾_火龙果。,图中的垃圾是火龙果干。,1
930,这是厨余垃圾_炸鸡。,这张图片里的是油炸食品垃圾。,1
931,这是厨余垃圾_炸鸡。,这个图片是一个美味的糕点，可以归类为烘焙食品。,0
932,这是厨余垃圾_炸鸡。,这是一杯名为“STAND Delicabar”的饮品。杯子里装的是一个油炸的鸡翅，看起来像是在咖啡馆或酒吧的特色小吃。,1
933,这是厨余垃圾_炸鸡。,这张图片里是塑料垃圾。,0
934,这是厨余垃圾_炸鸡。,图中没有垃圾。,0
935,这是厨余垃圾_炸鸡。,图中没有垃圾。,0
936,这是厨余垃圾_炸鸡。,这个垃圾是塑料垃圾。,0
937,这是厨余垃圾_炸鸡。,这是一道炸鸡。,1
938,这是厨余垃圾_炸鸡。,这个垃圾应该归为其他垃圾，因为它是食物垃圾。,0
939,这是厨余垃圾_炸鸡。,这个垃圾属于食品垃圾。,1
940,这是厨余垃圾_炸鸡。,这是一张显示了两个装有炸鸡的纸盒的照片。左边的炸鸡看起来是炸得酥脆的，上面撒有香料和蒜末。右边的炸鸡看起来是炸得更深，表面看起来更湿润。这两款炸鸡看起来都非常美味，适合用来搭配一些蔬菜沙拉或米饭一起食用。,1
941,这是厨余垃圾_炸鸡。,图中的垃圾是炸鸡。,1
942,这是厨余垃圾_炸鸡。,这是一盘炸鸡。,1
943,这是厨余垃圾_炸鸡。,这是一个展示不同配料的图片。图片上有四个圆形区域，每个区域分别标注了以下内容：  1. 左上角区域：标注“淹料”。 2. 中间区域：标注“炸粉”。 3. 右上角区域：标注“辣椒粉”。 4. 右下角区域：标注“孜然”。  这些配料可能用于制作某种食物或调料，但具体是哪种食物或调料无法从图片中确定。,0
944,这是厨余垃圾_炸鸡。,这是一个炸鸡的图片。,1
945,这是厨余垃圾_炸鸡。,图中的垃圾是蔬菜。,0
946,这是厨余垃圾_炸鸡。,图片中的物品属于其他垃圾。,0
947,这是厨余垃圾_炸鸡。,图中没有垃圾。,0
948,这是厨余垃圾_炸鸡。,这是一张炸鸡的照片，不需要进行垃圾分类。,0
949,这是厨余垃圾_炸鸡。,这是一道美食，看起来是一份炸鸡。图片中可以看到炸鸡的外壳酥脆，表面有金黄色的光泽，炸鸡的内部可能有丰富的馅料，可能是鸡肉和蔬菜的混合物。图片右下角有“皇家炸鸡”字样，表示这是一份高质量的炸鸡。图片左下角有两个骰子，可能表示这道炸鸡的口味和口感都很好。,1
950,这是厨余垃圾_炸鸡。,图片中的物品属于厨余垃圾类别。,1
951,这是厨余垃圾_炸鸡。,,0
952,这是厨余垃圾_炸鸡。,This image is of a pile of crispy fried chicken and fries.,1
953,这是厨余垃圾_炸鸡。,图片中的物品属于餐厨垃圾类别。,1
954,这是厨余垃圾_炸鸡。,这张图片里没有垃圾。,0
955,这是厨余垃圾_炸鸡。,这张图片里没有明确的垃圾分类信息。,0
956,这是厨余垃圾_炸鸡。,这个垃圾属于食品垃圾。,1
957,这是厨余垃圾_炸鸡。,这张图片里有一个装有炸鸡和炸土豆的外卖盒，旁边还有一瓶可口可乐和一个装有饮料的透明杯子。这些物品属于可回收物。,0
958,这是厨余垃圾_炸鸡。,这是一盘炸鸡翅。炸鸡翅通常是用炸油炸制的，通常会蘸一些调料。这盘炸鸡翅上还有一些蔬菜，可能是沙拉。,1
959,这是厨余垃圾_炸鸡。,这张图片里没有垃圾。,0
960,这是厨余垃圾_炸鸡。,根据图中的描述，这个篮子内的食物包括炸鸡和薯条，这些食物属于快餐垃圾。,1
961,这是厨余垃圾_烤鸡烤鸭。,图片中的物品属于厨余垃圾类别。,1
962,这是厨余垃圾_烤鸡烤鸭。,图中没有垃圾。,0
963,这是厨余垃圾_烤鸡烤鸭。,图片中的物品属于厨余垃圾类别。,1
964,这是厨余垃圾_烤鸡烤鸭。,这是一盘炸鸡，看起来非常美味。,1
965,这是厨余垃圾_烤鸡烤鸭。,图片中的物品属于厨余垃圾类别。,1
966,这是厨余垃圾_烤鸡烤鸭。,这张图片里的是可回收物。,0
967,这是厨余垃圾_烤鸡烤鸭。,这张图片里有一个塑料袋，里面装有一些食物残渣。塑料袋属于可回收垃圾。,0
968,这是厨余垃圾_烤鸡烤鸭。,图片中的物品属于其他垃圾类别。,0
969,这是厨余垃圾_烤鸡烤鸭。,这张图片显示的是一个用锡纸包裹的烤盘，上面放着一些未煮过的鸡块。这个图片中的垃圾应该属于厨房垃圾，包括未煮熟的鸡块和锡纸。,0
970,这是厨余垃圾_烤鸡烤鸭。,这张图片里没有明确的垃圾标识，但是从食物的外观来看，这可能是某种食物，可能是食物垃圾。,1
971,这是厨余垃圾_烤鸡烤鸭。,这个垃圾属于“垃圾食品”类别。,0
972,这是厨余垃圾_烤鸡烤鸭。,这张图片的内容是关于提供餐饮培训的，但没有直接与垃圾有关的信息。垃圾通常是指用于废物处理和回收的物品，而这张图片展示的是关于餐饮培训的信息。所以，这张图片不属于垃圾类别。,0
973,这是厨余垃圾_烤鸡烤鸭。,这张图片里是食物垃圾。,1
974,这是厨余垃圾_烤鸡烤鸭。,这张图片里有鸡翅，属于餐厨垃圾。,1
975,这是厨余垃圾_烤鸡烤鸭。,图中没有垃圾。,0
976,这是厨余垃圾_烤鸡烤鸭。,这个垃圾属于厨房垃圾。,1
977,这是厨余垃圾_烤鸡烤鸭。,这个垃圾属于食物垃圾。,1
978,这是厨余垃圾_烤鸡烤鸭。,图中没有垃圾。,0
979,这是厨余垃圾_烤鸡烤鸭。,图中的垃圾是一块用锡纸包裹的猪肉。,0
980,这是厨余垃圾_烤鸡烤鸭。,这个垃圾属于厨房垃圾。,1
981,这是厨余垃圾_烤鸡烤鸭。,这个垃圾是垃圾食品。,0
982,这是厨余垃圾_烤鸡烤鸭。,这个垃圾属于食品垃圾。,1
983,这是厨余垃圾_烤鸡烤鸭。,这张图片里没有垃圾。,0
984,这是厨余垃圾_烤鸡烤鸭。,,0
985,这是厨余垃圾_烤鸡烤鸭。,这个垃圾属于食物垃圾。,1
986,这是厨余垃圾_烤鸡烤鸭。,图片中的物品属于其他垃圾类别。,0
987,这是厨余垃圾_烤鸡烤鸭。,图中的垃圾是炸鸡。,1
988,这是厨余垃圾_烤鸡烤鸭。,这张图片里有食物，是鸡腿，属于厨余垃圾。,1
989,这是厨余垃圾_烤鸡烤鸭。,,0
990,这是厨余垃圾_烤鸡烤鸭。,这个垃圾属于厨余垃圾。,1
991,这是厨余垃圾_牛肉干。,图片中的物品属于其他垃圾类别。,0
992,这是厨余垃圾_牛肉干。,这个垃圾属于厨余垃圾。,1
993,这是厨余垃圾_牛肉干。,图中的垃圾是干肉。,1
994,这是厨余垃圾_牛肉干。,图片中的物品属于不可回收垃圾类别。,0
995,这是厨余垃圾_牛肉干。,这个垃圾属于餐厨垃圾。,1
996,这是厨余垃圾_牛肉干。,这张图片里没有明确显示是什么垃圾。,0
997,这是厨余垃圾_牛肉干。,这是一篮子牛肉干。,1
998,这是厨余垃圾_牛肉干。,根据图片中的描述，物品属于餐厨垃圾。,1
999,这是厨余垃圾_牛肉干。,图中的垃圾是干豆皮。,0
1000,这是厨余垃圾_牛肉干。,图片中的物品属于可回收垃圾。,0
1001,这是厨余垃圾_牛肉干。,这张图片里没有垃圾。,0
1002,这是厨余垃圾_牛肉干。,这个垃圾应该属于食物垃圾。,1
1003,这是厨余垃圾_牛肉干。,这个垃圾属于垃圾食品，具体来说是辣条。,0
1004,这是厨余垃圾_牛肉干。,图中的垃圾是“chuji cheng”。,0
1005,这是厨余垃圾_牛肉干。,这是一堆炸薯条，通常是用炸薯条机（French fry machine）制作的。薯条通常会裹上面包糠或其他调味料，然后用油炸至金黄酥脆。,0
1006,这是厨余垃圾_牛肉干。,图片中的物品属于其他垃圾类别。,0
1007,这是厨余垃圾_牛肉干。,这是一个装有零食的白色盘子。,0
1008,这是厨余垃圾_牛肉干。,图中的垃圾是炸猪排。,0
1009,这是厨余垃圾_牛肉干。,图片中的物品属于厨余垃圾。,1
1010,这是厨余垃圾_牛肉干。,这是新疆特产——孜然牛肉干。它色泽诱人，口感香醇，让人回味无穷。,1
1011,这是厨余垃圾_牛肉干。,这是一道用黑色食材制作的美食，可能是炭烤或烤制的肉片，上面撒有一些调料和香草。这种食物通常在户外餐厅或烧烤聚会中享用。,1
1012,这是厨余垃圾_牛肉干。,,0
1013,这是厨余垃圾_牛肉干。,这是一堆牛排。,1
1014,这是厨余垃圾_牛肉干。,这是一盘牛肉干。牛肉干是一种经过干燥、腌制等处理的牛肉制品，常用于休闲食品。,1
1015,这是厨余垃圾_牛肉干。,图中的垃圾是牛肉干。,1
1016,这是厨余垃圾_牛肉干。,这是一块干牛肉干，通常用来作为零食食用。,1
1017,这是厨余垃圾_瓜子。,这是一个装满南瓜籽的白色碗。南瓜籽是一种常见的坚果，通常用于烘焙食品和健康食品中。,0
1018,这是厨余垃圾_瓜子。,这是一袋花生。花生是一种常见的坚果，通常以烤或油炸的方式食用。,0
1019,这是厨余垃圾_瓜子。,图中的垃圾是南瓜子。,1
1020,这是厨余垃圾_瓜子。,这是一张展示在田间地头晒干粮食的照片。照片中可以看到稻谷正在晾晒，周围的环境看起来像是农田，有稻田和树林。天气看起来晴朗，天空中有几朵白云。,0
1021,这是厨余垃圾_瓜子。,这是南瓜籽。南瓜籽是一种常见的食品，通常用于烹饪和食用。,1
1022,这是厨余垃圾_瓜子。,这个垃圾属于食品垃圾。,1
1023,这是厨余垃圾_瓜子。,这个垃圾是瓜子壳。,1
1024,这是厨余垃圾_瓜子。,这是一张显示了几种谷物种子的照片。图片中可以看到以下几种谷物种子：  1. 红花籽 2. 小白瓜子 3. 花生 4. 黄豆  这些种子看起来都是干燥的谷物种子，可能用于宠物饲料或其他用途。,1
1025,这是厨余垃圾_瓜子。,图片中的物品属于厨余垃圾。,1
1026,这是厨余垃圾_瓜子。,图片中的物品属于其他垃圾。,0
1027,这是厨余垃圾_瓜子。,这个垃圾属于厨房垃圾。,1
1028,这是厨余垃圾_瓜子。,这张图片里的垃圾是南瓜籽壳。,1
1029,这是厨余垃圾_瓜子。,这是一个包装袋，里面装的是沙土南瓜子。袋装的包装袋上有“沙土”字样，包装袋上还写着“沙土南瓜子”字样。,0
1030,这是厨余垃圾_瓜子。,图中没有垃圾。,0
1031,这是厨余垃圾_瓜子。,这张图片里没有明显的垃圾标签，无法确定是什么垃圾。,0
1032,这是厨余垃圾_瓜子。,图片中的物品属于可回收垃圾。,0
1033,这是厨余垃圾_瓜子。,这个垃圾属于干果类垃圾。,0
1034,这是厨余垃圾_瓜子。,这是一个卖生南瓜子的广告。图片中显示了不同重量的南瓜子价格，以及它们的重量和包邮费用。,0
1035,这是厨余垃圾_瓜子。,这是一碗干黄芪片。黄芪是一种常见的中药材，具有多种药用功效，常用于调理身体，增强免疫力。,0
1036,这是厨余垃圾_瓜子。,这是一段中文，无法进行垃圾分类。请提供更详细的信息。,0
1037,这是厨余垃圾_瓜子。,这张图片里是一堆生蛤蜊。蛤蜊是一种常见的贝类，通常用于烹饪。,0
1038,这是厨余垃圾_瓜子。,这个垃圾属于其他垃圾。,0
1039,这是厨余垃圾_甘蔗。,这个垃圾属于厨余垃圾。,1
1040,这是厨余垃圾_甘蔗。,图片中的物品属于其他垃圾。,0
1041,这是厨余垃圾_甘蔗。,这是一堆切开的甘蔗。甘蔗是一种甘甜的植物，通常用于制作糖浆、饮料或用于工业用途。甘蔗的纤维含量较高，因此切开后会有明显的纹理。,1
1042,这是厨余垃圾_甘蔗。,这个垃圾是竹笋。竹笋属于蔬菜类垃圾。,0
1043,这是厨余垃圾_甘蔗。,图片中的物品属于可回收垃圾。,0
1044,这是厨余垃圾_甘蔗。,这张图片里是一些甘蔗。甘蔗是一种植物，其根部可以用来制作甘蔗糖、榨汁等。甘蔗皮是可回收物，而甘蔗芯是厨余垃圾。所以，这张图片中的甘蔗属于可回收物和厨余垃圾。,0
1045,这是厨余垃圾_甘蔗。,这是一种甘蔗。甘蔗是一种甘蔗科植物的果实，通常在亚洲和拉丁美洲地区种植。甘蔗是一种甜味的天然食品，主要成分是蔗糖，可以用于烹饪、糖果和饮料。,1
1046,这是厨余垃圾_生肉。,这是一份冷冻包装的牛肉片。包装上显示了牛肉片的规格和重量，每包重700克，包装上还标明了产品的特点和促销信息。,1
1047,这是厨余垃圾_生肉。,这张图片里是一盘雪花肥牛。雪花肥牛是一种用新鲜牛肉切成薄片，并均匀分布在一块大肥牛上的做法。这种做法可以保留牛肉的原汁原味，口感鲜美。,1
1048,这是厨余垃圾_生肉。,这张图片中的垃圾是食物垃圾。,1
1049,这是厨余垃圾_生肉。,图片中的物品属于可回收垃圾。,0
1050,这是厨余垃圾_生肉。,这是一张宣传牛肉的图片。图片中展示了厚切肥牛片，背景是牛肉片和一些蔬菜。图片上方的文字写着“厚切肥牛片”和“130g*5”，表明这是一盒5片的牛肉。图片中还展示了切片牛肉的特写。,0
1051,这是厨余垃圾_生肉。,图片中的物品属于其他垃圾。,0
1052,这是厨余垃圾_生肉。,图中的垃圾是腊肠。,1
1053,这是厨余垃圾_生肉。,这张图片里的是炒饭。炒饭通常由米饭、肉类（如猪肉或牛肉）、蔬菜（如西兰花）、以及一些调味料（如酱油、盐和香料）组成。,0
1054,这是厨余垃圾_生肉。,这张图片里没有明确的垃圾标识，无法确定这是什么垃圾。,0
1055,这是厨余垃圾_生肉。,这张图片里包含了一部分食物和一些餐具，如盘子、花瓶、茶壶和杯子。由于图片中的食物和餐具的具体类型和用途可能不明确，无法准确判断这些物品属于什么类型的垃圾。一般来说，这类物品可能会被归类为其他垃圾，因为它们通常不会在日常生活中产生。,0
1056,这是厨余垃圾_生肉。,这是一张图片，显示的是一些切片的生肉，可能是牛肉。这些肉片被切成薄片，看起来非常新鲜。由于没有更多的上下文信息，很难确定这些肉片的具体来源或用途。,1
1057,这是厨余垃圾_生肉。,这个垃圾属于厨余垃圾。,1
1058,这是厨余垃圾_生肉。,图中没有垃圾。,0
1059,这是厨余垃圾_生肉。,这是一道美味的中餐，名为“红烧牛肉”。这道菜的主要食材包括牛肉、红辣椒、蒜末和葱花。牛肉经过炖煮后，配以多种调料，味道鲜美，色泽红亮。红辣椒和蒜末增加了菜品的风味，而葱花则增添了清新的口感。这道菜不仅外观诱人，而且口感丰富，是一道非常受欢迎的中式菜肴。,0
1060,这是厨余垃圾_生肉。,图中没有垃圾。,0
1061,这是厨余垃圾_生肉。,图片中的物品属于厨余垃圾。,1
1062,这是厨余垃圾_生肉。,图片中的物品属于其他垃圾。,0
1063,这是厨余垃圾_生肉。,图片中的物品属于餐厨垃圾类别。,1
1064,这是厨余垃圾_生肉。,这张图片里的是牛肉，属于餐厨垃圾。,1
1065,这是厨余垃圾_生肉。,图中没有垃圾。,0
1066,这是厨余垃圾_生肉。,这张图片里是塑料。,0
1067,这是厨余垃圾_生肉。,这个垃圾属于厨房垃圾。,1
1068,这是厨余垃圾_生肉。,这张图片中的垃圾属于不可回收垃圾。,0
1069,这是厨余垃圾_生肉。,这是一个烹饪场景，图片中展示的是在锅中准备烹饪的食材。锅中有一片片的猪肉和一些切好的洋葱。烹饪时，猪肉可能会煎炸，而洋葱则可能会炒或煮。,1
1070,这是厨余垃圾_生肉。,根据图片中的物品，可以判断该物品属于其他垃圾类别。,0
1071,这是厨余垃圾_生肉。,图片中的物品属于其他垃圾类别。,0
1072,这是厨余垃圾_生肉。,这是一堆新鲜的生牛肉卷。牛肉卷通常用于日本的牛肉火锅或烧烤，是烹饪过程中常用的食材之一。,1
1073,这是厨余垃圾_生肉。,这是一盘用生菜叶包裹的生牛肉。,1
1074,这是厨余垃圾_生肉。,这是一道中式炒菜，主要食材是肉丝和豆芽。肉丝炒至变色，豆芽煮至软烂，最后加入一些调料和辣椒作为点缀，制作出这道美味的菜肴。,1
1075,这是厨余垃圾_生肉。,这是一道美食，应该被归类为“美食”。,0
1076,这是厨余垃圾_生肉。,这是一盘切片的猪肉。,1
1077,这是厨余垃圾_生肉。,图中没有垃圾。,0
1078,这是厨余垃圾_生肉。,这道菜看起来是一道炒菜，其中的食材主要是牛肉和一些蔬菜。牛肉和蔬菜都是蛋白质丰富的食物，营养丰富，有助于身体健康。炒菜通常是一种简单快捷的烹饪方式，可以在家中轻松制作。总的来说，这道菜看起来是一道营养丰富、美味可口的菜品。,1
1079,这是厨余垃圾_生肉。,这张图片里是肉类垃圾。,1
1080,这是厨余垃圾_生肉。,图片中的物品属于餐厨垃圾。,1
1081,这是厨余垃圾_生肉。,图片中的物品属于其他垃圾。,0
1082,这是厨余垃圾_生肉。,这是一张图片，上面显示了上海上松贸易有限公司的一道菜，看起来像是用猪肉包裹的食品。,1
1083,这是厨余垃圾_生肉。,图片中的物品属于其他垃圾。,0
1084,这是厨余垃圾_生肉。,这个垃圾是厨房垃圾。,1
1085,这是厨余垃圾_生肉。,这是一个装有食物的盘子。盘子里有一堆包裹在培根中的芦笋。,0
1086,这是厨余垃圾_生肉。,图中没有垃圾。,0
1087,这是厨余垃圾_生肉。,图片中的物品属于可回收垃圾类别。,0
1088,这是厨余垃圾_生肉。,图中没有垃圾。,0
1089,这是厨余垃圾_生肉。,这是一道看起来非常美味的菜肴。盘子里的汤汁是棕色的，里面有肉丝、胡萝卜丝、青椒丝和葱花。盘子的旁边还有一颗青椒和一个番茄，这些蔬菜也增加了这道菜的色彩和营养。整体来说，这道菜看起来非常美味，可能是一道营养丰富、口味鲜美的汤或汤菜。,1
1090,这是厨余垃圾_生肉。,这个图片的内容是炒肉丝，不属于垃圾。,0
1091,这是厨余垃圾_生肉。,这个垃圾属于餐厨垃圾。,1
1092,这是厨余垃圾_生肉。,图中的垃圾是牛羊肉。,1
1093,这是厨余垃圾_生肉。,这是一盘用猪皮包裹的冷冻食物。这种食物通常用于烹饪，尤其是在亚洲国家，例如中国。猪皮卷通常用于火锅、烤肉或作为蘸料。,1
1094,这是厨余垃圾_生肉。,这张图片里是厨余垃圾。,1
1095,这是厨余垃圾_生肉。,这张图片里的是牛排，属于肉类垃圾。,1
1096,这是厨余垃圾_生肉。,这张图片里的是餐厨垃圾。餐厨垃圾是指家庭日常产生的食物残渣、剩菜剩饭、废弃食物包装物、废弃餐具、废弃塑料、废弃玻璃、废弃金属等。,0
1097,这是厨余垃圾_生肉。,图片中的物品属于餐厨垃圾类别。,1
1098,这是厨余垃圾_生肉。,这张图片里的是牛排。,1
1099,这是厨余垃圾_生肉。,这个垃圾属于食物垃圾。,1
1100,这是厨余垃圾_生肉。,图片中的物品属于可回收物类别。,0
1101,这是厨余垃圾_生肉。,这张图片中的垃圾是塑料袋。,0
1102,这是厨余垃圾_生肉。,图片中的物品属于其他垃圾。,0
1103,这是厨余垃圾_生肉。,这张图片里的垃圾是塑料。塑料属于其他垃圾。,0
1104,这是厨余垃圾_生肉。,图中的垃圾是啤酒瓶。,0
1105,这是厨余垃圾_生肉。,图片中的物品属于其他垃圾类别。,0
1106,这是厨余垃圾_生肉。,这个垃圾属于厨房垃圾。,1
1107,这是厨余垃圾_生肉。,这是一道中式菜肴，具体来说是一道麻辣牛肉。牛肉经过腌制和调味，再配以新鲜的生菜叶，口感麻辣鲜香，非常受欢迎。,1
1108,这是厨余垃圾_生肉。,这是一盘切片的牛肉。牛肉片被一层薄薄的肥肉包裹，看起来非常新鲜。这种做法常见于日本火锅或日式料理中。,1
1109,这是厨余垃圾_生肉。,这张图片里的是食物垃圾。,1
1110,这是厨余垃圾_番茄。,这张图片里没有垃圾。,0
1111,这是厨余垃圾_番茄。,图中的垃圾是：汤。,0
1112,这是厨余垃圾_番茄。,图中没有垃圾。,0
1113,这是厨余垃圾_番茄。,这张图片里的是西红柿。,1
1114,这是厨余垃圾_番茄。,这张图片里没有明确的垃圾分类信息。,0
1115,这是厨余垃圾_番茄。,,0
1116,这是厨余垃圾_番茄。,这是一道锅贴（锅贴饺）的菜。锅贴是一种中国传统的面食，通常在锅里煎煮。这道菜里有虾、肉丸、豆芽、胡萝卜和香菜等配料。锅贴饺是一种深受中国人民喜爱的菜肴，以其独特的风味和口感而闻名。,0
1117,这是厨余垃圾_番茄。,这张图片里是食物垃圾。,1
1118,这是厨余垃圾_番茄。,这个垃圾是厨余垃圾。,1
1119,这是厨余垃圾_番茄。,这张图片里是食物垃圾。,1
1120,这是厨余垃圾_番茄。,,0
1121,这是厨余垃圾_番茄。,图片中的物品属于其他垃圾。,0
1122,这是厨余垃圾_番茄。,这张图片里的是西红柿。,1
1123,这是厨余垃圾_番茄。,这张图片是一张宣传海报，宣传的是一个关于健康产品的信息。在这个背景下，以下是一些分类标准：  1. **健康产品**：这种产品通常与食品和健康有关。在这个案例中，宣传的是“天然番茄红素”产品，这表明它与健康有关。  2. **食品和饮料**：这个产品可能属于食品或饮料类别。这个产品是一种番茄，通常作为食品或饮料出售。  3. **认证产品**：这个产品通过了认证，表明它符合某种标准或要求。在这个案例中，产品通过了天然番茄红素生产许可（SC）认证。  4. **服务热线**：这可能是一个与产品或服务相关的联系方式，比如客户服务热线。  5. **绿色背景**：这个背景颜色通常与自然和环保相关，表明这个产品可能与环保或有机农业有关。  综上所述，这个宣传海报主要与健康产品、食品和饮料、认证产品和服务热线有关。,1
1124,这是厨余垃圾_白菜。,这张图片里是白色的大白菜。,1
1125,这是厨余垃圾_白菜。,这张图片里的是蔬菜，属于其他垃圾。,0
1126,这是厨余垃圾_白菜。,这是一道用豆腐和白菜等食材烹制而成的菜。具体来说，这道菜可能是用豆腐和白菜一起炖煮而成的。豆腐和白菜都是常见的食材，通常会搭配在一起烹制，因为豆腐是素食者喜欢的食物，而白菜是营养价值较高的蔬菜。,1
1127,这是厨余垃圾_白菜。,这是一张白菜叶的图片。图片中可以看到白菜叶被包裹成一个福袋的形状，用焯好的韭菜叶将袋口系上。这个步骤通常用于制作传统的中国年菜，如白菜年糕。,1
1128,这是厨余垃圾_白菜。,这张图片里没有垃圾。,0
1129,这是厨余垃圾_白菜。,图片中的物品属于厨余垃圾。,1
1130,这是厨余垃圾_白菜。,这个图片展示的是白菜在玻璃杯中的实验，不是垃圾。,1
1131,这是厨余垃圾_白菜。,图片中的物品属于其他垃圾。,0
1132,这是厨余垃圾_白菜。,图片中的物品属于其他垃圾。,0
1133,这是厨余垃圾_白菜。,图中的垃圾是泡菜。,1
1134,这是厨余垃圾_白菜。,图中没有垃圾，只有一盘食物。,0
1135,这是厨余垃圾_白菜。,这是一道豆腐白菜汤。豆腐和白菜都是常见的食材，搭配在一起可以做成一道营养丰富、口感清爽的汤。,1
1136,这是厨余垃圾_白菜。,这是一张微距摄影的照片，显示的是绿色的生菜叶子。生菜是一种常见的绿叶蔬菜，通常用于沙拉和其他烹饪菜肴中。,1
1137,这是厨余垃圾_白菜。,这是一道菜，具体来说是“香辣拌青瓜”。这道菜主要是用青瓜和一些调料（如辣椒、蒜末、酱油等）拌在一起制作而成的。青瓜是一种常见的蔬菜，通常用来炒、煮或凉拌。这道菜的味道可能是辣味和咸味的结合，口感鲜美。,0
1138,这是厨余垃圾_白菜。,图片中的物品属于厨余垃圾。,1
1139,这是厨余垃圾_白菜。,图中的垃圾是盘子里的食物。,1
1140,这是厨余垃圾_白菜。,这个垃圾属于厨余垃圾。,1
1141,这是厨余垃圾_白菜。,图片中的物品属于厨余垃圾。,1
1142,这是厨余垃圾_白菜。,这是一张大白菜的图片。大白菜是一种常见的蔬菜，以其鲜嫩的口感和丰富的营养而受到欢迎。,1
1143,这是厨余垃圾_白菜。,图片中的物品属于其他垃圾类别。,0
1144,这是厨余垃圾_白菜。,根据图片中的描述，这个碗里的汤是属于厨余垃圾的。,0
1145,这是厨余垃圾_白菜。,这张图片里有肉、青菜和面条，属于食物垃圾。,1
1146,这是厨余垃圾_白菜。,这是一张图片，显示了三片绿色的叶子。由于图片中没有足够的上下文信息，我无法确定这些叶子的具体来源或用途。,0
1147,这是厨余垃圾_白菜。,图中的垃圾是白菜。,1
1148,这是厨余垃圾_白菜。,这张图片里有三种垃圾：  1. 右边的绿色蔬菜叶子（可能是卷心菜或西兰花）。 2. 左边的绿色蔬菜叶子。 3. 中间的食物，看起来像是卷心菜叶或生菜叶，上面放了一些食材。,1
1149,这是厨余垃圾_白菜。,图中的垃圾是洋葱。,0
1150,这是厨余垃圾_白菜。,这张图片里有辣椒。,0
1151,这是厨余垃圾_白菜。,图片中的物品属于其他垃圾类别。,0
1152,这是厨余垃圾_白菜。,图片中的物品属于餐厨垃圾类别。,1
1153,这是厨余垃圾_白菜。,图中没有垃圾。,0
1154,这是厨余垃圾_白菜。,图片中的物品属于厨余垃圾。,1
1155,这是厨余垃圾_白菜。,图片中的物品属于厨余垃圾。,1
1156,这是厨余垃圾_白菜。,这张图片里没有明显的垃圾。图片显示的是一个烹饪过程中的锅和食材。,0
1157,这是厨余垃圾_白菜。,这是一道中国传统的菜式，叫做“砂锅豆腐汤”。它是一道非常美味的家常菜，通常使用豆腐、蔬菜和各种肉类作为主要食材，再加入一些调料和香料，通过长时间的炖煮，豆腐和蔬菜会变得非常软烂，汤汁则非常鲜美。,0
1158,这是厨余垃圾_白菜。,这道菜是一碗泡菜肉丸汤。泡菜肉丸汤是一种常见的汤类食品，主要由泡菜和肉丸组成。泡菜是一种发酵食品，含有丰富的维生素和矿物质，而肉丸则是用猪肉和蔬菜制成的。泡菜肉丸汤通常会加入一些蔬菜，如白菜、青椒等，以增加口感和营养。,1
1159,这是厨余垃圾_白菜。,这是一道炒菜，主要食材包括豆腐和白菜。豆腐切成块，白菜切成薄片，然后将豆腐和白菜一起炒至金黄，最后撒上一些盐调味即可。,1
1160,这是厨余垃圾_白菜。,这张图片里的是食物垃圾。食物垃圾包括剩菜剩饭、水果皮、骨头、鱼骨、果壳、菜根、菜叶、茶叶渣、茶渣、包装袋、塑料瓶、塑料袋、包装盒、包装纸、纸屑、纸片、纸盒等。,1
1161,这是厨余垃圾_白菜。,这张图片里有食用肉类和蔬菜，这些都属于厨余垃圾。,1
1162,这是厨余垃圾_白菜。,图片中的物品属于其他垃圾。,0
1163,这是厨余垃圾_白菜。,这是一幅油画，描绘了一颗白菜。以下是对这幅画的分类：  1. **艺术类型**：这是一幅油画，使用了丙烯酸颜料。 2. **画作内容**：这幅画描绘了一颗白菜，以写实的风格表现。 3. **画作主题**：这幅画的主题是表现白菜的形态和质感。 4. **画作技法**：这幅画使用了油画技法，以厚重的色彩和丰富的细节表现白菜的质感。  综上所述，这幅画可以归类为油画，表现白菜，以写实的技法表现白菜的形态和质感。,0
1164,这是厨余垃圾_白菜。,这是一道炒白菜，属于蔬菜类。,1
1165,这是厨余垃圾_白菜。,这是一道凉拌菜，属于凉菜类别。,0
1166,这是厨余垃圾_白菜。,这个垃圾属于“蔬菜”类别。,1
1167,这是厨余垃圾_白菜。,图片中的物品属于其他垃圾类别。,0
1168,这是厨余垃圾_白菜。,图片中的物品属于其他垃圾。,0
1169,这是厨余垃圾_白菜。,这个图片显示的是炒菜的过程，而不是垃圾。请提供一个垃圾的图片，我才能帮助您进行分类。,0
1170,这是厨余垃圾_白菜。,这是一堆切开的白菜。白菜是一种常见的蔬菜，通常用于烹饪或腌制。,1
1171,这是厨余垃圾_白菜。,这张图片里没有垃圾。它展示的是烹饪的场景，具体是油热下入蒜片、葱段和干辣椒。,0
1172,这是厨余垃圾_白菜。,图中的垃圾是切碎的白菜。,1
1173,这是厨余垃圾_白菜。,图片中的物品属于餐厨垃圾。,1
1174,这是厨余垃圾_白菜。,图中的垃圾是一头大白菜。,1
1175,这是厨余垃圾_白菜。,这个垃圾是厨房垃圾。,1
1176,这是厨余垃圾_白菜。,这是一块雕刻精美的象牙艺术品。它被雕刻成一条自然生长的树枝或树干，树枝上有许多细节和图案，如树皮、树枝的纹理、蜗牛和昆虫等。象牙雕刻通常需要极高的技艺和耐心，这表明这件艺术品非常珍贵。象牙雕刻通常用于装饰和艺术品，可以用来装饰家居、办公室或作为收藏品。,0
1177,这是厨余垃圾_白菜。,这个垃圾属于厨房垃圾。,1
1178,这是厨余垃圾_白菜。,这个垃圾是蔬菜。,1
1179,这是厨余垃圾_白菜。,这张图片里的是厨房垃圾。,1
1180,这是厨余垃圾_白萝卜。,图中的垃圾是两个白萝卜。,1
1181,这是厨余垃圾_白萝卜。,图片中的物品属于厨余垃圾。,1
1182,这是厨余垃圾_白萝卜。,这是一根白萝卜。白萝卜是一种常见的蔬菜，通常为白色或浅黄色，口感脆嫩，具有清脆、爽口的口感。白萝卜含有丰富的维生素C和维生素A，还含有纤维素，有助于消化。白萝卜也常用于烹饪，如炖汤、炒菜等。,1
1183,这是厨余垃圾_白萝卜。,这是一种白萝卜。白萝卜是常见的蔬菜之一，具有清脆爽口的口感，常用于凉拌、炒菜、泡菜等多种烹饪方式。,1
1184,这是厨余垃圾_白萝卜。,图片中的物品属于其他垃圾类别。,0
1185,这是厨余垃圾_白萝卜。,这张图片里的是白色蔬菜，可能是萝卜或萝卜丝。,1
1186,这是厨余垃圾_白萝卜。,图片中的物品属于其他垃圾。,0
1187,这是厨余垃圾_白萝卜。,这个垃圾是食物垃圾。,1
1188,这是厨余垃圾_白萝卜。,这个垃圾属于食物垃圾。,1
1189,这是厨余垃圾_白萝卜。,这张图片里是香菇。香菇是一种常见的食用菌，通常用于烹饪。,0
1190,这是厨余垃圾_白萝卜。,图中没有垃圾。,0
1191,这是厨余垃圾_白萝卜。,这张图片里是白色萝卜。,1
1192,这是厨余垃圾_白萝卜。,蔬菜,1
1193,这是厨余垃圾_白萝卜。,图片中的物品属于其他垃圾类别。,0
1194,这是厨余垃圾_白萝卜。,图片中的物品属于可回收垃圾类别。,0
1195,这是厨余垃圾_白萝卜。,这是牙签，也叫牙线。,0
1196,这是厨余垃圾_白萝卜。,这个垃圾是塑料垃圾。,0
1197,这是厨余垃圾_白萝卜。,图片中的物品属于厨余垃圾。,1
1198,这是厨余垃圾_白萝卜。,图中的垃圾是切片的土豆。,0
1199,这是厨余垃圾_白萝卜。,这张图片里有以下垃圾：  1. **盘子**：用来盛放食物的容器。 2. **食物**：看起来像是包子或其他面食。 3. **碗**：用来盛放汤或饮料的容器。  这些垃圾属于**餐厨垃圾**。,0
1200,这是厨余垃圾_白萝卜。,这张图片中的垃圾是纸巾。,0
1201,这是厨余垃圾_白萝卜。,图片中的物品属于厨余垃圾。,1
1202,这是厨余垃圾_白萝卜。,这个垃圾是餐厨垃圾。,1
1203,这是厨余垃圾_白萝卜。,这个垃圾是食物垃圾。,1
1204,这是厨余垃圾_白萝卜。,图中是一些萝卜。,1
1205,这是厨余垃圾_白萝卜。,这张图片里有土豆和胡萝卜，这些属于厨房垃圾。,0
1206,这是厨余垃圾_粉条。,这张图片里是餐厨垃圾。餐厨垃圾是指在家庭和商业活动中产生的食物残渣、剩菜剩饭、废弃食物包装、废弃食用油、废弃茶叶、废弃塑料袋等。,0
1207,这是厨余垃圾_粉条。,这个图片中的食物看起来像是麻辣面条，可能包含辣椒和花椒等调料。这种食物通常被分类为中式快餐或小吃，因为它们通常在餐馆或小吃摊上购买。麻辣面条通常口感麻辣，味道鲜美，适合在炎热的夏天食用。如果你有任何其他问题或需要进一步的帮助，请告诉我！,1
1208,这是厨余垃圾_粉条。,图片中的物品属于厨余垃圾。,1
1209,这是厨余垃圾_粉条。,这个垃圾是餐厨垃圾。,1
1210,这是厨余垃圾_粉条。,这张图片里有编织物，属于其他垃圾。,0
1211,这是厨余垃圾_粉条。,这张图片里的垃圾是塑料垃圾。塑料垃圾通常由塑料制品制成，如塑料袋、塑料瓶、塑料餐具等。它们通常无法降解，对环境造成污染。,0
1212,这是厨余垃圾_粉条。,这个垃圾属于“其他垃圾”。,0
1213,这是厨余垃圾_粉条。,根据图片内容，该物品属于可回收垃圾。,0
1214,这是厨余垃圾_粉条。,这张图片里是塑料垃圾。塑料垃圾通常由聚乙烯（PE）、聚丙烯（PP）和其他聚合物制成。,0
1215,这是厨余垃圾_粉条。,图片中的物品属于餐厨垃圾。,1
1216,这是厨余垃圾_粉条。,图片中的物品属于不可回收垃圾类别。,0
1217,这是厨余垃圾_粉条。,这个垃圾属于食物垃圾。,1
1218,这是厨余垃圾_粉条。,这是一道烹饪菜肴的图片。图片中可以看到锅里有蘑菇和一些其他的食材。蘑菇在烹饪过程中通常会吸收汤汁，这可能是一道汤或炖菜。蘑菇的形状和大小也不相同，有的蘑菇较大，有的蘑菇较小。,0
1219,这是厨余垃圾_粉条。,图片中的物品属于厨余垃圾。,1
1220,这是厨余垃圾_粉条。,这个垃圾应该归为塑料垃圾。,0
1221,这是厨余垃圾_糕点。,这是一块糕点，具体来说是一块紫薯蛋黄酥。这种糕点通常由酥皮包裹着紫薯和蛋黄，口感酥脆，味道甜美。,1
1222,这是厨余垃圾_糕点。,图中没有垃圾。,0
1223,这是厨余垃圾_糕点。,这个垃圾可以归类为垃圾食品或垃圾零食。,0
1224,这是厨余垃圾_糕点。,这个垃圾属于其他垃圾。,0
1225,这是厨余垃圾_糕点。,这个图片展示的是许多小圆面包，它们看起来像是面包或糕点。,1
1226,这是厨余垃圾_糕点。,,0
1227,这是厨余垃圾_糕点。,,0
1228,这是厨余垃圾_糕点。,这张图片展示的是一种中式糕点，具体来说是月饼。月饼通常由外皮和馅料组成，馅料可以是肉馅、蔬菜馅或豆沙馅等。月饼是一种传统的中秋节食品，因其丰富的馅料和多样的口味而受到喜爱。,1
1229,这是厨余垃圾_糕点。,图中的垃圾是咸蛋黄酥。,1
1230,这是厨余垃圾_糕点。,这个垃圾属于食品垃圾。,1
1231,这是厨余垃圾_糕点。,图片中的物品属于其他垃圾。,0
1232,这是厨余垃圾_糕点。,这张图片中的垃圾属于其他垃圾。,0
1233,这是厨余垃圾_糕点。,这张图片中的垃圾属于“食品垃圾”类别。,1
1234,这是厨余垃圾_糕点。,这个垃圾属于厨余垃圾。,1
1235,这是厨余垃圾_糕点。,图片中的物品属于其他垃圾。,0
1236,这是厨余垃圾_糕点。,这张图片里没有垃圾。,0
1237,这是厨余垃圾_糕点。,图片中的物品属于厨余垃圾类别。,1
1238,这是厨余垃圾_糕点。,这个图片是一份糕点，具体来说是蛋黄酥。它是由酥脆的饼皮、软绵的豆沙、Q弹的麻薯和完整的蛋黄组成的。,1
1239,这是厨余垃圾_糕点。,根据图片中的物品无法确定其属于什么垃圾类别。,0
1240,这是厨余垃圾_糕点。,这张图片里的是餐厨垃圾。,1
1241,这是厨余垃圾_糕点。,这张图片里没有垃圾。,0
1242,这是厨余垃圾_糕点。,图片中的物品属于厨余垃圾。,1
1243,这是厨余垃圾_糕点。,这个垃圾属于食品垃圾。,1
1244,这是厨余垃圾_糕点。,这张图片里有食物，可能是糕点。由于图片中的食物没有明显的标志或标签，很难确定其具体分类。根据一般标准，这种食物可能属于垃圾食品或垃圾食品垃圾。,1
1245,这是厨余垃圾_糕点。,这是一张面包的照片。,1
1246,这是厨余垃圾_糕点。,这个图片显示的是一碗橙色的果冻，可能是橙子果冻或类似的甜点。它看起来像是经过加热和糖浆处理后的水果。这种甜点通常是用新鲜水果制作的，然后经过糖浆处理，再通过煮沸或加热的方式使其变甜。  如果你需要对这个垃圾进行分类，通常它会属于以下类别之一：  1. **食物垃圾**：这个甜点是用新鲜水果制成的，符合食物垃圾的分类标准。 2. **厨房垃圾**：如果这个甜点是经过加热和处理的，可能需要分类为厨房垃圾，因为它可能含有油和其他杂质。 3. **垃圾食品**：如果这个甜点是甜食，可能需要分类为垃圾食品。  根据你提供的图片，这个甜点看起来是用新鲜水果制作的，经过加热和糖浆处理，符合食物垃圾的分类标准。,1
1247,这是厨余垃圾_糕点。,这是一张食物的照片，具体来说是一盘月饼。月饼是一种传统的中式糕点，通常在中秋节或某些节日时食用。月饼的制作过程通常包括揉面、发酵、上釉和烘烤等步骤。月饼的口感酥脆，味道香甜，深受人们的喜爱。,1
1248,这是厨余垃圾_糕点。,这个垃圾属于厨房垃圾。,1
1249,这是厨余垃圾_糕点。,这张图片里的是食物垃圾。食物垃圾包括剩余的食物、剩菜剩饭、过期食品、瓜皮果壳等。,1
1250,这是厨余垃圾_糕点。,这是一张食物的照片，具体来说是几个圆形的面包。这些面包的外皮金黄，表面有芝麻。这种面包可能是传统的中式糕点，如蛋黄酥。下面是一些关于这种食物的简要介绍：  - **外观**：圆形，表面有芝麻，金黄色的外皮。 - **成分**：可能含有面粉、油脂、糖、盐等。 - **烹饪**：通常是通过油炸或烘烤的方式制成。  如果你需要更详细的信息，或者有其他问题，请告诉我！,1
1251,这是厨余垃圾_糕点。,图中没有垃圾。,0
1252,这是厨余垃圾_糕点。,图片中的物品属于其他垃圾。,0
1253,这是厨余垃圾_糕点。,图中的垃圾是三块糕点。,1
1254,这是厨余垃圾_糕点。,图片中的物品是食品垃圾，因为它们是已经食用的糕点。,1
1255,这是厨余垃圾_糕点。,图中的垃圾是：榴莲,1
1256,这是厨余垃圾_糕点。,图片中的物品属于其他垃圾。,0
1257,这是厨余垃圾_糕点。,这个垃圾属于厨余垃圾。,1
1258,这是厨余垃圾_糕点。,这个垃圾属于其他垃圾。,0
1259,这是厨余垃圾_糕点。,这是蛋黄酥。蛋黄酥是一种传统的中式点心，通常是用面粉、糖、水和油等材料制成，然后在表面撒上芝麻或黑芝麻，再用蛋黄酱涂抹，最后烤制而成。它通常被作为早餐或下午茶点心食用。,1
1260,这是厨余垃圾_糕点。,图中的垃圾是“月饼”。,1
1261,这是厨余垃圾_糕点。,这张图片里没有明确的垃圾类型。图片显示的是一个烤盘，上面放着一些烤好的东西，可能是烤面包或类似的食品。具体的垃圾类型需要根据图片内容进一步确认。,0
1262,这是厨余垃圾_糕点。,这张图片里的垃圾属于其他垃圾。,0
1263,这是厨余垃圾_糕点。,图片中的物品是烘焙好的月饼，属于食品垃圾。,1
1264,这是厨余垃圾_糕点。,图片中的物品属于其他垃圾。,0
1265,这是厨余垃圾_糕点。,图片中的物品属于其他垃圾。,0
1266,这是厨余垃圾_糕点。,图中的垃圾是烘焙后剩下的面包屑。,1
1267,这是厨余垃圾_糕点。,这个垃圾属于不可回收垃圾。,0
1268,这是厨余垃圾_糕点。,图中的垃圾是面包。,1
1269,这是厨余垃圾_糕点。,图片中的物品属于其他垃圾类别。,0
1270,这是厨余垃圾_糕点。,这张图片里的是月饼。月饼是传统的中秋节食品，通常在中秋节当天食用。,1
1271,这是厨余垃圾_糕点。,这是一个包装上有中文的糕点。图片中有一个托盘，上面放着三个蛋黄酥。托盘前面是一本宣传册，上面有中文的文字。托盘和宣传册的背景是一幅画，画中有建筑物和一些自然景观。托盘上的蛋黄酥看起来很诱人，上面覆盖着一层橙色的糖霜。,1
1272,这是厨余垃圾_糕点。,根据图片内容，这个物品属于其他垃圾类别。,0
1273,这是厨余垃圾_糕点。,这张图片里是食物垃圾。,1
1274,这是厨余垃圾_糕点。,,0
1275,这是厨余垃圾_糕点。,这张图片里有以下垃圾：  1. 红色的量杯，上面有面粉和面粉袋。 2. 蓝色的量杯，上面有糖。 3. 白色的量杯，上面有奶油。 4. 白色的盘子，上面有金黄色的食品。  这些垃圾属于厨房垃圾。,1
1276,这是厨余垃圾_糕点。,这是一张展示三种不同馅料的中式糕点的照片。图片中展示了三个圆形的糕点，每个糕点的表面都撒有芝麻。从照片中可以看出，其中一个糕点的馅料是红色的，可能是红豆或红枣；另一个糕点的馅料是白色的，可能是豆腐脑或蒸蛋；第三个糕点的馅料是黑色的，可能是墨鱼汁或墨鱼汁。这些糕点看起来非常诱人，可能是一些传统中式糕点，比如豆沙包、蛋黄酥或者麻薯。,1
1277,这是厨余垃圾_糕点。,这是一个蛋挞。蛋挞是一种传统的中式甜点，通常是用蛋黄和糖混合的面团制成，然后在烤箱中烘烤。蛋挞的外皮酥脆，内馅通常是蛋黄和糖混合的液体，口感丰富。,1
1278,这是厨余垃圾_糕点。,图片中的物品属于餐厨垃圾类别。,1
1279,这是厨余垃圾_糕点。,图中没有垃圾。,0
1280,这是厨余垃圾_糕点。,这是一个甜点，具体来说，是彩虹卷饼。彩虹卷饼是一种传统的韩国甜点，通常由多种颜色的面团层叠而成，中间夹有奶油或果冻。这种甜点以其独特的色彩和口感而闻名，常用于庆祝节日或派对。,1
1281,这是厨余垃圾_糕点。,这是一张图片，显示了三块面包和两个茶杯。面包上撒有芝麻。背景是一个黑色的表面，可能是桌子或柜台。这个场景可能是一个家庭环境或办公室。,1
1282,这是厨余垃圾_糕点。,图片中的物品属于可回收物类别。,0
1283,这是厨余垃圾_糕点。,根据图片中的物品，它可能属于餐厨垃圾。,1
1284,这是厨余垃圾_糕点。,图中没有垃圾。,0
1285,这是厨余垃圾_糕点。,这是一张关于一款食品的广告图片。图片中有三个部分，分别展示了面粉、揉面和切开后的食物。广告文字写着“整颗大蛋黄”，并提到这是“如此的完整饱满”。此外，还有一段关于产品的文字说明，提到这是“咸蛋是鸭蛋黄 不添加人工色素 口感化沙 膨胀单独添加核桃 口感层次更好”。图片的整体色调是深色，主要颜色是橙色和棕色。,0
1286,这是厨余垃圾_糕点。,图中的垃圾是榴莲蛋糕。,1
1287,这是厨余垃圾_糕点。,这张图片里有食物垃圾。,1
1288,这是厨余垃圾_糕点。,这张图片里包含了一些食物，例如面包和蛋糕。这些食物通常被视为垃圾食品，因为它们通常含有较高的糖分、脂肪和盐分，这些成分可能对健康不利。然而，垃圾食品的分类可能因地区和标准而异。,1
1289,这是厨余垃圾_糕点。,图中没有垃圾。,0
1290,这是厨余垃圾_糕点。,图中的垃圾是月饼。,1
1291,这是厨余垃圾_糕点。,这张图片里有面包、巧克力、坚果和茶。这些垃圾属于餐厨垃圾。,1
1292,这是厨余垃圾_糕点。,这是一张展示传统中式糕点的照片。照片中有很多小圆饼，上面撒有芝麻。这种糕点通常被称为“豆沙饼”或“芝麻糖饼”。它们通常被作为早餐或甜点食用。,1
1293,这是厨余垃圾_糕点。,这是一张展示月饼的图片。图片中有两个月饼，一个月饼是橙色的，另一个月饼是棕色的。月饼的包装是透明的塑料袋，袋子里装着月饼。背景是一张棕色的桌布，桌布上有花纹。,1
1294,这是厨余垃圾_糕点。,这张图片里没有明显的垃圾。,0
1295,这是厨余垃圾_糕点。,图片中的物品属于其他垃圾类别。,0
1296,这是厨余垃圾_糕点。,这张图片里有月饼。月饼是中秋节的传统食品，通常在中秋节期间食用。月饼通常由面团、馅料和糖霜等成分组成，通常含有多种口味，适合多种人食用。,1
1297,这是厨余垃圾_糕点。,这个图片中的食物看起来像是一个煎饼，里面有一个馅料，可能是巧克力和鸡蛋。这个煎饼看起来有些硬，可能是因为没有烤熟。,1
1298,这是厨余垃圾_糕点。,这个垃圾属于厨房垃圾。,1
1299,这是厨余垃圾_糕点。,图中的垃圾是巧克力。,1
1300,这是厨余垃圾_糕点。,这个垃圾属于厨余垃圾。,1
1301,这是厨余垃圾_糕点。,这是一份杏仁酥。杏仁酥是一种常见的中式点心，通常由面粉、糖和黄油制成，然后经过烤制或油炸，然后切成圆形或方形，然后在表面撒上杏仁粉，最后在表面涂上一层糖霜或糖浆。杏仁酥通常内含坚果，口感酥脆，味道甜香。,1
1302,这是厨余垃圾_糕点。,这是一块巧克力和南瓜口味的糕点。看起来像是一个酥皮糕点，里面有巧克力和南瓜。,1
1303,这是厨余垃圾_糕点。,这是一个烤盘，上面放着几个圆饼。这些圆饼看起来像是用蛋黄酱或其他酱料装饰的。这些饼通常被称为蛋黄酥或蛋黄派。它们通常会放在烤盘上，因为它们可能会变得很硬和干燥。,1
1304,这是厨余垃圾_糕点。,图中的垃圾是月饼。,1
1305,这是厨余垃圾_糕点。,这个垃圾属于厨房垃圾。,1
1306,这是厨余垃圾_糕点。,根据图中的描述，物品属于其他垃圾类别。,0
1307,这是厨余垃圾_糕点。,图中的垃圾是“紫薯蛋黄酥”。,1
1308,这是厨余垃圾_糕点。,图中没有垃圾。,0
1309,这是厨余垃圾_糕点。,图片中的物品属于其他垃圾。,0
1310,这是厨余垃圾_糕点。,图片中的物品属于其他垃圾类别。,0
1311,这是厨余垃圾_糕点。,这张图片里是烘焙食品垃圾，包括面包、蛋糕等。,1
1312,这是厨余垃圾_糕点。,这个垃圾属于食品垃圾。,1
1313,这是厨余垃圾_糕点。,这是一个篮子装的中式糕点。图片中的糕点看起来像是传统的中式糕点，可能是月饼或其他传统糕点。,1
1314,这是厨余垃圾_糕点。,图片中的物品属于可回收物。,0
1315,这是厨余垃圾_糕点。,图片中的物品属于其他垃圾。,0
1316,这是厨余垃圾_糕点。,这张图片里是食物垃圾。,1
1317,这是厨余垃圾_糕点。,图中没有垃圾。,0
1318,这是厨余垃圾_糕点。,根据图片，图片中的物品属于其他垃圾类别。,0
1319,这是厨余垃圾_糕点。,这张图片里的食物是糕点，属于食物垃圾。,1
1320,这是厨余垃圾_糕点。,图片中的物品属于厨余垃圾。,1
1321,这是厨余垃圾_糕点。,根据图片中的描述，这个物品属于其他垃圾。,0
1322,这是厨余垃圾_糕点。,图片中的物品属于其他垃圾。,0
1323,这是厨余垃圾_糕点。,这张图片里是食品垃圾。,1
1324,这是厨余垃圾_糕点。,图片中的物品属于其他垃圾。,0
1325,这是厨余垃圾_糕点。,图中没有垃圾。,0
1326,这是厨余垃圾_糕点。,这个垃圾是食物垃圾。,1
1327,这是厨余垃圾_糕点。,图中没有垃圾。,0
1328,这是厨余垃圾_糕点。,这张图片里是食物垃圾。,1
1329,这是厨余垃圾_糕点。,这个垃圾属于食物垃圾。,1
1330,这是厨余垃圾_糕点。,图中的垃圾是两个面包。,1
1331,这是厨余垃圾_糕点。,这个图片展示的是十个松脆的糕点，看起来是用面团制作而成的。它们被放在一个烤盘上，上面撒有一些芝麻。这种糕点通常被称为月饼或其他类似的中式糕点。  由于它们看起来是用面团制作的，且表面呈金黄色，这可能意味着它们是用传统的中式面点方法制作的。面团的制作过程可能包括发酵、揉捏、擀面和烘烤等步骤。  总的来说，这些糕点看起来非常美味，适合作为节日食品或家庭聚会的甜点。它们可能包含丰富的馅料，如豆沙、花生或果仁等。,1
1332,这是厨余垃圾_糕点。,图片中的物品属于厨余垃圾。,1
1333,这是厨余垃圾_糕点。,这张图片中的垃圾是食物垃圾。,1
1334,这是厨余垃圾_糕点。,图中的垃圾是橙色的球状物体。,0
1335,这是厨余垃圾_糕点。,图中的垃圾是“橘子饼”。,1
1336,这是厨余垃圾_糕点。,这个垃圾应该属于其他垃圾。,0
1337,这是厨余垃圾_糕点。,图中没有垃圾。,0
1338,这是厨余垃圾_糕点。,图片中的物品属于其他垃圾类别。,0
1339,这是厨余垃圾_糕点。,图中没有垃圾。,0
1340,这是厨余垃圾_糕点。,这是一张展示了几种烘焙食品的照片。图片中有两个面包，一个是半切开的，里面有果酱，另一个是全麦的。此外，还有面包片、面包卷和一个切片的面包。这些面包看起来非常美味，可能适合作为早餐或下午茶。,1
1341,这是厨余垃圾_糕点。,图片中的物品属于可回收物。,0
1342,这是厨余垃圾_糕点。,图片中的物品属于其他垃圾类别。,0
1343,这是厨余垃圾_糕点。,这个垃圾属于可回收垃圾。,0
1344,这是厨余垃圾_糕点。,这是一个烤肉，看起来像是用烤肉的形式烤制而成。,0
1345,这是厨余垃圾_糕点。,这是中国传统的糕点，叫做“豆沙月饼”。豆沙月饼是用绿豆沙馅包裹在月饼皮中，皮色金黄，口感酥脆，是中秋节期间的传统美食。,1
1346,这是厨余垃圾_糕点。,这张图片里没有垃圾。,0
1347,这是厨余垃圾_糕点。,这张图片里的垃圾是餐后食物残渣，应该属于厨余垃圾。,1
1348,这是厨余垃圾_糕点。,这是一个食物图片，图片中有六个形状类似洋葱的圆形食物。每个食物都是一个绿色和一个紫色的组合。这些食物看起来像是某种烘焙食品，可能是用绿色和紫色的食材制作的。,1
1349,这是厨余垃圾_糕点。,图片中的物品属于其他垃圾类别。,0
1350,这是厨余垃圾_糕点。,这张图片里的垃圾属于餐厨垃圾。,1
1351,这是厨余垃圾_糕点。,图中的垃圾是面包。,1
1352,这是厨余垃圾_糕点。,这张图片里是餐盒，属于厨余垃圾。,0
1353,这是厨余垃圾_糕点。,这是一张展示了一款月饼的照片。月饼通常是由面团制成，外皮通常是酥脆的，馅料通常有丰富的口味，有时还会有甜、咸或混合的味道。月饼在许多国家和地区都非常受欢迎，特别是在中秋节等特殊节日。月饼通常会在月饼盒子里包装好，然后用锡纸或其他材料包裹起来，以防止月饼在运输和储存过程中变质。,1
1354,这是厨余垃圾_糕点。,这是一份蛋黄酥的礼盒。蛋黄酥是一种传统的中式点心，通常是用面粉、糖和鸡蛋等材料制成，然后经过发酵和烘烤制成。礼盒里有三块蛋黄酥，包装上写着“轩妈蛋黄酥”。,1
1355,这是厨余垃圾_糕点。,根据图中的描述，物品属于其他垃圾。,0
1356,这是厨余垃圾_糕点。,图中的垃圾是香芋红豆蛋黄酥。,1
1357,这是厨余垃圾_糕点。,这张图片里是可回收垃圾。,0
1358,这是厨余垃圾_糕点。,图片中的物品属于其他垃圾。,0
1359,这是厨余垃圾_糕点。,这张图片里没有垃圾。,0
1360,这是厨余垃圾_糕点。,,0
1361,这是厨余垃圾_糕点。,这个垃圾属于可回收垃圾。,0
1362,这是厨余垃圾_糕点。,这个垃圾是可回收物。,0
1363,这是厨余垃圾_糕点。,图中没有垃圾，图中展示的是各种黄色和黄色系的物品。,0
1364,这是厨余垃圾_糕点。,图片中的物品属于其他垃圾类别。,0
1365,这是厨余垃圾_糕点。,这是一个图片，显示了几块烘焙食品，可能是饼干或面包。这些食品看起来是用面团制作的，表面有芝麻或种子装饰。它们被放在一个烤架上，烤架放在一个光滑的表面上。,1
1366,这是厨余垃圾_糕点。,这张图片里没有垃圾。,0
1367,这是厨余垃圾_糕点。,图中没有垃圾，只有包装盒。,0
1368,这是厨余垃圾_糕点。,图中的垃圾是烤盘上的面包。,1
1369,这是厨余垃圾_糕点。,这张图片里是一堆糕点。,1
1370,这是厨余垃圾_糕点。,这张图片中的垃圾是零食。,1
1371,这是厨余垃圾_糕点。,图片中的物品属于其他垃圾类别。,0
1372,这是厨余垃圾_糕点。,这张图片里的是食物垃圾。,1
1373,这是厨余垃圾_糕点。,图片中的物品属于餐厨垃圾。,1
1374,这是厨余垃圾_糕点。,这张图片里的是月饼。月饼是中秋节的传统食品，通常在中秋节前后食用。月饼的形状多样，通常以圆球为主，表面有各种馅料，如豆沙、芝麻、葡萄干等。,1
1375,这是厨余垃圾_糕点。,图中的垃圾是：蛋黄酥,1
1376,这是厨余垃圾_糕点。,图中的垃圾是食品包装盒。,0
1377,这是厨余垃圾_糕点。,图中的垃圾是面包和黄油。,1
1378,这是厨余垃圾_糕点。,图片中的物品属于其他垃圾类别。,0
1379,这是厨余垃圾_糕点。,这张图片里没有垃圾。,0
1380,这是厨余垃圾_糕点。,这是三颗蛋黄酥。,1
1381,这是厨余垃圾_糕点。,这是一个手捏的巧克力球。它是由巧克力和面粉混合而成，外皮是用面团制成的。这个图片可能来自一个甜点或糕点的制作过程。,1
1382,这是厨余垃圾_糕点。,这个垃圾属于厨房垃圾。,1
1383,这是厨余垃圾_糕点。,图中的垃圾是两块紫薯蛋糕。,1
1384,这是厨余垃圾_糕点。,这是一张展示月饼的图片。图片中展示了几块月饼，每个月饼都用透明的盖子盖着，盖子的顶部有一个小孔，可以透出月饼的颜色。月饼的底部有芝麻点缀，整体看起来非常诱人。月饼放在一个木制的托盘上，托盘上还有一块麻布，背景是木质的桌面。,1
1385,这是厨余垃圾_糕点。,图片中的物品属于其他垃圾。,0
1386,这是厨余垃圾_红豆。,图片中的物品属于不可回收垃圾类别。,0
1387,这是厨余垃圾_红豆。,这个垃圾属于厨余垃圾。,1
1388,这是厨余垃圾_红豆。,这个垃圾是一堆豆子。,1
1389,这是厨余垃圾_肠(火腿)。,这是金雨树，也叫金花风车树，是一种热带和亚热带的落叶乔木，花朵呈金黄色，树干细长，树皮光滑，树冠呈伞形。金雨树的花朵非常美丽，常常作为观赏植物种植在花园或公园中。,0
1390,这是厨余垃圾_肠(火腿)。,这是一道美食，看起来像是用卷心菜和一些食材包裹在一起，然后蒸熟的菜肴。具体来说，这道菜可能是用卷心菜叶包裹各种食材（如蔬菜、肉类或海鲜）然后蒸熟，最后撒上辣椒和其他调料。这样的做法可以保持卷心菜的脆嫩口感，同时增加了菜肴的层次和风味。,0
1391,这是厨余垃圾_肠(火腿)。,这是香肠。,1
1392,这是厨余垃圾_肠(火腿)。,这个垃圾是干菜。,0
1393,这是厨余垃圾_肠(火腿)。,这张图片中的垃圾是油炸食品。,0
1394,这是厨余垃圾_肠(火腿)。,图片中的物品属于厨余垃圾类别。,1
1395,这是厨余垃圾_肠(火腿)。,图中的垃圾是火锅。,0
1396,这是厨余垃圾_肠(火腿)。,根据图片内容，这个菜盘属于其他垃圾类别。,0
1397,这是厨余垃圾_肠(火腿)。,这张图片里的食物是腊肠。腊肠是一种传统的肉类加工食品，通常由猪肉或鸡肉制成，然后经过腌制和烘烤或熏制等处理，使其呈现出鲜艳的红色。腊肠可以作为主菜或配菜，常用于火锅或烧烤等菜肴中。,1
1398,这是厨余垃圾_肠(火腿)。,这张图片里没有垃圾。它是一张两只棕色的小狗的图片。,0
1399,这是厨余垃圾_肠(火腿)。,这张图片里的是可回收垃圾。,0
1400,这是厨余垃圾_肠(火腿)。,这是一堆胡萝卜。胡萝卜是一种常见的蔬菜，以其橙色的外皮和脆嫩的口感而闻名。它们富含维生素A和纤维，对健康有益。,0
1401,这是厨余垃圾_肠(火腿)。,这张图片里的是红肠，这是一种肉类零食，通常用于烧烤或作为小吃食用。红肠属于肉类垃圾。,1
1402,这是厨余垃圾_肠(火腿)。,这张图片里有干香肠和切片的香肠。,1
1403,这是厨余垃圾_肠(火腿)。,这个垃圾属于厨余垃圾。,1
1404,这是厨余垃圾_肠(火腿)。,图片中的物品属于厨余垃圾。,1
1405,这是厨余垃圾_肠(火腿)。,图中的垃圾是香肠。,1
1406,这是厨余垃圾_肠(火腿)。,这个垃圾属于蔬菜类。,0
1407,这是厨余垃圾_肠(火腿)。,图中的垃圾是红动中国,0
1408,这是厨余垃圾_肠(火腿)。,这张图片里的垃圾是可回收垃圾。,0
1409,这是厨余垃圾_肠(火腿)。,图中的垃圾是芹菜。,0
1410,这是厨余垃圾_肠(火腿)。,图中的垃圾是秋冬缘QIUDONGYUAN，它是一盘红糖葫芦。,0
1411,这是厨余垃圾_肠(火腿)。,图片中的物品属于餐厨垃圾。,1
1412,这是厨余垃圾_肠(火腿)。,图片中的物品属于厨余垃圾类别。,1
1413,这是厨余垃圾_肠(火腿)。,这张图片里的是肉类垃圾。,1
1414,这是厨余垃圾_肠(火腿)。,图中的垃圾是腊肠。,1
1415,这是厨余垃圾_肠(火腿)。,这个垃圾属于可回收垃圾。,0
1416,这是厨余垃圾_肠(火腿)。,这是一盘切片的香肠。香肠是用猪肉或牛肉等食材制成的，通常用于烹饪或作为小吃。图片中的香肠上还点缀了一些香菜叶，增添了风味。,1
1417,这是厨余垃圾_肠(火腿)。,这是一排挂着的香肠。香肠是用猪肉或其他肉类制成的，通常用于烹饪或烧烤。,1
1418,这是厨余垃圾_肠(火腿)。,这张图片里是食物垃圾。,1
1419,这是厨余垃圾_肠(火腿)。,图片中的物品属于厨余垃圾。,1
1420,这是厨余垃圾_肠(火腿)。,这个垃圾属于厨房垃圾。,1
1421,这是厨余垃圾_肠(火腿)。,这个垃圾是废弃的香肠。,1
1422,这是厨余垃圾_肠(火腿)。,这道菜看起来是一道海鲜，可能是清蒸或蒸煮的鱼，上面撒上了调料和蔬菜。以下是一些可能的分类：  1. **海鲜菜肴**：包括鱼、虾、蟹等。 2. **中式菜肴**：包括清蒸、蒸煮等烹饪方法。 3. **蔬菜**：包括蔬菜（如土豆、辣椒等）。  具体分类还需要更多的信息和上下文，但以上分类应该可以帮助你更好地理解这道菜的来源和烹饪方法。,0
1423,这是厨余垃圾_肠(火腿)。,图中的垃圾是香肠和蔬菜。,1
1424,这是厨余垃圾_肠(火腿)。,根据图片描述，图片中的物品属于有害垃圾。,0
1425,这是厨余垃圾_肠(火腿)。,这张图片里是肉类垃圾。,1
1426,这是厨余垃圾_肠(火腿)。,,0
1427,这是厨余垃圾_肠(火腿)。,根据图中的描述，图片中的物品属于其他垃圾。,0
1428,这是厨余垃圾_肠(火腿)。,,0
1429,这是厨余垃圾_肠(火腿)。,图中的垃圾是红色的果脯。,0
1430,这是厨余垃圾_肠(火腿)。,图中的垃圾是：烟蒂,0
1431,这是厨余垃圾_肠(火腿)。,图片中的物品属于食物垃圾。,1
1432,这是厨余垃圾_肠(火腿)。,这是火锅里的香辣牛肉棒，通常是用猪肉和牛肉混合加工成的，口感麻辣，是火锅里常见的配菜之一。,0
1433,这是厨余垃圾_肠(火腿)。,这个垃圾是食物垃圾。,1
1434,这是厨余垃圾_肠(火腿)。,,0
1435,这是厨余垃圾_肠(火腿)。,图中没有垃圾。,0
1436,这是厨余垃圾_肠(火腿)。,图片中的物品属于餐厨垃圾类别。,1
1437,这是厨余垃圾_肠(火腿)。,这是意大利腊肠（意大利香肠）切片。意大利腊肠是一种常见的肉类食品，通常用于制作各种菜肴。它具有丰富的味道和独特的口感，深受许多人的喜爱。,1
1438,这是厨余垃圾_肠(火腿)。,这是香肠。香肠是一种用猪肉、牛肉或鸡肉等制成的食品，通常在煮熟后切成小段或切片，然后用盐、糖或其他调味料腌制后挂起来晾干。香肠是许多国家的常见食品，尤其是在欧洲和美国。,1
1439,这是厨余垃圾_肠(火腿)。,这张图片里的是干制蔬菜，可能属于其他垃圾。,0
1440,这是厨余垃圾_肠(火腿)。,这是一碗汤，里面有虾仁、玉米和一些蔬菜。汤是用白色的碗盛着的。旁边还有一把白色的勺子和一个篮子，篮子里装有一些红辣椒。,0
1441,这是厨余垃圾_肠(火腿)。,图片中的物品属于餐厨垃圾。,1
1442,这是厨余垃圾_肠(火腿)。,这是一张食物的照片，不属于垃圾。,0
1443,这是厨余垃圾_肠(火腿)。,这个垃圾属于食物垃圾。,1
1444,这是厨余垃圾_肠(火腿)。,这是一个装有香肠的盘子。香肠通常是用猪肠、牛肉肠或其他肉类制成的。香肠通常在盘子里用绳子或丝带系起来，以便在食用时方便取用。香肠通常与番茄酱、芥末等酱料搭配食用。,1
1445,这是厨余垃圾_肠(火腿)。,图中没有垃圾。,0
1446,这是厨余垃圾_肠(火腿)。,,0
1447,这是厨余垃圾_肠(火腿)。,垃圾,0
1448,这是厨余垃圾_肠(火腿)。,图中的垃圾是腊肠。,1
1449,这是厨余垃圾_肠(火腿)。,图中的垃圾是红色的。,0
1450,这是厨余垃圾_肠(火腿)。,这张图片里的是香肠。,1
1451,这是厨余垃圾_肠(火腿)。,根据图片描述，这是一串挂起来的香肠，不属于有害垃圾，也不属于可回收垃圾。,1
1452,这是厨余垃圾_肠(火腿)。,这是一道菜，具体来说是一道炒菜。图片中有香肠、花椰菜和鸡蛋花。香肠是红褐色的，花椰菜和鸡蛋花是绿色的。整体看起来非常美味。,1
1453,这是厨余垃圾_肠(火腿)。,这张图片里是香肠。香肠属于食品垃圾。,1
1454,这是厨余垃圾_肠(火腿)。,图片中的物品属于其他垃圾。,0
1455,这是厨余垃圾_肠(火腿)。,这是一张食品包装图片，包装上显示的是“正宗·四川麻辣香肠”，并强调了“柴火烟熏”和“地道川味”。这与垃圾的分类无关，因此不需要进行垃圾分类。,0
1456,这是厨余垃圾_肠(火腿)。,这个垃圾属于厨余垃圾。,1
1457,这是厨余垃圾_肠(火腿)。,这是一道以红辣椒、青辣椒、蒜瓣、盐、糖、鸡精、生抽、料酒、淀粉、水、香油等材料制作而成的菜品。具体做法如下：  1. 红辣椒和青辣椒切成段，蒜瓣切成片。 2. 锅中加入适量的油，放入蒜瓣炒香，再放入辣椒段和青辣椒，炒至辣椒变软。 3. 加入适量的盐、糖、鸡精、生抽、料酒、淀粉和水，继续炒至汤汁浓稠。 4. 最后加入香油，即可出锅。  这道菜口感麻辣，色泽鲜亮，是一道非常受欢迎的家常菜。,0
1458,这是厨余垃圾_肠(火腿)。,图中的垃圾是腊肠。,1
1459,这是厨余垃圾_肠(火腿)。,这张图片中的垃圾属于厨房垃圾。,1
1460,这是厨余垃圾_肠(火腿)。,这个垃圾属于食物垃圾。,1
1461,这是厨余垃圾_肠(火腿)。,图片中的物品属于可回收垃圾类别。,0
1462,这是厨余垃圾_肠(火腿)。,根据图中的描述，图片中的物品是“腊肠”，因此属于“厨余垃圾”类别。,1
1463,这是厨余垃圾_肠(火腿)。,这张图片里的是厨余垃圾。,1
1464,这是厨余垃圾_肠(火腿)。,这是一锅砂锅菜，里面装满了各种蔬菜和肉类，表面撒有姜片。,0
1465,这是厨余垃圾_肠(火腿)。,图中没有垃圾。,0
1466,这是厨余垃圾_肠(火腿)。,这张图片里的是零食垃圾。,0
1467,这是厨余垃圾_肠(火腿)。,这是腊肠。,1
1468,这是厨余垃圾_肠(火腿)。,图片中的物品属于餐厨垃圾。,1
1469,这是厨余垃圾_肠(火腿)。,图片中的物品是香肠，属于可回收垃圾。,0
1470,这是厨余垃圾_肠(火腿)。,这个图片中的食物是一种炒菜，属于“烹饪”类别。,0
1471,这是厨余垃圾_肠(火腿)。,这个垃圾属于厨余垃圾。,1
1472,这是厨余垃圾_肠(火腿)。,这张图片里没有明显的垃圾，只有一块食物。,1
1473,这是厨余垃圾_肠(火腿)。,图中的垃圾是青椒。,0
1474,这是厨余垃圾_肠(火腿)。,图中的垃圾是切片的香肠和西红柿。,1
1475,这是厨余垃圾_肠(火腿)。,图中的垃圾是一盘食物，而不是垃圾。,0
1476,这是厨余垃圾_肠(火腿)。,图片中的物品属于有害垃圾。,0
1477,这是厨余垃圾_肠(火腿)。,图片中的物品属于厨余垃圾类别。,1
1478,这是厨余垃圾_肠(火腿)。,这个垃圾属于厨余垃圾。,1
1479,这是厨余垃圾_肠(火腿)。,,0
1480,这是厨余垃圾_肠(火腿)。,这是一种名为“肉夹馍”的食物。肉夹馍是一种传统的陕西美食，由烤好的馍片包裹着各种各样的肉类，如腊汁肉、灌汤肉、豆汁肉等。肉夹馍通常会配以辣味的酱汁，口感丰富，深受人们喜爱。,0
1481,这是厨余垃圾_肠(火腿)。,这张图片里是餐厨垃圾。,1
1482,这是厨余垃圾_肠(火腿)。,图中的垃圾是煎好的腊肠。,1
1483,这是厨余垃圾_肠(火腿)。,这张图片里有辣椒，属于厨房垃圾。,0
1484,这是厨余垃圾_肠(火腿)。,图片中的物品属于餐厨垃圾。,1
1485,这是厨余垃圾_肠(火腿)。,这是一张显示一个人正在晾晒腊肠的照片。腊肠是用猪的肠子制成的传统食品，通常在冬季晒干后食用。,0
1486,这是厨余垃圾_肠(火腿)。,图中的垃圾是塑料。,0
1487,这是厨余垃圾_肠(火腿)。,这个垃圾是塑料。,0
1488,这是厨余垃圾_肠(火腿)。,这张图片里没有明确表示是什么垃圾。,0
1489,这是厨余垃圾_肠(火腿)。,这是一道菜肴，具体来说是一道清蒸鱼片。鱼片经过清蒸处理，配以葱花和辣椒，看起来非常美味。,0
1490,这是厨余垃圾_肠(火腿)。,这个垃圾属于不可回收垃圾。,0
1491,这是厨余垃圾_肠(火腿)。,这个垃圾属于“食物垃圾”。,1
1492,这是厨余垃圾_肠(火腿)。,图片中的物品是香肠，属于厨余垃圾。,1
1493,这是厨余垃圾_肠(火腿)。,这张图片里的是烧烤。烧烤通常被认为是垃圾食品，因为它含有过多的脂肪、糖和盐。然而，这并不一定适用于所有类型的烧烤，有些烧烤可能会被标记为“健康”或“营养”食品。,0
1494,这是厨余垃圾_肠(火腿)。,这是香肠，也叫腊肠。香肠是一种常见的肉类加工食品，通常由猪、牛肉、鸡肉或其他肉类制成，经过腌制、干燥或烟熏等加工过程，以增加风味和保存时间。香肠可以用于多种烹饪方法，包括烧烤、烘烤、煮汤或直接食用。,1
1495,这是厨余垃圾_肠(火腿)。,图片中的物品属于厨余垃圾类别。,1
1496,这是厨余垃圾_肠(火腿)。,这个垃圾是塑料包装袋。,0
1497,这是厨余垃圾_肠(火腿)。,根据图片内容，这个物品属于食品垃圾。,1
1498,这是厨余垃圾_肠(火腿)。,这是一盘熏鸭。熏鸭是一种常见的中式美食，通常是在鸭子腌制后，通过烟熏的方式制作而成。它通常味道浓郁，色泽红润，是一种常见的传统美食。,0
1499,这是厨余垃圾_胡萝卜。,这张图片里有胡萝卜和生姜，它们都是厨房垃圾。,1
1500,这是厨余垃圾_胡萝卜。,这张图片里没有可见的垃圾。,0
1501,这是厨余垃圾_胡萝卜。,图中的垃圾是切好的胡萝卜和切碎的葱。,1
1502,这是厨余垃圾_胡萝卜。,这张图片里的垃圾是塑料。塑料属于可回收垃圾。,0
1503,这是厨余垃圾_胡萝卜。,这是一根胡萝卜。胡萝卜是一种常见的蔬菜，通常呈长条形，表面有明显的条纹和斑点。它们是健康的饮食选择，富含维生素和纤维。,1
1504,这是厨余垃圾_胡萝卜。,图中的垃圾是胡萝卜。,1
1505,这是厨余垃圾_胡萝卜。,这个垃圾属于厨房垃圾。,1
1506,这是厨余垃圾_胡萝卜。,图片中的物品属于其他垃圾。,0
1507,这是厨余垃圾_胡萝卜。,图中的垃圾是胡萝卜。,1
1508,这是厨余垃圾_胡萝卜。,图片中的物品属于其他垃圾。,0
1509,这是厨余垃圾_胡萝卜。,图中的垃圾是一束胡萝卜。,1
1510,这是厨余垃圾_胡萝卜。,这是一个装有橙色块状物的白色碗。由于橙色块状物看起来像是南瓜或南瓜块，所以这个碗可能装的是南瓜。,0
1511,这是厨余垃圾_胡萝卜。,,1
1512,这是厨余垃圾_胡萝卜。,蔬菜,1
1513,这是厨余垃圾_胡萝卜。,图中的垃圾是玉米。,0
1514,这是厨余垃圾_花生皮。,这个垃圾属于厨余垃圾。,1
1515,这是厨余垃圾_花生皮。,这个垃圾属于厨余垃圾。,1
1516,这是厨余垃圾_花生皮。,图中的垃圾是干果类的，具体是板栗。,0
1517,这是厨余垃圾_花生皮。,图片中的物品属于厨余垃圾类别。,1
1518,这是厨余垃圾_花生皮。,图中的垃圾是干树叶。,0
1519,这是厨余垃圾_花生皮。,图中的垃圾是花生壳。,1
1520,这是厨余垃圾_花生皮。,图中的垃圾是干辣椒。,0
1521,这是厨余垃圾_花生皮。,图片中的物品属于其他垃圾类别。,0
1522,这是厨余垃圾_苹果。,图片中的物品属于厨余垃圾类别。,1
1523,这是厨余垃圾_苹果。,图片中的物品属于厨余垃圾类别。,1
1524,这是厨余垃圾_苹果。,这张图片里没有垃圾，是一棵苹果树上的苹果。,0
1525,这是厨余垃圾_苹果。,图中的垃圾是一篮苹果。,1
1526,这是厨余垃圾_苹果。,图中的垃圾是树枝上的红苹果。,1
1527,这是厨余垃圾_苹果。,图中没有垃圾。,0
1528,这是厨余垃圾_苹果。,这个图片中的垃圾是苹果。,1
1529,这是厨余垃圾_茶叶。,这个垃圾是茶叶。,1
1530,这是厨余垃圾_茶叶。,图片中的物品属于其他垃圾类别。,0
1531,这是厨余垃圾_茶叶。,这是一张绿茶叶子的照片。绿茶叶子是一种常见的茶叶，通常用于制作绿茶。,1
1532,这是厨余垃圾_茶叶。,这张图片里是茶叶，不是垃圾。,0
1533,这是厨余垃圾_茶叶。,图片中的物品属于可回收垃圾类别。,0
1534,这是厨余垃圾_茶叶。,这是一碗绿茶。绿茶是一种以茶树上的鲜叶为原料制作的饮品，具有独特的香气和口感。通常绿茶会被冲泡后饮用，也可以直接饮用。,1
1535,这是厨余垃圾_茶叶。,图片中的物品属于厨余垃圾类别。,1
1536,这是厨余垃圾_茶叶。,这是一罐柠檬片茶，包装上写着“新鲜柠檬”和“柠檬片”。,1
1537,这是厨余垃圾_草莓。,图片中的物品属于其他垃圾。,0
1538,这是厨余垃圾_草莓。,这个垃圾不是垃圾，而是草莓。,1
1539,这是厨余垃圾_草莓。,根据图片中的描述，该物品属于其他垃圾。,0
1540,这是厨余垃圾_草莓。,这张图片里的是草莓。草莓是一种常见的水果，通常在夏季成熟。,1
1541,这是厨余垃圾_草莓。,图中没有垃圾。,0
1542,这是厨余垃圾_草莓。,这个垃圾应该归类为其他垃圾。,0
1543,这是厨余垃圾_草莓。,这张图片里是草莓。草莓是一种常见的水果，通常在夏季食用。,1
1544,这是厨余垃圾_草莓。,这是草莓。草莓是一种多汁的水果，通常呈圆形或椭圆形，表面光滑或有绒毛，味道甜美。它们通常在夏季成熟。,1
1545,这是厨余垃圾_草莓。,这张图片里没有垃圾。,0
1546,这是厨余垃圾_草莓。,图片中的物品属于其他垃圾类别。,0
1547,这是厨余垃圾_草莓。,图中的垃圾是草莓。,1
1548,这是厨余垃圾_草莓。,图片中的物品属于可回收垃圾。,0
1549,这是厨余垃圾_草莓。,这张图片里没有垃圾。,0
1550,这是厨余垃圾_草莓。,这张图片中的垃圾是草莓。,1
1551,这是厨余垃圾_草莓。,这是一盒草莓。草莓是一种常见的水果，通常以红褐色或橙色的果肉和绿色的叶子为特征。,1
1552,这是厨余垃圾_草莓。,图中没有垃圾。,0
1553,这是厨余垃圾_草莓。,图中没有垃圾。,0
1554,这是厨余垃圾_草莓。,这张图片里没有明显的垃圾。,0
1555,这是厨余垃圾_草莓。,图片中的物品属于其他垃圾类别。,0
1556,这是厨余垃圾_草莓。,这个图片中的水果是草莓，属于水果类垃圾。草莓是一种红色的水果，通常用于制作甜点或作为新鲜水果食用。,1
1557,这是厨余垃圾_草莓。,这张图片里没有明确表示是什么垃圾。它可能是一张展示草莓的图片。,1
1558,这是厨余垃圾_草莓。,这张图片里是塑料垃圾。塑料垃圾是指由塑料材料制成的废弃物，包括塑料瓶、塑料袋、塑料袋等。它们通常被丢弃在垃圾中，对环境造成污染。,0
1559,这是厨余垃圾_草莓。,这张图片里有一颗草莓。草莓是一种常见的水果，通常由红色或紫色的果实组成，果肉鲜红多汁，味道甜美。草莓通常与蓝莓和黑莓等其他浆果一起食用。,1
1560,这是厨余垃圾_草莓。,图片中的物品属于厨余垃圾。,1
1561,这是厨余垃圾_草莓。,这是一个放在桌上的甜点，上面有奶油和水果。,0
1562,这是厨余垃圾_草莓。,这张图片里没有提到垃圾，而是展示了草莓、西瓜和草莓片的卡通插图。,1
1563,这是厨余垃圾_荷包蛋。,这是一张煎蛋的照片。煎蛋通常是用平底锅煎制的，煎蛋的表面会有一些气泡。煎蛋通常是用平底锅煎制的，煎蛋的表面会有一些气泡。,1
1564,这是厨余垃圾_荷包蛋。,这张图片里的是食物垃圾。,1
1565,这是厨余垃圾_荷包蛋。,,0
1566,这是厨余垃圾_荷包蛋。,这是一张煎蛋的照片。煎蛋通常是由鸡蛋在平底锅上煎熟而成，表面呈现出圆形或椭圆形。煎蛋上通常会有蛋黄和蛋黄周围的白色蛋壳。煎蛋通常作为早餐或其他餐点的一部分。,1
1567,这是厨余垃圾_荷包蛋。,图中的垃圾是沙拉叶。,0
1568,这是厨余垃圾_荷包蛋。,图片中的物品属于其他垃圾。,0
1569,这是厨余垃圾_荷包蛋。,这张图片里的是餐厨垃圾。餐厨垃圾是指在家庭、单位和餐饮业等餐饮过程中产生的食物残渣、废弃食用油脂和过期食品。,1
1570,这是厨余垃圾_菠萝。,,0
1571,这是厨余垃圾_菠萝。,图片中的物品属于可回收垃圾。,0
1572,这是厨余垃圾_菠萝。,这是一个菠萝。,1
1573,这是厨余垃圾_菠萝。,图中的垃圾是菠萝片。,1
1574,这是厨余垃圾_菠萝。,这是菠萝。,1
1575,这是厨余垃圾_菠萝。,这是一杯装有切片芒果的玻璃杯。芒果片被放置在玻璃杯中，周围有一些绿色的植物装饰。背景是一个木制的桌子，桌子上还有一些芒果块。整个场景看起来像是在展示一杯芒果饮料。,0
1576,这是厨余垃圾_菠萝。,这张图片里是可食用垃圾，具体来说是菠萝。,1
1577,这是厨余垃圾_菠萝。,这是一片菠萝。菠萝是一种热带水果，通常被切成片或块食用。它的外皮是黄色的，果肉是绿色的，中心是黄色的。菠萝含有丰富的维生素和矿物质，是一种健康食品。,1
1578,这是厨余垃圾_菠萝。,这张图片里有菠萝，菠萝是可食用的水果，不属于有害垃圾。,1
1579,这是厨余垃圾_菠萝。,图中的垃圾是菠萝。,1
1580,这是厨余垃圾_菠萝。,,0
1581,这是厨余垃圾_菠萝包。,,0
1582,这是厨余垃圾_菠萝包。,这张图片里有筷子，属于厨房垃圾。,0
1583,这是厨余垃圾_菠萝包。,这是一张食物的照片，不是垃圾。,0
1584,这是厨余垃圾_菠萝包。,图中的垃圾是饼干。,0
1585,这是厨余垃圾_菠萝包。,这是一种橙色的糕点，表面有网格状的图案。这种糕点看起来像是用黄油和面粉制作的，表面光滑且有光泽。这种糕点通常用于甜点或早餐。,0
1586,这是厨余垃圾_菠萝包。,这是一张展示了几块蛋糕的照片。蛋糕的表面有纹理，看起来是用烤箱烤制的。,0
1587,这是厨余垃圾_菠萝包。,这张图片里有烘焙原料。黄色的球状物可能是面团，旁边白色的碗可能是用于烘焙的容器。,0
1588,这是厨余垃圾_菠萝包。,这个垃圾属于食物垃圾。,1
1589,这是厨余垃圾_菠萝包。,这个垃圾应该属于食品垃圾。,1
1590,这是厨余垃圾_菠萝包。,这是一个图片，上面有一张方形的面包，面包上有轻微的金黄色外皮，表面有细腻的纹理，旁边还有几颗小坚果和一根细长的烟斗。面包的形状像一个圆形，表面光滑，看起来非常美味。,1
1591,这是厨余垃圾_菠萝包。,这张图片里的是食品垃圾。,1
1592,这是厨余垃圾_菠萝包。,图中没有垃圾。,0
1593,这是厨余垃圾_菠萝包。,这个垃圾属于厨余垃圾。,1
1594,这是厨余垃圾_菠萝包。,这个垃圾是可回收垃圾。,0
1595,这是厨余垃圾_菠萝包。,图中的垃圾是面包。,1
1596,这是厨余垃圾_菠萝包。,,0
1597,这是厨余垃圾_菠萝包。,图中的垃圾是塑料袋。,0
1598,这是厨余垃圾_菠萝包。,这是一个烤盘，上面放着几个金黄色的面包。,1
1599,这是厨余垃圾_菠萝包。,这个垃圾属于食物垃圾。,1
1600,这是厨余垃圾_菠萝包。,,0
1601,这是厨余垃圾_菠萝包。,这个垃圾属于食品垃圾。,1
1602,这是厨余垃圾_菠萝包。,这张图片里没有垃圾。,0
1603,这是厨余垃圾_菠萝包。,,0
1604,这是厨余垃圾_菠萝包。,这是一张展示了一种面包的图片。面包被切成两半，可以看到里面有一个果酱馅。面包表面呈现出松软的质地，整体看起来非常美味。,1
1605,这是厨余垃圾_菠萝包。,这张图片里有一个面包，这个类型的垃圾属于餐厨垃圾。,1
1606,这是厨余垃圾_菠萝包。,这张图片里没有明确的垃圾类别，因为图片中只显示了盘子里的面包。如果你需要了解这些面包的垃圾类别，建议你咨询当地的环保部门或查阅相关的垃圾分类指南。,0
1607,这是厨余垃圾_菠萝包。,,0
1608,这是厨余垃圾_菠萝包。,这是一个插图，展示了一款可爱的卡通风格的面包，面包上有着小动物的图案，看起来非常有趣。,1
1609,这是厨余垃圾_菠萝包。,图片中的物品属于厨余垃圾。,1
1610,这是厨余垃圾_菠萝包。,这是一个面包和一片黄油的组合。,1
1611,这是厨余垃圾_菠萝包。,图片中的物品属于其他垃圾类别。,0
1612,这是厨余垃圾_菠萝蜜。,图中的垃圾是面包果。,0
1613,这是厨余垃圾_菠萝蜜。,这是榴莲，通常被称为“榴莲”或“金枕头”。榴莲是一种热带水果，具有独特的香气和口感。,0
1614,这是厨余垃圾_菠萝蜜。,这张图片里有果皮，属于其他垃圾。,0
1615,这是厨余垃圾_菠萝蜜。,这是菠萝。,1
1616,这是厨余垃圾_菠萝蜜。,这个垃圾属于厨房垃圾。,1
1617,这是厨余垃圾_菠萝蜜。,图片中的物品属于可回收物类别。,0
1618,这是厨余垃圾_菠萝蜜。,这是一张显示了某种水果的图片。图片中展示了一颗裂开的椰子，外壳是黄色的，里面可能有椰肉。图片上有一些文字，写着“20年老树 20斤 89元”，表示这是一颗20年树龄的老椰子，重量是20斤，价格是89元。,0
1619,这是厨余垃圾_菠萝蜜。,图片中的物品属于其他垃圾。,0
1620,这是厨余垃圾_菠萝蜜。,图中的垃圾是椰子。,0
1621,这是厨余垃圾_菠萝蜜。,这张图片里的是菠萝蜜。菠萝蜜是一种热带水果，外观为黄色，果肉多汁，味道甜美，通常用来做沙拉、烤面包或炒菜。,1
1622,这是厨余垃圾_菠萝蜜。,这个垃圾是：蔬菜,0
1623,这是厨余垃圾_菠萝蜜。,图片中的物品属于厨余垃圾。,1
1624,这是厨余垃圾_菠萝蜜。,这是一堆菠萝蜜，通常被称为“菠萝蜜”。它们是一种热带水果，通常被用来做罐头或干果。菠萝蜜具有独特的黄色外壳和丰富的果汁。,1
1625,这是厨余垃圾_菠萝蜜。,这个垃圾属于厨余垃圾。,1
1626,这是厨余垃圾_菠萝蜜。,这个图片展示的是一个杰克果。杰克果是一种热带水果，果实外面有硬壳，内部含有丰富的蛋白质和维生素。它通常被用作食物，特别是在亚洲国家。,1
1627,这是厨余垃圾_菠萝蜜。,这是东南亚的一种水果，叫做菠萝蜜。菠萝蜜是一种大型的热带水果，外皮坚硬，里面含有丰富的果肉和种子。菠萝蜜的果肉可以生吃，也可以用来做果酱、果冻等甜品。,1
1628,这是厨余垃圾_菠萝蜜。,这是一张展示新鲜菠萝蜜的图片。菠萝蜜是一种热带水果，通常在东南亚地区种植和食用。图片中展示了新鲜的菠萝蜜切片，可以看到其独特的黄色果肉和绿色的果皮。菠萝蜜是一种高营养的水果，富含维生素和矿物质，具有独特的口感和风味。,1
1629,这是厨余垃圾_菠萝蜜。,图片中的物品属于厨余垃圾。,1
1630,这是厨余垃圾_菠萝蜜。,根据图片内容，这个物品属于厨余垃圾。,1
1631,这是厨余垃圾_菠萝蜜。,这张图片里有三个部分：一个完整的椰子和两个椰子壳。根据《中国危险废物鉴别标准》，完整的椰子和椰子壳都属于危险废物。,0
1632,这是厨余垃圾_菠萝蜜。,这个垃圾属于厨余垃圾。,1
1633,这是厨余垃圾_菠萝蜜。,这张图片里是一堆切开的菠萝蜜，它们看起来像是菠萝蜜的果肉。由于菠萝蜜的果肉通常是黄色或橙色的，所以它们看起来像是菠萝蜜的果肉。,1
1634,这是厨余垃圾_菠萝蜜。,图片中的物品属于可回收垃圾。,0
1635,这是厨余垃圾_菠萝蜜。,这是东南亚的一种水果，叫做菠萝蜜。它是一种热带水果，果肉多汁，口感丰富。菠萝蜜的果肉可以用来制作各种甜点和菜肴，是一种非常受欢迎的水果。,1
1636,这是厨余垃圾_蒜。,,0
1637,这是厨余垃圾_薯条。,图中的垃圾是薯条。,1
1638,这是厨余垃圾_薯条。,图片中的物品属于其他垃圾。,0
1639,这是厨余垃圾_薯条。,这是金黄薯条，是一种薯条。它的特点是可以入口方便，松脆可口。,1
1640,这是厨余垃圾_薯条。,这张图片里是一盘薯条，薯条属于可回收垃圾。,0
1641,这是厨余垃圾_薯条。,图中的垃圾是薯条。,1
1642,这是厨余垃圾_薯条。,图中的垃圾是薯条。,1
1643,这是厨余垃圾_薯条。,,0
1644,这是厨余垃圾_薯条。,这张图片里是可回收垃圾。,0
1645,这是厨余垃圾_薯条。,这张图片中的垃圾是快餐垃圾。,1
1646,这是厨余垃圾_薯条。,图片中的物品属于其他垃圾。,0
1647,这是厨余垃圾_薯条。,图片中的物品属于餐厨垃圾。,1
1648,这是厨余垃圾_薯条。,这个垃圾属于厨余垃圾。,1
1649,这是厨余垃圾_薯条。,图片中的物品属于其他垃圾类别。,0
1650,这是厨余垃圾_薯条。,图片中的物品属于其他垃圾类别。,0
1651,这是厨余垃圾_薯条。,这个垃圾属于可回收垃圾。,0
1652,这是厨余垃圾_薯条。,这个垃圾属于厨房垃圾。,1
1653,这是厨余垃圾_薯条。,图中没有垃圾。,0
1654,这是厨余垃圾_薯条。,这是一个白色盘子上的炸薯条。,1
1655,这是厨余垃圾_薯条。,图片中的物品属于其他垃圾类别。,0
1656,这是厨余垃圾_薯条。,图中的垃圾是纸盘和纸碗。,0
1657,这是厨余垃圾_薯条。,图片中的物品属于其他垃圾类别。,0
1658,这是厨余垃圾_薯条。,这张图片里的垃圾是薯条。,1
1659,这是厨余垃圾_薯条。,这个图片中的垃圾是：  1. **薯条**：这些薯条看起来是经过炸制的，可能含有不健康的油脂和调味料。 2. **酱汁**：放在薯条旁边的酱汁可能是番茄酱或其他调味酱，可能含有糖和盐。 3. **纸张**：在薯条旁边可能有一些纸张，可能是因为薯条放在了纸巾上。  这些垃圾可能需要丢弃，因为它们可能含有不健康的成分，不适合食用。,1
1660,这是厨余垃圾_薯条。,这个垃圾属于塑料制品。,0
1661,这是厨余垃圾_薯条。,图中的垃圾是薯条。,1
1662,这是厨余垃圾_薯条。,这张图片里有薯条。薯条是薯类经过油炸后制成的食品，通常会加盐和香料调味。,1
1663,这是厨余垃圾_薯条。,这张图片里的是薯条，是一种垃圾食品。,1
1664,这是厨余垃圾_薯条。,这是一盘炸薯条。炸薯条通常是用炸锅或油炸锅在高温下油炸的薯条。它们通常酥脆，表面有金黄色的外壳，里面含有大量的脂肪和碳水化合物。炸薯条通常配以番茄酱或调味酱，如芥末酱或烧烤酱，增加口感和风味。,1
1665,这是厨余垃圾_薯条。,这张图片中的垃圾应该归类为“食品垃圾”。,1
1666,这是厨余垃圾_薯条。,这是一张炸鱼和薯条的照片。,1
1667,这是厨余垃圾_薯条。,根据图片中的物品，这个盘子属于餐厨垃圾。,1
1668,这是厨余垃圾_薯条。,根据图中的描述，图片中的物品属于快餐垃圾类别。,0
1669,这是厨余垃圾_蘑菇。,这个垃圾是食物垃圾。,1
1670,这是厨余垃圾_蘑菇。,这张图片里是香菇。香菇是一种常见的食用菌，通常生长在树林中。它们以其丰富的营养价值和美味的口感而受到欢迎。,1
1671,这是厨余垃圾_蘑菇。,这张图片里的是可回收垃圾。,0
1672,这是厨余垃圾_蘑菇。,图中没有垃圾。,0
1673,这是厨余垃圾_蘑菇。,图中没有垃圾。,0
1674,这是厨余垃圾_蘑菇。,图片中的物品属于其他垃圾。,0
1675,这是厨余垃圾_蘑菇。,这是一道中国菜肴，名为“栗子香菇”。这道菜通常用栗子和香菇作为主要食材，搭配其他蔬菜，如青豆，制作而成。栗子香菇色泽鲜亮，口感醇厚，味道鲜美，是一道非常受欢迎的家常菜。,1
1676,这是厨余垃圾_蘑菇。,,0
1677,这是厨余垃圾_蘑菇。,这个图片中的蘑菇是香菇。香菇是一种常见的食用菌，常用于烹饪和调味。,1
1678,这是厨余垃圾_蘑菇。,图片中的物品属于厨余垃圾。,1
1679,这是厨余垃圾_蘑菇。,图片中的物品属于其他垃圾类别。,0
1680,这是厨余垃圾_蘑菇。,图片中的物品属于不可回收垃圾。,0
1681,这是厨余垃圾_蘑菇。,图片中的物品属于厨余垃圾类别。,1
1682,这是厨余垃圾_蘑菇。,这张图片里是干香菇。干香菇是食用菌的一种，通常在干燥条件下保存，常用于炒菜、炖汤等。,1
1683,这是厨余垃圾_蘑菇。,这是一张食物的照片，属于美食图片。,0
1684,这是厨余垃圾_蘑菇。,图中的垃圾是蘑菇。,1
1685,这是厨余垃圾_蘑菇。,图中垃圾是干香菇。,1
1686,这是厨余垃圾_蘑菇。,这个垃圾属于有害垃圾。,0
1687,这是厨余垃圾_蘑菇。,图中的垃圾是香菇。,1
1688,这是厨余垃圾_蘑菇。,图中没有垃圾，是一锅香菇炖汤。,0
1689,这是厨余垃圾_蘑菇。,图中的垃圾是香菇。香菇是一种常见的食用菌，通常生长在树干或树桩上。它们的形状多为圆柱形或球形，表面覆盖着一层细小的绒毛。香菇的菌盖通常是棕色或红色，菌柄则是细长且柔软的白色。,1
1690,这是厨余垃圾_蘑菇。,这张图片里是蔬菜和肉。,0
1691,这是厨余垃圾_蘑菇。,该图片中的物品属于其他垃圾类别。,0
1692,这是厨余垃圾_蘑菇。,图中没有垃圾，只有香菇。,1
1693,这是厨余垃圾_蘑菇。,这张图片中的垃圾是干香菇。香菇是一种常见的食用菌，通常用于烹饪和作为调料。它们通常用于制作汤、炒菜、烤肉和火锅等菜肴。香菇富含营养，含有多种维生素和矿物质，对身体健康有益。然而，过量食用香菇可能会导致消化问题。因此，建议适量食用，并在食用前充分清洗。,1
1694,这是厨余垃圾_蘑菇。,图片中的物品属于厨余垃圾。,1
1695,这是厨余垃圾_蘑菇。,这个垃圾是干香菇。,1
1696,这是厨余垃圾_蘑菇。,这张图片里没有垃圾。,0
1697,这是厨余垃圾_蘑菇。,图中没有垃圾。,0
1698,这是厨余垃圾_蘑菇。,根据图片中的食物种类，这可能属于餐厨垃圾。餐厨垃圾主要包括剩菜剩饭、骨头、残渣、果壳、菜根菜蒂等。,1
1699,这是厨余垃圾_蘑菇。,图中的垃圾是一堆干香菇。,1
1700,这是厨余垃圾_蚕豆。,图片中的物品是花卉，不属于垃圾分类的范畴。,0
1701,这是厨余垃圾_蚕豆。,图中的垃圾是青豆。,1
1702,这是厨余垃圾_蚕豆。,这是一颗绿色的豆子，没有明显的垃圾特征。,1
1703,这是厨余垃圾_蚕豆。,图片中的物品属于餐厨垃圾类别。,1
1704,这是厨余垃圾_蚕豆。,这个垃圾应该属于厨余垃圾。,1
1705,这是厨余垃圾_蚕豆。,图中没有垃圾。,0
1706,这是厨余垃圾_蚕豆。,图片中的物品属于其他垃圾。,0
1707,这是厨余垃圾_蚕豆。,这是一盘豆子。,1
1708,这是厨余垃圾_蚕豆。,图片中的物品属于厨余垃圾类别。,1
1709,这是厨余垃圾_蚕豆。,这是一堆咸味零食，看起来像是油炸过的蚕豆。这些零食通常会撒上盐和其他调料，口感酥脆，很受欢迎。,1
1710,这是厨余垃圾_蚕豆。,这张图片里没有垃圾，是一片绿色的植物。,0
1711,这是厨余垃圾_蚕豆。,图中没有垃圾。,0
1712,这是厨余垃圾_蚕豆。,这张图片里的是花生。,0
1713,这是厨余垃圾_蚕豆。,图片中的物品属于厨余垃圾。,1
1714,这是厨余垃圾_蚕豆。,图片中的物品属于其他垃圾。,0
1715,这是厨余垃圾_蚕豆。,这是一道炒菜，里面有肉块、豆角和红椒。肉块呈现出棕色，豆角呈青绿色，红椒呈现出红色。这道菜看起来非常美味，适合下饭。,0
1716,这是厨余垃圾_蚕豆。,这张图片里有垃圾，但是由于食物中的脂肪含量较高，可能需要进行特定的分类。,0
1717,这是厨余垃圾_蚕豆。,,0
1718,这是厨余垃圾_蚕豆。,这个垃圾看起来是一些绿色的植物，可能是草药或植被。,0
1719,这是厨余垃圾_蚕豆。,图片中的物品属于厨余垃圾。,1
1720,这是厨余垃圾_蚕豆。,这是一袋绿豆。绿豆是一种常见的豆类，通常在亚洲国家食用。绿豆在烹饪中经常被用来制作各种菜肴，如汤、粥和炒菜。绿豆还含有丰富的营养，包括蛋白质、纤维和矿物质。,0
1721,这是厨余垃圾_蚕豆。,这张图片里没有明确表示是什么垃圾。,0
1722,这是厨余垃圾_蚕豆。,这是一堆炸焦的蚕豆。蚕豆是一种常见的零食，通常是经过油炸或烤制而成，口感酥脆，味道鲜美。,1
1723,这是厨余垃圾_蚕豆。,图片中的物品是蔬菜，属于厨余垃圾。,1
1724,这是厨余垃圾_蚕豆。,图中的垃圾是蚕豆。,1
1725,这是厨余垃圾_蛋。,这张图片里是禽蛋壳，属于其他垃圾。,0
1726,这是厨余垃圾_蛋。,这是三颗鹌鹑蛋。,1
1727,这是厨余垃圾_蛋。,这张图片里没有垃圾。,0
1728,这是厨余垃圾_蛋。,这张图片里的是白色食品垃圾。,1
1729,这是厨余垃圾_蛋。,这个垃圾应该属于其他垃圾。,0
1730,这是厨余垃圾_蛋。,图中的垃圾是泡发的冬瓜。,0
1731,这是厨余垃圾_蛋。,图中的垃圾是一些散落的蛋壳。,1
1732,这是厨余垃圾_蛋。,这是鹌鹑蛋。鹌鹑蛋是一种常见的家禽蛋，通常在鸡蛋大小，颜色为白色或棕色，表面有斑点或花纹。它们富含蛋白质和矿物质，常用于烹饪和食用。,1
1733,这是厨余垃圾_蛋。,这张图片里是鸡蛋。,1
1734,这是厨余垃圾_蛋。,,0
1735,这是厨余垃圾_蛋。,,0
1736,这是厨余垃圾_蛋。,这是一个装有煮熟的鸡蛋的盘子。,1
1737,这是厨余垃圾_蛋。,这张图片里包含了一瓶酱料和一些食物，可能包含以下垃圾：  1. 酱料：酱料瓶 2. 食物：泡馍、泡馍用的调料 3. 花朵：用于装饰的花束 4. 瓷碗：用于盛放泡馍的碗  这些垃圾可以归为以下类别： - 垃圾：厨房垃圾（酱料瓶、泡馍、泡馍用的调料、食物、花束） - 垃圾：食物垃圾（泡馍、泡馍用的调料） - 垃圾：花束垃圾 - 垃圾：餐具垃圾（瓷碗）,0
1738,这是厨余垃圾_蛋。,根据图片内容，这个盘子里的鸡蛋属于餐厨垃圾。,1
1739,这是厨余垃圾_蛋。,这张图片里有泡菜，属于食物垃圾。,0
1740,这是厨余垃圾_蛋。,这个垃圾应该属于“其他垃圾”。,0
1741,这是厨余垃圾_蛋。,这是一篮子鹌鹑蛋。鹌鹑蛋通常是白色的，上面有一些斑点。篮子看起来是用稻草或类似材料制成的。,1
1742,这是厨余垃圾_蛋。,这个垃圾属于“其他垃圾”。,0
1743,这是厨余垃圾_蛋。,图中的垃圾是鸵鸟蛋。,1
1744,这是厨余垃圾_蛋。,这张图片里的是干草。,0
1745,这是厨余垃圾_蛋。,,0
1746,这是厨余垃圾_蛋。,图中的垃圾是食物残渣。,1
1747,这是厨余垃圾_蛋。,这是一种叫做“香麻薯球”的小吃。它是由红薯粉团制作而成，外皮香酥，内部松软，味道独特，适合作为零食或甜点食用。香麻薯球通常搭配辣椒、八角等调料，增添风味。,0
1748,这是厨余垃圾_蛋。,图中的垃圾是一碗小零食，没有其他垃圾。,0
1749,这是厨余垃圾_蛋。,,0
1750,这是厨余垃圾_蛋。,图片中的物品属于不可回收垃圾。,0
1751,这是厨余垃圾_蛋。,图中的垃圾是木勺、木碗、鸡蛋壳和蛋黄。,1
1752,这是厨余垃圾_蛋。,图片中的物品属于餐厨垃圾类别。,1
1753,这是厨余垃圾_蛋。,这张图片里是塑料垃圾。,0
1754,这是厨余垃圾_蛋。,这是一盘煮鸡蛋。煮鸡蛋通常会在水里煮熟，然后用冷水或温水冷却，以保持其外皮的弹性。煮鸡蛋时，水要保持一定的温度，以防止煮熟后鸡蛋变质。煮鸡蛋时，鸡蛋会膨胀，然后冷却后，鸡蛋的外壳会变得硬硬的。,1
1755,这是厨余垃圾_蛋。,这张图片里是餐厨垃圾。,1
1756,这是厨余垃圾_蛋。,图片中的物品属于其他垃圾。,0
1757,这是厨余垃圾_蛋。,图片中的物品属于其他垃圾。,0
1758,这是厨余垃圾_蛋。,图片中的物品属于餐厨垃圾。,1
1759,这是厨余垃圾_蛋。,,0
1760,这是厨余垃圾_蛋。,这张图片里是一颗鸟蛋。,1
1761,这是厨余垃圾_蛋。,这是一个装满鸡蛋的篮子。,1
1762,这是厨余垃圾_蛋。,图片中的物品属于其他垃圾类别。,0
1763,这是厨余垃圾_蛋。,这张图片的垃圾类型是食物垃圾。,1
1764,这是厨余垃圾_蛋。,这张图片里有五香鹌鹑蛋和干辣椒，它们属于食品垃圾。,1
1765,这是厨余垃圾_蛋。,,0
1766,这是厨余垃圾_蛋。,这张图片里的是剩饭剩菜，属于厨余垃圾。,1
1767,这是厨余垃圾_蛋。,这个垃圾属于其他垃圾。,0
1768,这是厨余垃圾_蛋。,图中没有垃圾。,0
1769,这是厨余垃圾_蛋。,这张图片里是一堆鹌鹑蛋，属于食物垃圾。,1
1770,这是厨余垃圾_蛋。,这个垃圾属于生物垃圾。,0
1771,这是厨余垃圾_蛋。,,0
1772,这是厨余垃圾_蛋。,这个垃圾是食用垃圾。,1
1773,这是厨余垃圾_蛋。,这个垃圾属于垃圾食品。,0
1774,这是厨余垃圾_蛋。,这张图片里没有明显的垃圾，只有一碗煮熟的鸡蛋。,1
1775,这是厨余垃圾_蛋。,图中没有垃圾。,0
1776,这是厨余垃圾_蛋。,图片中的物品属于其他垃圾类别。,0
1777,这是厨余垃圾_蛋。,这张图片里没有垃圾，只是一堆鹌鹑蛋。,1
1778,这是厨余垃圾_蛋挞。,根据图中提供的信息，图片中的物品属于可食用垃圾类别。,0
1779,这是厨余垃圾_蛋挞。,图中的垃圾是塑料垃圾。,0
1780,这是厨余垃圾_蛋挞。,这张图片里没有垃圾。,0
1781,这是厨余垃圾_蛋挞。,这是一张展示蛋挞的图片。图片中可以看到多个蛋挞，它们被整齐地摆放在一个白色的盘子上。旁边还有一些酸奶和绿色植物。这种搭配通常给人一种温馨、健康的早餐或下午茶的感觉。,1
1782,这是厨余垃圾_蛋挞。,图片中的物品属于其他垃圾。,0
1783,这是厨余垃圾_蛋挞。,"这是一道美味的点心，可以归类为""食物""。",1
1784,这是厨余垃圾_蛋挞。,图中的垃圾是：纸盒。,0
1785,这是厨余垃圾_蛋挞。,这张图片里的是餐食垃圾。,1
1786,这是厨余垃圾_蛋挞。,图中的垃圾是一些木质碗。,0
1787,这是厨余垃圾_蛋挞。,图片中的物品属于其他垃圾类别。,0
1788,这是厨余垃圾_蛋挞。,图中没有垃圾。,0
1789,这是厨余垃圾_蛋挞。,图中没有垃圾。,0
1790,这是厨余垃圾_蛋挞。,图片中的物品属于厨余垃圾。,1
1791,这是厨余垃圾_蛋挞。,这张图片里是一次性塑料餐盒。,0
1792,这是厨余垃圾_蛋挞。,根据图片中的描述，该物品属于餐厨垃圾。,1
1793,这是厨余垃圾_蛋挞。,图中的垃圾是油炸食品。,0
1794,这是厨余垃圾_蛋挞。,图片中的物品属于厨余垃圾。,1
1795,这是厨余垃圾_蛋挞。,根据图片中的物品，可以判断该物品属于食物垃圾类别。,1
1796,这是厨余垃圾_蛋挞。,这个垃圾属于可回收垃圾。,0
1797,这是厨余垃圾_蛋挞。,这是一张食物的照片，具体来说是一盘鸡蛋挞和一束花。,1
1798,这是厨余垃圾_蛋挞。,这个垃圾属于其他垃圾。,0
1799,这是厨余垃圾_蛋挞。,这个垃圾属于可回收物。,0
1800,这是厨余垃圾_蛋挞。,这张图片里没有明显的垃圾。,0
1801,这是厨余垃圾_蛋挞。,这张图片里的垃圾属于其他垃圾。其他垃圾是指在生产、加工、储存、运输和消费过程中产生的，未经再利用的垃圾。,0
1802,这是厨余垃圾_蛋挞。,根据图片中的物品，这个物品属于其他垃圾。,0
1803,这是厨余垃圾_蛋挞。,这是一块看起来像蛋挞的食物。蛋挞是一种传统的甜点，通常是用蛋黄和糖制成的，然后放在面团中烘烤。图片中的蛋挞看起来很酥脆，可能是用烤箱烤制的。,1
1804,这是厨余垃圾_蛋挞。,图中没有垃圾。,0
1805,这是厨余垃圾_蛋挞。,这是蛋挞，通常是一种甜点，里面有蛋黄酱或黄油。,1
1806,这是厨余垃圾_蛋挞。,这是一张展示甜点的照片。图片中有三个甜点，每个甜点都用纸巾包裹，上面覆盖着一层奶油和蓝色的果酱。甜点周围还有其他甜点和水果，整体看起来非常美味。,0
1807,这是厨余垃圾_蛋挞。,这张图片里的垃圾是餐盒垃圾。,0
1808,这是厨余垃圾_蛋挞。,这是蛋挞。,1
1809,这是厨余垃圾_蛋挞。,这张图片里的是蛋挞，它是属于食品垃圾。,1
1810,这是厨余垃圾_蛋挞。,这个垃圾属于食品垃圾。,1
1811,这是厨余垃圾_蛋挞。,这个垃圾属于食品垃圾。,1
1812,这是厨余垃圾_西瓜皮。,这张图片里是一块三角形的绿色垃圾。根据图片内容，它看起来像是某种绿色的垃圾，可能是塑料袋、纸巾盒或其他类似的垃圾。这种垃圾通常被称为塑料垃圾或垃圾。,0
1813,这是厨余垃圾_西瓜皮。,这张图片里的是西瓜皮。,1
1814,这是厨余垃圾_西瓜皮。,这是一块西瓜的切片。西瓜是一种多汁的水果，通常由两片或更多片组成。这块西瓜看起来是切开后的一部分，颜色为绿色和黄色相间，表面有一些小斑点。,1
1815,这是厨余垃圾_西瓜皮。,图片中的物品属于其他垃圾类别。,0
1816,这是厨余垃圾_西瓜皮。,这是一盘切好的辣椒。辣椒通常会经过清洗、切片、腌制和烹饪等步骤，最终呈现出美味的口感。辣椒是一种常见的调料，可以用于各种菜肴中，提升风味。,0
1817,这是厨余垃圾_西瓜皮。,图片中的物品属于可回收物。,0
1818,这是厨余垃圾_西瓜皮。,图中的垃圾是一些切好的瓜片。,1
1819,这是厨余垃圾_西瓜皮。,这张图片里的是“厨余垃圾”。,1
1820,这是厨余垃圾_西瓜皮。,这张图片里的是食物垃圾。食物垃圾是指在烹饪过程中产生的食物残渣和废弃物，包括蔬菜、水果、肉类、鱼类、豆类、谷物、面食、豆制品等。,1
1821,这是厨余垃圾_西瓜皮。,这是一块未切开的西瓜。西瓜是一种多汁的水果，通常以整个西瓜的形式出售。切开后的西瓜会变成一个碗状的容器，里面充满了西瓜的汁液。,0
1822,这是厨余垃圾_西瓜皮。,这个垃圾属于可回收物。,0
1823,这是厨余垃圾_西瓜皮。,这是一盘炒菜，可能是辣椒炒蔬菜。菜的表面有一些葱花，整体看起来很美味。,0
1824,这是厨余垃圾_西瓜皮。,这是一盘切好的苹果片。苹果片上淋有红色的酱汁，看起来非常美味。,0
1825,这是厨余垃圾_西瓜皮。,这是一张西瓜沙拉的图片。图片中有一个装有西瓜沙拉的碗，碗的旁边有一个叉子。,0
1826,这是厨余垃圾_西瓜皮。,图中的垃圾是黄瓜片。,1
1827,这是厨余垃圾_西瓜皮。,这个垃圾属于厨房垃圾。,1
1828,这是厨余垃圾_西瓜皮。,图片中的物品属于厨余垃圾。,1
1829,这是厨余垃圾_西瓜皮。,图中的垃圾是切好的青瓜。,1
1830,这是厨余垃圾_西瓜皮。,这是一个切开的西瓜，展示的是其内部的结构和果肉的颜色。,1
1831,这是厨余垃圾_西瓜皮。,图中的垃圾是切片的水蜜桃和切片的青瓜。,0
1832,这是厨余垃圾_西瓜皮。,,0
1833,这是厨余垃圾_西瓜皮。,图中的垃圾是西瓜。,1
1834,这是厨余垃圾_西瓜皮。,这个垃圾属于厨房垃圾。,1
1835,这是厨余垃圾_西瓜皮。,图中的垃圾是切片的苹果。,0
1836,这是厨余垃圾_西瓜皮。,,0
1837,这是厨余垃圾_西瓜皮。,图中的垃圾是两片黄瓜。,1
1838,这是厨余垃圾_西瓜皮。,这张图片包含了一些垃圾，具体来说是西瓜皮。这些垃圾属于不可回收垃圾。,1
1839,这是厨余垃圾_西瓜皮。,图片中的物品属于其他垃圾。,0
1840,这是厨余垃圾_西瓜皮。,这是切好的西瓜片。,1
1841,这是厨余垃圾_西瓜皮。,图中的垃圾是水煮甘蔗。,0
1842,这是厨余垃圾_西瓜皮。,这张图片里的是西瓜皮，属于厨余垃圾。,1
1843,这是厨余垃圾_西瓜皮。,图片中的物品属于厨余垃圾类别。,1
1844,这是厨余垃圾_西瓜皮。,图中的垃圾是切好的苹果片。,1
1845,这是厨余垃圾_西瓜皮。,这是两块西瓜。,1
1846,这是厨余垃圾_西瓜皮。,这是黄瓜。黄瓜是一种常见的蔬菜，通常在夏季和秋季种植。它有一个独特的形状，通常是圆形或椭圆形，表面光滑，颜色从浅绿色到深绿色不等。黄瓜含有多种维生素和矿物质，具有清热解暑、利尿消肿的作用。,0
1847,这是厨余垃圾_西瓜皮。,图中的垃圾是切好的黄瓜。,1
1848,这是厨余垃圾_西瓜皮。,这是一个西瓜，具体来说，它是一个被切开并装在容器中的西瓜。图片中可以看到西瓜的果肉和果核，还有一勺子放在上面。,1
1849,这是厨余垃圾_西瓜皮。,这张图片里是瓜皮。,1
1850,这是厨余垃圾_西瓜皮。,这张图片里是有机垃圾。有机垃圾是指有机物含量较高的垃圾，包括厨房垃圾、厨余垃圾、果皮、蔬菜残渣、剩饭剩菜、动物残体等。有机垃圾可以作为肥料使用，有助于土壤的恢复和农作物的生长。,1
1851,这是厨余垃圾_西瓜皮。,图片中的物品属于其他垃圾类别。,0
1852,这是厨余垃圾_西瓜皮。,图片中的物品属于其他垃圾。,0
1853,这是厨余垃圾_西瓜皮。,图中的垃圾是西瓜片。,1
1854,这是厨余垃圾_贝果。,这是一张展示了一款面包的图片。图片中有一款用芝麻和奶油填充的面包，旁边还有一些蓝莓和一罐牛奶。面包放在一个白色的盘子上，盘子放在一个木质的托盘上。背景是一张白色的桌布。,1
1855,这是厨余垃圾_贝果。,这是一份三明治，里面有生菜、肉和其他食材，旁边还有一片黄瓜和两片番茄。,0
1856,这是厨余垃圾_贝果。,图片中的物品属于餐厨垃圾。,1
1857,这是厨余垃圾_贝果。,这张图片里没有明显的垃圾。,0
1858,这是厨余垃圾_贝果。,图中的垃圾是面包。,1
1859,这是厨余垃圾_贝果。,图中的垃圾是两个面包。,1
1860,这是厨余垃圾_贝果。,This is a sandwich.,0
1861,这是厨余垃圾_贝果。,图片中的物品属于其他垃圾。,0
1862,这是厨余垃圾_贝果。,这张图片里有塑料杯和纸杯，属于厨余垃圾。,0
1863,这是厨余垃圾_贝果。,这是一张显示一个透明玻璃碗中揉好的面团的照片。面团看起来已经揉好，准备进行下一步的烹饪或烘焙。,0
1864,这是厨余垃圾_贝果。,这是一个白色盘子里的面包圈。面包圈看起来像是用全麦面粉做的，表面有一些碎屑，可能是坚果或者其他小颗粒。面包圈的形状像一个环，表面略带裂纹。,1
1865,这是厨余垃圾_贝果。,这张图片里有食物垃圾和饮料瓶。,0
1866,这是厨余垃圾_贝果。,这个垃圾属于厨余垃圾。,1
1867,这是厨余垃圾_贝果。,这张图片里没有垃圾。,0
1868,这是厨余垃圾_贝果。,图中没有垃圾。,0
1869,这是厨余垃圾_贝果。,这是一个用面粉和酵母等食材制作的面包，具体来说，它看起来像是一个环形的面包，上面有一些装饰物。这种面包通常被称为“圆环面包”或“芝士包”。它可能是用面团发酵和烘烤制成的，通常会在冷却架上冷却。,1
1870,这是厨余垃圾_贝果。,图中的垃圾是纸巾。,0
1871,这是厨余垃圾_贝果。,图片中的物品属于其他垃圾类别。,0
1872,这是厨余垃圾_贝果。,这个盘子上的食物不属于有害垃圾，属于可回收垃圾。,0
1873,这是厨余垃圾_贝果。,这张图片里没有明显的垃圾，只有面包和花瓶。,0
1874,这是厨余垃圾_贝果。,这是一张食物的照片。图片中展示了几个面包，上面撒有芝麻和糖粉。旁边还有一些松果和松树树枝。背景是黑色的。,1
1875,这是厨余垃圾_贝果。,图中没有明显的垃圾。,0
1876,这是厨余垃圾_贝果。,这个垃圾可以分类为“其他垃圾”。,0
1877,这是厨余垃圾_贝果。,图片中的物品属于垃圾类别为垃圾。,0
1878,这是厨余垃圾_贝果。,这个垃圾应该归为“其他垃圾”类别。,0
1879,这是厨余垃圾_贝果。,这是一张展示了一些烘焙食品的照片。图片中可以看到一些面包，可能是刚烤好的，表面有些微微的焦色。这些面包的形状各异，有些呈圆形，有些呈不规则的形状。整体看起来很新鲜，可能是刚出炉的。,1
1880,这是厨余垃圾_贝果。,这张图片里有三个圆形的面包，它们看起来像是三明治面包。,1
1881,这是厨余垃圾_贝果。,这张图片里的是普通垃圾。,0
1882,这是厨余垃圾_贝果。,这是一个锅，里面放着三个煎饼。,0
1883,这是厨余垃圾_贝果。,这是葡萄干培根面包。,1
1884,这是厨余垃圾_辣椒。,这是一颗红辣椒。辣椒是一种常见的蔬菜和香料，通常在厨房中用于烹饪。它的辣味使其在许多菜肴中都很受欢迎。,1
1885,这是厨余垃圾_辣椒。,这张图片里的是辣椒。辣椒是一种蔬菜，通常在厨房中烹饪使用。,1
1886,这是厨余垃圾_辣椒。,图中的垃圾是红辣椒。,1
1887,这是厨余垃圾_辣椒。,图中的垃圾是三个红辣椒。,1
1888,这是厨余垃圾_辣椒。,图片中的物品属于不可回收垃圾。,0
1889,这是厨余垃圾_辣椒。,这个垃圾应该被分类为“蔬菜/水果”。,1
1890,这是厨余垃圾_辣椒。,,1
1891,这是厨余垃圾_辣椒。,图中的垃圾是一碗辣椒。,1
1892,这是厨余垃圾_辣椒。,图片中的物品属于其他垃圾类别。,0
1893,这是厨余垃圾_辣椒。,,1
1894,这是厨余垃圾_辣椒。,图中的垃圾是辣椒和辣椒籽。,1
1895,这是厨余垃圾_陈皮。,这张图片里的垃圾是橘子皮。橘子皮是一种常见的食物废弃物，通常用来制作橘子皮精油或食用。,1
1896,这是厨余垃圾_陈皮。,这张图片里的垃圾属于厨余垃圾。,1
1897,这是厨余垃圾_陈皮。,这是一盘油炸食品，具体来说，这是一些油炸鱼皮。油炸鱼皮是一种常见的休闲食品，通常在街头小吃摊或餐厅供应。它们通常由新鲜的鱼制成，然后经过高温油炸，使其变得酥脆。油炸鱼皮通常以酥脆的口感和独特的香味而闻名，是许多人的喜爱食品。,0
1898,这是厨余垃圾_陈皮。,图中的垃圾是橘皮。,1
1899,这是厨余垃圾_陈皮。,图片中的物品属于其他垃圾。,0
1900,这是厨余垃圾_陈皮。,图片中的物品属于可回收垃圾。,0
1901,这是厨余垃圾_青菜。,这是香菜。香菜是一种常见的香草，通常用于烹饪和调味。它的叶子呈细长状，颜色多为绿色。香菜在烹饪中常用于炒菜、炖菜和凉拌菜中，以其独特的香气和味道为菜肴增添风味。,1
1902,这是厨余垃圾_青菜。,这张图片里是蔬菜垃圾。,1
1903,这是厨余垃圾_青菜。,图中没有垃圾。,0
1904,这是厨余垃圾_青菜。,这张图片里是绿色蔬菜。绿色蔬菜属于有机垃圾。有机垃圾包括水果、蔬菜、剩饭剩菜、植物残渣等。,1
1905,这是厨余垃圾_青菜。,,0
1906,这是厨余垃圾_青菜。,这是一片香菜（Coriander）。香菜是一种常见的香料植物，叶子细长，叶片边缘有锯齿。它通常在厨房中用于调味，特别是用于炒菜和蘸酱。,1
1907,这是厨余垃圾_青菜。,这是一张绿叶植物的图片。根据图片中的叶形和颜色，这可能是香菜（Cilantro）的叶子。香菜是一种常见的香草，通常用于烹饪，特别是调味菜肴。,1
1908,这是厨余垃圾_青菜。,图片中的物品属于有机垃圾。,1
1909,这是厨余垃圾_青菜。,图片中的物品是绿色的香菜，属于厨余垃圾。,1
1910,这是厨余垃圾_青菜。,图中的垃圾是食物残渣和油污。,0
1911,这是厨余垃圾_青菜。,图片中的物品属于厨余垃圾。,1
1912,这是厨余垃圾_青菜。,图中的垃圾是一大束绿色的芹菜。,1
1913,这是厨余垃圾_青菜。,这是一束香菜。香菜是一种常见的草本植物，叶子呈细长形，叶缘有锯齿。香菜通常被用作香料，用于烹饪菜肴。,1
1914,这是厨余垃圾_青菜。,这是一张展示绿色植物的图片。图片中显示的是许多绿色的叶子，看起来像是某种香菜（Cilantro）。香菜是一种常见的香料植物，以其独特的香味而闻名。,1
1915,这是厨余垃圾_青菜。,图片中的物品属于餐厨垃圾。餐厨垃圾是指烹饪过程中产生的食物残渣、剩菜剩饭、废弃的肉类食品、动物内脏、蔬菜、水果等食物废弃物。,1
1916,这是厨余垃圾_青菜。,图片中的物品属于其他垃圾。,0
1917,这是厨余垃圾_青菜。,这张图片里没有垃圾。,0
1918,这是厨余垃圾_青菜。,这个垃圾属于厨余垃圾。,1
1919,这是厨余垃圾_青菜。,这张图片里的是蔬菜垃圾。,1
1920,这是厨余垃圾_青菜。,这张图片里是一束香菜，它属于厨余垃圾。,1
1921,这是厨余垃圾_青菜。,图片中的物品属于厨余垃圾。,1
1922,这是厨余垃圾_青菜。,这张图片里没有垃圾，是一盆植物。,0
1923,这是厨余垃圾_青菜。,这是一小碗新鲜的香菜（Coriander）。香菜是一种常见的香草，通常用作调味料。,1
1924,这是厨余垃圾_青菜。,这是一盘香菜。香菜是一种常见的香料植物，以其独特的香味和辛辣口感而闻名。香菜通常用于调味，可以用于炒菜、凉拌、火锅等多种烹饪方式。,1
1925,这是厨余垃圾_青菜。,图片中的物品属于厨余垃圾。,1
1926,这是厨余垃圾_青菜。,图中的垃圾是一碗切碎的香菜。,1
1927,这是厨余垃圾_青菜。,图中的垃圾是一捆绿色的芹菜。,1
1928,这是厨余垃圾_青菜。,图片中的物品属于厨余垃圾。,1
1929,这是厨余垃圾_青菜。,图中的垃圾是水滴。,0
1930,这是厨余垃圾_青菜。,这个垃圾属于有机垃圾。有机垃圾主要包括水果、蔬菜、茶叶、咖啡渣、剩饭剩菜等。有机垃圾可以进行堆肥处理，用于生产有机肥料。,1
1931,这是厨余垃圾_青菜。,图中没有垃圾。,0
1932,这是厨余垃圾_青菜。,这张图片里有香菜。香菜是一种常见的蔬菜，常用于炒菜或蘸酱。,1
1933,这是厨余垃圾_青菜。,图片中的物品属于厨余垃圾。,1
1934,这是厨余垃圾_青菜。,这张图片里没有垃圾。,0
1935,这是厨余垃圾_青菜。,这是一份香菜，可以作为绿色蔬菜食用。,1
1936,这是厨余垃圾_青菜。,这是一张创意艺术照片，展示了两人的身影站在一条小径上，小径两侧是芹菜植物。芹菜的叶子形成了一个拱形结构，仿佛是一个隧道或走廊。这种艺术手法将芹菜的叶子和植物形象结合在一起，创造出独特的视觉效果。,1
1937,这是厨余垃圾_青菜。,这个垃圾是蔬菜，应该归类为“蔬菜垃圾”。,1
1938,这是厨余垃圾_青菜。,图片中的物品是绿色的香菜叶子，属于可回收垃圾。,0
1939,这是厨余垃圾_青菜。,这张图片里没有明显的垃圾，主要是一些绿色植物和一些白色的花。,0
1940,这是厨余垃圾_青菜。,这张图片里是可回收物，因为豆腐和青菜属于可回收物。,0
1941,这是厨余垃圾_青菜。,这是一张香菜的照片。香菜是一种常见的香料植物，叶子通常呈细长的椭圆形，表面光滑，颜色通常是绿色或淡绿色。香菜的味道独特，常用于炒菜、火锅等烹饪中。,1
1942,这是厨余垃圾_青菜。,根据图片内容，这个食物属于其他垃圾类别。,0
1943,这是厨余垃圾_青菜。,图中的垃圾是植物。,1
1944,这是厨余垃圾_青菜。,这个垃圾属于厨余垃圾。,1
1945,这是厨余垃圾_青菜。,图中的垃圾是米饭。,1
1946,这是厨余垃圾_青菜。,,0
1947,这是厨余垃圾_青菜。,图中的垃圾是塑料袋。,0
1948,这是厨余垃圾_青菜。,图片中的物品属于厨余垃圾类别。,1
1949,这是厨余垃圾_青菜。,图片中的物品属于其他垃圾。,0
1950,这是厨余垃圾_青菜。,图片中的物品属于厨余垃圾。,1
1951,这是厨余垃圾_青菜。,图中的垃圾是一束香菜。,1
1952,这是厨余垃圾_青菜。,这是一盘香菜。香菜是一种常见的香草，常用于调味和烹饪。,1
1953,这是厨余垃圾_青菜。,这个垃圾应该属于以下类别之一：  1. 垃圾：这些玻璃杯和杯子中可能有废弃的饮料，需要清理。 2. 垃圾：这些杯子和玻璃杯可能需要清洗，以确保它们的清洁。 3. 垃圾：这些杯子和玻璃杯可能需要处理，以确保它们的卫生和安全。 4. 垃圾：这些杯子和玻璃杯可能需要回收，以减少废物的产生。  请注意，具体分类取决于垃圾的具体成分和性质。,0
1954,这是厨余垃圾_青菜。,这是一道由胡萝卜、芹菜和鸡肉等食材制成的菜肴。,0
1955,这是厨余垃圾_青菜。,这张图片里的垃圾是厨余垃圾。,1
1956,这是厨余垃圾_青菜。,图中的垃圾是一把新鲜的香菜。,1
1957,这是厨余垃圾_青菜。,这张图片里的物品看起来像是调料，可能是香草酱或香油。调料通常属于厨房垃圾或食品垃圾。,0
1958,这是厨余垃圾_青菜。,图中的垃圾是一把香菜。,1
1959,这是厨余垃圾_青菜。,这张图片里没有垃圾，只有一盆绿色的植物。,0
1960,这是厨余垃圾_青菜。,这张图片里有紫色的花，看起来像是花束的一部分，没有明显的垃圾标识。,0
1961,这是厨余垃圾_青菜。,这张图片里没有垃圾。,0
1962,这是厨余垃圾_青菜。,这个图片是一个绿色的香菜，不属于垃圾。,0
1963,这是厨余垃圾_青菜。,这个垃圾属于蔬菜类垃圾。,1
1964,这是厨余垃圾_青菜。,这张图片里没有垃圾。这是一张绿色植物的照片。,0
1965,这是厨余垃圾_青菜。,这是一束香菜。香菜是一种常见的蔬菜，叶子和茎都具有药用价值。它具有清新的香气，常用于烹饪和调味。,1
1966,这是厨余垃圾_青菜。,图中的垃圾是一把香菜。,1
1967,这是厨余垃圾_青菜。,这是一束芹菜，属于蔬菜类。,1
1968,这是厨余垃圾_青菜。,这是一张展示各种蔬菜种子的图片。图片中显示了24款不同种类的蔬菜种子，包括胡萝卜、西兰花、草莓、黄瓜、西红柿、香菜等多种蔬菜。这些种子看起来非常丰富，适合多种不同的植物和花卉种植。,0
1969,这是厨余垃圾_青菜。,图片中的物品属于其他垃圾类别。,0
1970,这是厨余垃圾_青菜。,图中没有垃圾，只有一盆香菜。,0
1971,这是厨余垃圾_青菜。,这是一束香菜。香菜是一种常见的蔬菜，具有辛辣的味道。它通常用于烹饪，特别是在亚洲菜肴中。香菜叶子通常被用来装饰菜肴，使其看起来更加鲜艳。,1
1972,这是厨余垃圾_青菜。,图中是一捆香菜，不是垃圾。,0
1973,这是厨余垃圾_青菜。,图中没有垃圾。,0
1974,这是厨余垃圾_青菜。,这是一幅插图，展示了一根香菜的茎和叶。香菜是一种常见的蔬菜，常用于调味和烹饪。它具有独特的香气，常被用于炒菜、汤和火锅等菜肴中。香菜茎的质地坚韧，叶边缘光滑，颜色鲜艳。香菜不仅味道鲜美，而且营养价值也很高，富含维生素C、维生素K、铁和钾等营养成分。,1
1975,这是厨余垃圾_青菜。,这张图片里的是蔬菜垃圾。蔬菜垃圾包括但不限于：白菜、萝卜、青菜、菠菜、芹菜、香菜、蒜苔、蒜瓣、洋葱、辣椒、土豆、胡萝卜、豆芽、白菜芯、芹菜芯、豆芽菜、菠菜芯、蒜苗、豆苗、绿豆芽、绿豆苗、蒜黄、香菜梗、香葱、香菜根、香菜叶、香菜花、香菜籽、香菜头、香菜杆、香菜茎、香菜花、香菜果、香菜根、香菜叶、香菜梗、香菜花、香菜根、香菜叶、香菜花、香菜根、香菜叶、香菜花、香菜梗、香菜花、香菜梗、香菜叶、香菜根、香菜叶、香菜花、香菜梗、香菜花、香菜根、香菜叶、香菜花、香菜梗、香菜花、香菜根、香菜叶、香菜花、香菜梗、香菜花、香菜根、香菜叶、香菜花、香菜梗、香菜花、香菜根、香菜叶、香菜花、香菜梗、香菜花、香菜根、香菜叶、香菜花、香菜梗、香菜花、香菜根、香菜叶、香菜花、香菜梗、香菜花、香菜根、香菜叶、香菜花、香菜梗、香菜花、香菜根、香菜叶、香菜花、香菜梗、香菜花、香菜根、香菜叶、香菜花、香菜梗、香菜花、香菜根、香菜叶、香菜花、香菜梗、香菜花、香菜根、香菜叶、香菜花、香菜梗、香菜花、香菜根、香菜叶、香菜花、香菜梗、香菜花、香菜根、香菜叶、香菜花、香菜梗、香菜花、香菜根、香菜叶、香菜花、香菜梗、香菜花、香菜根、香菜叶、香菜花、香菜梗、香菜花、香菜根、香菜叶、香菜花、香菜梗、香菜,1
1976,这是厨余垃圾_青菜。,这个垃圾属于花。,0
1977,这是厨余垃圾_青菜。,图中没有垃圾。,0
1978,这是厨余垃圾_青菜。,这个垃圾属于厨余垃圾。,1
1979,这是厨余垃圾_青菜。,图中的垃圾是菜。,1
1980,这是厨余垃圾_青菜。,这个垃圾是蔬菜。,1
1981,这是厨余垃圾_青菜。,图片中的物品属于其他垃圾类别。,0
1982,这是厨余垃圾_青菜。,这张图片里是一些绿色的蔬菜，比如香菜和葱。它们通常被分类为厨余垃圾。,1
1983,这是厨余垃圾_青菜。,图片中的物品属于厨余垃圾。,1
1984,这是厨余垃圾_青菜。,,0
1985,这是厨余垃圾_青菜。,图中的垃圾是香肠。,0
1986,这是厨余垃圾_青菜。,图片中的物品属于厨余垃圾。,1
1987,这是厨余垃圾_青菜。,图片中的物品属于厨余垃圾。,1
1988,这是厨余垃圾_青菜。,这张图片中的植物是马鞭草（Chamomile），而不是垃圾。,0
1989,这是厨余垃圾_青菜。,这个垃圾属于蔬菜垃圾。,1
1990,这是厨余垃圾_青菜。,图片中的物品属于其他垃圾。,0
1991,这是厨余垃圾_青菜。,图中没有垃圾。,0
1992,这是厨余垃圾_青菜。,这个垃圾应该属于“杂草”类别。,0
1993,这是厨余垃圾_青菜。,图片中的物品属于厨余垃圾类别。,1
1994,这是厨余垃圾_青菜。,图中的垃圾是香菜。,1
1995,这是厨余垃圾_青菜。,图片中的物品属于其他垃圾类别。,0
1996,这是厨余垃圾_青菜。,图片中的物品属于其他垃圾类别。,0
1997,这是厨余垃圾_青菜。,图中的花可能是车前草（学名：Eupatorium cannabinum），它是一种常见的野生植物，具有独特的花朵。车前草的花朵通常是白色的，花瓣细小，花药为紫红色。,0
1998,这是厨余垃圾_青菜。,图中没有垃圾。,0
1999,这是厨余垃圾_青菜。,图中的垃圾是绿色的，看起来像是蔬菜。,1
2000,这是厨余垃圾_青菜。,这个垃圾属于蔬菜垃圾。,1
2001,这是厨余垃圾_青菜。,这张图片里是绿色的植物，不属于垃圾。,0
2002,这是厨余垃圾_青菜。,这是一篮香菜。香菜是一种常见的香草，常用于烹饪中增加香味。,1
2003,这是厨余垃圾_青菜。,图片中的物品属于其他垃圾类别。,0
2004,这是厨余垃圾_饼干。,这张图片里没有垃圾。,0
2005,这是厨余垃圾_饼干。,这是一个装有手工饼干的盒子。饼干上有装饰图案，看起来非常可爱和美味。,1
2006,这是厨余垃圾_饼干。,,0
2007,这是厨余垃圾_饼干。,图中的垃圾是饼干。,1
2008,这是厨余垃圾_饼干。,这张图片里是饼干。,1
2009,这是厨余垃圾_饼干。,,0
2010,这是厨余垃圾_饼干。,图中的垃圾是饼干。,1
2011,这是厨余垃圾_饼干。,图片中的物品属于其他垃圾类别。,0
2012,这是厨余垃圾_饼干。,图片中的物品属于其他垃圾。,0
2013,这是厨余垃圾_饼干。,这是一个装满饼干的锡罐。饼干看起来像是巧克力片和葡萄干混合的饼干。,0
2014,这是厨余垃圾_饼干。,这张图片里没有垃圾。,0
2015,这是厨余垃圾_饼干。,,0
2016,这是厨余垃圾_饼干。,,0
2017,这是厨余垃圾_饼干。,这张图片里有垃圾。图片中可以看到饼干和一些碎屑，可能是饼干碎屑，也可能是其他垃圾。,1
2018,这是厨余垃圾_饼干。,这张图片里是一次性塑料容器，应该属于其他垃圾。,0
2019,这是厨余垃圾_饼干。,这个垃圾属于厨房垃圾。,1
2020,这是厨余垃圾_饼干。,这张图片里没有明显的垃圾。,0
2021,这是厨余垃圾_饼干。,这是三个香草面包，上面放了两片黄油。,1
2022,这是厨余垃圾_饼干。,这个垃圾属于食物垃圾。,1
2023,这是厨余垃圾_饼干。,图片中的物品属于厨余垃圾。,1
2024,这是厨余垃圾_饼干。,这是三明治饼干，通常被称为“蛋黄三明治饼干”或“蛋黄夹心饼干”。这种饼干通常由两层饼干组成，中间夹有一层蛋黄。三明治饼干因其口感独特，常常受到人们的喜爱。,1
2025,这是厨余垃圾_饼干。,这张图片显示的是几块饼干放在烤架上。由于这些饼干看起来是烘焙过的，通常不会被视为垃圾。如果你有任何其他需要分类的垃圾，请提供更多信息。,1
2026,这是厨余垃圾_饼干。,这张图片里的是塑料垃圾。,0
2027,这是厨余垃圾_饼干。,这是一个图片，显示了三个瓦片，上面有融化的奶油和焦糖酱。,0
2028,这是厨余垃圾_饼干。,这是一盘食物，包括：  1. 一个面包卷。 2. 几块饼干。 3. 一些樱桃番茄。 4. 一些冷冻甜点。  这些食物看起来是休闲食品，可能是在下午茶或零食时间食用。,1
2029,这是厨余垃圾_饼干。,这是一个圆形的饼干，上面有螺旋形的图案，看起来像是巧克力口味的饼干。,1
2030,这是厨余垃圾_饼干。,这是燕麦饼干。,1
2031,这是厨余垃圾_饼干。,这张图片里有巧克力饼干、饼干、黄油饼干、棒棒糖、香草糖、巧克力卷和巧克力片。,1
2032,这是厨余垃圾_饼干。,这张图片里的是饼干。,1
2033,这是厨余垃圾_饼干。,,0
2034,这是厨余垃圾_饼干。,图中的垃圾是一块饼干。,1
2035,这是厨余垃圾_饼干。,这个垃圾是食物垃圾。,1
2036,这是厨余垃圾_饼干。,图片中的物品属于其他垃圾。,0
2037,这是厨余垃圾_饼干。,这张图片中的垃圾属于“食品垃圾”。,1
2038,这是厨余垃圾_饼干。,这张图片里没有明显的垃圾。,0
2039,这是厨余垃圾_饼干。,这是一张展示了一盘芝麻饼干的图片。饼干的表面有芝麻的颗粒，看起来非常美味。旁边还有一杯茶，整个场景看起来像是在享用茶和饼干的休闲时光。,1
2040,这是厨余垃圾_饼干。,这是一份展示各种烘焙食品的图片。图片中包括面包、蛋糕、饼干等多种烘焙食品。这些食品看起来非常美味，适合作为零食或点心食用。,1
2041,这是厨余垃圾_饼干。,图中的垃圾是饼干。,1
2042,这是厨余垃圾_饼干。,这张图片里是食物垃圾。,1
2043,这是厨余垃圾_饼干。,这个垃圾是烘焙后的饼干渣。,1
2044,这是厨余垃圾_饼干。,这张图片里没有垃圾。,0
2045,这是厨余垃圾_饼干。,这张图片里有一个蛋糕。,0
2046,这是厨余垃圾_饼干。,图中没有垃圾。,0
2047,这是厨余垃圾_饼干。,这是一个展示各种形状和图案的饼干，包括心形、骨头、星星和星形等。,1
2048,这是厨余垃圾_饼干。,这是一个盘子里的面包。面包上撒有黑色的芝麻。,1
2049,这是厨余垃圾_饼干。,这张图片里没有明确表示是什么垃圾，因为图片中显示的是各种各样的饼干，没有特定的垃圾类别。,0
2050,这是厨余垃圾_饼干。,根据图片中的描述，饼干属于可回收垃圾。,0
2051,这是厨余垃圾_饼干。,这是一张食物的照片，不是垃圾。,0
2052,这是厨余垃圾_饼干。,图片中的物品属于其他垃圾。,0
2053,这是厨余垃圾_饼干。,这个垃圾属于塑料袋。,0
2054,这是厨余垃圾_饼干。,根据图片中的物品，可以看出这些物品属于不可回收垃圾。,0
2055,这是厨余垃圾_饼干。,这是一张展示饼干的照片。图片中可以看到几块巧克力饼干，它们被放在一个金属篮子里，上面铺着纸。,1
2056,这是厨余垃圾_饼干。,图中的垃圾是饼干。,1
2057,这是厨余垃圾_饼干。,图片中的物品属于其他垃圾类别。,0
2058,这是厨余垃圾_饼干。,,0
2059,这是厨余垃圾_饼干。,图片中的物品属于可回收垃圾类别。,0
2060,这是厨余垃圾_饼干。,图片中的物品属于其他垃圾类别。,0
2061,这是厨余垃圾_饼干。,这是一堆饼干。饼干上画着各种卡通形象，包括男孩和女孩的脸部。这些饼干放在蓝色的花卉图案布料上。,1
2062,这是厨余垃圾_饼干。,这张图片里没有明确的垃圾种类。,0
2063,这是厨余垃圾_饼干。,这张图片里没有垃圾。,0
2064,这是厨余垃圾_饼干。,根据图片描述，图片中的物品属于其他垃圾。,0
2065,这是厨余垃圾_饼干。,这张图片里是脆饼，属于垃圾食品。,1
2066,这是厨余垃圾_饼干。,这张图片里是饼干。,1
2067,这是厨余垃圾_饼干。,这是一个盘子里的饼干，形状像米奇老鼠的耳朵。,1
2068,这是厨余垃圾_饼干。,这个垃圾属于食品垃圾。,1
2069,这是厨余垃圾_饼干。,图片中的物品属于其他垃圾。,0
2070,这是厨余垃圾_饼干。,图中的垃圾是脆皮饼干。,1
2071,这是厨余垃圾_饼干。,这张图片里是饼干。,1
2072,这是厨余垃圾_饼干。,这张图片里是饼干。,1
2073,这是厨余垃圾_饼干。,图中的垃圾是饼干。,1
2074,这是厨余垃圾_饼干。,这个垃圾属于“食物垃圾”。,1
2075,这是厨余垃圾_饼干。,这是制作宠物饼干的过程。饼干上有一些绿色的形状，可能是蔬菜或叶子的形状。饼干上还有一个棕色的模具，可能是用来制作饼干的模具。,0
2076,这是厨余垃圾_饼干。,图片中的物品属于其他垃圾类别。,0
2077,这是厨余垃圾_饼干。,这是一个烤盘，上面放着几块饼干。,1
2078,这是厨余垃圾_饼干。,这张图片里没有明显的垃圾。,0
2079,这是厨余垃圾_饼干。,这是饼干。,1
2080,这是厨余垃圾_饼干。,这是一个装有饼干的盘子。饼干上放着一颗坚果，饼干旁边有一块被咬了一口的饼干。背景中还有其他饼干。,1
2081,这是厨余垃圾_饼干。,这是一个烘焙模具，里面装满了形状各异的饼干或糕点。,1
2082,这是厨余垃圾_饼干。,图中没有垃圾。,0
2083,这是厨余垃圾_饼干。,图片中的物品属于可回收物。,0
2084,这是厨余垃圾_香蕉皮。,这张图片里的是厨余垃圾。,1
2085,这是厨余垃圾_香蕉皮。,这个香蕉皮属于可回收垃圾。,0
2086,这是厨余垃圾_香蕉皮。,根据图片中的物品描述，这个物品属于厨余垃圾。,1
2087,这是厨余垃圾_香蕉皮。,这是香蕉皮，剥了皮的香蕉放在白色的背景上。,1
2088,这是厨余垃圾_香蕉皮。,图片中的物品属于厨余垃圾类别。,1
2089,这是厨余垃圾_骨肉相连。,这是一道肉串，通常称为串烧。肉串通常由多种类型的肉制成，然后用竹签穿起来。肉串通常是用调味料和酱汁腌制过的，然后在烤箱或烤架上烤熟。肉串是一种常见的中式菜肴，常与蔬菜和蘸酱一起食用。,1
2090,这是厨余垃圾_骨肉相连。,图中的垃圾是红色的食物，看起来像是某种肉类或鱼肉。,1
2091,这是厨余垃圾_骨肉相连。,图中的垃圾是食物残渣。,1
2092,这是厨余垃圾_骨肉相连。,这是辣味鸡块，通常作为下酒菜或烧烤时的调料。,1
2093,这是厨余垃圾_骨肉相连。,图片中的物品属于厨余垃圾。,1
2094,这是厨余垃圾_骨肉相连。,,0
2095,这是厨余垃圾_骨肉相连。,这张图片里没有提到垃圾，图片里显示的是食物。,0
2096,这是厨余垃圾_骨肉相连。,这张图片里没有垃圾。,0
2097,这是厨余垃圾_骨肉相连。,这张图片里的垃圾是厨余垃圾。,1
2098,这是厨余垃圾_骨肉相连。,,0
2099,这是厨余垃圾_骨肉相连。,这个垃圾属于餐厨垃圾。,1
2100,这是厨余垃圾_骨肉相连。,图片中的物品属于可回收垃圾。,0
2101,这是厨余垃圾_骨肉相连。,这张图片里是食物垃圾。,1
2102,这是厨余垃圾_骨肉相连。,这个图片的内容是一盘烤肉串，放在白色的盘子里，周围还有一些装饰。这种食物通常被称为烤肉串。烧烤肉串是一种常见的中式小吃，通常是用肉串在木炭上烤制而成。这种食物通常会在盘子里用调料和蔬菜进行搭配，使其看起来更加美味和诱人。,1
2103,这是厨余垃圾_骨肉相连。,图中没有垃圾。,0
2104,这是厨余垃圾_骨肉相连。,这个垃圾是餐后垃圾。,1
2105,这是厨余垃圾_骨肉相连。,图中的垃圾是塑料袋。,0
2106,这是厨余垃圾_骨肉相连。,图中没有垃圾。,0
2107,这是厨余垃圾_骨肉相连。,这是日本料理中的“三文鱼棒”，也被称为“金枪鱼串”。它是将三文鱼片或金枪鱼肉串在细长的竹签上，然后烤或油炸后食用。这种食物在日本非常受欢迎，因其口感鲜美、味道独特而受到喜爱。,0
2108,这是厨余垃圾_骨肉相连。,,0
2109,这是厨余垃圾_骨肉相连。,这个垃圾属于可回收物。,0
2110,这是厨余垃圾_骨肉相连。,这个垃圾属于餐厨垃圾。,1
2111,这是厨余垃圾_骨肉相连。,图中的垃圾是香肠。,1
2112,这是厨余垃圾_骨肉相连。,根据图片，这个物品属于餐厨垃圾。,1
2113,这是厨余垃圾_骨肉相连。,这张图片中的垃圾属于厨房垃圾。,1
2114,这是厨余垃圾_骨肉相连。,这是一道传统的中国美食，叫做“烤串”。烤串通常由多种肉类和蔬菜制成，通常用木棒或金属棒串起来，然后在烤架上烤制。烤串的味道丰富，口感独特，深受人们喜爱。,0
2115,这是厨余垃圾_骨肉相连。,根据图片内容，该物品属于其他垃圾。,0
2116,这是厨余垃圾_骨肉相连。,图中没有垃圾。,0
2117,这是厨余垃圾_骨肉相连。,图中的垃圾是“鱼丸”。,1
2118,这是厨余垃圾_骨肉相连。,图中没有垃圾。,0
2119,这是厨余垃圾_骨肉相连。,这张图片里有塑料袋。,0
2120,这是厨余垃圾_骨肉相连。,图片中的物品属于其他垃圾类别。,0
2121,这是厨余垃圾_骨肉相连。,这张图片里没有明确的垃圾种类，但从图片内容来看，它可能属于以下几种垃圾之一：  1. **食物垃圾**：如果这些是烧烤或类似的食品，它们可能属于食物垃圾。 2. **蔬菜垃圾**：如果这些是蔬菜，它们可能属于蔬菜垃圾。 3. **水果垃圾**：如果这些是水果，它们可能属于水果垃圾。  具体属于哪种垃圾，还需要根据实际的内容和标签来确定。,0
2122,这是厨余垃圾_鸡翅。,这是一道烤鸡翅串，通常用香料和酱汁腌制后烤制而成。,1
2123,这是厨余垃圾_鸡翅。,图中没有垃圾。,0
2124,这是厨余垃圾_鸡翅。,这张图片中的垃圾属于食物垃圾。食物垃圾是指人类食用后不能被回收利用的剩余食物，如剩菜、剩饭、剩菜骨头等。,1
2125,这是厨余垃圾_鸡翅。,这张图片里没有明确表示是什么垃圾。,0
2126,这是厨余垃圾_鸡翅。,图中的垃圾是炸鸡。,1
2127,这是厨余垃圾_鸡翅。,这是一个烤翅中，上面有红色的酱汁，放在白色盘子里。,1
2128,这是厨余垃圾_鸡翅。,这张图片里是可回收垃圾。,0
2129,这是厨余垃圾_鸡翅。,,1
2130,这是厨余垃圾_鸡翅。,图片中的物品属于其他垃圾类别。,0
2131,这是厨余垃圾_鸡翅。,图中没有垃圾。,0
2132,这是厨余垃圾_鸡翅。,图中的垃圾是三只炸鸡。,1
2133,这是厨余垃圾_鸡翅。,这是一道美味的烤鸡翅，上面撒满了芝麻，看起来非常诱人。,1
2134,这是厨余垃圾_鸡翅。,这个垃圾属于餐厨垃圾。,1
2135,这是厨余垃圾_鸡翅。,这是一份外卖食品，包含鸡肉和调料。它看起来是用烧烤的方式烹饪的。,1
2136,这是厨余垃圾_鸡翅。,这是一张食物的照片，具体的类型可能是炸鸡或者炸鸡翅。图片中的食物被放在绿色的叶子上，可能是在餐厅或家庭厨房中拍摄的。,1
2137,这是厨余垃圾_鸡翅。,图中没有垃圾。,0
2138,这是厨余垃圾_鸡翅。,这是一张显示食品的图片。图片中展示了一盘烤翅，旁边还有一片生菜和一个水果。图片顶部显示了产品信息，包括产品名称“圣农精制烤翅”、重量（920克/包，12包/箱）和包装方式（冷藏直发冰袋+泡沫箱）。图片底部还显示了价格（420元）和促销信息（满168元送顺丰包邮）。,1
2139,这是厨余垃圾_鸡翅。,这张图片里没有明显的垃圾。,0
2140,这是厨余垃圾_鸡翅。,这张图片里的垃圾是餐厨垃圾。餐厨垃圾是指厨房产生的食物残渣、废弃的餐具和食物残渣等，需要通过专门的收集和处理设施进行处理。,1
2141,这是厨余垃圾_鸡翅。,这是一条宣传广告信息，不属于垃圾。,0
2142,这是厨余垃圾_鸡翅。,这张图片里没有明显的垃圾。它展示了一道美食，可能是烤鸡翅。,1
2143,这是厨余垃圾_鸡翅。,图片中的物品属于厨余垃圾。,1
2144,这是厨余垃圾_鸡翅。,根据图中提供的信息，无法确定图片中的物品属于什么垃圾类别。,0
2145,这是厨余垃圾_鸡翅。,这张图片中的垃圾类型是食品垃圾。,1
2146,这是厨余垃圾_鸡翅。,"This is a picture of a fried food, not a trash.",0
2147,这是厨余垃圾_鸡翅。,图中的垃圾是“烤鸡翅”。,1
2148,这是厨余垃圾_鸡翅。,这是一道中式菜肴，具体来说是一道烤鸡翅。烤鸡翅通常是将鸡翅放在烤箱中烤制，然后撒上芝麻或其他调料，最后再烤至表面金黄酥脆。这道菜看起来非常美味，颜色鲜艳，适合上桌。,1
2149,这是厨余垃圾_鸡翅。,这个垃圾属于食物垃圾。,1
2150,这是厨余垃圾_鸡翅。,这张图片里的垃圾是“其他垃圾”。,0
2151,这是厨余垃圾_鸡翅。,这是一道蔬菜沙拉，包括两片生菜叶子、几颗红色的小番茄和几片烤鸡翅。这些食材搭配在一起，形成了一道清爽可口的沙拉。,1
2152,这是厨余垃圾_鸡翅。,这是一碗生鸡翅。鸡翅是鸡的翅部肉质，通常在烹饪前需要处理和腌制。,1
2153,这是厨余垃圾_鸡翅。,这张图片里有鱼肉，所以可能是食物垃圾。,1
2154,这是厨余垃圾_鸡翅。,这是一个生鸡肉的图片。鸡肉上覆盖着红色的调料，可能是辣椒酱或其他酱料。,1
2155,这是厨余垃圾_鸡翅。,这张图片里没有垃圾。它展示的是一个烤鸭的图片。,0
2156,这是厨余垃圾_鸡翅。,图中的垃圾是包装袋上的“奥尔良风味”字样。,0
2157,这是可回收物_乒乓球拍。,这个物品属于体育用品。,0
2158,这是可回收物_乒乓球拍。,这张图片中的物品是一块乒乓球拍，属于体育用品类别。,1
2159,这是可回收物_乒乓球拍。,图中的垃圾是木制乒乓球拍。,1
2160,这是可回收物_乒乓球拍。,这是一张乒乓球拍的照片。乒乓球拍通常由橡胶制成，上面有一个红色的胶垫，用于增加摩擦力。图中的乒乓球拍是木制的，可能是用木头制成的，具有传统风格。乒乓球拍通常用于乒乓球运动。,1
2161,这是可回收物_乒乓球拍。,图片中的物品属于其他垃圾。,0
2162,这是可回收物_乒乓球拍。,这张图片里有乒乓球拍，所以它是可回收垃圾。,1
2163,这是可回收物_乒乓球拍。,这个垃圾属于电子垃圾（e-waste）。,0
2164,这是可回收物_乒乓球拍。,图片中的物品属于其他垃圾。,0
2165,这是可回收物_乒乓球拍。,图中的垃圾是两个乒乓球拍。,1
2166,这是可回收物_乒乓球拍。,这是一张乒乓球拍的照片。图片中的乒乓球拍表面是黑色的，上面有白色的线条和文字，表面中间有白色的“SHB”字样，表面下方是红色的边缘。乒乓球拍的握把是木制的，上面有蓝色和灰色的花纹。图片左下角有一个“直拍6006”的标签。,1
2167,这是可回收物_乒乓球拍。,这是一张乒乓球拍的照片。照片中可以看到一个乒乓球拍的侧面，上面有一个标志和文字，品牌是“andro”，型号是“v12 kinetic”。乒乓球拍的设计和品牌标识表明这是一支专业的乒乓球拍。,1
2168,这是可回收物_乒乓球拍。,这是乒乓球拍和球拍套。乒乓球拍通常有木柄，适合初学者使用，而球拍套则保护球拍，防止损坏。,1
2169,这是可回收物_乒乓球拍。,这是一套乒乓球拍和球。乒乓球拍是红色的，球是黄色和白色的。,1
2170,这是可回收物_乒乓球拍。,图片中的物品属于其他垃圾类别。,0
2171,这是可回收物_乒乓球拍。,这张图片中的物体是一个乒乓球拍。根据图片内容，这个乒乓球拍的形状和结构类似于乒乓球拍，但具体使用什么材料和品牌可能无法确定。因此，这个垃圾应该归为“其他垃圾”。,0
2172,这是可回收物_乒乓球拍。,图中没有垃圾。,0
2173,这是可回收物_乒乓球拍。,根据描述，图片中的物品是乒乓球拍，因此属于废弃的体育用品垃圾类别。,1
2174,这是可回收物_乒乓球拍。,图片中的物品属于其他垃圾类别。,0
2175,这是可回收物_乒乓球拍。,这是两个乒乓球拍。左边的球拍是红色的，右边的球拍是黑色的。,1
2176,这是可回收物_乒乓球拍。,这张图片里没有垃圾。,0
2177,这是可回收物_乒乓球拍。,图中的垃圾是两个乒乓球拍。,1
2178,这是可回收物_乒乓球拍。,这是一张乒乓球拍的照片。乒乓球拍通常用于乒乓球运动。照片中可以看到乒乓球拍的握把和底板。握把是手柄部分，通常由塑料或木头制成，便于握持。底板是乒乓球拍的主体部分，通常由橡胶制成，具有弹性和摩擦力，可以控制乒乓球的旋转和速度。,1
2179,这是可回收物_乒乓球拍。,这张图片里没有垃圾。,0
2180,这是可回收物_乒乓球拍。,这张图片里有乒乓球拍和乒乓球拍袋，可能属于体育用品，属于其他垃圾。,1
2181,这是可回收物_乒乓球拍。,图片中的物品属于有害垃圾。有害垃圾是指具有腐蚀性、毒性、易燃性等对环境有危害的废弃物，如废电池、废油漆、废荧光灯管等。,0
2182,这是可回收物_乒乓球拍。,这是蝴蝶（Butterfly）品牌的乒乓球拍。图片中显示了拍子的背面，上面写着“BUTTERFLY”、“PEN RACKET”、“BALL-DECK”、“BLADE”、“SHAPE”、“DRIVE”、“TYPE”等信息。,1
2183,这是可回收物_乒乓球拍。,图中的垃圾是木头。,0
2184,这是可回收物_乒乓球拍。,图中的垃圾是乒乓球拍。,1
2185,这是可回收物_乒乓球拍。,图中的垃圾是乒乓球。,0
2186,这是可回收物_书。,图片中的物品属于其他垃圾。,0
2187,这是可回收物_书。,根据图片中的物品，可以看出这是一个文件夹，它属于其他垃圾。,0
2188,这是可回收物_书。,图中的垃圾是竹子。,0
2189,这是可回收物_书。,图片中的物品属于可回收垃圾。,1
2190,这是可回收物_书。,这个垃圾属于“垃圾”。,0
2191,这是可回收物_书。,图片中的物品属于不可回收垃圾。,0
2192,这是可回收物_书。,这张图片里是纸张垃圾。,1
2193,这是可回收物_书。,图片中的物品属于其他垃圾类别。,0
2194,这是可回收物_书。,这是一本关于中级财务会计的书籍。书名是《中级财务会计》。这本书是由东北财经大学出版社出版的，是国家级精品课程和国家级重点学科的教材。这本书的主编是刘永泽和陈立军。,1
2195,这是可回收物_书。,这个垃圾应该被分类为“垃圾”。,0
2196,这是可回收物_书。,图中的垃圾是一本书的封皮，上面有文字和一些图案。,1
2197,这是可回收物_书。,图中的垃圾是一本破损的书。,1
2198,这是可回收物_书。,图中的垃圾是纸张。,1
2199,这是可回收物_书。,这张图片中的垃圾是废弃的旧书。,1
2200,这是可回收物_书。,这个垃圾应该属于“废纸”类别。,1
2201,这是可回收物_书。,图片中的物品属于其他垃圾类别。,0
2202,这是可回收物_书。,图中的垃圾是一张旧书封面，上面有文字和图片。,1
2203,这是可回收物_书。,图中的垃圾是一卷卫生纸。,0
2204,这是可回收物_书。,这个垃圾属于废纸。,1
2205,这是可回收物_书。,这是一本古籍，内容为汉字，看起来很古老，可能是古代的书籍。由于图片中没有更清晰的细节，我无法确定这本书的具体内容。如果你有更多的图片或描述，我会尽力帮助你。,1
2206,这是可回收物_书。,根据图片中的书名和出版社信息，这本书属于“社会科学类”的书籍，因此，它属于“废书”类别。,1
2207,这是可回收物_书。,这个垃圾属于书籍类垃圾。,1
2208,这是可回收物_书。,这是一本书，具体来说是一本中文书籍。,1
2209,这是可回收物_书。,图中的垃圾是两本书，书名是《金瓶梅》。,1
2210,这是可回收物_书。,图中的垃圾是脏旧的书页。,1
2211,这是可回收物_书。,这是一本旧书，书名是《我爱故乡的水》。这本书描述了作者对故乡水的热爱和赞美之情，以及对故乡生活的回忆和怀念。书中的插图展示了故乡的美丽风景和日常生活，体现了作者对故乡的深深感情。,1
2212,这是可回收物_书。,图中的垃圾是一根被透明塑料包裹的长棍子。,0
2213,这是可回收物_书。,这张图片里是废纸。,1
2214,这是可回收物_书。,图中的垃圾是红色的，形状不规则，大小不一，分布不均匀。,0
2215,这是可回收物_书。,图片中的物品属于可回收物。,1
2216,这是可回收物_书。,图片中的物品属于可回收物类别。,1
2217,这是可回收物_书。,图中的垃圾是一本发黄的书，书脊上有一处被磨损的地方。,1
2218,这是可回收物_书。,这是一本英文原版书，书名为《The Life of James F. Smith》。这本书的作者是James F. Smith，出版时间是1868年。这本书讲述了詹姆斯·F·史密斯（James F. Smith）的故事，是一位著名的美国西部探险家和作家。这本书是一部经典的传记，对了解詹姆斯·F·史密斯的人生经历和他所创造的传奇有很大的帮助。,1
2219,这是可回收物_书。,这是一张展示文件柜的图片。图片中展示了多个垂直的文件柜，每个文件柜都有一个把手。这些文件柜可能用于存放文件、书籍或其他类型的文件。图片中的文件柜似乎被整齐地排列在一起，可能是在一个办公室或档案室中。,0
2220,这是可回收物_书。,这张图片里是一张被烧焦的纸。,0
2221,这是可回收物_书。,图中的垃圾是一本打开的书。,1
2222,这是可回收物_书。,根据图中物品的图片，可以看出，这些纸片属于不可回收垃圾。,0
2223,这是可回收物_书。,这是一张显示“作者略历”的图片。图片中写着“杨万里 民国八年生於广东，八岁赴日求学，二十四岁毕业於早稻田大学，战争返回上海，战後又赴日定居。杨氏世家经营中国餐馆，本人秉持‘饮食乃人生一大快事’之观念，乃潜心钻研，亦有30年历史，理论与经验十分丰富，曾任NHH电视讲座、实踐家专讲师及各大烹飡学校教授。有人曾向杨氏计教‘食’这个字的看法，他幽默的回答说：‘食乃‘人’的下面有一个‘良’字，也就是说，人类最好的状态就是吃’。由此可见，杨氏之烹飡人生观一斑。”,0
2224,这是可回收物_书。,这是一本小说的片段，内容涉及到战争和战斗场面。以下是一些关键点：  1. **战争背景**：这可能是一本反映二战时期战争场面的小说。 2. **人物**：有士兵、保长、鬼子等角色。 3. **战斗场面**：涉及到士兵和敌人的战斗。 4. **对话**：有一些对话和对话框，可能在描述战斗中的情况。  由于内容较为复杂，建议查阅原书或相关资料来获取更详细的信息。,1
2225,这是可回收物_书。,这张图片显示的是一本中文书籍，具体来说是一本名为《赵孟頫书法精选》的书籍。,1
2226,这是可回收物_书。,这是一个封面设计，上面有“MONSTER JAM”和“GRAVE DIGGER”的字样，背景是绿色的，封面设计展示了越野车的形象。,0
2227,这是可回收物_书。,图片中的物品属于其他垃圾类别。,0
2228,这是可回收物_书。,这是一张图片，展示了一个古代陶瓷器的图片。图片上有黑色的装饰图案，可能是一个装饰盒或者茶具。背景是黑色的，可能是为了突出图片中的装饰元素。这种类型的图片通常来自历史或考古展览，展示了古代陶瓷器的美丽和工艺。,0
2229,这是可回收物_书。,图中的垃圾是一张纸币。,0
2230,这是可回收物_书。,这是一本关于《三国人物论》的书籍。,1
2231,这是可回收物_书。,这张图片里显示的是一页手写文字，内容涉及到税收和税务的管理。由于图片中没有明显的标志或标签，无法确定其具体分类。一般情况下，这类内容可能会出现在档案、文件、书籍、报纸等传统纸质资料中。建议查阅或咨询相关领域的专家或档案馆，以获取更准确的答案。,1
2232,这是可回收物_书。,这是一本关于中国历史文化的作品。封面上有“中国文化史”和“风雪定陵”的字样，表明这本书可能与中国古代历史和文化有关。书名“风雪定陵”可能是指某个历史时期的陵墓，可能与古代的军事或政治活动有关。,1
2233,这是可回收物_保温杯。,这个垃圾属于“其他垃圾”。,0
2234,这是可回收物_保温杯。,这个垃圾应该属于厨房垃圾。,0
2235,这是可回收物_保温杯。,图中的垃圾是两个不锈钢保温杯。,1
2236,这是可回收物_保温杯。,图中没有垃圾。,0
2237,这是可回收物_保温杯。,这是一只星巴克（Starbucks）品牌的保温杯。杯子上有星巴克的标志，杯子盖子上有绿色的带子，杯子本身是白色的。星巴克是一个知名的咖啡连锁店，以其独特的设计和品牌标志而闻名。,1
2238,这是可回收物_保温杯。,这是一对保温杯。保温杯是一种能够保持热水或冷饮温度的杯子，通常用于在外出时饮用热水或冷饮。保温杯的外观设计和品牌标识通常会根据品牌和型号的不同而有所不同。,1
2239,这是可回收物_保温杯。,这是一只红色的不锈钢保温杯。杯身上有一个小熊的图案，杯子上还印有“BAOWENBEI”的字样。这种保温杯通常用于保温饮料，保持饮料的温度。,1
2240,这是可回收物_保温杯。,图片中的物品属于可回收垃圾。,1
2241,这是可回收物_保温杯。,这是两个保温杯。一个杯子是白色的，另一个杯子是黄色的。两个杯子上都印有“natural”字样，背景是户外的自然环境。,1
2242,这是可回收物_保温杯。,图片中的物品属于可回收物类别。,1
2243,这是可回收物_保温杯。,这是一张平铺的照片，展示了一支钢笔、一个钱包、一部手机、一块手表、一个杯子和一条领带。,0
2244,这是可回收物_保温杯。,这张图片里的是可回收垃圾。,1
2245,这是可回收物_保温杯。,图中没有垃圾。,0
2246,这是可回收物_保温杯。,这张图片里是可回收垃圾。,1
2247,这是可回收物_保温杯。,,0
2248,这是可回收物_保温杯。,这张图片里有一个保温瓶和一个杯子。保温瓶和杯子都是塑料制品，因此它们属于塑料垃圾。塑料垃圾是可回收垃圾的一种。,1
2249,这是可回收物_保温杯。,这个垃圾属于有害垃圾。,0
2250,这是可回收物_保温杯。,图中没有垃圾。,0
2251,这是可回收物_保温杯。,图片中的物品属于可回收物。,1
2252,这是可回收物_保温杯。,图片中的物品属于有害垃圾。,0
2253,这是可回收物_保温杯。,根据图片，这个物品属于其他垃圾类别。,0
2254,这是可回收物_保温杯。,图片中的物品属于其他垃圾类别。,0
2255,这是可回收物_保温杯。,图中的垃圾是一颗棕色的球。,0
2256,这是可回收物_保温杯。,这是一个不锈钢保温杯。杯子上印有中文，可能是品牌或设计师的名字。杯子的设计也很独特，有一个弯曲的把手，看起来很耐用。,1
2257,这是可回收物_保温杯。,图中的垃圾是五个蓝色的杯子。,1
2258,这是可回收物_保温杯。,图片中的物品属于可回收垃圾。,1
2259,这是可回收物_保温杯。,这个垃圾是陶瓷。,0
2260,这是可回收物_保温杯。,这个垃圾应该属于“其他垃圾”类别。,0
2261,这是可回收物_保温杯。,图片中的物品属于其他垃圾类别。,0
2262,这是可回收物_保温杯。,图中的垃圾是绿色的杯子。,1
2263,这是可回收物_保温杯。,这是一只星巴克的水瓶套。水瓶套上有一个卡通图案，图案中是一只戴着太阳镜的狗。水瓶套的设计非常可爱，适合作为水瓶的装饰和保护。,0
2264,这是可回收物_保温杯。,这是一个保温杯，通常用于保温热水。保温杯的设计可以帮助保持饮料的温度，使其在长时间内保持温暖。它通常由不锈钢制成，具有保温性能，可以长时间存放热水而不变质。,1
2265,这是可回收物_保温杯。,,0
2266,这是可回收物_保温杯。,这个垃圾属于可回收垃圾。,1
2267,这是可回收物_保温杯。,这张图片里没有提到垃圾，它是一只粉色的保温杯。,1
2268,这是可回收物_保温杯。,这是一张两个保温杯的照片。杯子的盖子是棕色的，杯子的把手是棕色的，杯子是圆柱形的，杯口处有一个凹槽，杯子上有“℃+”的标志。背景是一面砖墙，墙上有一些花和一只泰迪熊。,1
2269,这是可回收物_保温杯。,这个垃圾属于其他垃圾。,0
2270,这是可回收物_保温杯。,这张图片里有一只白色的保温杯和一个黑色的保温杯。它们看起来像是塑料制品。,1
2271,这是可回收物_保温杯。,这张图片里没有垃圾。,0
2272,这是可回收物_保温杯。,这个垃圾属于可回收垃圾。,1
2273,这是可回收物_保温杯。,这个垃圾属于可回收物。,1
2274,这是可回收物_保温杯。,这个垃圾属于厨房垃圾。,0
2275,这是可回收物_保温杯。,图片中的物品属于其他垃圾。,0
2276,这是可回收物_保温杯。,,0
2277,这是可回收物_保温杯。,这张图片里的垃圾属于可回收物。,1
2278,这是可回收物_保温杯。,图片中的物品属于厨余垃圾类别。,0
2279,这是可回收物_保温杯。,图中的垃圾是两个保温杯。,1
2280,这是可回收物_保温杯。,这是一个不锈钢保温壶，通常用于保温热水。壶身有两个把手，适合手持使用。壶身的颜色有烟灰和淡蓝两种选择。,1
2281,这是可回收物_保温杯。,,0
2282,这是可回收物_保温杯。,这个垃圾属于厨房垃圾。,0
2283,这是可回收物_保温杯。,图中的垃圾是一罐空的罐子和两个鸡蛋。,0
2284,这是可回收物_保温杯。,这个物品是一个不锈钢保温杯，属于厨房和家居用品。,1
2285,这是可回收物_保温杯。,这张图片中的垃圾类型是塑料瓶。,0
2286,这是可回收物_保温杯。,图片中的物品属于其他垃圾类别。,0
2287,这是可回收物_保温杯。,根据图片中的描述，这个物品是不锈钢保温杯。不锈钢保温杯属于金属垃圾。金属垃圾是指由金属材料制成的垃圾，包括金属制品、金属粉末、金属块、金属丝、金属箔等。金属垃圾对环境和人体健康有害，应进行分类回收。,1
2288,这是可回收物_保温杯。,图中的垃圾是保温杯。,1
2289,这是可回收物_保温杯。,这个垃圾是一个茶具。,0
2290,这是可回收物_保温杯。,这张图片里有一个不锈钢保温杯，上面有汽车的图案。这个保温杯看起来像是金属材料制成的，所以它可能属于金属垃圾。,1
2291,这是可回收物_保温杯。,这是一只保温杯。保温杯是一种可以长时间保持温度的杯子，通常用于热水或饮料。图片中的保温杯上有卡通图案，可能是为了吸引儿童或青少年使用。,1
2292,这是可回收物_保温杯。,这张图片里有塑料和花卉，属于其他垃圾。,0
2293,这是可回收物_保温杯。,根据图片中的物品，它属于可回收垃圾类别。,1
2294,这是可回收物_保温杯。,根据图片中的物品，可以判断出它们属于可回收垃圾。,1
2295,这是可回收物_保温杯。,图片中的物品属于其他垃圾。,0
2296,这是可回收物_保温杯。,这个图片中有一个黑色的水杯，旁边有一个黑色的笔和一个黑色的钱包。,1
2297,这是可回收物_保温杯。,图中的垃圾是咖啡盖保温杯。,1
2298,这是可回收物_保鲜盒。,这个垃圾属于塑料垃圾。,1
2299,这是可回收物_保鲜盒。,这张图片中的垃圾属于厨房垃圾。,0
2300,这是可回收物_保鲜盒。,这是一个透明的塑料容器，通常用于装食品或饮料。容器的设计看起来像是一个圆形的托盘，顶部有一个覆盖物，可能是用来保护食物或饮料的。这种容器在食品加工、餐饮行业和家庭烹饪中都很常见。,1
2301,这是可回收物_保鲜盒。,图片中的物品属于其他垃圾。,0
2302,这是可回收物_保鲜盒。,根据图片中的物品，可以看出这是一个塑料食品盒，属于其他垃圾类别。,0
2303,这是可回收物_保鲜盒。,这是一个冰箱的内部照片，冰箱的架子上放着许多塑料容器。这些容器里装有不同的食物，包括水果、蔬菜、零食和饮料。冰箱里还有一个冷藏室，上面放着一些瓶子和罐子。,0
2304,这是可回收物_保鲜盒。,这张图片里没有明确指出是什么垃圾。,0
2305,这是可回收物_保鲜盒。,这是一只蓝色的便当袋，放在厨房里。便当袋是用于携带和保存食物的袋子，通常用来存放热食，如热饭、热汤等。,0
2306,这是可回收物_保鲜盒。,这是一个透明的塑料容器，通常用于装食物。容器上有一些商标和文字，但具体的品牌或用途无法从图片中确定。,1
2307,这是可回收物_保鲜盒。,图中的垃圾是塑料盒。,1
2308,这是可回收物_保鲜盒。,图片中的物品属于其他垃圾类别。,0
2309,这是可回收物_保鲜盒。,这张图片里的是塑料垃圾。,1
2310,这是可回收物_保鲜盒。,图中展示了一个厨房橱柜里的储物盒。橱柜中的储物盒有三个，每个储物盒都装满了各种食物，如豆子和米。储物盒的盖子是透明的，便于查看盒内物品。,1
2311,这是可回收物_保鲜盒。,这个垃圾属于厨具类垃圾。,0
2312,这是可回收物_保鲜盒。,这是一组陶瓷保鲜碗。这些碗具有盖子，设计美观，适合用于保存食物。它们具有良好的保温效果，可以保持食物的新鲜度。,0
2313,这是可回收物_保鲜盒。,图中没有垃圾。,0
2314,这是可回收物_保鲜盒。,这是一个带盖的透明塑料容器套装。套装包括一个手提袋和两个透明的塑料容器。手提袋是绿色的，上面有叶子图案，手提袋两侧有带子，方便携带。塑料容器是透明的，底部有把手，可以方便地将容器放入冰箱或放入微波炉加热。这种套装通常用于存放和运输食物。,1
2315,这是可回收物_保鲜盒。,这是一个方形的塑料食品容器。它有一个透明的底部和一个黄色的盖子。这种类型的容器通常用于存放和保鲜食品，具有良好的密封性。,1
2316,这是可回收物_保鲜盒。,根据图片中的物品描述，该物品是玻璃保鲜盒。玻璃保鲜盒属于厨房垃圾类别。,0
2317,这是可回收物_保鲜盒。,这个垃圾属于厨余垃圾。,0
2318,这是可回收物_保鲜盒。,这是一张塑料盒的图片。塑料盒上有一个透明的盖子，盖子上有一个标志和一些图案。塑料盒上还贴有一个标签，上面写着“Seal More”。,1
2319,这是可回收物_保鲜盒。,这个垃圾属于厨房垃圾。,0
2320,这是可回收物_保鲜盒。,这是一个塑料餐盒，通常用于分隔食物。图片中可以看到两个隔间，一个装有勺子和叉子，另一个可能装有其他物品。塑料餐盒通常用于学校、办公室或家庭的午餐时间，方便携带和食用。,1
2321,这是可回收物_保鲜盒。,,0
2322,这是可回收物_保鲜盒。,这个垃圾属于其他垃圾。,0
2323,这是可回收物_保鲜盒。,图中的垃圾是一张图片。,0
2324,这是可回收物_保鲜盒。,这张图片展示了冰箱内部和外部的对比，展示了一个冰箱整理功能的强大。图片中没有显示出具体的垃圾类型。,0
2325,这是可回收物_保鲜盒。,这张图片展示了各种食物容器和玻璃容器，但没有明确显示这些容器属于什么类型的垃圾。,0
2326,这是可回收物_保鲜盒。,图片中的物品属于其他垃圾类别。,0
2327,这是可回收物_信封。,这张图片里没有垃圾。,0
2328,这是可回收物_信封。,图中的垃圾是塑料袋。,0
2329,这是可回收物_信封。,这是韵达快递的快递袋。袋子上有韵达快递的标志和联系方式。,0
2330,这是可回收物_信封。,这张图片是一个快递包裹的标签，属于“快递”类别。,0
2331,这是可回收物_信封。,该物品属于其他垃圾类别。,0
2332,这是可回收物_信封。,图中的垃圾是快递单据。,0
2333,这是可回收物_信封。,这张图片里是可回收垃圾。图片中可以看到一些塑料包装和纸张，这些都是可回收的垃圾。,1
2334,这是可回收物_信封。,图中的垃圾是白色的纸张，上面印有红色的中文文字。,1
2335,这是可回收物_信封。,图片中的物品属于可回收物类别。,1
2336,这是可回收物_信封。,这是快递包装袋。,0
2337,这是可回收物_信封。,这张图片显示的是一个纸张材料制成的宣传册或宣传海报。根据这张图片的内容，它可能与物流、快递或运输服务有关。由于图片中没有明确的标识，我们无法确定它具体属于哪种类型的垃圾。一般来说，纸张材料的垃圾通常属于可回收垃圾，但具体还需要根据实际情况进行判断。,1
2338,这是可回收物_信封。,根据图片中的信息，该物品属于食品垃圾。,0
2339,这是可回收物_信封。,根据图片内容，该物品属于其他垃圾。,0
2340,这是可回收物_信封。,这个垃圾属于电子垃圾（e-waste）。,0
2341,这是可回收物_信封。,这是一些包装袋。它们可能用于包装食品、药品或其他商品。包装袋上可能有各种标签和标志，用于指示产品的品牌、类型、规格和使用说明等信息。,0
2342,这是可回收物_信封。,这是一张印有“YTO圆通速递”标志的快递信封。信封上印有“WORLDWIDE EXPRESS”、“圆通速递”、“服务遍布神州”、“国际、国内、市内快件”、“WWW.YTO.NET.CN”、“上海圆通速递有限公司”等内容。,1
2343,这是可回收物_信封。,图中的垃圾是一张白色塑料袋。,0
2344,这是可回收物_信封。,图片中的物品属于其他垃圾。,0
2345,这是可回收物_信封。,图片中的物品属于可回收垃圾。,1
2346,这是可回收物_信封。,图中展示了一个绿色苹果手机壳，背景中还展示了三个用牛皮纸包装的苹果手机。,0
2347,这是可回收物_信封。,这是一张黄色的包装袋图片，上面有“HLA”和“苏州辰星新材料有限公司”的字样。包装袋看起来像是用于包装一些物品的，可能是用于运输或者仓储的。,0
2348,这是可回收物_信封。,根据图片中的“韵达快递”字样和快递袋上的“寄件”字样，可以判断该物品属于快递垃圾。,0
2349,这是可回收物_信封。,这张图片里显示的是一个快递公司的标志，具体是天天快递的标志。,0
2350,这是可回收物_信封。,这是一台印刷设备，具体来说是一台平口袋纸袋机。平口袋纸袋机是一种用于生产纸袋的机械设备，通常用于制造纸袋、纸盒、纸板箱等包装产品。它可以通过机械操作来调整纸袋的形状和大小，从而实现批量生产。,0
2351,这是可回收物_信封。,这张图片里显示的是EMS快递公司的快递贴纸。EMS是全球最大的快递服务提供商之一，主要提供包裹快递服务。,0
2352,这是可回收物_信封。,这个垃圾属于“塑料制品”。,0
2353,这是可回收物_信封。,图中的垃圾是纸质垃圾。,1
2354,这是可回收物_信封。,这张图片里的是办公用品，不属于可回收垃圾。,0
2355,这是可回收物_信封。,图片中的物品属于其他垃圾类别。,0
2356,这是可回收物_信封。,这张图片里是牛皮纸气泡袋，属于其他垃圾。,0
2357,这是可回收物_信封。,这张图片里的垃圾是废纸。,1
2358,这是可回收物_信封。,这个垃圾是废弃的文件夹。,0
2359,这是可回收物_充电头。,这张图片中的垃圾是：废旧电器。,0
2360,这是可回收物_充电头。,这张图片中的垃圾可以归类为电子垃圾。,0
2361,这是可回收物_充电头。,这张图片里是一台充电器，没有提到是属于哪种垃圾。,1
2362,这是可回收物_充电头。,这是一个充电器，用于为电子设备充电。充电器通常有两个插脚，分别连接到设备的电源和数据线。这个充电器可能适用于智能手机、平板电脑或其他支持USB充电的设备。,1
2363,这是可回收物_充电头。,图中的垃圾是手机充电器。,1
2364,这是可回收物_充电头。,图片中的物品属于其他垃圾。,0
2365,这是可回收物_充电头。,图中的垃圾是“适配 东成电动扳手 充电器”。,1
2366,这是可回收物_充电头。,这是一个充电器。,1
2367,这是可回收物_充电头。,图片中的物品属于其他垃圾类别。,0
2368,这是可回收物_充电头。,根据图片中的描述，这个物品是一个USB充电器，属于电子废弃物。,0
2369,这是可回收物_充电头。,这个垃圾可以归类为“电器插头”。,1
2370,这是可回收物_充电头。,这张图片里没有提到垃圾。,0
2371,这是可回收物_充电头。,这张图片里的垃圾是一种充电器。,1
2372,这是可回收物_充电宝。,图中的垃圾是一台银色外壳的充电宝。,1
2373,这是可回收物_充电宝。,图片中的物品属于其他垃圾。,0
2374,这是可回收物_充电宝。,这是一张小米（Xiaomi）充电宝的照片。图片中可以看到充电宝的外壳是银色的，并且上面有一个小的笑脸表情。,1
2375,这是可回收物_充电宝。,这张图片里是一个充电宝，它通常被视为电子垃圾。,0
2376,这是可回收物_充电宝。,这张图片里的是电子垃圾。,0
2377,这是可回收物_充电宝。,图中的垃圾是手机电池。,0
2378,这是可回收物_充电宝。,这张图片里有金属垃圾。,0
2379,这是可回收物_充电宝。,这张图片里显示的是一个充电宝。,1
2380,这是可回收物_充电宝。,这个物品是一台手机充电宝，属于电子产品。,1
2381,这是可回收物_充电宝。,这张图片里的是银色金属外壳的手机充电宝，具体来说，它可能是电子废弃物。电子废弃物（Electronics Waste，简称EW）是指在使用过程中产生的废弃电子设备、元器件、电子材料等。这类废弃物可能含有有害物质，对环境和人体健康构成威胁。建议在处理这类废弃物时，按照相关法律法规进行正确分类和处理。,1
2382,这是可回收物_充电宝。,这张图片里没有垃圾，是一个手持设备，可能是手机或平板电脑。,0
2383,这是可回收物_充电线。,图中的垃圾是三根数据线。,1
2384,这是可回收物_充电线。,图中的垃圾是插头和电线。,1
2385,这是可回收物_充电线。,图中的垃圾是手机充电线。,1
2386,这是可回收物_充电线。,这个垃圾应该归为电子垃圾。,0
2387,这是可回收物_充电线。,图片中的物品属于可回收物。,1
2388,这是可回收物_充电线。,根据图片中的物品，这应该属于电子废弃物（E-Waste）类别。,0
2389,这是可回收物_充电线。,图中没有垃圾，是一张图片。,0
2390,这是可回收物_充电线。,这是一张显示两部手机充电线的图片。图中手机充电线有红色和白色两种颜色，其中白色充电线更长，长度为1米，而红色充电线更短，长度为2米。充电线两端有透明的保护盖，两端都有按钮，可以调节充电线的长度。,1
2391,这是可回收物_充电线。,图片中的物品属于可回收垃圾。,1
2392,这是可回收物_充电线。,这是一个USB Hub，通常用于连接多个设备到一个USB接口。它可以通过USB线连接到电脑或设备的USB端口。这个USB Hub可以提供更多的USB接口，方便用户扩展USB设备。,0
2393,这是可回收物_充电线。,这个垃圾属于电子产品废弃物。,0
2394,这是可回收物_充电线。,这张图片的内容是一个灯泡和电线的组合。灯泡看起来像是一个LED灯，而电线则连接到灯泡上。这种灯泡通常用于汽车或电子设备的装饰照明。  由于图片内容较为简单，没有其他物体或细节，因此不需要进行垃圾分类。,0
2395,这是可回收物_充电线。,图片中的物品属于有害垃圾类别。,0
2396,这是可回收物_充电线。,这张图片中的垃圾是电脑数据线。,1
2397,这是可回收物_充电线。,这张图片里没有明确显示是什么垃圾。,0
2398,这是可回收物_充电线。,图中的垃圾是USB数据线。,1
2399,这是可回收物_充电线。,图中的垃圾是一段网线，上面有电路板和一些小型元件。,0
2400,这是可回收物_充电线。,这张图片展示的是一根多芯的电线，通常用于连接电脑或其他电子设备。多芯电线通常用于连接电脑、手机等设备，而不是用于垃圾处理。因此，这张图片中的多芯电线不属于垃圾。,0
2401,这是可回收物_充电线。,这是一张展示不同颜色和材质的USB数据线的图片。,1
2402,这是可回收物_充电线。,图中的垃圾是一些塑料袋和塑料片。,0
2403,这是可回收物_充电线。,图中有一个红色的小机器人，它有一个黑色的麦克风，两个黑色的夹子，看起来像是一个麦克风支架。,0
2404,这是可回收物_充电线。,图片中的物品属于其他垃圾。,0
2405,这是可回收物_充电线。,这张图片中的物体是一根USB线和一根Micro USB线。由于它们是不同的接口类型，它们可能会有不同功能的连接。它们可能用于不同的设备或不同的数据传输需求。,1
2406,这是可回收物_充电线。,这张图片里的物品看起来是一个电源线插头和插座，可能属于电子垃圾。电子垃圾通常指那些不再具有使用价值，但具有回收利用价值的电子设备。这种物品可能需要专门的回收处理。,1
2407,这是可回收物_充电线。,这张图片里的垃圾是电缆线。,1
2408,这是可回收物_充电线。,这张图片里的垃圾是“电子产品线缆”。,1
2409,这是可回收物_充电线。,图片中的物品属于有害垃圾类别。,0
2410,这是可回收物_充电线。,这张图片里没有明显的垃圾。它是一张白色USB线和一个苹果充电器的图片。,1
2411,这是可回收物_充电线。,这是USB充电线。USB充电线是一种连接设备和电源的电缆，通常用于将设备连接到电源，以便充电。它具有USB接口，可以为设备提供电力和数据传输。,1
2412,这是可回收物_充电线。,图中的垃圾是充电器。,1
2413,这是可回收物_充电线。,这个垃圾是：线缆（电缆）,1
2414,这是可回收物_充电线。,,0
2415,这是可回收物_充电线。,这个物品是一根USB网络连接线。,1
2416,这是可回收物_充电线。,图中没有垃圾。,0
2417,这是可回收物_充电线。,这张图片里有一个黑色的插座连接线，属于电子垃圾。电子垃圾是指不再具有使用价值的电子设备、电子部件和元器件。,0
2418,这是可回收物_充电线。,根据图片内容，物品属于电子废弃物。,0
2419,这是可回收物_充电线。,这个图片中的垃圾属于电子产品废弃物。,0
2420,这是可回收物_充电线。,这是一根USB转DC圆头充电线。图中显示了多种不同直径的圆头，包括DC 2.0、DC 2.5、DC 3.5、DC 4.0和DC 5.5。这些圆头用于连接不同的USB端口和DC电源适配器，以便为设备充电。,1
2421,这是可回收物_充电线。,图中没有垃圾。,0
2422,这是可回收物_充电线。,这张图片里没有垃圾。,0
2423,这是可回收物_充电线。,这张图片显示的是一根电线。电线通常用于连接电子设备，例如电脑、电视、电话、网络设备等。,1
2424,这是可回收物_充电线。,这张图片中的垃圾属于电子垃圾。,0
2425,这是可回收物_充电线。,这张图片中的物品是线缆。,1
2426,这是可回收物_充电线。,这张图片里的是塑料制品。,0
2427,这是可回收物_充电线。,这张图片里有一个USB接口和一个Micro USB接口的线缆。由于线缆没有具体的使用场景描述，我们无法确定它属于哪种类型的垃圾。通常情况下，这类线缆可能会被分类为电子废弃物（E-Waste）或电子设备废弃物（E-WD）之一。如果线缆损坏或不能正常工作，可能会被视为电子废弃物。然而，如果没有更多的信息，我们无法确定它的确切类型。,0
2428,这是可回收物_充电线。,图片中的物品属于其他垃圾类别。,0
2429,这是可回收物_充电线。,这个图片中的物品是一根USB延长线。,1
2430,这是可回收物_充电线。,这个垃圾属于电子垃圾。,0
2431,这是可回收物_充电线。,这是一张绿联品牌的USB数据线的照片。绿联是知名的品牌，提供各种电子设备的配件，包括USB数据线、电源线、充电线等。,1
2432,这是可回收物_充电线。,这是一个USB转3.5mm音频插头的转换器。图中显示了两个不同类型的连接端口：上边是标准的USB端口，下边是3.5mm音频插头。这种转换器通常用于连接音频设备到电脑，如耳机、麦克风等，将音频信号转换为USB数据传输。,1
2433,这是可回收物_充电线。,图中的垃圾是“苹果5数据线1米新包装”。,1
2434,这是可回收物_充电线。,图中的“垃圾”是指图中展示的多种插头和充电线的组合。这些插头和充电线用于连接不同的电子设备，例如手机、平板电脑、电脑、相机等。,1
2435,这是可回收物_充电线。,这个垃圾应该属于电子废弃物。,0
2436,这是可回收物_充电线。,这是一个充电传输二合一的转换头，通常用于将安卓设备连接到PSP（PlayStation Portable）上。这个转换头可以实现充电和数据传输的功能，使得用户可以使用安卓设备的充电接口给PSP设备充电，并且可以将PSP设备的USB接口连接到电脑或其他设备上，进行数据传输。这种设备通常用于PSP设备的便携式充电和数据传输需求。,1
2437,这是可回收物_充电线。,这是三合一的充电数据线。它可以在三个不同的端口之间传输数据和电源，包括USB-C、USB-A和USB-A。这种设计使得用户可以同时使用多种设备，如手机、平板电脑和电脑。,1
2438,这是可回收物_八宝粥罐。,图中没有垃圾。,0
2439,这是可回收物_八宝粥罐。,图中的垃圾是空的方便面包装盒。,0
2440,这是可回收物_八宝粥罐。,图片中的物品属于其他垃圾类别。,0
2441,这是可回收物_八宝粥罐。,这是一个罐头食品的包装。罐头上标有“桂圆莲子八宝粥罐头”字样，配料包括水、白砂糖、糯米、麦仁、红豆、腰豆、花生、绿豆、桂圆、莲子、银耳、食品添加剂（蔗糖脂肪酸酯、三聚磷酸钠、乙二胺四乙二酸二钠、D-异抗坏血酸钠）。保质期为24个月，生产日期见罐底。,1
2442,这是可回收物_八宝粥罐。,图片中的物品属于厨余垃圾类别。,0
2443,这是可回收物_八宝粥罐。,根据图片中的信息，这个物品是“八宝粥”，属于食品垃圾。,0
2444,这是可回收物_八宝粥罐。,根据图片中的信息，这个物品属于其他垃圾。,0
2445,这是可回收物_八宝粥罐。,图片中的物品属于厨余垃圾。,0
2446,这是可回收物_八宝粥罐。,这个垃圾属于食品废弃物。,0
2447,这是可回收物_八宝粥罐。,这是一罐八宝粥，标有“泰山八宝粥”和“深航程发”的字样。八宝粥是一种传统的中式汤类食品，通常由八种不同的食材（如红枣、桂圆、莲子、枸杞、薏米、山药、白果、葡萄干）搭配熬制而成，具有补气养血、益肾健脾等功效。,1
2448,这是可回收物_八宝粥罐。,这张图片中的食物罐头属于厨余垃圾。,0
2449,这是可回收物_刀。,图片中的物品属于厨余垃圾。,0
2450,这是可回收物_刀。,这张图片里是一个菜刀。菜刀是一种用于切菜的工具，通常用于厨房。,1
2451,这是可回收物_刀。,图片中的物品属于有害垃圾。,0
2452,这是可回收物_刀。,图片中的物品属于其他垃圾类别。,0
2453,这是可回收物_刀。,这个垃圾属于厨房垃圾。,0
2454,这是可回收物_刀。,图片中的物品属于厨余垃圾类别。,0
2455,这是可回收物_刀。,图中的垃圾是一把刀，刀柄和刀身有花纹装饰。,1
2456,这是可回收物_刀。,根据图片内容，该物品属于有害垃圾。,0
2457,这是可回收物_刀。,这是一把刀具。刀具的材质为纯钢，刀把为仿红木。刀具的硬度为HRC56-58℃。刀具的全长为278mm，刀片长168mm，刀片宽45mm，刀片厚2.1mm。,1
2458,这是可回收物_刀。,这是一把刀。,1
2459,这是可回收物_刀。,这是一把折叠刀。折叠刀是一种便携的工具，通常由金属制成，可以折叠成一个紧凑的形状，方便携带。,1
2460,这是可回收物_刀。,这张图片里显示的是一个塑料刀，塑料刀属于其他垃圾。,0
2461,这是可回收物_刀。,图片中的物品属于有害垃圾。,0
2462,这是可回收物_刀。,图片中的物品属于厨余垃圾。,0
2463,这是可回收物_刀。,这是一把刀具，具体来说是一把锋利的锯条。锯条通常用于切割木材或其他材料，以其锋利的边缘和坚固的材质而闻名。刀具的材料通常由钢制成，这种材料具有较高的硬度和耐磨性，使其能够承受使用过程中的磨损和损伤。,1
2464,这是可回收物_刀。,图中的垃圾是一把刀。,1
2465,这是可回收物_刀。,这张图片里是一把菜刀。,1
2466,这是可回收物_刀。,图中的垃圾是石头。,0
2467,这是可回收物_刀。,这个垃圾应该属于“刀具”类别。,0
2468,这是可回收物_刀。,图中的垃圾是一把锋利的刀具。,1
2469,这是可回收物_刀。,这张图片里的是刀具，不是垃圾。,0
2470,这是可回收物_刀。,根据图片中的描述，这个物品是刀具，属于厨具垃圾。,0
2471,这是可回收物_刀。,这个垃圾是厨房刀具。,1
2472,这是可回收物_刀。,图片中的物品属于有害垃圾。,0
2473,这是可回收物_剃须刀片。,根据图片中的信息，该物品属于金属垃圾。,0
2474,这是可回收物_剃须刀片。,这张图片里的垃圾是金属废料。,1
2475,这是可回收物_剃须刀片。,这个垃圾是废纸。,0
2476,这是可回收物_剪刀。,根据图片中的描述，物品是一把剪刀。剪刀是一种厨房用品，通常用于切割食材或烹饪。因此，这把剪刀属于厨房垃圾。,0
2477,这是可回收物_剪刀。,图中的垃圾是钳子。,0
2478,这是可回收物_剪刀。,这是一把厨房用的剪刀。它有一个红色的按钮，可能是用来控制剪刀的开合。剪刀的刀刃锋利，适合用来剪切食材。,1
2479,这是可回收物_剪刀。,这张图片里是金属废弃物。,0
2480,这是可回收物_剪刀。,图中的垃圾是剪刀。,1
2481,这是可回收物_剪刀。,这个垃圾不是垃圾，而是剪刀。,1
2482,这是可回收物_剪刀。,这张图片里没有垃圾。,0
2483,这是可回收物_剪刀。,这张图片里没有垃圾。,0
2484,这是可回收物_剪刀。,这是一把剪刀。它有一个弯曲的刀片和一个塑料手柄。剪刀通常用于剪切纸张、布料和其他材料。,1
2485,这是可回收物_剪刀。,图中的垃圾是一把剪刀。,1
2486,这是可回收物_剪刀。,这张图片里的是金属剪刀。金属剪刀是一种剪切工具，通常用于剪切材料。,1
2487,这是可回收物_剪刀。,图是一盒剪刀，剪刀柄是红色的。,1
2488,这是可回收物_剪刀。,图片中的物品属于不可回收垃圾类别。,0
2489,这是可回收物_勺子。,这张图片里的是不锈钢餐具，属于金属垃圾。,1
2490,这是可回收物_勺子。,这张图片里的垃圾是不锈钢勺子。,1
2491,这是可回收物_勺子。,这是一把银勺子。它有一个弯曲的勺柄，表面有精细的雕刻图案。银勺子通常用于食用或作为装饰品。,1
2492,这是可回收物_勺子。,,0
2493,这是可回收物_勺子。,这是一个金勺子，勺子柄是金的，柄上有蓝白花纹，勺子柄上还镶嵌着蓝色的装饰。,1
2494,这是可回收物_勺子。,这张图片里是塑料垃圾。,0
2495,这是可回收物_勺子。,这个垃圾属于厨房垃圾。,0
2496,这是可回收物_勺子。,这张图片里的垃圾是塑料制品。塑料制品通常包括塑料勺子、塑料餐具等。,1
2497,这是可回收物_勺子。,图中的垃圾是三个银色的勺子。,1
2498,这是可回收物_勺子。,这张图片里显示的是一个金属工艺品。,0
2499,这是可回收物_勺子。,这张图片显示了一对金手镯，其中一个手镯戴在手上，另一个手镯戴在脚上。,0
2500,这是可回收物_勺子。,图片中的物品属于其他垃圾。,0
2501,这是可回收物_勺子。,这个垃圾属于厨具垃圾。,0
2502,这是可回收物_勺子。,这张图片里没有明显的垃圾。,0
2503,这是可回收物_勺子。,图中的垃圾是一把黄色的勺子。,1
2504,这是可回收物_勺子。,图中没有垃圾。,0
2505,这是可回收物_勺子。,图中的垃圾是塑料勺子。,1
2506,这是可回收物_勺子。,这是一把勺子，勺子柄上有一个红色的徽章，柄身部分有精细的花纹装饰。勺子可能是用来盛放食物或饮料的。,1
2507,这是可回收物_勺子。,这是一把古代的铜勺子。铜勺子通常用于盛放食物，尤其是在古代，它们是日常饮食和烹饪的重要工具。这些勺子通常具有精美的花纹和装饰，反映了古代的工艺水平和审美观念。,1
2508,这是可回收物_勺子。,这是一幅插画，描绘了一个茶歇的场景。画面中有茶杯、柠檬片、饼干和勺子。整体色调以棕色和绿色为主，给人一种温馨和舒适的感觉。,1
2509,这是可回收物_勺子。,这张图片中的物品是一把银勺子，旁边有一把标尺。银勺子和标尺属于厨房用具和餐具，它们的材质是金属，通常用于烹饪。因此，这个垃圾应该被分类为“厨房用具和餐具”。,0
2510,这是可回收物_勺子。,这张图片中的物品是塑料和金属制品，不属于可回收垃圾，也不属于有害垃圾。,0
2511,这是可回收物_勺子。,这是一个塑料餐具盒，内含叉勺餐具。餐具盒的材质是塑料，餐具的材质是不锈钢。餐具盒的设计简约，适合放在办公桌、餐桌等场合使用。,0
2512,这是可回收物_勺子。,图片中的物品属于可回收垃圾。,1
2513,这是可回收物_勺子。,根据图片中的物品是银勺子，通常银勺子不属于有害垃圾，属于其他垃圾类别。,0
2514,这是可回收物_勺子。,这是一对青花瓷勺子。青花瓷勺子是中国古代瓷器的一种，通常用于盛放汤菜等。青花瓷勺子通常具有精美的装饰图案，通常是青花图案，颜色以蓝色为主，因此得名。青花瓷勺子不仅美观，而且实用，常被用作烹饪工具。,1
2515,这是可回收物_勺子。,图中的垃圾是三个勺子。,1
2516,这是可回收物_勺子。,图中的垃圾是银勺。,1
2517,这是可回收物_勺子。,图中的垃圾是一组彩色的勺子。,1
2518,这是可回收物_勺子。,图中的垃圾是塑料瓶。,0
2519,这是可回收物_勺子。,这张图片里没有明显的垃圾，因为图片中的物品是银色的餐具，看起来像是不锈钢的。,1
2520,这是可回收物_单肩包手提包。,这是一张图片，展示了粉色的手提包。,1
2521,这是可回收物_单肩包手提包。,这是一款女士手提包。手提包的设计非常时尚，采用了粉色和黑色的拼接色块，搭配一条红色和黑色相间的丝带装饰。手提包的肩带设计独特，有红色和黑色相间的条纹，增加了整体的视觉效果。手提包整体设计简洁大方，适合日常使用。,1
2522,这是可回收物_单肩包手提包。,这张图片中的垃圾不属于垃圾范畴，而是展示了一款时尚的手提包。,0
2523,这是可回收物_单肩包手提包。,图片中的物品属于可回收垃圾。,1
2524,这是可回收物_单肩包手提包。,这张图片里没有垃圾。,0
2525,这是可回收物_单肩包手提包。,这个垃圾是可回收垃圾，因为它是由塑料和纸张制成的。,1
2526,这是可回收物_单肩包手提包。,图中的垃圾是布袋。,1
2527,这是可回收物_单肩包手提包。,这张图片里没有垃圾，只有一只手提包。,1
2528,这是可回收物_单肩包手提包。,这是一只GUCCI品牌的手提包。包身是米色的，表面有GUCCI的图案和标志，包的两侧有拉链和手柄。,1
2529,这是可回收物_单肩包手提包。,这是一张红色手提包的图片。图片中展示了手提包的尺寸和材质信息。手提包的尺寸为28.3cm（宽）* 20cm（高）* 14.3cm（厚），重量为0.79kg。手提包的材质为牛皮层移膜革/超纤。,1
2530,这是可回收物_单肩包手提包。,这张图片里是一次性塑料袋。,0
2531,这是可回收物_单肩包手提包。,这是一个棕色的手提包。手提包的设计独特，带有蛇皮图案的把手和锁扣。手提包的材质看起来像是皮革，颜色为深棕色。手提包的整体设计显得非常精致和优雅。,1
2532,这是可回收物_单肩包手提包。,图片中的物品属于不可回收垃圾类别。,0
2533,这是可回收物_单肩包手提包。,这个垃圾属于其他垃圾。,0
2534,这是可回收物_单肩包手提包。,这张图片中的垃圾是：手提包,1
2535,这是可回收物_单肩包手提包。,这是一只手提包。它由多种颜色和图案的布料制成，手柄和底部都是黑色的。手提包的设计和图案显示出其手工制作的特色。,1
2536,这是可回收物_单肩包手提包。,图片中的物品属于可回收垃圾类别。,1
2537,这是可回收物_单肩包手提包。,这张图片描述了一款布袋，尺寸为19厘米长，19厘米高，厚8厘米，手挽7厘米，面料为印花帆布，内衬为涤纶。图片中标注了产品的尺寸和参数，如底长19cm高19cm厚8cm、手挽7cm、面料为印花帆布、内衬为涤纶等。,1
2538,这是可回收物_单肩包手提包。,这是Playboy品牌的男士手提包。这个手提包设计时尚，适合商务或正式场合使用。它采用了高品质的皮革材质，外观简洁大方，适合日常使用。,1
2539,这是可回收物_单肩包手提包。,这是一张展示手提包的图片。手提包的设计和颜色为粉色、紫色和白色。手提包的设计风格为现代简约，适合日常使用。手提包的材质为尼龙布料，具有防水和耐用的特点。手提包的肩带为可调节设计，适合不同身高的人使用。手提包的底部和侧面都有设计，方便携带。手提包的背部也有设计，方便携带。,1
2540,这是可回收物_单肩包手提包。,这张图片里是购物袋。,0
2541,这是可回收物_单肩包手提包。,,0
2542,这是可回收物_单肩包手提包。,图中的垃圾是牛皮纸袋。,0
2543,这是可回收物_单肩包手提包。,这是一个人背着一个黑色的包。,1
2544,这是可回收物_单肩包手提包。,图片中的物品属于其他垃圾。,0
2545,这是可回收物_单肩包手提包。,图中的垃圾是红色的鸵鸟皮包包。,1
2546,这是可回收物_单肩包手提包。,图是一张展示棕色女包的图片，背景是一本英文版的《ELLE》杂志。,1
2547,这是可回收物_单肩包手提包。,根据图片内容，无法确定图片中的物品属于什么垃圾类别。,0
2548,这是可回收物_单肩包手提包。,图片中的物品属于其他垃圾。,0
2549,这是可回收物_单肩包手提包。,图片中的物品属于可回收物。,1
2550,这是可回收物_单肩包手提包。,这个垃圾是塑料袋。,0
2551,这是可回收物_单肩包手提包。,图片中的物品属于可回收垃圾类别。,1
2552,这是可回收物_单肩包手提包。,这是一个橙色的手提包，属于时尚类的垃圾。,1
2553,这是可回收物_单肩包手提包。,图片中的物品属于其他垃圾。,0
2554,这是可回收物_单肩包手提包。,这张图片中的物品是手提包，属于“服装/鞋/帽”类别。,0
2555,这是可回收物_单肩包手提包。,根据图片中的信息，这是一款男士商务皮包，属于普通垃圾。,0
2556,这是可回收物_单肩包手提包。,图中的垃圾是白色的。,0
2557,这是可回收物_单肩包手提包。,图片中的物品属于其他垃圾类别。,0
2558,这是可回收物_单肩包手提包。,这张图片里没有垃圾。,0
2559,这是可回收物_单肩包手提包。,图中没有垃圾，只有一只橙色的巴比娃娃包。,1
2560,这是可回收物_单肩包手提包。,这个垃圾属于可回收垃圾。,1
2561,这是可回收物_单肩包手提包。,这是一款GUCCI的斜挎包。它具有经典的GG图案和红绿条纹装饰，是GUCCI的经典设计元素。,1
2562,这是可回收物_单肩包手提包。,这张图片中的垃圾属于可回收垃圾。,1
2563,这是可回收物_单肩包手提包。,图中没有垃圾。,0
2564,这是可回收物_单肩包手提包。,图中的垃圾是棕色的皮革材质。,0
2565,这是可回收物_单肩包手提包。,图片中的物品属于其他垃圾类别。,0
2566,这是可回收物_单肩包手提包。,这是一款黑色的皮革手提包。它有一个简单的设计，有两个拉链袋和一个主袋，可以用来装包。包包的质地看起来很柔软，适合日常使用。,1
2567,这是可回收物_单肩包手提包。,这张图片里有塑料袋和纸张。,0
2568,这是可回收物_单肩包手提包。,这个物品是一只手提包，属于服装和配饰类别。,1
2569,这是可回收物_单肩包手提包。,这个垃圾属于可回收垃圾。,1
2570,这是可回收物_单肩包手提包。,,0
2571,这是可回收物_单肩包手提包。,图中没有垃圾。,0
2572,这是可回收物_单肩包手提包。,这个垃圾是蓝色的钩针编织背包，不属于垃圾。,0
2573,这是可回收物_单肩包手提包。,根据图片中的物品，可以确定这是一款购物袋，属于可回收垃圾。,1
2574,这是可回收物_单肩包手提包。,这是一款托斯科品牌的包包，属于时尚类的垃圾。,1
2575,这是可回收物_单肩包手提包。,这是一只黑色的皮质手提包，手提包上有鳄鱼皮纹样，手提包的把手是黑色的，手提包上有金色的扣子和链条，手提包的侧面有拉链和金属扣。,1
2576,这是可回收物_单肩包手提包。,这是一只Michael Kors品牌的包包。包包是白色的，表面有花朵装饰，带有金属扣和标签。这个品牌以其精致的款式和高质量的材料而闻名。,1
2577,这是可回收物_单肩包手提包。,这张图片里是一个手提袋。手提袋是一种用于携带物品的手提工具，通常由织物、塑料或皮革制成，用于在外出时携带个人物品，如手机、钥匙、钱包或化妆品。手提袋通常有手柄，便于携带，方便使用。,1
2578,这是可回收物_单肩包手提包。,这张图片里是一个黑色的皮质手提包。,1
2579,这是可回收物_单肩包手提包。,这是一张展示红色手提包的图片。图片上写着“FASHION”、“ELEGANT AND NOBLE NEW”、“Elegant and Noble”、“Elegant and Noble”、“Elegant and Noble”、“Elegant and Noble”、“Elegant and Noble”、“Elegant and Noble”、“Elegant and Noble”、“Elegant and Noble”、“Elegant and Noble”、“Elegant and Noble”、“Elegant and Noble”、“Elegant and Noble”、“Elegant and Noble”、“Elegant and Noble”、“Elegant and Noble”、“Elegant and Noble”、“Elegant and Noble”、“Elegant and Noble”、“Elegant and Noble”、“Elegant and Noble”、“Elegant and Noble”、“Elegant and Noble”、“Elegant and Noble”、“Elegant and Noble”、“Elegant and Noble”、“Elegant and Noble”、“Elegant and Noble”、“Elegant and Noble”、“Elegant and Noble”、“Elegant and Noble”、“Elegant and Noble”、“Elegant and Noble”、“Elegant and Noble”、“Elegant and Noble”、“Elegant and Noble”、“Elegant and Noble”、“Elegant and Noble”、“Elegant and Noble”、“Elegant and Noble”、“Elegant and Noble”、“Elegant and Noble”、“Elegant and Noble”、“Elegant and Noble”、“Elegant and Noble”、“Elegant and Noble”、“Elegant and Noble”、“Elegant and Noble”、“Elegant and Noble”、“Elegant and Noble”、“Elegant and Noble”、“Elegant and Noble”、“Elegant and Noble”、“Elegant and Noble”、“Elegant and Noble”、“Elegant and Noble”、“Elegant and Noble”、“Elegant and Noble”、“Elegant and Noble”、“Elegant and Noble”、“Elegant and Noble”、“Elegant and Noble”、“Elegant and Noble”、“Elegant and Noble”、“Elegant and Noble”、“Elegant and Noble”、“Elegant and Noble”、“Elegant and Noble”、“Elegant and Noble”、“Elegant and Noble”、“Elegant and Noble”、“Elegant and Noble”、“Elegant and Noble”、“Elegant and Noble”、“Elegant and Noble”、“Elegant and Noble”、“Elegant and Noble”、“Elegant and Noble”、“Elegant and Noble”、“Elegant and Noble”、“Elegant and Noble”、“Elegant and,1
2580,这是可回收物_单肩包手提包。,这是一张展示了一个黑色钱包的照片。钱包上有品牌标志图案，整体设计简洁大方，适合日常使用。,0
2581,这是可回收物_单肩包手提包。,图片中的物品属于其他垃圾类别。,0
2582,这是可回收物_单肩包手提包。,这是一只黑色的女士手提包。手提包的表面有网格图案，带有金属扣和肩带，适合日常使用。,1
2583,这是可回收物_单肩包手提包。,这是一个橙色的手提包。,1
2584,这是可回收物_单肩包手提包。,这个垃圾属于可回收垃圾。,1
2585,这是可回收物_单肩包手提包。,图中没有垃圾。,0
2586,这是可回收物_单肩包手提包。,这是一个粉色的猫咪图案手提包。包上有一个猫咪的头部设计，包括圆圆的黑色眼睛、黄色的鼻子和黑色的胡须。包的把手和包带是粉色的，与包的整体颜色相匹配。手提包看起来很可爱，适合日常使用或作为礼物。,1
2587,这是可回收物_单肩包手提包。,图片中的物品属于可回收垃圾类别。,1
2588,这是可回收物_单肩包手提包。,这个垃圾属于可回收垃圾。,1
2589,这是可回收物_卡。,这张图片里没有垃圾。,0
2590,这是可回收物_卡。,图中的垃圾是一张塑料卡，上面有一些模糊不清的文字和图案。,1
2591,这是可回收物_卡。,图片中的物品属于可回收垃圾类别。,1
2592,这是可回收物_卡。,这是两张宁波公交的公交卡。,1
2593,这是可回收物_卡。,这张垃圾应该属于“垃圾”类别。,0
2594,这是可回收物_卡。,这张图片里是塑料垃圾。,0
2595,这是可回收物_卡。,这张图片里显示的是一个IC乘车卡，品牌为兰州公交集团。,1
2596,这是可回收物_卡。,这张图片中的物品属于不可回收垃圾。,0
2597,这是可回收物_卡。,根据图片中的描述，物品属于“其他垃圾”。,0
2598,这是可回收物_卡。,图中的垃圾是一张公交卡。,1
2599,这是可回收物_卡。,这张图片中的垃圾属于“广告垃圾”类别。,0
2600,这是可回收物_卡。,这是一张北京市中小学生卡。卡片上显示了北京教育委员会的标志，以及学生卡的编号和联系方式。卡片的设计简洁，主要元素包括蓝天、白云和飞鸟。,1
2601,这是可回收物_卡。,这张图片中的垃圾属于电子垃圾。,0
2602,这是可回收物_卡。,这张图片里是一张公交IC卡。,1
2603,这是可回收物_卡。,这是一张成都天府通金融信息服务股份有限公司发行的天府通卡。天府通卡是成都天府通金融信息服务股份有限公司推出的公共交通卡，可以在成都的公交车、地铁等公共交通工具上使用。天府通卡具有全国通用的特点，可以在全国的地铁、公交、出租车、轮渡等公共交通工具上使用。,1
2604,这是可回收物_叉子。,图中的垃圾是一把锄头。,0
2605,这是可回收物_叉子。,这是一把金色叉子，放在木质表面上。,1
2606,这是可回收物_叉子。,图片中的物品属于其他垃圾。,0
2607,这是可回收物_叉子。,这是一把叉子和一支笔。叉子的柄部和手柄部分已经磨损，笔的笔头和盖子部分已经磨损。,1
2608,这是可回收物_叉子。,这张图片里显示的是一个银色的工具，具体来说是一个工具刀或类似工具的把手。它看起来像是由银制成的。,0
2609,这是可回收物_叉子。,这个垃圾属于厨房垃圾。,0
2610,这是可回收物_叉子。,这张图片里是一把不锈钢叉子。根据图片内容，无法确定它属于哪类垃圾。,0
2611,这是可回收物_叉子。,这个垃圾属于厨余垃圾。,0
2612,这是可回收物_变形玩具。,图片中的物品属于可回收垃圾。,1
2613,这是可回收物_变形玩具。,这是一张玩具的照片。照片中展示的是一个恐龙机器人玩具。这个玩具看起来像是一只恐龙，具有巨大的身体和强壮的爪子。它似乎被设计成可以变形，因为它的身体部分被转换成机械部件，使其看起来像一个机械恐龙。这种类型的玩具通常用于儿童和青少年的收藏和娱乐。,1
2614,这是可回收物_变形玩具。,这张图片显示的是一个游戏广告。,0
2615,这是可回收物_变形玩具。,这张图片里是一辆警车模型。,0
2616,这是可回收物_变形玩具。,这张图片里没有垃圾，它是一个玩具包装盒。,0
2617,这是可回收物_变形玩具。,这张图片展示的是变形金刚（Transformers）的玩具模型。变形金刚是美国 Hasbro 公司创作的一个玩具系列，以科幻为主题，通常包含许多不同的机器人形态。,1
2618,这是可回收物_变形玩具。,图中的垃圾是变形金刚玩具。,1
2619,这是可回收物_变形玩具。,图中的垃圾是一台变形的机器人玩具。,1
2620,这是可回收物_变形玩具。,图中的垃圾是“X”字旗。,0
2621,这是可回收物_变形玩具。,这是一个游戏中的角色角色设定，展示了不同角色的能力和属性。,0
2622,这是可回收物_变形玩具。,这是一只机器人动物。它的身体是绿色的，头部是黄色和黑色相间的，四肢也是绿色的。它有一个圆形的眼睛和一个鼻子，整体设计看起来像是一个机械化的动物角色。,0
2623,这是可回收物_变形玩具。,根据图片中的物品，这是一个玩具熊的模型，属于非食品类垃圾。,0
2624,这是可回收物_变形玩具。,这个玩具属于儿童玩具，具有一定的历史和文化价值，但目前来看，它可能已经失去了原有的功能和使用价值。因此，这个玩具应该被归类为“儿童玩具”类别。,0
2625,这是可回收物_变形玩具。,图中的垃圾是变形金刚机器人。,1
2626,这是可回收物_变形玩具。,这个垃圾是一个变形金刚玩具。,1
2627,这是可回收物_变形玩具。,这是一个机器猴的模型。机器猴有两只巨大的手臂和头部，手臂上有两个圆球状的机械装置。它的身体主要是蓝色和黑色的，胸口有一个橙色的圆形装置。机器猴的头部有金属质感，显得非常科幻和现代。,1
2628,这是可回收物_变形玩具。,这是一个机器人玩具。它有一个白色的主体，手臂和腿部是黑色的，头部有一个红色的标志。它的面部特征是圆形的，中间有一个金色的图案，周围有黑色的边缘。整体设计看起来像一个变形金刚或机械臂机器人。,1
2629,这是可回收物_变形玩具。,这张图片里有一个玩具飞机。玩具飞机通常被视为儿童玩具，可能属于塑料或金属制品。然而，如果没有更多的信息，很难确定它的确切类型或性质。,1
2630,这是可回收物_变形玩具。,图片中的物品属于其他垃圾类别。,0
2631,这是可回收物_变形玩具。,根据物品的特征，该物品属于其他垃圾类别。,0
2632,这是可回收物_变形玩具。,这是几个变形机器人玩具。每个玩具都有不同的形状和颜色，可能是用来学习如何变形的。,1
2633,这是可回收物_变形玩具。,这张图片里是玩具垃圾。,1
2634,这是可回收物_变形玩具。,图片中的物品属于其他垃圾。,0
2635,这是可回收物_变形玩具。,图中没有垃圾。,0
2636,这是可回收物_变形玩具。,这是一张玩具海报，不属于垃圾。,0
2637,这是可回收物_变形玩具。,图中的垃圾是“变形金刚”玩具。,1
2638,这是可回收物_变形玩具。,图片中的物品属于其他垃圾。,0
2639,这是可回收物_变形玩具。,图中的垃圾是变形金刚玩具。,1
2640,这是可回收物_变形玩具。,这是一个变形金刚（Transformers）系列的玩具角色。具体来说，它是一个变形金刚角色“赛博坦战士（Cybertronian Warrior）”的玩具模型。这个角色通常会有黄色的身体和橙色的头部，拥有变形的机制，可以变成各种不同的形态。赛博坦战士是变形金刚系列中的一个经典角色，常常出现在各种变形金刚电影和动画中。,1
2641,这是可回收物_变形玩具。,图中的垃圾是一辆黄色的玩具车。,1
2642,这是可回收物_变形玩具。,根据图片中的物品信息，无法准确判断其属于什么垃圾类别。,0
2643,这是可回收物_变形玩具。,图片中的物品属于其他垃圾类别。,0
2644,这是可回收物_变形玩具。,这个垃圾属于电子产品或电子设备。,0
2645,这是可回收物_台历。,这张图片里没有明显的垃圾。图片中展示了一张日历和几张彩色的纸张，背景是灰色的桌布。,1
2646,这是可回收物_台历。,这个垃圾看起来是一个书籍或书籍包装盒。根据你的描述，这个垃圾可能是一个装有书籍的盒子。,0
2647,这是可回收物_台历。,这张图片里是白酒瓶，不是垃圾。,0
2648,这是可回收物_台历。,这是一张宣传册，展示了不同类型的台历产品。宣传册上有一个主题为“诚信”的台历，尺寸为240 x 140毫米，广告尺寸为30 x 240毫米。宣传册上还展示了四个不同的台历设计，包括：诚信、和、信和“诚信”。,1
2649,这是可回收物_台历。,,0
2650,这是可回收物_台历。,这个垃圾属于可回收物。,0
2651,这是可回收物_台历。,图中的垃圾是：一本1987年的日历。,1
2652,这是可回收物_台历。,这张图片里的垃圾是“其他垃圾”。,0
2653,这是可回收物_台历。,这个垃圾属于办公室废物。,0
2654,这是可回收物_台历。,这张图片中的垃圾应该属于“办公用品”类别。,0
2655,这是可回收物_台历。,这张图片是一张日历，上面有一些文字和图片。以下是对图片的详细描述：  1. **标题**：图片的顶部有中文文字，内容为“就是多情的焦作”。这个标题可能是在描述照片中的某个地点或场景。  2. **日期**：图片的底部有日期，显示的是2016年12月。  3. **照片**：图片中有几辆摩托车停在路边，背景是一个夜晚的场景，有路灯和树木。  4. **文字**：图片中有其他文字，内容为“眼遇”、“多情的焦作”、“2016年12月”、“2016年12月”、“2016年12月”、“2016年12月”、“2016年12月”、“2016年12月”、“2016年12月”、“2016年12月”、“2016年12月”、“2016年12月”、“2016年12月”、“2016年12月”、“2016年12月”、“2016年12月”、“2016年12月”、“2016年12月”、“2016年12月”、“2016年12月”、“2016年12月”、“2016年12月”、“2016年12月”、“2016年12月”、“2016年12月”、“2016年12月”、“2016年12月”、“2016年12月”、“2016年12月”、“2016年12月”、“2016年12月”、“2016年12月”、“2016年12月”、“2016年12月”、“2016年12月”、“2016年12月”、“2016年12月”、“2016年12月”、“2016年12月”、“2016年12月”、“201,1
2656,这是可回收物_台历。,这张图片是一个日历，上面展示了各种物品。日历上的图标可能是某种类型的产品，例如食品、饮料、服装等。日历的类型是桌面日历，可能会在办公桌上使用。,1
2657,这是可回收物_台历。,这张图片中的垃圾属于“垃圾”类别。,0
2658,这是可回收物_台历。,这个垃圾属于“垃圾箱”类别。,0
2659,这是可回收物_台历。,图片中的物品属于可回收垃圾。,1
2660,这是可回收物_台灯。,这张图片展示的是一盏台灯，看起来是一个木质结构和红色电线的灯具。这个灯具的设计简洁，带有现代感。它可能是一个设计创意作品，而不是真正的垃圾。,1
2661,这是可回收物_台灯。,图中没有垃圾。,0
2662,这是可回收物_台灯。,根据图片中的物品和图标的标识，该物品属于有害垃圾类别。,0
2663,这是可回收物_台灯。,这个垃圾属于电子垃圾。,0
2664,这是可回收物_台灯。,这张图片里有一个黄色的灯泡，灯泡上有牛的形象。根据图片内容，这个灯泡可能属于家用电器或灯具类垃圾。这种垃圾通常需要通过专门的垃圾收集点进行处理，以便正确回收和处理。建议您按照当地垃圾分类规定进行处理。,1
2665,这是可回收物_台灯。,这张图片里的物品看起来像是一个旧式的台灯。台灯通常是由玻璃和金属制成的，可能具有复古风格。具体来说，台灯可能是由玻璃和金属制成的，可能带有红色的装饰和一些玻璃部件。这种台灯通常用于照明，可能是在家庭或办公室中使用的。,1
2666,这是可回收物_台灯。,图片中的物品属于其他垃圾。,0
2667,这是可回收物_台灯。,这是一盏台灯。台灯通常用于提供柔和的照明，常用于卧室、书房等需要照明的地方。台灯的设计和图案可能会影响其使用的环境和氛围。,1
2668,这是可回收物_台灯。,这张图片里有以下几种垃圾：白色塑料（白色塑料瓶）、白色塑料（白色塑料碗）和白色塑料（白色塑料杯）。,0
2669,这是可回收物_台灯。,图中的垃圾是编织的竹篮灯罩。,1
2670,这是可回收物_台灯。,图片中的物品属于可回收物。,1
2671,这是可回收物_台灯。,这是一盏创意灯具，它由铜管和机械装置组成。灯具的灯罩和底座是铜管，而灯座下方是一个机械装置，可能是机械钟或者机械表。这种灯具设计独特，融合了机械和工业风格，给人一种复古和工业风的感觉。,1
2672,这是可回收物_台灯。,图中没有垃圾。,0
2673,这是可回收物_台灯。,,0
2674,这是可回收物_台灯。,这张图片中的物品是一盏台灯，不属于垃圾。,1
2675,这是可回收物_台灯。,图中展示了一对小落地灯。它们有一个白色罩子，罩子是平的。罩子和灯杆的主体都是黑色的，灯杆的顶部是金色的。,1
2676,这是可回收物_台灯。,图片中的物品属于可回收垃圾类别。,1
2677,这是可回收物_台灯。,图中没有垃圾。,0
2678,这是可回收物_台灯。,这个图片的内容是一个台灯，属于电子设备。,1
2679,这是可回收物_台灯。,这是一只旧式的工业用油桶，通常用于石油或液化石油气的储存和运输。它的设计包括一个金属桶和一个金属管道，管道连接到桶的顶部。这个设备可能曾经用于工业或运输场景，但现在可能已经损坏或废弃。,0
2680,这是可回收物_台灯。,图片中的物品属于可回收垃圾类别。,1
2681,这是可回收物_台灯。,这个垃圾属于可回收物。,1
2682,这是可回收物_台灯。,图片中的物品属于其他垃圾类别。,0
2683,这是可回收物_台灯。,图片中的物品属于其他垃圾类别。,0
2684,这是可回收物_台灯。,图中没有垃圾。,0
2685,这是可回收物_台灯。,图片中的物品属于可回收垃圾。,1
2686,这是可回收物_台灯。,这张图片里没有垃圾。,0
2687,这是可回收物_台灯。,这张图片里没有垃圾。,0
2688,这是可回收物_台灯。,这是一盏红色的台灯，灯罩是红色的，上面有花卉图案。灯的底座是黑色的，整体颜色搭配非常鲜艳和美观。,1
2689,这是可回收物_台灯。,这张图片里的是绿色的台灯。,1
2690,这是可回收物_台灯。,这是一张图片，展示了一个工业风格的灯。灯的主体是金属管道，灯泡固定在金属管道上。灯放在一个木箱上，木箱上有把手。整体设计给人一种复古或工业风的感觉。,1
2691,这是可回收物_台灯。,图中的垃圾是一盏灯的灯座。,1
2692,这是可回收物_台灯。,根据图片内容，这个物品属于有害垃圾。,0
2693,这是可回收物_台灯。,这是一盏台灯。它有一个蓝色的灯罩，支架是黑色的，底部有一个圆形的底座。灯泡是白色的，灯泡上有一个银色的灯罩。,1
2694,这是可回收物_吹风机。,这是一个3D建模的渲染图，显示了一个由黄色物体组成的结构。这个结构看起来像是一个由多个部分组成的物体，每个部分都由网格曲面组成。其中，一个突出的部分似乎是一个T形结构，其边缘有一个红色的箭头指向。这个渲染图可能来自一个设计或工程软件，如AutoCAD或SolidWorks等。,0
2695,这是可回收物_吹风机。,图是一台Philips飞利浦的干发器，干发器有白色和金色两种颜色，白色款设计简约，金色款设计高贵，两个款式的干发器都是扁平的圆筒设计，黑色的风嘴和白色的吹风机主体是相通的。,1
2696,这是可回收物_吹风机。,根据图片描述，图片中的物品属于不可回收垃圾。,0
2697,这是可回收物_吹风机。,这张图片中的垃圾属于“家用电器”的类别。,1
2698,这是可回收物_吹风机。,图中的垃圾是电吹风。,1
2699,这是可回收物_吹风机。,这是一个壁挂式吹风机，通常安装在浴室或卫生间内。,1
2700,这是可回收物_吹风机。,图片中的物品属于其他垃圾。,0
2701,这是可回收物_吹风机。,这个物品是吹风机。,1
2702,这是可回收物_吹风机。,图中的垃圾是吹风机。,1
2703,这是可回收物_吹风机。,这张图片里没有垃圾。,0
2704,这是可回收物_吹风机。,这个物品是一台吹风机，属于家用电器类。,1
2705,这是可回收物_吹风机。,这是一台吹风机，通常用于吹干头发。,1
2706,这是可回收物_吹风机。,图片中的吹风机属于有害垃圾。,0
2707,这是可回收物_吹风机。,这张图片里没有垃圾，只有一台黑色的电吹风。,1
2708,这是可回收物_吹风机。,根据图片中的物品，属于有害垃圾类别。,0
2709,这是可回收物_吹风机。,这是一台恩盛品牌的电吹风。它的特点包括500W的功率、60℃恒温模式和低噪音设计，旨在提供高效的吹干效果和舒适的使用体验。,1
2710,这是可回收物_吹风机。,图片中的物品属于其他垃圾类别。,0
2711,这是可回收物_吹风机。,这张图片中的物品是一个吹风机，不属于垃圾。,0
2712,这是可回收物_呼啦圈。,根据图片内容，物品属于其他垃圾。,0
2713,这是可回收物_呼啦圈。,这张图片里是一根呼啦圈。,1
2714,这是可回收物_呼啦圈。,这个垃圾应该被分类为“玩具”。,0
2715,这是可回收物_呼啦圈。,这张图片中的垃圾是塑料制品，属于其他垃圾。,0
2716,这是可回收物_呼啦圈。,根据图片内容，这个物品属于其他垃圾。,0
2717,这是可回收物_呼啦圈。,这个垃圾属于不可回收垃圾。,0
2718,这是可回收物_呼啦圈。,这个物品属于体育用品。,0
2719,这是可回收物_地球仪。,图片中的物品属于其他垃圾。,0
2720,这是可回收物_地球仪。,图中的垃圾是一个地球仪，不是垃圾。,1
2721,这是可回收物_地球仪。,图中的垃圾是地球仪。,1
2722,这是可回收物_地球仪。,这张图片里是一只银色的地球仪。地球仪是古代的科学仪器，通常用来展示地球的形状和位置。,1
2723,这是可回收物_地球仪。,根据图片中的描述，这个物品属于不可回收垃圾。,0
2724,这是可回收物_地球仪。,这张图片里没有垃圾。,0
2725,这是可回收物_地球仪。,图片中的物品属于不可回收垃圾。,0
2726,这是可回收物_地球仪。,这张图片里有一个绿色的地球仪。地球仪属于其他垃圾。,0
2727,这是可回收物_地球仪。,这张图片中的垃圾是地球仪。,1
2728,这是可回收物_地球仪。,这张图片里是一只拼装地球仪。地球仪是学习地理的好工具，可以用来展示地球的结构和主要的洲区。,1
2729,这是可回收物_地球仪。,这张图片里没有垃圾。,0
2730,这是可回收物_地球仪。,图中的垃圾是一个地球仪。,1
2731,这是可回收物_地球仪。,这张图片中的垃圾属于“其他垃圾”类别。,0
2732,这是可回收物_地球仪。,图中的垃圾是一只蓝色的地球仪。,1
2733,这是可回收物_地球仪。,这是一只地球仪，通常被称为地球仪。地球仪是一种展示地球全貌的工具，通常由一个圆形的物体（通常由玻璃、石头或其他材料制成）组成，可以显示地球上的地理信息，如国家、城市、山脉等。地球仪可以帮助人们了解地球的结构和位置，以及它与其他天体的关系。,1
2734,这是可回收物_地球仪。,这是一张显示了一只复古怀表的照片。怀表的设计非常独特，其中包含一个地球仪和一个放大镜。怀表的外壳看起来是铜色的，上面有金色的装饰。背景中可以看到一些书籍和一些家具。怀表的设计给人一种复古和怀旧的感觉。,0
2735,这是可回收物_地球仪。,这是一只地球仪。地球仪是一种用来展示地球全貌的工具，通常由一个由金属制成的圆柱形底座和一个可以旋转的球体组成。地球仪通常被用于教育和娱乐，帮助人们更好地理解地球的地理和历史。,1
2736,这是可回收物_地球仪。,这张图片是一个全球地图，没有垃圾。,0
2737,这是可回收物_地球仪。,这个垃圾属于其他垃圾。,0
2738,这是可回收物_地球仪。,根据图片内容，这是一张地球的图片，属于其他垃圾类别。,0
2739,这是可回收物_地球仪。,根据图片中的物品，这是一个地球仪，属于办公用品。办公用品包括纸张、墨水、笔、橡皮、剪刀等，它们在日常办公中使用。因此，这个地球仪应该属于办公用品类垃圾。,0
2740,这是可回收物_地球仪。,这是一个充气地球仪，展示了非洲的部分区域。地球仪上标注了各个国家的名称，方便人们了解和学习非洲的地理知识。,1
2741,这是可回收物_地球仪。,这张图片里没有垃圾。,0
2742,这是可回收物_地球仪。,这是一张展示地球仪的图片。地球仪通常由金属或塑料制成，上面绘有全球的地理信息和重要地理特征。地球仪放在一个装饰性的底座上，可能用于展示或装饰。,1
2743,这是可回收物_地球仪。,这个垃圾是一张手绘的地球仪图片，它属于艺术类垃圾。,0
2744,这是可回收物_地球仪。,这张图片中的垃圾是：废弃物品。,0
2745,这是可回收物_地铁票。,这张图片里没有垃圾。,0
2746,这是可回收物_地铁票。,这张图片中的垃圾属于“电子垃圾”类别。,0
2747,这是可回收物_地铁票。,这张图片里是一张宁波轨道交通的公交卡。,0
2748,这是可回收物_地铁票。,这张图片里没有垃圾。它展示了三幅不同风格的城市景观画，分别是水彩画风格、简笔画风格和手绘风格。每幅画都有独特的艺术风格和色彩搭配，展示了不同城市景观的特点。,0
2749,这是可回收物_地铁票。,图中没有垃圾。,0
2750,这是可回收物_地铁票。,这张图片里没有垃圾。,0
2751,这是可回收物_地铁票。,这是一张带有中国传统文化元素的绿色卡片，上面印有“沈阳昭陵”字样。卡片上的图案显示了一座传统的中国建筑，可能是沈阳昭陵的一部分。这张卡片可能是旅游宣传册的一部分，展示了一些著名的历史遗址和文化景点。,0
2752,这是可回收物_地铁票。,这张图片里是一张香港的旅游地铁路票。,1
2753,这是可回收物_地铁票。,这是一张地铁单程票，上面展示了地铁列车和一个红色的建筑。,1
2754,这是可回收物_地铁票。,这张图片里是一张北京地下铁道车票，属于老式车票，不适用现代地铁。,1
2755,这是可回收物_地铁票。,图中的垃圾是手机。,0
2756,这是可回收物_地铁票。,根据物品上的文字“SINGLE JOURNEY TICKET”（单程票）可以推测，这可能是一张火车票。火车票属于公共交通工具的票证类垃圾，应该属于“其他垃圾”。,0
2757,这是可回收物_地铁票。,这是一枚绿色的塑料硬币，上面印有“URBAN RAILWAYS”的字样。,1
2758,这是可回收物_地铁票。,这张图片里是一张公交卡。,0
2759,这是可回收物_地铁票。,这张图片里没有垃圾。,0
2760,这是可回收物_地铁票。,这张图片里是一张金属板，上面有文字和一些划痕。,0
2761,这是可回收物_地铁票。,这是一组旧纸票。纸票上有各种不同的日期和地点，可能是用于记录火车或飞机的票。,1
2762,这是可回收物_地铁票。,图中的垃圾是：火车票。,1
2763,这是可回收物_地铁票。,图片中的物品属于其他垃圾类别。,0
2764,这是可回收物_地铁票。,这张图片里没有垃圾。,0
2765,这是可回收物_地铁票。,这张图片中的垃圾应该归类为“电子产品”。,0
2766,这是可回收物_地铁票。,根据图片中的物品，这是一组天津地铁使用的电子票。,1
2767,这是可回收物_地铁票。,图片中的物品属于其他垃圾类别。,0
2768,这是可回收物_垫子。,图片中的物品属于其他垃圾类别。,0
2769,这是可回收物_垫子。,图中的垃圾是床垫。,1
2770,这是可回收物_垫子。,图片中的物品属于有害垃圾。,0
2771,这是可回收物_垫子。,这张图片里有红色和蓝色的拼接地板，属于其他垃圾。,0
2772,这是可回收物_垫子。,这张图片里的是家具垃圾。家具垃圾是指在家居装修过程中产生的垃圾，包括家具、电器设备、建筑材料等。,0
2773,这是可回收物_垫子。,图中没有垃圾，是一张红地毯。,0
2774,这是可回收物_塑料瓶。,这是一个塑料瓶，瓶子的主体颜色是白色，瓶盖是银色的。瓶子的顶部有一个锥形的金属盖。瓶子上还印有一些文字，可能是制造商的信息。,1
2775,这是可回收物_塑料瓶。,这张图片里有一个塑料罐。塑料罐通常属于其他垃圾，具体来说是塑料类垃圾。塑料罐在分类中属于可回收垃圾，因为它们可以被回收利用。,0
2776,这是可回收物_塑料瓶。,这张图片里没有垃圾。,0
2777,这是可回收物_塑料瓶。,这个垃圾属于塑料瓶。,1
2778,这是可回收物_塑料瓶。,图片中的物品属于有害垃圾类别。,0
2779,这是可回收物_塑料瓶。,这个垃圾属于塑料垃圾。,1
2780,这是可回收物_塑料瓶。,图中的垃圾是塑料瓶。,1
2781,这是可回收物_塑料瓶。,图中没有垃圾。,0
2782,这是可回收物_塑料瓶。,图中的垃圾是一个白色的塑料罐子，上面盖着蓝色的盖子。,1
2783,这是可回收物_塑料瓶。,这张图片里的垃圾属于有害垃圾。,0
2784,这是可回收物_塑料瓶。,这张图片里的是玻璃瓶。,0
2785,这是可回收物_塑料瓶。,图片中的物品属于其他垃圾。,0
2786,这是可回收物_塑料瓶。,图片中的物品属于其他垃圾类别。,0
2787,这是可回收物_塑料瓶。,这张图片里没有垃圾，它是一张塑料瓶的照片。,1
2788,这是可回收物_塑料瓶。,这张图片里的是塑料瓶。塑料瓶属于可回收垃圾。,1
2789,这是可回收物_塑料瓶。,这个垃圾属于塑料垃圾。,1
2790,这是可回收物_塑料瓶。,根据图片中的物品形状，可以推测它可能属于有害垃圾类别。,0
2791,这是可回收物_塑料瓶。,这个垃圾属于塑料垃圾。,1
2792,这是可回收物_塑料瓶。,这张图片里的物品是塑料瓶，属于可回收垃圾。,1
2793,这是可回收物_塑料瓶。,图中无垃圾。,0
2794,这是可回收物_塑料瓶。,这是一瓶塑料瓶。瓶子是方形的，顶部有一个白色旋盖。,1
2795,这是可回收物_塑料瓶。,这是一只白色的药瓶，盖子是白色的，边缘有两条金边。,0
2796,这是可回收物_塑料瓶。,这是一张展示不同颜色的塑料瓶的照片。这些瓶子可能用于装化妆品、药品或其他液体产品。瓶子上都有白色的喷头和旋盖。瓶子的颜色有粉色、黄色、透明、蓝色、白色和黑色。,1
2797,这是可回收物_塑料瓶。,图中的垃圾是塑料罐。,0
2798,这是可回收物_塑料瓶。,图片中的物品属于其他垃圾类别。,0
2799,这是可回收物_塑料瓶。,这张图片里有塑料瓶。塑料瓶属于可回收垃圾。,1
2800,这是可回收物_塑料瓶。,这个垃圾可以归类为“塑料瓶”。,1
2801,这是可回收物_塑料瓶。,图中没有垃圾。,0
2802,这是可回收物_塑料瓶。,这张图片中的塑料瓶属于其他垃圾。塑料瓶是塑料制品，通常在垃圾收集分类中被归为其他垃圾。,0
2803,这是可回收物_塑料瓶。,这是一个花瓶和一瓶水。花瓶是蓝色的，里面插着几朵粉色的花朵。水瓶是白色的，瓶盖是蓝色的。,1
2804,这是可回收物_塑料瓶。,这张图片里是一次性塑料瓶，属于可回收垃圾。,1
2805,这是可回收物_塑料瓶。,图中的垃圾是蓝色、粉色、白色的纸板盒子。,0
2806,这是可回收物_塑料瓶。,图中的垃圾是塑料瓶。,1
2807,这是可回收物_塑料盆。,图片中的物品属于其他垃圾类别。,0
2808,这是可回收物_塑料盆。,图中的垃圾是牙膏、牙刷和牙刷杯。,0
2809,这是可回收物_塑料盆。,这张图片中的垃圾是一只透明的塑料碗。根据你的描述，这个塑料碗是空的。通常情况下，塑料碗在使用后会变成垃圾。所以，这个塑料碗可以归类为垃圾。,1
2810,这是可回收物_塑料盆。,图中的垃圾是粉色塑料盆。,1
2811,这是可回收物_塑料盆。,这个垃圾属于“其他垃圾”。,0
2812,这是可回收物_塑料盆。,这个垃圾属于塑料制品。,1
2813,这是可回收物_塑料盆。,图片中的物品属于其他垃圾类别。,0
2814,这是可回收物_塑料盆。,图片中的物品属于其他垃圾类别。,0
2815,这是可回收物_塑料盆。,这个垃圾属于可回收垃圾。,1
2816,这是可回收物_塑料盆。,这张图片里是一次性塑料餐具，属于塑料垃圾。,0
2817,这是可回收物_塑料盆。,这张图片显示的是一个粉红色的过滤网篮。根据图片内容，这个过滤网篮可以用来清理水中的杂质，通常用于游泳池或水疗中心等地方。因此，这个过滤网篮属于生活垃圾。,0
2818,这是可回收物_塑料盆。,图中的垃圾是两个粉色的碗。,1
2819,这是可回收物_塑料盆。,这是一张宣传图，展示了一个加厚双耳盆。图中提到这个盆是PP材质的，防滑专利。盆子里装满了白色布料，旁边还有一个橙色的盆。,1
2820,这是可回收物_塑料盆。,,0
2821,这是可回收物_塑料盆。,这张图片里有塑料碗。塑料碗属于塑料制品，通常属于可回收垃圾。,1
2822,这是可回收物_塑料盆。,图片中的物品属于其他垃圾。,0
2823,这是可回收物_塑料盆。,图中没有垃圾。,0
2824,这是可回收物_塑料盆。,图中没有垃圾。,0
2825,这是可回收物_塑料盆。,这张图片里是一次性塑料餐具。,0
2826,这是可回收物_塑料盆。,根据图片中的描述，该物品是塑料制品，属于其他垃圾。,0
2827,这是可回收物_塑料盆。,根据图片中的物品和文字描述，这个物品属于其他垃圾类别。,0
2828,这是可回收物_塑料盆。,图片中的物品属于其他垃圾类别。,0
2829,这是可回收物_塑料盆。,图中没有垃圾。,0
2830,这是可回收物_塑料盆。,图片中的物品属于其他垃圾类别。,0
2831,这是可回收物_塑料盆。,这张图片里是一只蓝色的塑料盆。塑料盆是一种塑料制品，通常用于厨房、浴室或洗碗等场合。,1
2832,这是可回收物_塑料盆。,这是一个粉色的塑料盆，上面有一些水果图案。,1
2833,这是可回收物_塑料盆。,图片中的物品是塑料碗，应该属于其他垃圾类别。,0
2834,这是可回收物_塑料盆。,这张图片里的是塑料垃圾。,1
2835,这是可回收物_塑料盆。,图中没有垃圾。,0
2836,这是可回收物_塑料盆。,这张图片里的垃圾是塑料垃圾。,1
2837,这是可回收物_塑料盆。,图片中的物品属于其他垃圾。,0
2838,这是可回收物_塑料盆。,根据图片内容，可以判断出该物品属于其他垃圾类别。,0
2839,这是可回收物_塑料盆。,根据图片内容，可以推测该物品属于可回收物。,0
2840,这是可回收物_塑料盆。,图中的垃圾是紫色的垃圾桶。,0
2841,这是可回收物_奶盒。,这张图片中的垃圾属于厨余垃圾。,0
2842,这是可回收物_奶盒。,图片中的物品属于其他垃圾。,0
2843,这是可回收物_奶盒。,这个垃圾属于食品废弃物。,0
2844,这是可回收物_奶盒。,图片中的物品属于可回收垃圾类别。,1
2845,这是可回收物_奶盒。,这张图片里没有明显的垃圾。,0
2846,这是可回收物_奶盒。,图中的垃圾是一盒牛奶。,1
2847,这是可回收物_奶盒。,图中没有垃圾。,0
2848,这是可回收物_奶盒。,图中没有垃圾。,0
2849,这是可回收物_奶盒。,这张图片里是其他垃圾。,0
2850,这是可回收物_奶盒。,图中的垃圾是牛奶盒。,1
2851,这是可回收物_奶盒。,这张图片里是可回收垃圾。,1
2852,这是可回收物_奶盒。,图中垃圾是纸箱。,0
2853,这是可回收物_奶盒。,图中没有垃圾。,0
2854,这是可回收物_奶盒。,这张图片显示的是一个产品的包装，可能属于食品包装。但是，图片中没有显示该产品属于哪一类垃圾。,0
2855,这是可回收物_奶粉罐。,这个垃圾是可回收垃圾。,1
2856,这是可回收物_奶粉罐。,这是澳大利亚产的LACTOFEERIN和PURE COLOSTRUM的奶粉罐。,1
2857,这是可回收物_奶粉罐。,这张图片展示了以下物品：  1. 一根黄色的线绳。 2. 一个金属罐。 3. 几支颜料。 4. 几支胶带。  这些物品可能用于制作手工制作或装饰用途。,1
2858,这是可回收物_奶粉罐。,这张图片中的垃圾属于厨余垃圾。,0
2859,这是可回收物_奶粉罐。,图中的垃圾是一罐金属罐。,1
2860,这是可回收物_奶粉罐。,这张图片里有一个黄色和蓝色的杯子，旁边有一个胶水瓶。这个杯子看起来像是用泡沫塑料制成的。泡沫塑料是一种常见的环保材料，通常用于制作各种工艺品和装饰品。,0
2861,这是可回收物_奶粉罐。,这是一只用锡罐制成的圣诞风铃。锡罐上画着圣诞节的图案，包括圣诞树和雪花。风铃的铃铛部分是用彩球装饰的，整体看起来非常可爱和节日气氛浓厚。,1
2862,这是可回收物_奶粉罐。,图片中的物品属于不可回收垃圾。,0
2863,这是可回收物_奶粉罐。,这是一罐婴幼儿奶粉，品牌是安好宝。,1
2864,这是可回收物_奶粉罐。,图中没有垃圾。,0
2865,这是可回收物_奶粉罐。,这是一罐金领标（金领宝）的奶粉。罐身上有“金领宝”、“新升级”、“较大婴儿配方”、“黄金蛋黄”、“α+β保护”、“优质蛋白质”等字样。金领宝是一种婴儿奶粉品牌，以其高质量和营养价值而闻名。,1
2866,这是可回收物_奶粉罐。,图中没有垃圾。,0
2867,这是可回收物_奶粉罐。,这是一罐奶粉罐。图片中可以看到奶粉罐的侧面，上面有产品信息和使用说明。奶粉罐的规格是502#（D：126.5MM）H：170MM，容量为900G。,1
2868,这是可回收物_奶粉罐铝盖。,图片中的物品属于厨余垃圾类别。,0
2869,这是可回收物_奶粉罐铝盖。,这个罐头属于可回收垃圾。,1
2870,这是可回收物_奶粉罐铝盖。,图片中的物品属于其他垃圾类别。,0
2871,这是可回收物_奶粉罐铝盖。,这是一个塑料碗和勺子组合。塑料碗看起来很干净，勺子部分在碗的顶部，勺子柄部分在碗的内部。塑料碗是透明的，可以看到里面有一个小勺子。,0
2872,这是可回收物_奶粉罐铝盖。,这个垃圾属于可回收物。,1
2873,这是可回收物_奶粉罐铝盖。,这张图片里是餐盒垃圾。餐盒垃圾通常包括一次性塑料餐盒、塑料吸管、塑料吸盘等。,0
2874,这是可回收物_尺子。,这个垃圾属于电子垃圾。,0
2875,这是可回收物_尺子。,这是一把直尺。直尺是一种测量工具，通常用于测量物体的长度。它的长度单位通常是厘米（cm）或毫米（mm）。,1
2876,这是可回收物_尺子。,这张图片里没有垃圾。,0
2877,这是可回收物_尺子。,垃圾,0
2878,这是可回收物_尺子。,根据图片中的物品，我们可以推测它属于“其它垃圾”。,0
2879,这是可回收物_尺子。,图片中的物品属于其他垃圾类别。,0
2880,这是可回收物_尺子。,金属类,0
2881,这是可回收物_尺子。,图片中的物品属于其他垃圾类别。,0
2882,这是可回收物_尺子。,图中的垃圾是一把尺子。,1
2883,这是可回收物_尺子。,这个垃圾是塑料尺子，属于办公用品垃圾。,1
2884,这是可回收物_尺子。,这张图片中的垃圾是：  1. 一个铜制的尺子，大小适中。 2. 一个硬币，形状和大小都较小。  这两个物品属于不同类型，一个是工具，一个是货币。,1
2885,这是可回收物_尺子。,这张图片里没有垃圾。,0
2886,这是可回收物_尺子。,图中的垃圾是尺子。,1
2887,这是可回收物_尺子。,这张图片里没有垃圾。,0
2888,这是可回收物_尺子。,图片中的物品属于其他垃圾。,0
2889,这是可回收物_尺子。,这是两块金属尺子。左边的尺子上有英制刻度，右边的尺子上有厘米刻度。尺子的边缘有圆孔，可能是为了方便携带。,1
2890,这是可回收物_尺子。,这张图片里没有垃圾。,0
2891,这是可回收物_尺子。,图片中的物品属于金属类垃圾。,0
2892,这是可回收物_尺子。,这张图片里没有垃圾。它展示了一把金属尺子。,1
2893,这是可回收物_尺子。,图中的垃圾是一把三角尺。,1
2894,这是可回收物_尺子。,这张图片里是金属制品，应该属于可回收垃圾。,1
2895,这是可回收物_尺子。,这是一张图片，展示了几支不同颜色的量规。这些量规有不同的尺码，从1厘米到10厘米不等。这些量规放在白色的背景上，显得非常鲜艳。,0
2896,这是可回收物_尺子。,这是一把标尺，通常用于测量长度。图片中可以看到它在白色和灰色背景上。,1
2897,这是可回收物_尺子。,图片中的物品属于其他垃圾。,0
2898,这是可回收物_尺子。,图片中的物品属于金属垃圾类别。,0
2899,这是可回收物_尺子。,这张图片里的物品看起来是办公用品，包括尺子、三角尺等。办公用品通常属于办公用品，如文具、尺子、铅笔等。这些物品的使用通常不会产生特殊的垃圾。,1
2900,这是可回收物_尺子。,图片中的物品属于其他垃圾类别。,0
2901,这是可回收物_尺子。,图中的垃圾是一块石头。,0
2902,这是可回收物_尺子。,这是一把金属直尺，通常用于测量长度。直尺上标有从1厘米到1米的数字，方便用户测量不同的长度。,1
2903,这是可回收物_尺子。,图中的垃圾是木制的尺子。,1
2904,这是可回收物_尺子。,这张图片里的是金属尺子，属于金属类垃圾。金属类垃圾通常包括金属容器、金属管道、金属废料等。金属尺子属于金属废料。,1
2905,这是可回收物_尺子。,这是一把不锈钢直尺，具体尺寸为15厘米、20厘米和30厘米。,1
2906,这是可回收物_尺子。,这个图片是一个测量工具，通常被称为尺子。它用于测量物体的长度。,1
2907,这是可回收物_尺子。,图中的垃圾是一块不锈钢尺子，尺寸为0到100毫米。,1
2908,这是可回收物_尺子。,这张图片里有金属尺子，可能是金属垃圾。,1
2909,这是可回收物_尺子。,这张图片里的是金属尺子，属于金属制品。,1
2910,这是可回收物_尺子。,,0
2911,这是可回收物_尺子。,这张图片里的物品是塑料尺，属于塑料制品，需要回收。,1
2912,这是可回收物_尺子。,图片中的物品是一把铁制尺子，属于金属垃圾。,0
2913,这是可回收物_尺子。,图片中的物品属于金属制品，属于可回收垃圾。,1
2914,这是可回收物_尺子。,这张图片中的垃圾可以分为两个部分：  1. 左侧部分：这个部分是一个木制的玩具，上面有刻度线和图案。 2. 右侧部分：这个部分是一个木制的玩具，上面有刻度线和图案。  这两部分都可以被归类为“玩具”垃圾。,0
2915,这是可回收物_尺子。,这个垃圾属于其他垃圾。,0
2916,这是可回收物_尺子。,图片中的物品属于可回收垃圾类别。,1
2917,这是可回收物_尺子。,这张图片里的是塑料尺子。塑料尺是一种常见的文具，通常用于测量和标记。,1
2918,这是可回收物_尺子。,这个垃圾应该被分类为“金属工具”。,0
2919,这是可回收物_尺子。,图中的垃圾是一把标尺。,1
2920,这是可回收物_尺子。,图片中的物品属于其他垃圾类别。,0
2921,这是可回收物_尺子。,图中没有垃圾。,0
2922,这是可回收物_尺子。,这是一把金属刻度尺，刻度尺上标注了从90毫米到100毫米。刻度尺的边缘是银色的，数字是黑色的，而数字上方是红色的。,1
2923,这是可回收物_尺子。,这张图片里是一个不锈钢尺子。不锈钢尺是一种金属尺子，通常用于测量物体的长度。,1
2924,这是可回收物_尺子。,这张图片里没有明显的垃圾。图片中显示了几条彩色的尺子，上面有各种图案。,1
2925,这是可回收物_帽子。,这张图片里没有垃圾。,0
2926,这是可回收物_帽子。,,0
2927,这是可回收物_帽子。,这是一顶棒球帽。棒球帽通常有帽子、帽檐和帽带。帽子的颜色是紫色，帽檐是红色和黄色的条纹。,1
2928,这是可回收物_帽子。,这是一顶粉色的针织帽。帽子上有复杂的编织图案，顶部有一个蓬松的球形装饰。这种帽子通常在寒冷的天气中使用，提供保暖效果。,1
2929,这是可回收物_帽子。,这个垃圾属于“服装”类别。,0
2930,这是可回收物_帽子。,这是一顶编织的帽子，可能是由毛线或羊毛制成的。帽子的编织图案看起来是复杂的，有多个形状和图案的编织线。帽子的顶部有一个棕色的纽扣。,1
2931,这是可回收物_帽子。,根据图片中的物品，该物品属于其他垃圾类别。,0
2932,这是可回收物_帽子。,这张图片里是一顶棒球帽。,1
2933,这是可回收物_帽子。,图中没有垃圾。,0
2934,这是可回收物_帽子。,这个垃圾属于“帽子”。,1
2935,这是可回收物_帽子。,根据图片中的描述，物品为“帽子”，应该属于“其他垃圾”类别。,0
2936,这是可回收物_帽子。,图片中的物品属于可回收垃圾。,1
2937,这是可回收物_帽子。,这张图片里是一个警察帽，属于其他垃圾。,0
2938,这是可回收物_帽子。,这个垃圾属于废品。,1
2939,这是可回收物_帽子。,这张图片里是帽子，不是垃圾。,1
2940,这是可回收物_帽子。,根据图片内容，图片中的物品属于不可回收垃圾类别。,0
2941,这是可回收物_帽子。,图片中的物品属于可回收垃圾。,1
2942,这是可回收物_帽子。,这张图片的内容是一个展示帽子的场景。由于没有垃圾的定义，所以无法对图片中的垃圾进行分类。垃圾的分类通常需要根据具体情境和标准进行，例如是否为有害垃圾、可回收垃圾等。,0
2943,这是可回收物_废弃扩声器。,图中的垃圾是四个黑色的音响设备。,1
2944,这是可回收物_废弃扩声器。,这张图片中的垃圾是音响设备，具体来说是两个音箱。它们可能是由于使用不当、损坏或者废弃而产生的垃圾。垃圾分类标准通常包括电子垃圾、塑料垃圾、金属垃圾、纸质垃圾和可回收垃圾等。由于这些音箱属于电子垃圾，所以应该归类为电子垃圾。,1
2945,这是可回收物_废弃扩声器。,这是一组汽车音响扬声器。这些扬声器通常用于汽车音响系统中，提供高质量的声音输出。,1
2946,这是可回收物_废弃扩声器。,图片中的物品属于有害垃圾。,0
2947,这是可回收物_废弃扩声器。,这是一张汽车音响的图片。,0
2948,这是可回收物_废弃扩声器。,这张图片里没有垃圾，它展示的是汽车音响设备。,0
2949,这是可回收物_废弃扩声器。,这张图片里有音响设备，属于电子垃圾。,0
2950,这是可回收物_废弃扩声器。,图中的垃圾是音响设备的外壳。,1
2951,这是可回收物_废弃扩声器。,这张图片里的是电子废弃物，具体来说是扬声器。,1
2952,这是可回收物_废弃扩声器。,这张图片里没有明显的垃圾，主要是几只黑色的物体，可能是一个音响设备的一部分。,1
2953,这是可回收物_废弃扩声器。,图中的垃圾是音响设备。,1
2954,这是可回收物_废弃扩声器。,,0
2955,这是可回收物_废弃扩声器。,这张图片里没有垃圾。,0
2956,这是可回收物_废弃扩声器。,图中的垃圾是一对汽车音响。,1
2957,这是可回收物_废弃扩声器。,图中的垃圾是音响设备。,1
2958,这是可回收物_废弃扩声器。,这张图片中的物体是一个扬声器。扬声器是一种用于将电信号转换为声波的电子设备，通常用于音响系统中。由于扬声器是电子设备，因此它不属于垃圾分类中的“其他垃圾”类别。但是，如果这个扬声器损坏或不再使用，它可能需要进行适当的回收或丢弃。,1
2959,这是可回收物_废弃扩声器。,这张图片中的物品看起来像是音响设备，包括扬声器和连接线。根据这些物品的外观和功能，它们可能属于电子垃圾。电子垃圾通常包括过时的电子设备、电子部件、电池和其他电子材料。这些物品可能会对环境和健康产生不利影响，因此应该被妥善处理和回收。,1
2960,这是可回收物_手提包。,这张图片里是一只蓝色的双肩包，属于可回收垃圾。,1
2961,这是可回收物_手提包。,这是一款黄色的背包，带有金属刺绣设计。背包的表面有明显的金属刺绣，给人一种时尚和个性的感觉。,1
2962,这是可回收物_手提包。,图中的垃圾是黑色的背包。,1
2963,这是可回收物_手提包。,这个垃圾属于可回收垃圾。,1
2964,这是可回收物_手提包。,这是一只红色的双肩包，带有一个拉链和两个侧袋。包身采用优质面料制作，外观时尚，适合日常使用。,1
2965,这是可回收物_手提包。,这是一个女士背包。,1
2966,这是可回收物_手提包。,这个物品是一只黑色的背包，不属于垃圾。,0
2967,这是可回收物_手提包。,这张图片里没有明显的垃圾，看起来像是一个展示包包的图片。,1
2968,这是可回收物_手提包。,根据物品的材质和设计，它应该属于可回收物。,0
2969,这是可回收物_手提包。,这是一款背包。背包上有英文文字，看起来设计时尚，适合日常使用。,0
2970,这是可回收物_手提包。,图中的垃圾是灰色的双肩包。,1
2971,这是可回收物_手提包。,这张图片里没有提到垃圾，它是一个宣传广告。,0
2972,这是可回收物_手提包。,图片中的物品属于可回收垃圾类别。,1
2973,这是可回收物_手提包。,图片中的物品属于不可回收垃圾。,0
2974,这是可回收物_手提包。,图中没有垃圾。,0
2975,这是可回收物_手提包。,这张图片里没有显示任何垃圾。,0
2976,这是可回收物_手提包。,根据图片内容，无法确定图片中的物品属于什么垃圾类别。,0
2977,这是可回收物_手提包。,图中的垃圾是蓝色的垃圾袋。,0
2978,这是可回收物_手提包。,图片中的物品属于可回收垃圾类别。,1
2979,这是可回收物_手提包。,根据图片中的描述，这个物品属于“其他垃圾”。,0
2980,这是可回收物_手提包。,图中的垃圾是黑色的。,0
2981,这是可回收物_手提包。,图中的垃圾是一只黄色的小鸭子。,0
2982,这是可回收物_手提包。,图片中的物品属于其他垃圾类别。,0
2983,这是可回收物_手提包。,这是一只黑色的背包，背包上有一个白色的小鹿图案。背包的拉链是黑色的，背包的两侧有口袋。背包的设计简洁大方，适合日常使用。,1
2984,这是可回收物_手提包。,根据图片中的物品，无法确定它们属于什么垃圾类别。,0
2985,这是可回收物_手提包。,这个垃圾属于电子垃圾。,0
2986,这是可回收物_手提包。,图中没有垃圾，是一张展示两个背包的照片。,0
2987,这是可回收物_手提包。,这张图片中的物品是一个蓝色的背包，不属于垃圾。,0
2988,这是可回收物_手提包。,这张图片里没有垃圾。,0
2989,这是可回收物_手提包。,图片中的物品属于其他垃圾类别。,0
2990,这是可回收物_手提包。,图中的垃圾是：Jansport。,0
2991,这是可回收物_手提包。,图片中的物品属于可回收垃圾类别。,1
2992,这是可回收物_手提包。,根据图片内容，可以推测出该物品属于其他垃圾类别。,0
2993,这是可回收物_手提包。,这个垃圾不是垃圾，而是一款运动背包。,1
2994,这是可回收物_手提包。,这是一个黑色的背包，适合户外运动和旅行使用。,1
2995,这是可回收物_手提包。,图片中的物品属于不可回收垃圾。,0
2996,这是可回收物_手提包。,这是一款Dickies品牌的双肩包。包身上有Dickies的标志和图案，包的材质看起来比较耐用，适合日常使用。,1
2997,这是可回收物_手提包。,这个垃圾属于可回收垃圾。,1
2998,这是可回收物_手提包。,这个垃圾属于有害垃圾。,0
2999,这是可回收物_手机。,图中的垃圾是白色的塑料袋。,0
3000,这是可回收物_手机。,图中的“垃圾”是指手机屏幕上的广告信息。,0
3001,这是可回收物_手机。,这是一张展示手机APP页面的图片。图片中可以看到一个手机APP的界面，屏幕上显示着购物的界面，背景中可以看到一些零食的包装。,0
3002,这是可回收物_手机。,这个设备是一个充电宝，不属于垃圾。,0
3003,这是可回收物_手机。,图中的垃圾是两部二手手机。,1
3004,这是可回收物_手机。,这是一款诺基亚品牌的手机，型号为Nokia 5230。,1
3005,这是可回收物_手机。,这是一个手机支架，它可以固定在汽车的出风口上，用来安装手机。这种支架通常使用磁性材料，可以吸附在汽车的出风口上，使手机保持稳定。,0
3006,这是可回收物_手机。,这张图片中的手机是白色的，放在木制桌子上。手机旁边有一个无线充电垫。,1
3007,这是可回收物_手机。,这是一张手机的照片。手机背面有一个圆形的摄像头和一个标志，手机的外壳是银色的，边缘是白色的。手机放在蓝色牛仔裤上。,1
3008,这是可回收物_手机。,图片中的物品属于不可回收垃圾类别。,0
3009,这是可回收物_手机。,图中的垃圾是红色闪粉手机壳。,0
3010,这是可回收物_手机。,这是三款用乐高积木制作的手机壳。左上角的乐高积木设计展示了火箭和星星，中间的乐高积木设计展示了蜘蛛侠，右下角的乐高积木设计展示了“STAR”字样和一个头盔。这些手机壳以乐高积木的风格和图案为主题，充满了创意和个性。,0
3011,这是可回收物_手机。,,0
3012,这是可回收物_手机。,这是一张显示手机屏幕的图片。,0
3013,这是可回收物_手机。,这是一张展示智能手机界面的图片。图片中显示了一个手机屏幕，显示了一个网络设置页面。页面上有一个输入框，里面写着“网络 SSID 飞”，旁边有一个“设置”按钮，以及一个输入框，里面写着“WPA2 PSK”，旁边还有一个“确定”按钮。页面底部有一个键盘。,1
3014,这是可回收物_手机。,这张图片显示的是一个白色iPhone 5c的背面，没有显示出任何垃圾。垃圾通常指未被分类或未被正确分类的垃圾，而这张图片中没有任何垃圾。,1
3015,这是可回收物_手机。,图中没有垃圾。,0
3016,这是可回收物_手机。,图中的垃圾是红色的手机壳。,1
3017,这是可回收物_手机。,图片中的物品是电子废弃物，包括手机。,1
3018,这是可回收物_手机。,这是一张显示手机电池电量的截图。图中显示了电池电量百分比，以及手机的一些其他信息，如总存储空间、可用容量、管理存储空间、电池用量、上次完全充电后的时间统计、使用时间和待机时间。,0
3019,这是可回收物_手机。,根据图片内容，这是一款银色的旧手机，不属于可回收垃圾类别。,0
3020,这是可回收物_手机。,图中没有垃圾。,0
3021,这是可回收物_手机。,图中的垃圾是iPhone。,1
3022,这是可回收物_手机。,这是一个人使用手机拍摄的照片。照片中显示的是一片绿色的叶子，背景是木质的桌面。,0
3023,这是可回收物_手机。,图中展示了一双手拿着手机壳，手机壳是黑色的，上面印有卡通图案和文字。图案上有“HELLO SUMMER”字样，下面是一条鱼，旁边还有“别人生气我不生气，心态超棒”字样。手机壳右侧有一只卡通兔子，兔子下面有“要微笑”字样。,1
3024,这是可回收物_手机。,这张图片里没有垃圾。它展示了一台蓝色的手机，背景是一个键盘。,1
3025,这是可回收物_手机。,这张图片里没有垃圾。,0
3026,这是可回收物_手电筒。,这是一只强光探照灯，品牌是Yilida（依利达）。它具有强光功能，防水防尘，适用于户外活动、应急照明等场合。,1
3027,这是可回收物_手电筒。,根据图片中的物品，无法确定它属于什么垃圾类别。,0
3028,这是可回收物_手电筒。,图片中的物品属于有害垃圾。,0
3029,这是可回收物_手电筒。,图片中的物品属于其他垃圾类别。,0
3030,这是可回收物_手电筒。,图片中的物品属于其他垃圾。,0
3031,这是可回收物_手电筒。,这张图片里是一台电水壶。,0
3032,这是可回收物_手电筒。,这个垃圾属于有害垃圾。,0
3033,这是可回收物_手电筒。,图中的垃圾是“China.makepolo.com”。,0
3034,这是可回收物_手电筒。,这是一盏强光探照灯。,1
3035,这是可回收物_手电筒。,图中的物体是一个手电筒。,1
3036,这是可回收物_手电筒。,这张图片里是一只手电筒。手电筒是一种便携式照明设备，通常用于夜间或昏暗环境下。,1
3037,这是可回收物_手电筒。,,0
3038,这是可回收物_手电筒。,根据图片中的描述，物品属于其他垃圾。,0
3039,这是可回收物_手电筒。,这个物品是一个手电筒。,1
3040,这是可回收物_手电筒。,图片中的物品属于其他垃圾。,0
3041,这是可回收物_手电筒。,图中的垃圾是“手电筒”。,1
3042,这是可回收物_手电筒。,图片中的物品属于可回收垃圾类别。,1
3043,这是可回收物_手电筒。,这张图片里的是可回收物。,1
3044,这是可回收物_手电筒。,这个垃圾属于电子垃圾。,0
3045,这是可回收物_手电筒。,这个物体是一盏手电筒。,1
3046,这是可回收物_手电筒。,图片中的物品属于有害垃圾。,0
3047,这是可回收物_手电筒。,这个物品是一盏手电筒，不属于垃圾。,0
3048,这是可回收物_手链。,This is a jewelry item.,0
3049,这是可回收物_手链。,图片中的物品属于可回收垃圾。,1
3050,这是可回收物_手链。,这张图片里的是木质手链，属于可回收垃圾。,1
3051,这是可回收物_手链。,这张图片里没有垃圾。,0
3052,这是可回收物_手链。,这张图片里是手链。,1
3053,这是可回收物_手链。,图中的垃圾是“翡翠玉朝”。,0
3054,这是可回收物_手链。,这个垃圾是一个银色的手环，可能属于废品。,1
3055,这是可回收物_手链。,图中是一个红宝石手链，没有垃圾。,0
3056,这是可回收物_手链。,这个垃圾属于其他垃圾。,0
3057,这是可回收物_手链。,这是一条Pandora（潘多拉）品牌的项链。Pandora是一个著名的珠宝品牌，以其独特的设计和高质量的珠宝而闻名。这条项链的特点是采用了金色的材料和复杂的装饰，看起来非常精致和华丽。,0
3058,这是可回收物_手链。,这张图片里是一块琥珀手链。琥珀是一种化石，通常由古代松柏树的树脂硬化而成。它因其独特的外观和颜色而受到人们的喜爱。,1
3059,这是可回收物_手链。,图中的垃圾是：三叶草。,0
3060,这是可回收物_手链。,这是一只手链，可以归类为“珠宝”或“饰品”。,1
3061,这是可回收物_手链。,这个垃圾不属于垃圾，而是珠宝。,0
3062,这是可回收物_手链。,图中是一条蓝白相间的手串，由多个蓝白相间的圆形珠子组成。手串上还有一圈由黑色和白色组成的珠子。手串的背景是白色的布料。,1
3063,这是可回收物_手链。,这是一个心形陶瓷手链。手链上装饰着多个彩色的心形陶瓷珠子，颜色包括红色、蓝色、绿色、棕色和米色等。这些心形珠子看起来质地细腻，表面光滑，给人一种温暖和柔软的感觉。手链的设计简单而富有创意，适合日常佩戴。,1
3064,这是可回收物_手链。,图片中的物品属于可回收垃圾类别。,1
3065,这是可回收物_手链。,这是一个银饰手链。手链上镶嵌了几个绿色的宝石，这些宝石看起来像是翡翠。手链的设计非常精致，链条上还装饰了其他的装饰元素，增加了整体的美感。,1
3066,这是可回收物_手链。,这张图片里的是翡翠。翡翠是一种由玉髓和硬玉组成的玉石，通常呈现出鲜艳的绿色。,0
3067,这是可回收物_手链。,这是一条珍珠项链。它由多层链条组成，每层链条上都点缀着大小不一的珍珠。链条末端有一个金属扣，可能是用来挂项链的。,0
3068,这是可回收物_手链。,这是一只手，手腕上戴着一条银色的饰品，可能是手链或手镯。饰品上有一个心形的装饰，还有一个小钻石。手腕上还有一处纹身，但无法辨认出具体的图案。,1
3069,这是可回收物_手链。,这是一只手链。,1
3070,这是可回收物_手链。,这是一张展示金色珠宝的图片。具体来说，它是一条项链。这个珠宝看起来是金黄色的，设计精美，适合作为礼物或装饰品。,0
3071,这是可回收物_手链。,这张图片中的垃圾属于其他垃圾。,0
3072,这是可回收物_手链。,图中没有垃圾，是一对情侣手链。,1
3073,这是可回收物_手链。,这张图片里没有垃圾。图片展示了一只手臂，手腕上戴着一条闪闪发光的银色手链。,0
3074,这是可回收物_手链。,这张图片是一个手链，主要包含珠子和手部皮肤。手链的颜色是深红色，珠子是圆形的，形状为猫眼，珠子表面有光泽。手部皮肤看起来比较光滑。,1
3075,这是可回收物_手链。,这张图片里没有垃圾，展示了一条银色的手链，上面镶嵌着紫色的宝石，手腕上佩戴着。,1
3076,这是可回收物_手链。,这是一个金手镯，上面有金色的装饰，手镯上挂着黑色的珠子。,1
3077,这是可回收物_手链。,图片中的物品属于其他垃圾类别。,0
3078,这是可回收物_手链。,根据图片描述，这是一款珠宝首饰，不属于可回收垃圾，也不属于有害垃圾，应该属于其他垃圾。,0
3079,这是可回收物_手链。,图中没有垃圾。,0
3080,这是可回收物_手链。,这个垃圾属于可回收垃圾。,1
3081,这是可回收物_手链。,这个垃圾不属于垃圾，而是一个精美的手工编织作品。,0
3082,这是可回收物_手链。,这是一条珍珠手链。手链上镶嵌着许多圆形的珍珠，颜色主要是橙色和米色。手链的表面装饰有银色的金属装饰，增加了整体的优雅感。,1
3083,这是可回收物_手链。,这是一只带有绿色宝石的狗狗手链。手链的主体是一只可爱的狗狗形象，狗狗的头部和身体部分由小圆环组成，形成一个爱心的形状。这只狗狗的手链是椭圆形的，大小约为7*9毫米。手链的主体部分由金属制成，表面光滑，适合佩戴。,1
3084,这是可回收物_手链。,图中的垃圾是：一个编织的手环。,1
3085,这是可回收物_打印机墨盒。,这张图片里是一个黑色的打印机墨盒。打印机墨盒属于电子垃圾。,0
3086,这是可回收物_打印机墨盒。,这是HP 932填充黑盒，适用于HP OfficeJet 950/932系列打印机。,1
3087,这是可回收物_打印机墨盒。,该物品属于有害垃圾。,0
3088,这是可回收物_打印机墨盒。,这个垃圾应该属于“电子设备垃圾”（Electronics Waste）类别。,0
3089,这是可回收物_打印机墨盒。,这是两个墨盒，分别是黑色和彩色的。它们是PG245XL和CL246XL的替换墨盒。,1
3090,这是可回收物_打印机墨盒。,图中没有垃圾，是一台打印机的内部组件。,0
3091,这是可回收物_打印机墨盒。,图中的垃圾是硒鼓。,1
3092,这是可回收物_打印机墨盒。,图片中的物品属于有害垃圾。,0
3093,这是可回收物_打印机墨盒。,这是 Brother DCP-7030 打印机专用粉盒。,1
3094,这是可回收物_打印机墨盒。,图中的垃圾是两个黑色的墨盒，上面印有“BAVIS”字样和“皇者·巴威”字样，包装上写着“替换6615A”，墨盒旁边还有一只彩色鹦鹉。,1
3095,这是可回收物_打印机墨盒。,这张图片里的是电子垃圾。,0
3096,这是可回收物_打印机墨盒。,图中的垃圾是硒鼓和硒鼓盖。,1
3097,这是可回收物_打印机墨盒。,这张图片里没有垃圾，只是显示了一台打印机的墨盒。,1
3098,这是可回收物_打印机墨盒。,图片中的物品属于不可回收垃圾。,0
3099,这是可回收物_打印机墨盒。,图中是一盒HP803XL墨盒。,1
3100,这是可回收物_打印机墨盒。,这是四支HP 951XL墨盒的组合，每支墨盒的颜色分别是：黑色、蓝色、绿色和黄色。,1
3101,这是可回收物_打印机墨盒。,这是一台打印机，具体型号可能是HP或Canon。图片显示的是打印机的内部结构，包括墨盒和纸张。墨盒和纸张的正确安装和使用对于打印机的正常工作非常重要。,1
3102,这是可回收物_打印机墨盒。,这张图片里没有明显的垃圾，但是有一个复印机。,0
3103,这是可回收物_打印机墨盒。,这是一台黑色的Canon打印机，可以用来打印和复印文件。,0
3104,这是可回收物_打印机墨盒。,图中的垃圾是黑色粉末和绿色叶片。,0
3105,这是可回收物_打印机墨盒。,这张图片里没有显示任何垃圾，而是显示了一个HP打印机的后盖，上面贴着一些标签和标志。,0
3106,这是可回收物_打印机墨盒。,这张图片里是一个墨盒。墨盒是用于打印设备的打印介质，用于打印文字、图像等。,1
3107,这是可回收物_打印机墨盒。,这是一张展示墨盒的图片。图片上写着“WENON 墨盒系列”和“厂家直供 量大从优”，表明这是一款墨盒。墨盒通常用于打印机，提供打印墨水，以确保打印机能够正确打印出所需的图像或文本。,1
3108,这是可回收物_打印机墨盒。,这个物品属于办公用品，属于垃圾中的办公用品类。,0
3109,这是可回收物_打印机墨盒。,这是一张显示的打印机。图中有一台名为“兄弟MFC-L2700DW”的打印机，旁边有一个硒鼓组件。,0
3110,这是可回收物_打印机墨盒。,图中的垃圾是打印机的墨盒。,1
3111,这是可回收物_打印机墨盒。,根据图片中的描述，物品属于电子废弃物（电子垃圾）类别。,0
3112,这是可回收物_打印机墨盒。,图中的垃圾是两台打印机墨盒。,1
3113,这是可回收物_打印机墨盒。,这张图片里没有明显的垃圾，只是一个黑色的电子设备。,0
3114,这是可回收物_打气筒。,图片中的物品属于其他垃圾。,0
3115,这是可回收物_打气筒。,该垃圾属于可回收垃圾。,1
3116,这是可回收物_打气筒。,这张图片里是一个气泵。气泵通常用于给自行车轮胎充气。,1
3117,这是可回收物_打气筒。,这是一张玩具图片。图片中展示的是一个蓝色的塑料玩具，看起来像是一个陀螺或类似的旋转玩具。背景中可以看到一个红色的玩具。,0
3118,这是可回收物_打气筒。,这张图片中的物品属于有害垃圾。,0
3119,这是可回收物_打气筒。,图中的垃圾是绿色和红色的自行车气泵。,1
3120,这是可回收物_打气筒。,这张图片里的是旧式水枪。,0
3121,这是可回收物_打气筒。,图片中的物品属于不可回收垃圾。,0
3122,这是可回收物_打气筒。,图中没有垃圾。,0
3123,这是可回收物_打气筒。,图中的垃圾是自行车车架上的轮胎气泵。,1
3124,这是可回收物_打气筒。,图片中的物品属于金属垃圾。,0
3125,这是可回收物_打气筒。,图中的垃圾是红色的气泵。,1
3126,这是可回收物_护肤品空瓶。,图片中的物品属于其他垃圾类别。,0
3127,这是可回收物_护肤品空瓶。,图片中的物品属于其他垃圾类别。,0
3128,这是可回收物_护肤品空瓶。,图中没有垃圾。,0
3129,这是可回收物_护肤品空瓶。,这是几种护肤品的瓶子，包括VAXIN FOR YOUTH、KIEHL'S、SK-II、IPSA、GIVENCHY和MELITA。这些品牌和产品都可能适用于护肤。,1
3130,这是可回收物_护肤品空瓶。,这个垃圾是一个化妆品，需要分类为“生活垃圾”或“美容垃圾”。,0
3131,这是可回收物_护肤品空瓶。,图中的垃圾是玻璃瓶。,1
3132,这是可回收物_护肤品空瓶。,这是一瓶化妆水。化妆水是一种化妆产品，通常用于清洁和滋润皮肤。瓶子上有日文标签，表明这是日本品牌的产品。化妆水通常含有保湿成分，可以帮助保持皮肤的水分。,1
3133,这是可回收物_护肤品空瓶。,这张图片里没有垃圾。,0
3134,这是可回收物_护肤品空瓶。,图中的垃圾是护肤品。,1
3135,这是可回收物_护肤品空瓶。,图片中的物品属于其他垃圾类别。,0
3136,这是可回收物_护肤品空瓶。,这张图片中的产品是化妆品。,1
3137,这是可回收物_护肤品空瓶。,图片中的物品属于可回收垃圾。,1
3138,这是可回收物_护肤品空瓶。,这是一个方形的透明塑料瓶，瓶身上有一个白色的泵头。这种瓶子通常用于装洗发水、沐浴露或其他个人护理产品。,1
3139,这是可回收物_护肤品空瓶。,这是几瓶化妆品瓶子，瓶身上面有金色的装饰。,1
3140,这是可回收物_护肤品空瓶。,这是一瓶透明的塑料瓶，瓶身上有一个白色的盖子，瓶盖上有一个喷嘴。这个瓶子可能是用来装洗洁精、消毒液或其他清洁剂的。盖子上有一些吸水的材料，可以用来吸掉瓶内的液体。,1
3141,这是可回收物_护肤品空瓶。,图中没有垃圾。,0
3142,这是可回收物_护肤品空瓶。,这张图片里的垃圾是电子废物（Electrical and Electronic Waste，E-Waste）。电子废物通常包括电子设备、电子元件、电池和其他电子部件。电子废物的处理和回收对于环境保护非常重要，但需要遵循当地的法规和标准。,0
3143,这是可回收物_护肤品空瓶。,这是一个化妆品包装瓶。瓶身是金色的，带有金色的瓶盖，看起来非常高档。,1
3144,这是可回收物_护肤品空瓶。,这是一组装有金色滚轮盖的玻璃瓶。每个玻璃瓶的容量分别是3毫升、5毫升和10毫升。这种瓶子通常用于存放液体产品，如香水、精油或液体肥皂。,1
3145,这是可回收物_护肤品空瓶。,这张图片中的物品是一个瓶子，瓶身上有日语文字和中文文字，可能是化妆品产品。由于图片中没有提供足够的信息来确定这个瓶子的具体用途和成分，所以无法进行垃圾分类。垃圾分类需要更多的信息来确定其所属类别。,0
3146,这是可回收物_护肤品空瓶。,图中的垃圾是绿色塑料瓶。,1
3147,这是可回收物_护肤品空瓶。,图片中的物品属于其他垃圾类别。,0
3148,这是可回收物_护肤品空瓶。,这张图片里是可回收物。,1
3149,这是可回收物_护肤品空瓶。,这个垃圾是塑料瓶。,1
3150,这是可回收物_护肤品空瓶。,图中的垃圾是一瓶洗发水。,1
3151,这是可回收物_护肤品空瓶。,图片中的物品属于可回收垃圾。,1
3152,这是可回收物_护肤品空瓶。,这是Nature Republic品牌的芦荟胶。Nature Republic是一个韩国护肤品牌，以其天然和有机成分而闻名。这个产品可能含有芦荟提取物，因为标签上显示了芦荟的图片。,1
3153,这是可回收物_护肤品空瓶。,这是一套由法国娇韵诗（Guerlain）品牌推出的美容产品。具体来说，这是品牌旗下的“Abeille Royale”系列。这套产品包括：  1. **Abeille Royale Daily Repair（每日修复精华）** - 这是一款对抗衰老、提亮肤色的精华液，可以帮助皮肤恢复年轻状态。 2. **Abeille Royale Face Treatment Oil（面部护理油）** - 这是一款深层滋养的护肤油，能够深入皮肤底层，补充营养，改善肤质。 3. **Abeille Royale Face Treatment Oil - Extract of Honey（蜂蜜精华油）** - 这是一款含有蜂蜜成分的精华油，具有保湿、提亮肤色的功效。  这些产品都以金黄色为主色调，给人一种高贵、奢华的感觉。,0
3154,这是可回收物_护肤品空瓶。,这张图片里是一个白色塑料瓶，标签上写着“PET 脱臭瓶”和“REFILL BOTTLE”。这表明这个瓶子是塑料制品，通常可以用于家庭或个人护理产品。因此，这个瓶子可能属于可回收物。,1
3155,这是可回收物_护肤品空瓶。,图中的垃圾是化妆品。,1
3156,这是可回收物_护肤品空瓶。,这是Shiseido（资生堂）的护肤品。从左到右分别是：  1. Revital Moisturizer II（焕采保湿精华） 2. Shiseido Vital-Perfecting Emulsion（美白净透精萃乳） 3. Shiseido Vital-Perfecting Lotion（美白净透乳液） 4. Shiseido Vital-Perfecting Emulsion（美白净透精萃乳液）  这些产品都是资生堂品牌的护肤产品，主打保湿和美白效果。,1
3157,这是可回收物_护肤品空瓶。,图片中的物品属于可回收垃圾类别。,1
3158,这是可回收物_护肤品空瓶。,这是一张图片，展示了产品的包装。由于图片中的产品信息和外观描述并不完全清楚，无法确定它属于哪种类型的垃圾。它可能属于家庭垃圾，如包装垃圾或产品包装垃圾。建议在分类时进一步确认。,0
3159,这是可回收物_护肤品空瓶。,这个垃圾属于有害垃圾。,0
3160,这是可回收物_护肤品空瓶。,这是六只化妆品瓶的图片。这些瓶子主要是红色的，瓶口是金色的，瓶身是圆柱形的。瓶子的大小不一，从最小的瓶子到最大的瓶子。瓶子旁边有一个白色的花盆，花盆里种着一些绿色植物。背景中有一个白色的栅栏和一些干草。,1
3161,这是可回收物_护肤品空瓶。,图中的垃圾是一块粉色的毛巾。,0
3162,这是可回收物_护肤品空瓶。,这个垃圾属于有害垃圾。,0
3163,这是可回收物_报纸。,这是一则新闻报道，属于“本地新闻”类别。,0
3164,这是可回收物_报纸。,这张图片是两份报纸的电子版，每份报纸上都有“九峰铁板”的标题。图片中的内容是关于九峰铁板的新闻报道。,1
3165,这是可回收物_报纸。,这张图片是一则新闻报道，标题为“绍兴花市：种出花乡‘富民园’”。图片中有一排花盆，上面种满了各种花卉，花盆上装饰着花卉，背景是城市景观。图片中还有文字说明，内容为“绍兴花市：种出花乡‘富民园’”，表明这是一个关于花市的报道，重点是“种出花乡‘富民园’”。,0
3166,这是可回收物_报纸。,这张图片里没有明显的垃圾。,0
3167,这是可回收物_报纸。,这是《河南法制报》的一篇文章。这篇文章标题为“藏在40平方米警务室里的‘平安秘密’”，主要内容是关于警务室如何运用“人性化”执法理念，有效地解决社会问题。文章提到，警务室运用“人性化”执法理念，有效地解决了社会问题，例如“防范记住心”、“事小要理性”、“防反弹”等。,0
3168,这是可回收物_报纸。,图片中的物品属于其他垃圾类别。,0
3169,这是可回收物_报纸。,这是一页关于夏天的诗和短文。文章介绍了关于夏天的诗句，并提供了夏季的饮食注意。图片中还有一张荷花的图片。,0
3170,这是可回收物_报纸。,这是一份中文报纸的页面。内容包括标题、正文和一些图片。,1
3171,这是可回收物_报纸。,这是一则新闻报道，属于新闻类垃圾。,0
3172,这是可回收物_报纸。,,0
3173,这是可回收物_报纸。,这张图片里有报纸、杂志和一些宣传材料。,1
3174,这是可回收物_报纸。,这个图片是一个网页，包含多个网页内容。,0
3175,这是可回收物_报纸。,这张图片是一份报纸的图片，内容主要是教育和育儿方面的信息。以下是这张图片的分类：  1. **教育**：    - 幼儿园：提供幼儿教育的资讯和活动。    - 教育心得：分享教育经验或心得。    - 教育与快乐同行：探讨教育与快乐的关系。  2. **育儿**：    - 幼儿园：提供幼儿教育的资讯和活动。    - 教育心得：分享教育经验或心得。    - 教育与快乐同行：探讨教育与快乐的关系。  这张图片的分类主要是教育和育儿方面的信息，与日常生活和学习有关。,1
3176,这是可回收物_报纸。,图中的垃圾是两个报纸的标题和内容。,1
3177,这是可回收物_报纸。,图中的垃圾是报纸。,1
3178,这是可回收物_报纸。,图中的垃圾是一份报纸。,1
3179,这是可回收物_报纸。,这个垃圾属于其他垃圾。,0
3180,这是可回收物_报纸。,这张图片中的垃圾属于办公垃圾。,0
3181,这是可回收物_报纸。,这张图片显示的是报纸。报纸属于纸质垃圾。,1
3182,这是可回收物_报纸。,这张图片里是报纸。,1
3183,这是可回收物_报纸。,图中的垃圾是报纸上的文字。,1
3184,这是可回收物_报纸。,图中的垃圾是“浙江省杭州市萧山区新街社区”,0
3185,这是可回收物_报纸。,这张图片里包含了一种酒类产品的宣传页面。,0
3186,这是可回收物_报纸。,图片中的报纸属于可回收垃圾。,1
3187,这是可回收物_报纸。,这张垃圾属于其他垃圾。,0
3188,这是可回收物_拖鞋。,图中没有垃圾，是一双蓝色的针织拖鞋。,1
3189,这是可回收物_拖鞋。,这个垃圾属于塑料垃圾。,0
3190,这是可回收物_拖鞋。,图片中的物品属于可回收垃圾类别。,1
3191,这是可回收物_拖鞋。,这个垃圾属于其他垃圾。,0
3192,这是可回收物_拖鞋。,图中的垃圾是拖鞋。,1
3193,这是可回收物_拖鞋。,图中的垃圾是一双蓝棕色编织凉拖鞋。,1
3194,这是可回收物_拖鞋。,这是三只米老鼠拖鞋。,1
3195,这是可回收物_拖鞋。,根据图片中的物品的描述，它是一种凉鞋，因此应该属于生活垃圾类别。,0
3196,这是可回收物_拖鞋。,这张图片里没有垃圾。,0
3197,这是可回收物_拖鞋。,这是一双蓝色的凉鞋。凉鞋上装饰有蓝色和黄色的花朵，鞋底上有蓝色和白色的条纹。,1
3198,这是可回收物_拖鞋。,这张图片里没有垃圾。,0
3199,这是可回收物_拖鞋。,这是两双红色的棉拖鞋。它们有毛绒的内衬和装饰边，适合在家中穿着。,1
3200,这是可回收物_拖鞋。,这是凉鞋。,0
3201,这是可回收物_拖鞋。,图片中的物品属于废弃物品。,0
3202,这是可回收物_拖鞋。,这张图片中的垃圾属于办公垃圾。,0
3203,这是可回收物_拖鞋。,这张图片里没有垃圾。,0
3204,这是可回收物_拖鞋。,根据图片中的物品，它属于不可回收垃圾类别。,0
3205,这是可回收物_拖鞋。,图中的垃圾是一双蓝色的拖鞋。,1
3206,这是可回收物_拖鞋。,这是一双蓝色的米奇拖鞋。拖鞋上有米奇的图案，鞋底有防滑设计。,1
3207,这是可回收物_拖鞋。,这是一双米娜·巴莱（Mans Bale）品牌的凉鞋。凉鞋的设计简洁，带有交叉的鞋带，适合夏季穿着。,0
3208,这是可回收物_拖鞋。,这张图片里没有明确表示是什么垃圾。,0
3209,这是可回收物_拖鞋。,这张图片里是鞋子。,1
3210,这是可回收物_拖鞋。,这张图片里没有提到任何垃圾。图片中展示的是透明拖鞋，上面放着一本杂志。,1
3211,这是可回收物_拖鞋。,图中的垃圾是一双拖鞋。,1
3212,这是可回收物_拖鞋。,这是几双夏季凉鞋。它们看起来是透明的，带有蝴蝶结装饰，适合夏季穿着。,1
3213,这是可回收物_拖鞋。,这张图片里没有明确的垃圾分类信息，但我们可以根据图片内容来推测。图片中显示的是一个人正在整理鞋子，鞋子上有一个透气垫。透气垫通常用于鞋子的内部，可以帮助鞋子透气，减少汗味和异味。因此，这张图片可能与以下垃圾类别有关：  1. **鞋类垃圾**：鞋类垃圾通常包括鞋子、鞋垫、鞋底等。 2. **个人护理用品**：透气垫等个人护理用品也可能被归类为此类垃圾。  具体分类还需要根据当地的垃圾分类标准来确定。,0
3214,这是可回收物_拖鞋。,图中没有垃圾，只有蓝色的拖鞋。,1
3215,这是可回收物_拖鞋。,这张图片里没有垃圾，只是一个彩色的拖鞋。,1
3216,这是可回收物_拖鞋。,这是一双儿童家居拖鞋。拖鞋上有卡通图案，包括一个兔子和一个怪兽，看起来非常可爱。拖鞋的品牌是“飞鸟”，设计风格偏向可爱和卡通。,1
3217,这是可回收物_拖鞋。,这是一双凉鞋。图片中展示了两双凉鞋，一只白色，一只黑色。它们都是平底设计，鞋头部分有装饰性的设计，鞋面上有闪亮的装饰，显得非常时尚和舒适。,0
3218,这是可回收物_拖鞋。,这个垃圾应该被分类为“其他垃圾”。,0
3219,这是可回收物_拖鞋。,图中的垃圾是两只凉鞋。,1
3220,这是可回收物_拖鞋。,图中没有垃圾。,0
3221,这是可回收物_拖鞋。,这张图片里没有垃圾。,0
3222,这是可回收物_拖鞋。,图片中的物品属于其他垃圾类别。,0
3223,这是可回收物_拖鞋。,这是两双蓝色的拖鞋，拖鞋上有紫色的鞋带和鞋带上的“SPORT”字样。拖鞋放在混凝土地上，旁边还有一份报纸。,1
3224,这是可回收物_拖鞋。,这个垃圾应该被分类为“家居清洁工具”。,0
3225,这是可回收物_插线板。,这个垃圾属于电子垃圾。,0
3226,这是可回收物_插线板。,图片中的物品属于其他垃圾。,0
3227,这是可回收物_插线板。,图中没有垃圾，是一张展示插座的图片。,0
3228,这是可回收物_插线板。,图片中的物品属于其他垃圾类别。,0
3229,这是可回收物_插线板。,这个设备是一个电源插座，属于电子设备。,1
3230,这是可回收物_插线板。,图中的垃圾是电源插座。,1
3231,这是可回收物_插线板。,图片中的物品属于其他垃圾。,0
3232,这是可回收物_插线板。,这张图片里有一个电源插座，可能属于电子垃圾。,0
3233,这是可回收物_插线板。,这是一张显示了一个插排的图片。插排上有多个插座和开关，插排的包装上有一个绿色的标签，上面有文字和图标。插排的插头类型可能是适用于国际标准的，如欧洲或美国的标准。插排看起来是一个多功能的插座，可能有多个输出，每个输出都有开关和插座。,1
3234,这是可回收物_插线板。,这个垃圾属于“电子产品”。,1
3235,这是可回收物_插线板。,根据图片中的信息，这个物品是插线板，不属于有害垃圾、危险垃圾、可回收垃圾和其它垃圾。,0
3236,这是可回收物_插线板。,这张图片里的是电子垃圾。,0
3237,这是可回收物_插线板。,图片中的物品属于其他垃圾类别。,0
3238,这是可回收物_插线板。,图中的垃圾是“插座”。,1
3239,这是可回收物_插线板。,这个垃圾属于“电子垃圾”。,0
3240,这是可回收物_插线板。,这个垃圾属于“电子产品/电器设备”类别。,1
3241,这是可回收物_插线板。,图中的垃圾是插线板。,1
3242,这是可回收物_插线板。,这张图片里的是电子废弃物（电子垃圾）。,0
3243,这是可回收物_插线板。,图片中的物品属于其他垃圾类别。,0
3244,这是可回收物_插线板。,这张图片里没有垃圾。,0
3245,这是可回收物_插线板。,这张图片里没有提到垃圾，而是展示了“PHILIPS”品牌的插线板。,1
3246,这是可回收物_插线板。,这个垃圾属于可回收物。,1
3247,这是可回收物_搓衣板。,这张图片中的物品是木制的梳子。根据其外观和材质，可以判断它们属于木质垃圾。,0
3248,这是可回收物_搓衣板。,这个垃圾属于电子废弃物（E-Waste）。,0
3249,这是可回收物_搓衣板。,这张图片里的垃圾是“破旧的洗布机”垃圾。,0
3250,这是可回收物_搓衣板。,这个垃圾属于建筑垃圾，具体来说是砖瓦。,0
3251,这是可回收物_收音机。,图中的垃圾是老式的收音机。,1
3252,这是可回收物_收音机。,这张图片里没有垃圾。,0
3253,这是可回收物_收音机。,这个垃圾属于电子垃圾。,1
3254,这是可回收物_收音机。,图中的垃圾是：一台凯歌牌的晶体管收音机。,1
3255,这是可回收物_收音机。,这是一台收音机。收音机是一种可以接收广播、电视等音频信号的电子设备。图中的收音机上有各种控制旋钮和指示灯，显示其已经使用过一段时间。收音机广泛应用于家庭和公共场所，可以提供各种音频节目，如广播、电视、音乐等。,1
3256,这是可回收物_收音机。,这个垃圾应该属于电子产品垃圾。,1
3257,这是可回收物_收音机。,这张图片中的物体是电子产品，应该属于电子垃圾。电子垃圾通常包括电子设备、电池、充电器、电源线、线缆、塑料外壳等。,0
3258,这是可回收物_收音机。,这张图片中的垃圾属于电子垃圾。,1
3259,这是可回收物_收音机。,图片中的物品属于电子垃圾。,0
3260,这是可回收物_收音机。,图中的垃圾是：  1. 一只黑色的复古收音机，上面有一些磨损和划痕。 2. 一些小盆栽，放在收音机旁边。 3. 一个黄色的物体，可能是某种装饰品或工具。,1
3261,这是可回收物_收音机。,图片中的物品属于电子废弃物类别。,0
3262,这是可回收物_收音机。,这是一台收音机。收音机是一种用来接收广播信号的设备，通常用于收听广播节目、新闻和音乐等。收音机的频率范围可以从低频到高频，以便接收不同类型的广播信号。,1
3263,这是可回收物_收音机。,"图中的垃圾是 ""强磁喇叭"" 和 ""低音振膜""。",0
3264,这是可回收物_收音机。,图中的垃圾是上海无线电一厂生产的4815-A型收音机。,1
3265,这是可回收物_收音机。,这是一台旧式的收音机。它有两个扬声器，看起来像是复古的风格。收音机的表面有各种按钮和控制面板，用于调节音量、选择频道和播放音乐。收音机的设计简单而经典，具有怀旧的色彩。,1
3266,这是可回收物_收音机。,图中的垃圾是塑料垃圾。,0
3267,这是可回收物_收音机。,这张图片中的垃圾属于“电子产品”类别。,1
3268,这是可回收物_收音机。,这张图片里的是废旧电子垃圾。,0
3269,这是可回收物_收音机。,图中的垃圾是音响设备。,1
3270,这是可回收物_收音机。,图中的垃圾是：一台旧的收录机。,1
3271,这是可回收物_放大镜。,这张图片里的是塑料制品。,0
3272,这是可回收物_放大镜。,这是一个卡通风格的放大镜。放大镜通常用于放大图像或文本，以便更容易地观察细节。放大镜通常由一个透明的镜片和一个金属框架组成，用于观察远距离或微小的物体。,1
3273,这是可回收物_放大镜。,图片中的物品属于有害垃圾类别。,0
3274,这是可回收物_放大镜。,图中没有垃圾，这是一张放大镜的图片。,1
3275,这是可回收物_放大镜。,图中没有垃圾。,0
3276,这是可回收物_放大镜。,这个垃圾属于电子垃圾。,0
3277,这是可回收物_易拉罐。,图是一大箱饮料罐，罐身是红色的，罐身上有黄色的图案，罐口是银色的，图中还有一大堆饮料罐没有盖子。,1
3278,这是可回收物_易拉罐。,图中没有垃圾,0
3279,这是可回收物_易拉罐。,这是用可口可乐的包装盒做成的杯子。,0
3280,这是可回收物_易拉罐。,这张图片里是可乐罐，是金属垃圾。,1
3281,这是可回收物_易拉罐。,这是几个装饰性的陶瓷饮料罐。这些罐子的图案是传统的中国蓝白瓷装饰，可能描绘了龙和凤凰等元素。,0
3282,这是可回收物_易拉罐。,这是一个罐装饮料，包装上写着“蜜香型酒精饮品”和“let’s sol”字样。罐子上有橙色和黑色的图案，看起来像是蜂蜜的味道。,1
3283,这是可回收物_易拉罐。,这张图片里没有垃圾，只是展示了一罐啤酒。,0
3284,这是可回收物_易拉罐。,图片中的物品属于可回收垃圾类别。,1
3285,这是可回收物_易拉罐。,这张图片里没有显示任何垃圾，而是展示了一些透明的塑料罐。,0
3286,这是可回收物_易拉罐。,,0
3287,这是可回收物_易拉罐。,这张图片里是可回收垃圾。,1
3288,这是可回收物_易拉罐。,根据图片中的物品类型和其标签信息，可以判断这是属于食品垃圾的。,0
3289,这是可回收物_易拉罐。,图片中的物品属于可回收垃圾。,1
3290,这是可回收物_暖宝宝。,这是一只卡通风格的猴子玩偶。它的脸是白色的，眼睛是黑色的，嘴巴是微笑的，脖子上系着一条红色的领结。玩偶看起来非常可爱，可能是用来作为礼物或装饰品的。,0
3291,这是可回收物_暖宝宝。,根据图片中的描述，这个物品是一个抱枕，因此它属于生活垃圾。,0
3292,这是可回收物_暖宝宝。,图中的垃圾是三个热水袋。,0
3293,这是可回收物_暖宝宝。,图片中的物品属于有害垃圾。,0
3294,这是可回收物_暖宝宝。,这是一个卡通玩具，属于可回收垃圾。,0
3295,这是可回收物_暖宝宝。,图片中的物品属于其他垃圾类别。,0
3296,这是可回收物_暖宝宝。,图中的垃圾是：热水袋。,0
3297,这是可回收物_暖宝宝。,这张图片中的垃圾是：  1. 三个Totoro毛绒玩具 2. 一个蓝色的塑料袋 3. 一根绳子,0
3298,这是可回收物_暖宝宝。,图中的垃圾是一只粉红色的毛绒玩具，具有眼睛和耳朵的特征。,0
3299,这是可回收物_暖宝宝。,这张图片里是塑料垃圾。,0
3300,这是可回收物_暖宝宝。,这个垃圾属于塑料垃圾。,0
3301,这是可回收物_暖宝宝。,这个垃圾不是垃圾，它是一只可爱的毛绒玩具。,0
3302,这是可回收物_暖宝宝。,图片中的物品属于其他垃圾。,0
3303,这是可回收物_暖宝宝。,这个垃圾属于塑料垃圾。,0
3304,这是可回收物_暖宝宝。,这个物品看起来像是一个鲨鱼玩偶。鲨鱼是一种海洋生物，通常以海洋垃圾为食。因此，这个物品可能被分类为海洋垃圾。,0
3305,这是可回收物_暖宝宝。,这个垃圾属于“家用电器/电子产品”类别。,0
3306,这是可回收物_暖宝宝。,图中的垃圾是猫形的毛绒玩具。,0
3307,这是可回收物_暖宝宝。,这是一张毛绒玩具的图片。图片上有一个卡通女孩和一个绿色的小精灵（Pokemon）。毛绒玩具的背景是棕色的，上面有一些心形图案。,0
3308,这是可回收物_暖宝宝。,,0
3309,这是可回收物_暖宝宝。,这是一个毛绒热水袋，通常用于暖腰、暖肚、暖背、暖腰、暖肩和暖腿。它可以在寒冷的天气中提供温暖和舒适。,0
3310,这是可回收物_暖宝宝。,图中的垃圾是粉红色的小鸟毛绒玩具。,0
3311,这是可回收物_暖宝宝。,图片中的物品属于其他垃圾类别。,0
3312,这是可回收物_暖宝宝。,图片中的物品属于可回收物类别。,0
3313,这是可回收物_暖宝宝。,图中的垃圾是一朵花。,0
3314,这是可回收物_暖宝宝。,根据图片中的信息，这个物品属于可回收物。,0
3315,这是可回收物_暖宝宝。,这是一个带有卡通图案的粉红色枕头，枕头上有卡通形象，可能是一个卡通动物或角色。枕头的边缘有粉色的装饰，看起来很柔软。,0
3316,这是可回收物_暖宝宝。,这个垃圾属于塑料垃圾。,0
3317,这是可回收物_望远镜。,这张图片里的是军标10x40挑战版的望远镜。,1
3318,这是可回收物_望远镜。,,0
3319,这是可回收物_望远镜。,这张图片中的物品是一副望远镜。望远镜是一种用于放大远处物体的光学仪器，通常用于观察远距离的物体。它通常由两根长筒组成，通过镜头来放大物体，从而提高观察的清晰度。望远镜常用于野外观察、摄影、科研等领域。,1
3320,这是可回收物_望远镜。,这是一副尼康（Nikon）品牌的双筒望远镜。尼康（Nikon）是著名的光学和相机品牌，这副望远镜可能用于户外活动、观鸟或其他远距离观察活动。,1
3321,这是可回收物_望远镜。,图片中的物品属于不可回收垃圾类别。,0
3322,这是可回收物_望远镜。,图中的垃圾是望远镜。,1
3323,这是可回收物_望远镜。,图中的垃圾是“立体眼镜”。,0
3324,这是可回收物_望远镜。,这张图片里是一个望远镜。望远镜是一种用于放大远处物体的光学仪器，通常用于观察远处的景象，如天体、山脉、动物等。,1
3325,这是可回收物_望远镜。,图中的垃圾是“折反射望远镜”。,1
3326,这是可回收物_望远镜。,图片中的物品属于有害垃圾。,0
3327,这是可回收物_望远镜。,这是一副军用望远镜。军用望远镜通常用于军事和特殊用途，具有高倍率和大视野。这种望远镜通常带有高精度的目镜和镜头，能够提供清晰的视野。军用望远镜通常由军方或政府部门使用，用于军事侦察、搜索和监视任务。,1
3328,这是可回收物_望远镜。,图中的物体是Bushnell Spotting Scope，这是一种用于观测远处物体的望远镜。它具有长目镜，可以在远处观察到更清晰的景象。,1
3329,这是可回收物_望远镜。,图中的垃圾是一只尼康望远镜。,1
3330,这是可回收物_望远镜。,这是一只Bushnell品牌的光学瞄准镜。Bushnell是美国知名的光学瞄准镜制造商，这款瞄准镜的型号是Bushnell 3-18x40EG。它是一种长目视瞄准镜，通常用于狩猎、射击等户外活动。瞄准镜的镜筒部分有一个红色的光学瞄准镜，用于放大目标，提高瞄准精度。,0
3331,这是可回收物_望远镜。,图中的“垃圾”是指镜头上的橙色滤镜。,0
3332,这是可回收物_望远镜。,这张图片里没有垃圾。,0
3333,这是可回收物_望远镜。,这张图片里的物品看起来像是一台三脚架的相机。它可能是一种特殊的三脚架相机，可能用于摄影或视频拍摄。具体用途需要结合更多的背景信息来确定。,0
3334,这是可回收物_望远镜。,根据图片中的物品，无法确定其具体类别。但是，根据常见的分类标准，该物品可能是废旧的、损坏的、不需要的、无用的物品。,0
3335,这是可回收物_望远镜。,这个物品是一副望远镜，属于电子产品。,0
3336,这是可回收物_望远镜。,这是一张合成图像，其中一个人拿着望远镜，看起来像是与一只动物（可能是袋熊）互动。,1
3337,这是可回收物_望远镜。,这是一只望远镜。望远镜是一种用于放大远处物体的光学仪器，通常用于观察远处的物体。它的工作原理是利用透镜的光学原理，将远处物体的图像放大，以便于观察。望远镜常用于军事、航海、科学研究等领域。,1
3338,这是可回收物_望远镜。,这是一台望远镜。望远镜是一种用于放大远处物体的光学仪器，常用于观察远处的景象，如城市、山脉、天空等。望远镜的镜头和镜筒通常是金属制成的，以提高强度和耐用性。,1
3339,这是可回收物_木制切菜板。,这张图片里是木制砧板，属于其他垃圾。,0
3340,这是可回收物_木制切菜板。,这是一个木制砧板，通常用于切菜。砧板通常是木头制成的，因为木头具有良好的硬度和稳定性，不易变色或变形。砧板通常有一个边缘，用于切割食物。,1
3341,这是可回收物_木制切菜板。,这是一块竹制砧板。砧板是一种用于切割食物的工具，通常由竹子或其他天然材料制成。它具有光滑的表面和坚固的结构，适合用于切割蔬菜、水果、肉类和鱼类等食物。砧板的表面通常经过处理，以增加其耐久性和耐用性。,0
3342,这是可回收物_木制切菜板。,图中的垃圾是木屑。,0
3343,这是可回收物_木制切菜板。,图片中的物品属于其他垃圾类别。,0
3344,这是可回收物_木制切菜板。,根据图片中的描述，这个物品属于其他垃圾类别。,0
3345,这是可回收物_木制切菜板。,图片中的物品属于可回收垃圾。,1
3346,这是可回收物_木制切菜板。,图片中的物品属于其他垃圾。,0
3347,这是可回收物_木制切菜板。,这张图片里是一块木制砧板。根据图片内容，这块砧板是木制的，没有明显的标志或符号表示其分类。因此，根据《城市生活垃圾分类指南》（2020年版），这块砧板属于“其他垃圾”。,0
3348,这是可回收物_木制切菜板。,这张图片里的垃圾是木头。,1
3349,这是可回收物_木制切菜板。,图中的垃圾是一块木质砧板。,1
3350,这是可回收物_木制切菜板。,这张图片里是竹制的切菜板，属于厨房垃圾。,0
3351,这是可回收物_木制切菜板。,图中的垃圾是木板。,1
3352,这是可回收物_木制切菜板。,这张图片中的垃圾应该属于以下类别：  1. **木制制品**：图片中展示的是一个木制的餐盘和杯子架。 2. **餐具**：图片中的杯子和餐盘是餐具的一部分。  这些垃圾属于**其他垃圾**（Other Waste）。,0
3353,这是可回收物_木制切菜板。,这张图片里是木质的砧板，属于厨余垃圾。,0
3354,这是可回收物_木制切菜板。,图中的垃圾是“ASRAS”。,0
3355,这是可回收物_木制切菜板。,这个垃圾属于厨余垃圾。,0
3356,这是可回收物_木制切菜板。,图中的垃圾是一块木制的砧板。,1
3357,这是可回收物_木制切菜板。,这是一把切菜刀和一个砧板。,0
3358,这是可回收物_木制切菜板。,这是一块切菜板。,1
3359,这是可回收物_木制切菜板。,这是一块木制砧板。砧板是一种用于切割食物的工具，通常由硬木制成，如橡木、枫木或胡桃木。它们有不同的形状和大小，可以根据个人喜好和烹饪需求选择。在图片中，砧板上有一些蔬菜和番茄，显示了它的用途。,1
3360,这是可回收物_木制切菜板。,图片中的物品属于其他垃圾类别。,0
3361,这是可回收物_木制切菜板。,图中的垃圾是木质砧板。,1
3362,这是可回收物_木制切菜板。,这是一块木头，上面有一个印记。,1
3363,这是可回收物_木制切菜板。,这张图片里没有明确显示是什么垃圾。,0
3364,这是可回收物_木制切菜板。,这个垃圾是干垃圾，可以用来制作筷子或菜板。,0
3365,这是可回收物_木制切菜板。,这张图片里没有明确的垃圾种类，可能是一个塑料切菜板。塑料切菜板属于厨房用具，不属于垃圾。,0
3366,这是可回收物_木制切菜板。,图中的垃圾是一块木制的切菜板。,1
3367,这是可回收物_木制切菜板。,这张图片里的是纸张垃圾。,0
3368,这是可回收物_木制切菜板。,图中的垃圾是塑料板。,0
3369,这是可回收物_木制切菜板。,图片中的物品属于其他垃圾类别。,0
3370,这是可回收物_木制切菜板。,这张图片里的垃圾是木制菜板。,1
3371,这是可回收物_木制切菜板。,这张图片里是一把木勺。木勺是一种厨房用具，通常用来舀取和搅拌食物。,0
3372,这是可回收物_木制切菜板。,这是四个木质砧板，上面有苹果的形状。砧板的表面光滑，刀具放在其中一个砧板上。砧板周围有一些苹果和一些水果。,1
3373,这是可回收物_木制切菜板。,这个垃圾应该属于其他垃圾。,0
3374,这是可回收物_木制切菜板。,这张图片里的物品是木头做的砧板，属于厨余垃圾。,0
3375,这是可回收物_木制切菜板。,这个垃圾属于厨余垃圾。,0
3376,这是可回收物_木制切菜板。,图中的垃圾是绿色的，看起来像是叶子。,0
3377,这是可回收物_木制切菜板。,这是一个木质砧板的图片。砧板是一种厨房用具，通常用于切菜。图片中的砧板看起来是用竹子制成的，具有厚度大、防蛀、耐磨损的特点。,1
3378,这是可回收物_木制切菜板。,这个物品是一个砧板。,1
3379,这是可回收物_木制切菜板。,图片中的物品属于其他垃圾。,0
3380,这是可回收物_木制玩具。,图片中的物品属于可回收物。,1
3381,这是可回收物_木制玩具。,这是一张展示儿童玩具的照片。玩具上有一个可爱的刺猬图案，刺猬的脸上有大大的眼睛，嘴巴上还挂着两个大大的爱心。刺猬的后面有各种水果和蔬菜，有苹果、香蕉、橙子、西瓜等。这些水果和蔬菜的颜色鲜艳，排列整齐。玩具的前面有一个小木棍，可能是用来拉绳子的。整个玩具看起来非常可爱，适合儿童玩耍。,1
3382,这是可回收物_木制玩具。,这张图片中的垃圾属于“其他垃圾”类别。,0
3383,这是可回收物_木制玩具。,这个图片中的物品是一个木制的拼图，属于儿童玩具类。,1
3384,这是可回收物_木制玩具。,这是一副象棋。象棋是一种传统的中国棋类游戏，通常由两个人或多个人进行。棋盘由正方形和长方形的格子组成，棋子通常由木头或其他材料制成，具有特定的形状和颜色。象棋游戏以其策略性和策略性而闻名，玩家需要根据棋盘上的布局和棋子的移动来制定策略和战术。,1
3385,这是可回收物_木制玩具。,图片中的物品属于其他垃圾。,0
3386,这是可回收物_木制玩具。,这是一套儿童积木玩具。玩具的主体是一个带有数字和图案的彩色木质房子，房子的屋顶上有数字1、2、3、4、5。玩具的底部有多个不同形状和颜色的积木。,1
3387,这是可回收物_木制玩具。,图片中的物品属于可回收垃圾。,1
3388,这是可回收物_木制玩具。,这张图片里有木制玩具积木。,1
3389,这是可回收物_木制玩具。,这张图片里是一架木制的飞机模型。,1
3390,这是可回收物_木制玩具。,这个垃圾属于其他垃圾。,0
3391,这是可回收物_木制玩具。,图中没有垃圾。,0
3392,这是可回收物_木制玩具。,这是一个木质拼图。拼图由多个彩色的几何形状组成，形状包括三角形、矩形和正方形。拼图的背景是木质的，整体设计看起来非常有趣和有趣。,1
3393,这是可回收物_木制玩具。,这是一个风车模型。它由木头制成，有三个扇叶和一个圆形的屋顶，屋顶上有红色和白色的图案。,1
3394,这是可回收物_木制玩具。,这个垃圾属于“其他垃圾”。,0
3395,这是可回收物_木制玩具。,这个垃圾属于可回收垃圾。,1
3396,这是可回收物_木制玩具。,这张图片里没有垃圾。,0
3397,这是可回收物_木制玩具。,图片中的物品属于金属垃圾类别。,0
3398,这是可回收物_木制玩具。,这个垃圾是一堆木头。,1
3399,这是可回收物_木制玩具。,这是一个木制的拼图玩具，由多块彩色的几何图形组成。它看起来像是一个拼图，可以通过移动和旋转几何图形来构建不同的形状和图案。这种类型的玩具通常用于儿童的教育和游戏，帮助他们学习几何形状和空间关系。,1
3400,这是可回收物_木制玩具。,这张图片里是交通标志牌。,0
3401,这是可回收物_木制玩具。,图中的垃圾是玩具。,1
3402,这是可回收物_木制玩具。,这张图片里没有明显的垃圾，主要是一些玩具和家具。,1
3403,这是可回收物_木制玩具。,图中没有垃圾。,0
3404,这是可回收物_木制玩具。,图中的垃圾是：玩具,1
3405,这是可回收物_木制玩具。,这张图片里是可回收垃圾。,1
3406,这是可回收物_木制玩具。,这张图片里有一个粉红色的塔状结构，可能是用于教育目的的玩具。,1
3407,这是可回收物_木制玩具。,这张图片里的物品是木制的武器，可能是传统武术或传统文化中的道具。这些物品通常用于武术训练或表演。,1
3408,这是可回收物_木制玩具。,这是一辆木制积木拼装的玩具车。玩具车由不同颜色的积木拼装而成，具有多种零件，如轮子、发动机等，可以进行拆解和组装。,1
3409,这是可回收物_木制玩具。,图片中的物品属于其他垃圾类别。,0
3410,这是可回收物_木制玩具。,这个垃圾属于其他垃圾。,0
3411,这是可回收物_木制玩具。,图中的垃圾是积木。,1
3412,这是可回收物_木制玩具。,图片中的物品属于其他垃圾类别。,0
3413,这是可回收物_木制玩具。,这张图片里没有垃圾。,0
3414,这是可回收物_木制玩具。,图中的垃圾是一套圣诞玩具屋模型。,1
3415,这是可回收物_木制玩具。,图中没有垃圾。,0
3416,这是可回收物_木制玩具。,图片中的物品属于其他垃圾。,0
3417,这是可回收物_木制玩具。,这是一套3D拼装模型，具体来说是荷兰风车模型。它由许多小部件组成，通过组装可以构建出一个完整的荷兰风车。,0
3418,这是可回收物_木制玩具。,这张图片里的是儿童玩具。,1
3419,这是可回收物_木制玩具。,图中的垃圾是彩虹塔玩具。,1
3420,这是可回收物_木制玩具。,图片中的物品属于其他垃圾。,0
3421,这是可回收物_木制玩具。,图片中的物品属于其他垃圾。,0
3422,这是可回收物_木制玩具。,图中的垃圾是一块木质拼图，上面有恐龙和蓝天白云的图案。,1
3423,这是可回收物_木制玩具。,图中的垃圾是木块。,1
3424,这是可回收物_木制玩具。,图中没有垃圾。,0
3425,这是可回收物_木制玩具。,图片中的物品属于其他垃圾。,0
3426,这是可回收物_木制玩具。,图中的垃圾是纸筒和纸屑。,0
3427,这是可回收物_木制玩具。,这个垃圾属于其他垃圾。,0
3428,这是可回收物_木制玩具。,这张图片包含了一个棋盘游戏。根据图片内容，这是一款适合儿童使用的木质棋盘游戏。在这个棋盘游戏中有不同的棋子和骰子，棋盘上有各种图案和颜色，棋盘上还有一些昆虫和花朵的装饰。这些棋子和骰子用于游戏的规则和玩法。这个棋盘游戏适合在家中或公共场所玩耍，可以培养孩子的思维能力和策略思维。,1
3429,这是可回收物_木制玩具。,这张图片里没有垃圾。它是一张儿童数字符号的拼图，上面有数字和水果图案。,0
3430,这是可回收物_木制玩具。,这个垃圾属于有害垃圾。,0
3431,这是可回收物_木制玩具。,这张图片里的是儿童积木玩具。,1
3432,这是可回收物_木质梳子。,这张图片里是木制梳子。,1
3433,这是可回收物_木质梳子。,这个垃圾是废木梳。,1
3434,这是可回收物_木质梳子。,图片中的物品是梳子，属于其他垃圾。,0
3435,这是可回收物_木质梳子。,这是长森品牌的梳子。,1
3436,这是可回收物_木质梳子。,这是一把梳子。梳子是一种用于梳理头发的工具，通常由木头、塑料或其他材料制成。,1
3437,这是可回收物_木质梳子。,图中的垃圾是一把梳子。,1
3438,这是可回收物_木质梳子。,根据图中的描述，该物品是木梳子，属于可回收物。,1
3439,这是可回收物_木质梳子。,这个垃圾是一个木制的梳子，属于其他垃圾。,0
3440,这是可回收物_木质梳子。,图片中的物品属于其他垃圾。,0
3441,这是可回收物_木质梳子。,这个垃圾应该属于“废弃物品”类别。,0
3442,这是可回收物_木质梳子。,这是一个木质砧板，通常用于切割食物。它有一个手柄，方便手持。砧板表面有纹理，可能用于烹饪或展示。,0
3443,这是可回收物_木质梳子。,这张图片中的垃圾是木制的梳子。它不属于垃圾，因为它是一个有用的物品，用于梳头发或清洁。,1
3444,这是可回收物_木质梳子。,,0
3445,这是可回收物_木质梳子。,图片中的物品属于可回收垃圾类别。,1
3446,这是可回收物_木质梳子。,这个垃圾是废弃的木质梳子。,1
3447,这是可回收物_木质梳子。,这张图片里没有明确标注是什么垃圾。,0
3448,这是可回收物_木质梳子。,这是三把木梳子。,1
3449,这是可回收物_木质梳子。,这张图片里是一把木梳子，属于厨房垃圾。,0
3450,这是可回收物_木质梳子。,这是一把木质梳子。梳子是一种用来梳理头发的工具，通常由天然木材制成。它有各种不同的形状和设计，以适应不同的需求，如细梳和粗梳。,1
3451,这是可回收物_木质梳子。,这张图片里是一把木梳。,1
3452,这是可回收物_木质梳子。,这张图片中的垃圾是塑料梳子。塑料梳子属于塑料垃圾，通常由塑料制成，使用后需要进行回收处理。,0
3453,这是可回收物_木质梳子。,这是一个木质梳子，上面有精美的雕刻，梳齿排列整齐，梳子旁边还有一根粉色的流苏。梳子整体看起来非常精致，可能是用来装饰或收藏的。,1
3454,这是可回收物_木质梳子。,图片中的物品是木质梳子，属于不可回收垃圾。,0
3455,这是可回收物_木质梳子。,图片中的物品属于其他垃圾类别。,0
3456,这是可回收物_木质梳子。,这张图片里是一把木梳子，不属于任何特定的垃圾类别。,0
3457,这是可回收物_木质梳子。,这张图片中的垃圾是废弃的木质梳子。,1
3458,这是可回收物_木质梳子。,这张图片里没有垃圾。,0
3459,这是可回收物_木质梳子。,这张图片里是一把梳子，不是垃圾。,1
3460,这是可回收物_木质梳子。,图片中的物品属于其他垃圾类别。,0
3461,这是可回收物_木质梳子。,这张图片里有木制梳子，一般情况下，梳子属于厨房垃圾。,0
3462,这是可回收物_木质梳子。,这是一个木质梳子，通常被称为发梳。它通常用于梳理头发，具有细密的齿状结构，能够有效地去除头发上的灰尘和油脂。梳子通常由木材制成，具有天然的纹理和颜色，具有一定的保健功能。,1
3463,这是可回收物_木质梳子。,图中没有垃圾。,0
3464,这是可回收物_木质梳子。,图中的垃圾是一把木梳。,1
3465,这是可回收物_木质梳子。,这张图片里没有垃圾。,0
3466,这是可回收物_木质梳子。,这张图片中的垃圾属于其他垃圾。,0
3467,这是可回收物_木质梳子。,图中没有垃圾。,0
3468,这是可回收物_木质梳子。,图片中的物品属于其他垃圾类别。,0
3469,这是可回收物_木质梳子。,这是一个木质梳子。梳子的表面有一个红色的塑料板，塑料板上镶嵌着许多小针，这些小针是用来按摩头皮的。梳子的设计可以帮助人们放松头皮，缓解疲劳。,1
3470,这是可回收物_木质锅铲。,这个垃圾是木勺。,1
3471,这是可回收物_木质锅铲。,这是几把木勺。,1
3472,这是可回收物_木质锅铲。,这张图片中的垃圾可以归类为厨房垃圾。具体来说，它包含两个木制的厨房工具，如勺子和铲子。这些工具通常用于烹饪，可能会在烹饪过程中产生一些食物残渣和废弃物。,1
3473,这是可回收物_木质锅铲。,,0
3474,这是可回收物_木质锅铲。,这个物品看起来是一个木制的勺子。它应该属于厨具或餐具类垃圾。,1
3475,这是可回收物_木质锅铲。,这张图片里是一个木质的烹饪工具，通常被称为木铲或木铲。木质的烹饪工具在分类上属于木质垃圾。,0
3476,这是可回收物_木质锅铲。,这个垃圾属于厨房垃圾。,0
3477,这是可回收物_木质锅铲。,图中的垃圾是木制的勺子。,1
3478,这是可回收物_木质锅铲。,这张图片里有一个绿色的球和一把铁铲。根据这些物品，这个垃圾可能是厨余垃圾。厨余垃圾包括剩菜剩饭、蔬菜残渣、果皮、骨头等。,0
3479,这是可回收物_木质锅铲。,这张图片里的垃圾属于厨余垃圾。,0
3480,这是可回收物_木质锅铲。,这张图片的内容是一套不锈钢厨具，包括两个长柄勺子和一个筛网勺。,0
3481,这是可回收物_木质锅铲。,这张图片里没有垃圾。,0
3482,这是可回收物_木质锅铲。,这张图片中的垃圾是厨房用具，具体来说是不锈钢铲子。这种垃圾应该被分类为“厨余垃圾”。,0
3483,这是可回收物_木质锅铲。,这张图片里没有垃圾，只有描述木勺的尺寸。,0
3484,这是可回收物_木质锅铲。,这个垃圾属于厨余垃圾。,0
3485,这是可回收物_木质锅铲。,这个垃圾属于其他垃圾。,0
3486,这是可回收物_木质锅铲。,图中的垃圾是木勺。,1
3487,这是可回收物_木质锅铲。,这张图片里没有明确表示是什么垃圾。,0
3488,这是可回收物_木质锅铲。,这个垃圾属于厨房垃圾。,0
3489,这是可回收物_木质锅铲。,这张图片里是一些木质的厨房工具，如勺子、刮刀和锅铲等。这些工具是木质材料制成的，因此属于可回收垃圾。,1
3490,这是可回收物_木质锅铲。,这张图片里有木头垃圾。,1
3491,这是可回收物_木质锅铲。,图中的垃圾是：炒蛋。,0
3492,这是可回收物_木质锅铲。,图中的垃圾是一把铲子。,1
3493,这是可回收物_木质锅铲。,这张图片里没有垃圾。,0
3494,这是可回收物_木质锅铲。,图中的垃圾是木勺。,1
3495,这是可回收物_木质锅铲。,,0
3496,这是可回收物_木质锅铲。,根据图片中的物品，这个物品属于可回收垃圾。,1
3497,这是可回收物_木质锅铲。,这是一张木勺的照片。勺子放在木质的桌子上，旁边还有一些装饰物。,0
3498,这是可回收物_木质锅铲。,这张图片中的垃圾是厨房垃圾。,0
3499,这是可回收物_木质锅铲。,这个图片中的垃圾是木制餐具。,1
3500,这是可回收物_木质锅铲。,这张图片里是一把日式环保柯木大木斜铲。,1
3501,这是可回收物_木质锅铲。,这是一个木勺。木勺通常用于搅拌、翻炒或舀取食物。,1
3502,这是可回收物_木质锅铲。,图中没有垃圾。,0
3503,这是可回收物_木质锅铲。,这是木质勺子。,0
3504,这是可回收物_木质锅铲。,这张图片里的垃圾是可回收垃圾。,1
3505,这是可回收物_枕头。,这张图片里的是白色被子，可能属于其他垃圾。,0
3506,这是可回收物_枕头。,图片中的物品属于其他垃圾。,0
3507,这是可回收物_枕头。,图片中的物品属于可回收垃圾类别。,1
3508,这是可回收物_枕头。,这是一张木制的长凳图片。图片中的长凳长29.5厘米，高10厘米，宽12厘米。它的设计看起来像是为了放松和休息而设计的。,0
3509,这是可回收物_枕头。,图片中的物品属于可回收物类别。,1
3510,这是可回收物_枕头。,这张图片里没有垃圾。,0
3511,这是可回收物_枕头。,这个垃圾是塑料垃圾。,0
3512,这是可回收物_枕头。,这是一个乳胶枕。乳胶枕通常由天然乳胶制成，具有良好的透气性和适应性，能够提供舒适的睡眠体验。乳胶枕还可以根据个人喜好和需求进行调整，以适应不同的睡眠姿势。,1
3513,这是可回收物_枕头。,这是一张展示的图片，上面有两个枕头。一个枕头是方形的，上面有小圆点，颜色是白色和米色。另一个枕头是矩形的，上面有类似小圆点的图案，颜色也是白色和米色。背景是一张白色的桌子，上面放着这些枕头。,1
3514,这是可回收物_枕头。,这是一个枕头。,1
3515,这是可回收物_枕头。,这个垃圾是垃圾。,0
3516,这是可回收物_枕头。,这张图片里的是一个天然乳胶枕。天然乳胶枕通常由天然橡胶制成，具有天然的透气性和弹性，适合用来枕头。,1
3517,这是可回收物_枕头。,这是一张白色枕头的照片。枕头上有“Lolli”和“Lolli Pillow”的标志。枕头看起来像是记忆棉材质的，通常这种材质的枕头可以提供舒适的支撑和透气性。,1
3518,这是可回收物_枕头。,这个垃圾属于不可回收垃圾。,0
3519,这是可回收物_枕头。,这是乳胶枕。乳胶枕通常由天然橡胶制成，具有透气性好、硬度适中、回弹性好的特点，常用于睡眠。,1
3520,这是可回收物_枕头。,图中的垃圾是茶杯。,0
3521,这是可回收物_枕头。,这是一张图片，显示了一个用蓝色边框装饰的陶瓷或瓷器盒。盒上画有荷花和青蛙的图案。盒的尺寸被测量，并标记为“10厘米 x 10厘米”。,0
3522,这是可回收物_枕头。,图片中的物品属于其他垃圾。,0
3523,这是可回收物_枕头。,图片中的物品属于其他垃圾类别。,0
3524,这是可回收物_枕头。,图片中的物品属于其他垃圾。,0
3525,这是可回收物_枕头。,图中的垃圾是枕头。,1
3526,这是可回收物_枕头。,这张图片是一块布料，上面有绿色的叶子和文字，文字写着“Tropical Dream”。这块布料可能是一个装饰品或墙挂。垃圾通常是指不可回收、有害或易污染的物品，而装饰品和墙挂通常是可以回收利用的物品。因此，这块布料可能是可回收的垃圾。,1
3527,这是可回收物_枕头。,这张图片的内容包括一张床、一张桌子和一个花盆，但没有明显的垃圾。,0
3528,这是可回收物_枕头。,图片中的物品属于有害垃圾类别。,0
3529,这是可回收物_枕头。,图片中的物品属于其他垃圾。,0
3530,这是可回收物_枕头。,根据图片中的物品，它属于不可回收垃圾类别。,0
3531,这是可回收物_枕头。,图片中的物品属于可回收垃圾。,1
3532,这是可回收物_枕头。,这个垃圾属于其他垃圾。,0
3533,这是可回收物_枕头。,图中的垃圾是粉色儿童床单和枕头套。,1
3534,这是可回收物_档案袋。,这张图片里没有垃圾。它是一张结构图，展示了某种物品的结构和外观。,0
3535,这是可回收物_档案袋。,这张图片里的垃圾是牛皮纸。,1
3536,这是可回收物_档案袋。,这张图片里没有提到任何垃圾，只显示了纸箱的尺寸。,0
3537,这是可回收物_档案袋。,这个垃圾属于办公用品。,0
3538,这是可回收物_档案袋。,图中的垃圾是一组棕色的纸板箱。,0
3539,这是可回收物_档案袋。,图中的垃圾是“档案袋”。,1
3540,这是可回收物_档案袋。,图中的垃圾是红色的。,0
3541,这是可回收物_档案袋。,这个垃圾可以归类为办公垃圾。,0
3542,这是可回收物_档案袋。,这是一个文件袋，上面有“档案袋”字样，用于存放和保护文件。,1
3543,这是可回收物_档案袋。,这张图片中的垃圾是“档案袋”。,1
3544,这是可回收物_档案袋。,图片中的物品属于有害垃圾类别。,0
3545,这是可回收物_档案袋。,这是两个档案袋的设计。左边的设计是正面，右边的设计是背面。设计上采用了简洁的线条和颜色，给人一种专业的感觉。,1
3546,这是可回收物_档案袋。,这是一张中国传统的档案袋，上面列出了档案袋内的文件信息。档案袋通常用于存放重要的文件和资料，以便于管理和查阅。档案袋上标注了文件的编号、名称、分类、存放地点、存放时间等信息。,1
3547,这是可回收物_档案袋。,这是一个印有“苏州职工科技大学学生档案袋”字样的纸张。,1
3548,这是可回收物_档案袋。,图片中的物品属于其他垃圾。,0
3549,这是可回收物_档案袋。,这张图片中的垃圾应该属于以下类别之一：  1. 厨余垃圾：包括剩菜剩饭、废弃食物残渣、废弃的肉类、蔬菜、水果等。 2. 可回收物：包括纸张、塑料、金属、玻璃等。 3. 有害垃圾：包括废电池、废荧光灯管、废灯泡、废油漆桶等。 4. 其他垃圾：包括废纸、废塑料、废玻璃、废金属、废织物等。  从这张图片中，我们无法确定这个垃圾的具体类别，因此无法进行分类。,0
3550,这是可回收物_档案袋。,图片中的物品属于不可回收垃圾类别。,0
3551,这是可回收物_档案袋。,图中的垃圾是两个蓝色的文件夹。,1
3552,这是可回收物_档案袋。,这张图片里的垃圾是塑料袋。,0
3553,这是可回收物_档案袋。,图中的垃圾是一张白纸。,0
3554,这是可回收物_档案袋。,图片中的物品属于其他垃圾类别。,0
3555,这是可回收物_档案袋。,这张图片中的垃圾属于办公垃圾，具体来说是纸张垃圾。,1
3556,这是可回收物_档案袋。,这张图片里的垃圾属于可回收物。,1
3557,这是可回收物_档案袋。,图片中的物品属于其他垃圾。,0
3558,这是可回收物_档案袋。,图中的垃圾是蓝色和白色的信封。,0
3559,这是可回收物_档案袋。,图中的垃圾是纸质文件袋。,1
3560,这是可回收物_档案袋。,图中的垃圾是“档案袋”。,1
3561,这是可回收物_档案袋。,这张图片中的垃圾属于塑料垃圾。,0
3562,这是可回收物_档案袋。,这张图片展示的是一个棕色的档案袋。由于没有提供具体的分类信息，无法准确判断它是属于哪类垃圾。一般来说，档案袋可能属于可回收垃圾或其它类型的垃圾，具体需要根据实际的分类标准来判断。,1
3563,这是可回收物_水杯。,图片中的物品属于其他垃圾类别。,0
3564,这是可回收物_水杯。,图中的垃圾是玻璃杯。,1
3565,这是可回收物_水杯。,这张图片中的物品是一个双层玻璃杯。由于这是一个玻璃制品，因此它属于玻璃垃圾。,1
3566,这是可回收物_水杯。,这张图片里没有提到任何垃圾。,0
3567,这是可回收物_水杯。,图中的垃圾是玻璃杯。,1
3568,这是可回收物_水杯。,图中的垃圾是茶杯。,1
3569,这是可回收物_水杯。,这张图片的内容物是饮料，可以分为饮料和物品。饮料可以分为液体和饮料，物品可以分为玻璃和杯子。,1
3570,这是可回收物_水杯。,这张图片里没有垃圾。,0
3571,这是可回收物_水杯。,这张图片中的垃圾属于其他垃圾。,0
3572,这是可回收物_水杯。,这个垃圾属于有害垃圾。,0
3573,这是可回收物_水杯。,这个垃圾属于塑料垃圾。,1
3574,这是可回收物_水杯。,这张图片里的杯子属于其他垃圾。,0
3575,这是可回收物_水杯。,这张图片里的是可回收垃圾。,1
3576,这是可回收物_水杯。,这张图片里没有垃圾。,0
3577,这是可回收物_水杯。,这是一只玻璃杯，杯中装有液体，杯身设计成女性的身体形状。这种杯子通常被称为“人体杯”或“人体玻璃杯”。它是一种创意的玻璃杯设计，常常用于装饰或作为趣味性物品。,1
3578,这是可回收物_水杯。,这是一杯透明的玻璃杯，里面泡着一些茶叶。玻璃杯上有一个把手，杯底有一个过滤网，用来过滤茶叶。杯子里的茶水看起来是绿色的，可能是绿茶或黄茶。,1
3579,这是可回收物_水杯。,这张图片里是玻璃垃圾。,0
3580,这是可回收物_水杯。,这是一个玻璃杯，里面装有冰块和柠檬片。,1
3581,这是可回收物_水杯。,这张图片里是一次性塑料袋和两个玻璃杯子。,0
3582,这是可回收物_水杯。,这张图片里有化学实验用的玻璃器皿，可能属于可回收垃圾。,1
3583,这是可回收物_水杯。,这张图片里没有垃圾。,0
3584,这是可回收物_水杯。,图中的垃圾是酒杯。,0
3585,这是可回收物_水杯。,这张图片里没有明显的垃圾。,0
3586,这是可回收物_水杯。,图中没有垃圾。,0
3587,这是可回收物_水杯。,图中没有垃圾。,0
3588,这是可回收物_水杯。,这张图片里的是玻璃垃圾。,0
3589,这是可回收物_水杯。,图中的垃圾是玻璃杯。,1
3590,这是可回收物_水杯。,根据图片中的物品，它属于其他垃圾类别。,0
3591,这是可回收物_泡沫盒子。,这张图片里的是可回收物，属于白色泡沫塑料。,1
3592,这是可回收物_泡沫盒子。,这个垃圾属于可回收物。,1
3593,这是可回收物_泡沫盒子。,图片中的物品属于其他垃圾类别。,0
3594,这是可回收物_泡沫盒子。,这是两个装有塑料花瓶的泡沫盒。塑料花瓶看起来像是陶瓷或类似材质制成的。,1
3595,这是可回收物_泡沫盒子。,图片中的物品属于可回收垃圾。,1
3596,这是可回收物_泡沫盒子。,这张图片显示的是一个纸箱和泡沫箱的组合，通常这些物品会一起作为废弃物处理。,1
3597,这是可回收物_泡沫盒子。,这是一个泡沫塑料制成的冷藏箱。这种类型的冷藏箱通常用于运输食品、饮料或其他需要冷藏的物品，以保持其新鲜度和温度。它们通常由聚苯乙烯泡沫制成，具有良好的保温性能。,1
3598,这是可回收物_泡沫盒子。,图中的垃圾是泡沫箱。,1
3599,这是可回收物_泡沫盒子。,这是一张图片，显示了一个泡沫盒。图片上可以看到一个带有图案的泡沫盒，上面有“大”字。泡沫盒通常用于包装食物或物品，以确保其在运输过程中保持冷藏或冷冻状态。,1
3600,这是可回收物_泡沫盒子。,这张图片里的垃圾是塑料。,0
3601,这是可回收物_泡沫盒子。,图片中的物品属于其他垃圾。,0
3602,这是可回收物_灯罩。,根据图片中的描述，该物品属于玻璃制品，属于其他垃圾。,0
3603,这是可回收物_灯罩。,根据图片内容，这个物品属于其他垃圾。,0
3604,这是可回收物_灯罩。,图中没有垃圾。,0
3605,这是可回收物_灯罩。,图中的垃圾是两个白色的灯泡。,0
3606,这是可回收物_灯罩。,这是一个玻璃花瓶，上面有金色的装饰。玻璃花瓶通常用于装饰花束或作为装饰品。,0
3607,这是可回收物_灯罩。,这个垃圾属于其他垃圾。,0
3608,这是可回收物_灯罩。,图片中的物品属于其他垃圾类别。,0
3609,这是可回收物_灯罩。,这是一个透明玻璃瓶，瓶身上部有一个装有灯泡的开口，灯泡发出温暖的光芒。瓶口有一个橡塞，整体设计简洁，适合装饰和照明使用。,0
3610,这是可回收物_灯罩。,这个垃圾属于不可回收垃圾。,0
3611,这是可回收物_灯罩。,这是一张图片，显示了一款豪华风格的吊灯。吊灯的设计简洁而优雅，由多个金色金属支架组成，每个支架上都挂着多个吊灯灯罩。吊灯的灯罩是金色的，边缘有一些纹理，看起来非常精致。吊灯的顶部装饰有多个悬挂的水晶吊坠，增加了吊灯的华丽感。整个吊灯的设计充满了复古和高贵的气息，适合用于客厅等需要装饰豪华的场所。,1
3612,这是可回收物_灯罩。,这是一个塑料瓶。,0
3613,这是可回收物_灯罩。,图中的垃圾是“吊灯”。,1
3614,这是可回收物_灯罩。,这是一盏天花板灯。它由多个灯罩组成，每个灯罩都是一个独立的照明单元。这种设计使得灯具看起来非常现代和时尚。,1
3615,这是可回收物_灯罩。,这张图片中的垃圾是废弃的球形物品，可能是玻璃或塑料制品。这些垃圾通常需要分类和处理，以减少对环境的影响。建议将其放置在垃圾袋中，然后将其分类到适当的垃圾桶中。,1
3616,这是可回收物_灯罩。,图中没有垃圾。,0
3617,这是可回收物_灯罩。,这张图片里是一个花瓶。花瓶属于厨房垃圾。,0
3618,这是可回收物_灯罩。,这张图片里是可回收物。,1
3619,这是可回收物_灯罩。,这张图片里的垃圾是玻璃。,0
3620,这是可回收物_灯罩。,这个垃圾是属于“古董”类别。,0
3621,这是可回收物_灯罩。,图中的垃圾是灯。,1
3622,这是可回收物_灯罩。,这个垃圾属于玻璃垃圾。,0
3623,这是可回收物_灯罩。,根据图片中的信息，该物品属于其他垃圾类别。,0
3624,这是可回收物_灯罩。,这是一个蓝色的玻璃花瓶，放在一个红色的盘子上。花瓶的设计是弯曲的颈部和底部，看起来非常精致。背景中可以看到一些装饰品和建筑物。,0
3625,这是可回收物_灯罩。,图中的垃圾是白色花瓶。,0
3626,这是可回收物_灯罩。,这张图片里没有明确表示是哪种垃圾。,0
3627,这是可回收物_烟灰缸。,图片中的物品属于可回收物。,1
3628,这是可回收物_烟灰缸。,图中的垃圾是一个透明的烟灰缸。,1
3629,这是可回收物_烟灰缸。,图中的垃圾是一只玻璃烟灰缸。,1
3630,这是可回收物_烟灰缸。,这张图片里没有垃圾。,0
3631,这是可回收物_烟灰缸。,这是一个玻璃烟灰缸，通常用于放置烟灰。它由透明的玻璃制成，表面光滑且反射光线，给人一种现代和时尚的感觉。烟灰缸的设计可能包括一些装饰元素，如圆形的图案或纹理，以增加美观性。,1
3632,这是可回收物_烟灰缸。,这是一个方形的烟灰缸，通常用于放置烟蒂。它是由透明的玻璃制成的，设计简洁，适合放在办公室或家庭的装饰柜上。,1
3633,这是可回收物_烟灰缸。,这个垃圾属于其他垃圾。,0
3634,这是可回收物_烟灰缸。,这个垃圾属于可回收垃圾。,1
3635,这是可回收物_烟灰缸。,这是一个透明的玻璃烟灰缸。它的设计非常简单，有四个凸起的边缘，底部有一个圆形的装饰。烟灰缸的尺寸可以通过尺子测量，显示出其大约为16英寸（约40厘米）的直径。,1
3636,这是可回收物_烟灰缸。,这张图片里有玻璃垃圾。,0
3637,这是可回收物_烟灰缸。,这个垃圾是玻璃渣。,0
3638,这是可回收物_烟灰缸。,图中的垃圾是一个烟灰缸。,1
3639,这是可回收物_烟灰缸。,这张图片里是玻璃垃圾。,0
3640,这是可回收物_烟灰缸。,图中的垃圾是一块方形的玻璃。,1
3641,这是可回收物_烟灰缸。,这张图片里是一个烟灰缸。烟灰缸是用来放置烟蒂的容器，通常放在桌子或其他表面上。,1
3642,这是可回收物_烟灰缸。,图中的垃圾是绿色的烟灰缸。,1
3643,这是可回收物_烟灰缸。,这个垃圾是烟灰缸。,1
3644,这是可回收物_烟灰缸。,这张图片里是烟灰缸。,1
3645,这是可回收物_烟灰缸。,根据图片中的信息，该物品是玻璃制品，因此属于其他垃圾类别。,0
3646,这是可回收物_烟灰缸。,这是一张展示一个玻璃花盆的照片。图片中显示了一个透明的玻璃花盆，花盆的设计类似于一个花朵的形状，花盆周围有放射状的棱角和尖锐的边缘。花盆上有一个圆形的孔洞，可能是用来放置植物的。图片右下角还显示了拍摄日期为2012年10月21日，拍摄者为Ontrades.com。,0
3647,这是可回收物_烟灰缸。,这个垃圾属于有害垃圾。,0
3648,这是可回收物_烟灰缸。,图片中的物品属于其他垃圾。,0
3649,这是可回收物_烟灰缸。,这是一个玻璃烟灰缸。它由多个不同形状和大小的玻璃制成，可以用来放置和吸收烟灰。,1
3650,这是可回收物_烟灰缸。,图中的垃圾是一个透明的烟灰缸。,1
3651,这是可回收物_烟灰缸。,这是一只烟灰缸。烟灰缸是一种用于收集和处理烟蒂的容器。它通常由透明的玻璃或陶瓷制成，具有一定的形状和设计，以便放置和使用。烟灰缸的设计可以影响烟蒂的收集和清理效率，使其更易于使用。,1
3652,这是可回收物_烟灰缸。,图片中的物品属于其他垃圾类别。,0
3653,这是可回收物_烟灰缸。,这是一个透明的烟灰缸。,1
3654,这是可回收物_烟灰缸。,图片中的物品属于有害垃圾。,0
3655,这是可回收物_烟灰缸。,这张图片里是一个烟灰缸，属于其他垃圾。,0
3656,这是可回收物_烟灰缸。,这是一个玻璃烟灰缸。烟灰缸通常用于放置烟蒂，使其远离火源。,1
3657,这是可回收物_烟灰缸。,图中的垃圾是玻璃烟灰缸。,1
3658,这是可回收物_烟灰缸。,这个垃圾属于玻璃类垃圾。,0
3659,这是可回收物_烧水壶。,图中的垃圾是电热水壶。,1
3660,这是可回收物_烧水壶。,这个垃圾可以归类为“家用电器”。,1
3661,这是可回收物_烧水壶。,图中没有垃圾。,0
3662,这是可回收物_烧水壶。,图片中的物品属于其他垃圾类别。,0
3663,这是可回收物_烧水壶。,这张图片中的物品是一台电热水壶。根据您提供的信息，这台电热水壶具有两个加热方式，可以用于热水和茶。,1
3664,这是可回收物_烧水壶。,这个垃圾属于厨余垃圾。,0
3665,这是可回收物_烧水壶。,这张图片里显示的是一台智能电热水壶。,1
3666,这是可回收物_烧水壶。,图中没有垃圾。,0
3667,这是可回收物_烧水壶。,图中的垃圾是不锈钢壶。,1
3668,这是可回收物_烧水壶。,这张图片里的是塑料垃圾。,0
3669,这是可回收物_烧水壶。,图中的垃圾是电热水壶。,1
3670,这是可回收物_烧水壶。,这是一台Philips（飞利浦）品牌的电水壶。它看起来是不锈钢材质的，顶部有一个红色的开关，底部有一个电源按钮。,1
3671,这是可回收物_烧水壶。,这个垃圾属于电子垃圾。,0
3672,这是可回收物_烧水壶。,图片中的物品属于其他垃圾类别。,0
3673,这是可回收物_烧水壶。,这张图片里没有明显的垃圾。图片显示的是一台咖啡机，看起来像是红色的，顶部有一个透明的盖子。,0
3674,这是可回收物_烧水壶。,这个垃圾属于电子垃圾。,0
3675,这是可回收物_烧水壶。,图片中的物品属于金属垃圾类别。,0
3676,这是可回收物_烧水壶。,这个物体是一个电水壶，通常属于厨房电器。,1
3677,这是可回收物_烧水壶。,图是一张不锈钢保温电水壶的广告宣传页面。,1
3678,这是可回收物_烧水壶。,图片中的物品属于其他垃圾。,0
3679,这是可回收物_烧水壶。,这个物品是电热水壶。电热水壶是一种厨房电器，主要用于加热饮用水。,1
3680,这是可回收物_烧水壶。,这是一台爱仕达电热水壶，型号为AW-1702。,1
3681,这是可回收物_烧水壶。,图中的垃圾是一台百雀羚电热水壶的包装盒。,0
3682,这是可回收物_烧水壶。,这是一台电热水壶。电热水壶是一种常见的厨房电器，用于加热和煮沸饮用水。它通常由一个透明的玻璃壶和一个不锈钢底座组成，底座上有一个按钮用于控制温度。电热水壶可以在家中使用，尤其是在热水供应不足或不方便使用传统壶具时。,1
3683,这是可回收物_烧水壶。,图片中的物品属于其他垃圾。,0
3684,这是可回收物_烧水壶。,这张图片里没有垃圾。,0
3685,这是可回收物_烧水壶。,这是一个不锈钢电热水壶。它有一个金属光泽的外壳，顶部有一个盖子，可以用来煮水或热饮。,1
3686,这是可回收物_烧水壶。,图片中的物品属于其他垃圾类别。,0
3687,这是可回收物_烧水壶。,这是一台电热水壶。它看起来是红色的，设计简洁，带有盖子和把手。电热水壶通常用于加热和蒸煮液体，如水、咖啡或茶。,1
3688,这是可回收物_烧水壶。,这是一款电热水壶。电热水壶通常用于加热和冲泡饮用水，具有保温功能，方便随时使用。图中展示了电热水壶的外观和功能特点，如保温、食品级材质、双层防烫等。,1
3689,这是可回收物_烧水壶。,图中没有垃圾。,0
3690,这是可回收物_烧水壶。,这个垃圾是废弃电器。,1
3691,这是可回收物_烧水壶。,根据图片中的物品，这个物品属于金属垃圾类别。,0
3692,这是可回收物_烧水壶。,这个垃圾应该属于其他垃圾。,0
3693,这是可回收物_烧水壶。,这张图片里是一个不锈钢电水壶。根据图片描述，不锈钢电水壶属于可回收物。,1
3694,这是可回收物_烧水壶。,这张图片里是一台电热水壶，属于厨房电器。电热水壶通常不会被分类为有害垃圾，但可能需要考虑是否需要处理。如果电热水壶是旧的或损坏的，可能需要联系专业人员进行回收。,1
3695,这是可回收物_热水瓶。,这张图片里是一只保温杯。,0
3696,这是可回收物_热水瓶。,这个垃圾应该属于“其他垃圾”类别。,0
3697,这是可回收物_热水瓶。,图片中的物品属于不可回收垃圾。,0
3698,这是可回收物_热水瓶。,这张图片里是不可回收垃圾。,0
3699,这是可回收物_热水瓶。,这是一个保温壶。保温壶是一种便携式热饮容器，通常用于保温饮料，如咖啡、茶等。它的设计旨在保持饮料的温度，使其在长时间内保持温暖。保温壶通常由塑料或金属制成，具有手柄和盖子，以方便使用。,1
3700,这是可回收物_热水瓶。,这是AKAW品牌的一款不锈钢真空空气压壶。它具有保温功能，适合用来保温热水。,1
3701,这是可回收物_热水瓶。,图片中的物品属于可回收垃圾类别。,1
3702,这是可回收物_热水瓶。,这个垃圾属于生活垃圾。,0
3703,这是可回收物_热水瓶。,这是一只保温瓶。保温瓶是一种可以储存热水或冷饮的容器，通常用于保温食物或饮料。这种保温瓶的设计可能带有手柄，方便手持。,1
3704,这是可回收物_热水瓶。,这个垃圾属于其他垃圾。,0
3705,这是可回收物_热水瓶。,这张图片里的是不锈钢保温杯。,1
3706,这是可回收物_热水瓶。,这张图片中的垃圾是金属保温壶。,1
3707,这是可回收物_热水瓶。,图片中的物品属于可回收物类别。,1
3708,这是可回收物_热水瓶。,,0
3709,这是可回收物_热水瓶。,这是一个保温壶。保温壶是一种可以保温饮料的器具，通常用于长时间的保温，以保持饮料的温度。这种壶通常具有不锈钢内胆，可以长时间保持饮料的温度。,1
3710,这是可回收物_热水瓶。,图中没有垃圾。,0
3711,这是可回收物_热水瓶。,这张图片里的物品是塑料瓶和不锈钢保温壶，它们属于可回收垃圾。,1
3712,这是可回收物_热水瓶。,这张图片里有一个保温瓶。保温瓶是一种用于保温食品的容器，通常用于在长时间运输或储存食物时保持食物的温度。,1
3713,这是可回收物_热水瓶。,这张图片里没有提到任何垃圾类型。,0
3714,这是可回收物_热水瓶。,这是一张展示保温壶的图片。保温壶是一种可以长时间保持热饮或冷饮的容器，通常用于保温食物或饮料。图片中可以看到保温壶的外观和设计，以及它在场景中的效果。保温壶的表面光滑，设计精美，能够有效地保持热饮或冷饮的温度。,1
3715,这是可回收物_热水瓶。,图是一张保温壶的广告宣传页面，图中展示了保温壶的保温效果和容量。,1
3716,这是可回收物_热水瓶。,图片中的物品属于有害垃圾。,0
3717,这是可回收物_热水瓶。,这是一只不锈钢保温壶。壶身采用双层食品级不锈钢内胆，具有隔热效果，保温性能好。壶嘴设计方便倒水，壶把舒适，适合用来保温热水。壶身表面有金属光泽，显示出其高质量的制造工艺。,1
3718,这是可回收物_热水瓶。,图中的垃圾是两个竹篮，顶部用麻绳编织成圆形。,0
3719,这是可回收物_热水瓶。,这个垃圾应该归类为“家用电器/电子产品”。,0
3720,这是可回收物_热水瓶。,这张图片里没有明显的垃圾，只有厨房用具和餐具。,0
3721,这是可回收物_热水瓶。,这个垃圾属于可回收垃圾。,1
3722,这是可回收物_玩偶。,图中的垃圾是塑料袋。,0
3723,这是可回收物_玩偶。,这张图片里没有垃圾。,0
3724,这是可回收物_玩偶。,这张图片里没有提到任何垃圾，图片中的物品是玩具。,1
3725,这是可回收物_玩偶。,这张图片的垃圾类型是塑料。,0
3726,这是可回收物_玩偶。,根据图片内容，图片中的物品是编织的小白兔玩偶。这种物品属于可回收垃圾类别。,1
3727,这是可回收物_玩偶。,这是一个中国传统的财神公仔。财神公仔是中国民间信仰中的重要神明，通常用作祈福和吉祥的象征。它们通常被作为礼物或摆件赠送，象征着财富和好运。,1
3728,这是可回收物_玩偶。,根据图片内容，这个物品属于可回收垃圾类别。,1
3729,这是可回收物_玩偶。,图中的垃圾是“大老虎”。,0
3730,这是可回收物_玩偶。,这是皮卡丘的毛绒玩具。皮卡丘是日本任天堂公司开发的电子宠物对战游戏《精灵宝可梦》系列中的主角之一。这个玩具通常出现在各种玩具和周边商品中，非常受欢迎。,1
3731,这是可回收物_玩偶。,这是一个卡通鸭子的毛绒玩具。每个鸭子都有不同的颜色和图案，包括红色、蓝色、橙色和黄色。这些鸭子看起来非常可爱，可能是送给孩子的礼物。,1
3732,这是可回收物_玩偶。,根据图片中的物品，它是一只熊猫玩偶，属于玩具垃圾类别。,1
3733,这是可回收物_玩偶。,图中的垃圾是布娃娃。,1
3734,这是可回收物_玩偶。,这是一只兔子形状的毛绒玩具。它穿着一件带有蓝色领带和白色内衬的外套。,1
3735,这是可回收物_玩偶。,"This is a picture of a woman holding two plush toys, which are designed to look like monkeys. The toys are not harmful and can be used as a toy for children.",1
3736,这是可回收物_玩偶。,这是一对手工制作的布娃娃。它们穿着正式服装，一个是身穿黑色西装和红色领结的男子，另一个是穿着白色婚纱和花卉装饰的女子。背景是一面带有红色圆点的墙。,1
3737,这是可回收物_玩偶。,图片中的物品属于不可回收垃圾类别。,0
3738,这是可回收物_玩偶。,这是一只黄色的毛绒玩具，看起来像是一只戴着蓝色帽子的狗。它坐在草地上，背景是树木和建筑物。,1
3739,这是可回收物_玩偶。,根据图片中的信息，这个物品属于其他垃圾类别。,0
3740,这是可回收物_玩偶。,这张图片中的垃圾属于办公垃圾。,0
3741,这是可回收物_玩偶。,图中的垃圾是粉色的玩具。,1
3742,这是可回收物_玩偶。,这个图片中的物体是一个可爱的胡萝卜玩具。由于它只是一个玩具，所以它不是垃圾。垃圾通常是指人类丢弃的物品，如塑料袋、纸张、金属和塑料瓶等。然而，这个胡萝卜玩具并不是垃圾，因为它只是一个玩偶，不是废物。,1
3743,这是可回收物_玩偶。,这个物品是手工编织的猫玩具，因此它属于手工制品或手工艺品类别。,0
3744,这是可回收物_玩偶。,这是一张旧娃娃的照片。娃娃的身体是浅棕色的，身体上有一个红色的心形图案。娃娃躺在一堆干草上，显得有些陈旧和破旧。,1
3745,这是可回收物_玩偶。,这张图片中的物体是一个玩具熊。玩具熊属于垃圾中的玩具、装饰品和玩具有害垃圾。,0
3746,这是可回收物_玩偶。,图中没有垃圾。,0
3747,这是可回收物_玩偶。,这张图片里包含了一些手工制作的羊和其他材料，但这些材料并不是常见的垃圾，比如塑料、金属、电子垃圾等。这些材料可能是手工制作的玩具、手工制品等。,0
3748,这是可回收物_玩偶。,这张图片里没有垃圾。,0
3749,这是可回收物_玩偶。,这张图片中的垃圾是玩具垃圾。,1
3750,这是可回收物_玩偶。,这个垃圾是一只粉色的猪毛绒玩具。根据图片内容，这个玩具可能不是垃圾，因为它看起来很可爱，适合作为礼物或装饰品。,1
3751,这是可回收物_玩偶。,这是一对北极熊毛绒玩具。它们穿着蓝色的T恤，戴着棒球帽，看起来非常可爱。,1
3752,这是可回收物_玩偶。,这张图片里的是毛绒玩具。,1
3753,这是可回收物_玩偶。,,0
3754,这是可回收物_玩偶。,图中的垃圾是灰色和白色的毛绒玩具。,1
3755,这是可回收物_玩偶。,这张图片里是三个玩偶。,1
3756,这是可回收物_玩偶。,这是一只可爱的猴子玩偶。它的头部有两只大眼睛，身体是棕色的，背上有一个黄色的蝴蝶结，看起来非常可爱。,1
3757,这是可回收物_玩偶。,图中的垃圾是“脏脏熊”毛绒玩具。,1
3758,这是可回收物_玩偶。,这张图片里没有垃圾。它是一幅可爱的插画，描绘了一个穿着蓝色服装的小女孩和一些兔子玩具。,0
3759,这是可回收物_玩偶。,这张图片里是毛绒玩具，属于废弃的玩具和布料。,1
3760,这是可回收物_玩偶。,这张图片中的垃圾是毛绒玩具。,1
3761,这是可回收物_玩偶。,这张图片里没有垃圾。它是一只钩针编织的兔子玩偶，穿着黄色的连衣裙。,1
3762,这是可回收物_玩偶。,这张图片中的垃圾可以归为以下类别：  1. **塑料玩具**：包括白雪公主和七个小矮人的玩具。 2. **木头底座**：用于放置玩具的底座。 3. **装饰性物品**：包括背景中的白色花卉和纱布。  这些物品看起来都是用于装饰目的，因此它们可以归为装饰垃圾。,0
3763,这是可回收物_玩偶。,这张图片里没有明显的垃圾。,0
3764,这是可回收物_玩偶。,这张图片包含以下垃圾类型：  1. **塑料制品**：抱枕、玩具等 2. **纸制品**：图片背景中的绿色植物 3. **织物**：抱枕  这些垃圾类型无法直接归类，但可以进一步分类为：  - **塑料制品**：抱枕 - **纸制品**：图片背景中的绿色植物 - **织物**：抱枕  请注意，这个分类可能需要进一步的信息或上下文来确认。,0
3765,这是可回收物_玩偶。,这是一只Hello Kitty毛绒玩具。Hello Kitty是一个著名的卡通人物，以其可爱的外表和活泼的性格而闻名。这个玩具有一个紫色的心形装饰，看起来非常可爱和甜美。,1
3766,这是可回收物_玩偶。,图中的垃圾是一些绿色的豆子形状的玩偶。,1
3767,这是可回收物_玩偶。,根据图片中的物品，它属于塑料垃圾。,0
3768,这是可回收物_玩偶。,图中的垃圾是毛绒玩具。,1
3769,这是可回收物_玩偶。,这张图片里是一个玩偶，通常被称为布娃娃或毛绒玩具。这类物品属于可回收垃圾。,1
3770,这是可回收物_玩偶。,这是一只卡通风格的毛绒玩具。它穿着一件蓝色的服装，胸前有一个黄色的标志，标志中间有一个红色的盾牌。服装上有红色的肩带和脚部。整体设计非常可爱，可能是一个儿童玩具。,1
3771,这是可回收物_玩偶。,,0
3772,这是可回收物_玩偶。,图片中的物品属于其他垃圾类别。,0
3773,这是可回收物_玩偶。,这是一对企鹅玩偶。左边的是小企鹅，右边的是大企鹅。左边的小企鹅穿着蓝色的衣服，上面写着“music”（音乐），右边的大企鹅穿着灰色的衣服，上面写着“leisure”（休闲）。它们看起来非常可爱，适合作为礼物送给小朋友。,1
3774,这是可回收物_玩偶。,这张图片里有一只穿着医生服装的狗。,0
3775,这是可回收物_玩偶。,图中没有垃圾。,0
3776,这是可回收物_玩偶。,图片中的物品属于其他垃圾类别。,0
3777,这是可回收物_玩偶。,这个物品是一只毛绒玩具兔子，它属于玩具类垃圾。,1
3778,这是可回收物_玩偶。,图片中的物品属于其他垃圾。,0
3779,这是可回收物_玩偶。,这是一只考拉玩偶。它有一个大大的棕色耳朵和鼻子，穿着棕色的上衣，脖子上围着一条蓝白相间的围巾。考拉是一种澳大利亚特有的动物，通常生活在树上，以桉树的叶子为食。,1
3780,这是可回收物_玩偶。,图中没有垃圾。,0
3781,这是可回收物_玩偶。,图片中的物品属于其他垃圾。,0
3782,这是可回收物_玩偶。,图片中的物品属于其他垃圾类别。,0
3783,这是可回收物_玩偶。,这张图片中的垃圾是塑料袋。,0
3784,这是可回收物_玩偶。,图片中的物品属于其他垃圾。,0
3785,这是可回收物_玩偶。,这是几只布娃娃。它们穿着绿色、红色、橙色、黄色和蓝色的衣服，头上有一个类似葫芦的装饰物。这些布娃娃可能是用来作为装饰品或者礼物的。,1
3786,这是可回收物_玩偶。,图片中的物品属于可回收垃圾类别。,1
3787,这是可回收物_玩偶。,图中的垃圾是两个可爱的毛绒玩具，一个是棕色的小象，另一个是白色的羊。,1
3788,这是可回收物_玩偶。,图片中的物品属于其他垃圾。,0
3789,这是可回收物_玩偶。,这是一张描绘了一位穿着传统服饰的女性的图片。这位女性穿着色彩鲜艳的传统服装，头上戴着一顶装饰有彩色装饰的帽子，头发上也有辫子，整体形象显得非常独特和美丽。服装和帽子的设计都非常精美，展示了传统服饰的特点。,0
3790,这是可回收物_玩偶。,,0
3791,这是可回收物_玩偶。,图中的垃圾是一只玩具。,1
3792,这是可回收物_玩偶。,图片中的物品属于其他垃圾。,0
3793,这是可回收物_玩偶。,图中的垃圾是一只棕色的泰迪熊和一个穿着白色T恤和蓝色牛仔裤的女人。,0
3794,这是可回收物_玩偶。,图片中的物品属于可回收垃圾类别。,1
3795,这是可回收物_玩偶。,图片中的物品属于可回收垃圾。,1
3796,这是可回收物_玩偶。,图片中的物品属于其他垃圾。,0
3797,这是可回收物_玩偶。,这张图片里没有垃圾。,0
3798,这是可回收物_玩偶。,图片中的物品属于可回收垃圾。,1
3799,这是可回收物_玩偶。,这个垃圾属于“塑料制品”。,1
3800,这是可回收物_玩偶。,这张图片里是一只穿着2018年世界杯足球衫和袜子的毛绒玩具，这只玩具是一个狼形的吉祥物。,1
3801,这是可回收物_玩偶。,这个垃圾属于“废品”。,0
3802,这是可回收物_玩偶。,这张图片里是一只猫形的毛绒玩具。由于它不是生活用品，所以它不是垃圾。,0
3803,这是可回收物_玩偶。,这张图片里是一只穿着粉色帽子的小猫。,0
3804,这是可回收物_玩偶。,这是一只可爱的毛绒玩具，具体来说，它是一个穿着蓝色衣服的卡通人物。这个玩具看起来像是一只卡通动物，可能是一个浣熊或类似的角色。,1
3805,这是可回收物_玩偶。,图中的“沫小妖”可能是网络上的一个梗，指的是一个虚拟角色或网络流行语。由于没有更多的上下文信息，我无法确定具体的内容。,0
3806,这是可回收物_玩偶。,图片中的物品是玩具，属于其他垃圾类别。,0
3807,这是可回收物_玩偶。,这是一只哈士奇玩偶。哈士奇是一种常见的犬种，以其圆圆的脸和大耳朵而闻名。,1
3808,这是可回收物_玩偶。,图中的垃圾是“巴扎黑”毛绒玩具。,1
3809,这是可回收物_玩偶。,根据图片，这个物品属于其他垃圾。,0
3810,这是可回收物_玩偶。,图中没有垃圾。,0
3811,这是可回收物_玩偶。,这张图片里没有垃圾。,0
3812,这是可回收物_玩偶。,图中是一套Pocoyo的玩偶，它们是Pocoyo（波科波）的玩具。Pocoyo是来自哥伦比亚的动画片，讲述了一个叫做波科波的小猪和他的朋友们的故事。这些玩偶是Pocoyo系列的一部分，具有各种不同的服装和颜色。,1
3813,这是可回收物_玩偶。,图中的垃圾是牛毛绒玩具。,1
3814,这是可回收物_玩偶。,根据描述，图片中的物品属于其他垃圾。,0
3815,这是可回收物_玩偶。,这张图片里的玩具是布娃娃，通常被称为毛绒玩具，是可回收物。,1
3816,这是可回收物_玩偶。,这是一只泰迪熊毛绒玩具。泰迪熊是一种常见的毛绒玩具，通常由棉花或羊毛制成，具有柔软的质地和可爱的外观。这个泰迪熊的大小和设计看起来非常可爱，适合作为礼物或装饰品。,1
3817,这是可回收物_玩偶。,图中没有垃圾。,0
3818,这是可回收物_玩偶。,根据图片中的物品和描述，可以确定该物品属于其他垃圾类别。,0
3819,这是可回收物_玩偶。,这张图片里没有明确提到是什么垃圾。,0
3820,这是可回收物_玩偶。,这张图片里没有垃圾。,0
3821,这是可回收物_玩偶。,这是一个卡通风格的玩偶。它看起来像是一个哭泣的卡通人物，有黑色的头发和面部表情。玩偶的头部和身体是分开的，可能是为了方便使用和携带。玩偶的面部表情和服装设计使其具有独特的卡通形象。,1
3822,这是可回收物_玩偶。,图中的垃圾是毛绒玩具。,1
3823,这是可回收物_玩偶。,图中的垃圾是一只绿色的海龟毛绒玩具。,1
3824,这是可回收物_玩偶。,这个物品属于玩具。,1
3825,这是可回收物_玩偶。,图片中的物品属于不可回收垃圾。,0
3826,这是可回收物_玩偶。,这个垃圾属于可回收垃圾。,1
3827,这是可回收物_玩偶。,这是一个可爱的玩偶，上面有一个红色的耳朵和一个粉色的头，看起来像是一个狐狸或小动物。玩偶的两侧有白色标签，可能表示品牌或价格信息。,1
3828,这是可回收物_玩偶。,这是一个电影角色的模型。图片中的人物穿着带有红色披风和护腕的服装，象征着神秘力量。具体是哪部电影中的角色，无法确定。,1
3829,这是可回收物_玩偶。,这个图片的内容是“大熊猫”。大熊猫是中国的一种珍稀动物，属于熊科，通常生活在中国四川、陕西和甘肃等地的竹林和山地。大熊猫以其独特的外形和智慧而闻名，通常以竹子为食。,0
3830,这是可回收物_玩偶。,这张图片里没有垃圾。,0
3831,这是可回收物_玩偶。,图中的垃圾是紫色的泰迪熊。,1
3832,这是可回收物_玩偶。,图中的垃圾是一只绿色的鳄鱼玩具。,1
3833,这是可回收物_玩偶。,图片中的物品属于其他垃圾。,0
3834,这是可回收物_玩偶。,,0
3835,这是可回收物_玩偶。,图片中的物品属于其他垃圾。,0
3836,这是可回收物_玩偶。,这是一幅钩针编织的长颈鹿图案。长颈鹿是动物界中的一种非常可爱和常见的物种，以其长长的脖子和细长的腿而闻名。钩针编织是一种手工编织技术，通常用于制作毛绒玩具、饰品和装饰品。,1
3837,这是可回收物_玩偶。,这是一只卡通动物玩具。玩具上有一个黑色和黄色的图案，眼睛是橙色的，脸上有大大的黑白眼睛和鼻子，耳朵是黄色的。它穿着一件白色T恤，整体设计非常可爱。,1
3838,这是可回收物_玩偶。,这是一张日本手工编织玩具的图片。图片中有几只毛绒玩具，包括企鹅和鸭子。玩具上有一个白色的背景，上面有一些文字和图案。图片的标题可能是“MAKI'S F ひじ仲間たち”和“どぼけた表情がGoodなペンギン・アヒル・カッパ”。,1
3839,这是可回收物_玩偶。,图中的垃圾是紫色的泰迪熊。,1
3840,这是可回收物_玩偶。,图中的垃圾是一只戴着棒球帽和围裙的卡通猪。,1
3841,这是可回收物_玩偶。,根据图片内容，这个玩具属于可回收垃圾。可回收垃圾是指可以回收再利用的垃圾，包括纸张、塑料、金属、玻璃等。这些垃圾经过回收处理，可以转化为新的资源，减少对环境的污染。而其他垃圾，则需要通过专门的处理方式来处理，以减少对环境的影响。,1
3842,这是可回收物_玩偶。,根据图片中的描述，这个物品是一只兔子形状的毛绒玩具，它可能属于玩具类垃圾。,1
3843,这是可回收物_玩偶。,图片中的物品属于其他垃圾。,0
3844,这是可回收物_玩偶。,图片中的物品属于其他垃圾。,0
3845,这是可回收物_玩偶。,这是一个小和尚的雕像。它穿着红色的衣服，双手捧着一个物品，表情平静。这个雕像可能代表一种信仰或文化象征。,1
3846,这是可回收物_玩偶。,图中的垃圾是猫头鹰。,0
3847,这是可回收物_玩偶。,根据图片中的物品，我们可以看到它们属于不可回收垃圾。因为它们是布料制成的，不符合可回收垃圾的定义。,0
3848,这是可回收物_玩偶。,图中没有垃圾。,0
3849,这是可回收物_玩偶。,这是一个布娃娃。它看起来像是两只可爱的兔子，每只兔子都有一个大大的眼睛和一个粉红色的耳朵。布娃娃上写着“YES I DO”和“DO YOU LOVE ME...”，并有爱心符号。布娃娃旁边还有一些花和一个小椅子。,1
3850,这是可回收物_玩偶。,图片中的物品属于其他垃圾。,0
3851,这是可回收物_玩偶。,图片中的物品属于其他垃圾类别。,0
3852,这是可回收物_玩偶。,图片中的物品属于其他垃圾。,0
3853,这是可回收物_玩偶。,这张图片里是垃圾。,0
3854,这是可回收物_玩偶。,图片中的物品属于其他垃圾类别。,0
3855,这是可回收物_玩偶。,这张图片里是一些玩具。这些玩具可能是塑料制成的，通常被归类为塑料垃圾。,1
3856,这是可回收物_玩偶。,这张图片中的垃圾是毛绒玩具。,1
3857,这是可回收物_玩偶。,图中的垃圾是一只黄色的兔子和一只白色的兔子。,1
3858,这是可回收物_玩偶。,图片中的物品属于其他垃圾类别。,0
3859,这是可回收物_玩偶。,这张图片里没有明显的垃圾。,0
3860,这是可回收物_玩偶。,这是一只戴着帽子的猪的毛绒玩具。这个玩具看起来像是一只穿着粉红色连体衣的猪，帽子上有一个标签，可能表明这是某个品牌的产品。,1
3861,这是可回收物_玩偶。,根据图片中的信息，这个玩具属于其他垃圾。其他垃圾是指与日常消费有关的废弃物，包括废弃的包装材料、废纸、废塑料、废金属、废玻璃、废旧家用电器等。这个玩具可能属于废弃的玩具，因此属于其他垃圾类别。,0
3862,这是可回收物_玩偶。,这张图片里没有垃圾。它是一张展示三个钩针编织的可爱的毛绒玩具——长颈鹿的图片。,0
3863,这是可回收物_玩偶。,这个垃圾属于可回收垃圾。,1
3864,这是可回收物_玩偶。,这个垃圾属于电子垃圾。,0
3865,这是可回收物_玩偶。,这张图片里没有明显的垃圾。图片中的人穿着黑色的睡衣，手里拿着一束红色的玫瑰，背景是一个橙色的房间，还有一些装饰物。,0
3866,这是可回收物_玩偶。,这张图片里没有垃圾。它展示了一个手工编织的毛绒玩具，看起来像是一只小老鼠。,0
3867,这是可回收物_玩偶。,这张图片中的垃圾是“塑料垃圾”。,1
3868,这是可回收物_玩偶。,这是一只巨大的泰迪熊。它穿着红色的围巾，旁边坐着一位穿着粉红色衣服和白色裤子的女孩。泰迪熊通常用于作为玩具或装饰品。,1
3869,这是可回收物_玻璃器皿。,图片中的物品属于其他垃圾类别。,0
3870,这是可回收物_玻璃器皿。,这是一罐饮料。罐子上有一个红色的盖子，下面有红色和白色的塑料瓶。,0
3871,这是可回收物_玻璃器皿。,图片中的物品属于其他垃圾类别。,0
3872,这是可回收物_玻璃器皿。,图片中的物品属于其他垃圾。,0
3873,这是可回收物_玻璃器皿。,图片中的物品属于其他垃圾。,0
3874,这是可回收物_玻璃器皿。,这是两个装有饮料的玻璃瓶。瓶子上有标签，标签上写着“活力优鲜”、“苹果+牛奶”、“橙汁+牛奶”、“苹果+酸奶”等字样。瓶子上还印有“山东泰山”、“济南”等字样。,1
3875,这是可回收物_玻璃器皿。,这是一张两张透明玻璃杯的照片。玻璃杯中装有深橙色的液体，看起来像是茶或饮料。杯子上写着“徐州博泰玻璃制品有限公司”和“xzbtblp.1688.com”。,1
3876,这是可回收物_玻璃器皿。,这是一瓶透明的玻璃瓶，瓶身设计独特，瓶口有一个小球形凸起，瓶身内部有一个类似于船的装置，装置内有一条蓝色和金色的鱼。瓶子底部有一个底座，底座上有一个金属底座，整体设计简洁而精致。,1
3877,这是可回收物_玻璃器皿。,这个垃圾属于不可回收垃圾。,0
3878,这是可回收物_玻璃器皿。,根据图片中的描述，这个瓶子属于有害垃圾类别。,0
3879,这是可回收物_玻璃器皿。,图片中的物品属于其他垃圾。,0
3880,这是可回收物_玻璃器皿。,这是三个玻璃罐，每个罐子上都有一个金属盖子。罐子上有鹿的图案，可能是用来装咖啡、糖或其他小物件的。,1
3881,这是可回收物_玻璃器皿。,这是一个线条画风格的玻璃瓶。瓶口有一个金属盖子。瓶子看起来是空的，没有液体。,1
3882,这是可回收物_玻璃器皿。,这个垃圾应该属于厨房垃圾。,0
3883,这是可回收物_玻璃器皿。,这是不同形状和设计的伏特加瓶子。,1
3884,这是可回收物_玻璃器皿。,这是一张三瓶装饮品的照片。左瓶是牛奶，中间瓶是果汁，右瓶是果酱。背景是一台手机和一个橘子。,0
3885,这是可回收物_玻璃器皿。,图片中的物品属于其他垃圾。,0
3886,这是可回收物_玻璃器皿。,这张图片里没有垃圾。,0
3887,这是可回收物_玻璃器皿。,这张图片里是玻璃垃圾。,1
3888,这是可回收物_玻璃器皿。,图中没有垃圾。,0
3889,这是可回收物_玻璃器皿。,这个垃圾是塑料垃圾。,0
3890,这是可回收物_玻璃器皿。,这张图片里没有明确显示是什么垃圾。,0
3891,这是可回收物_玻璃器皿。,这张图片里的是玻璃垃圾。,1
3892,这是可回收物_玻璃器皿。,图中没有垃圾。,0
3893,这是可回收物_玻璃器皿。,这是一个装满森林的照片的玻璃罐。罐子的顶部有盖子，可以看到森林的场景。,1
3894,这是可回收物_玻璃器皿。,这张图片里的物品是一瓶透明玻璃瓶。根据图片上的标签，这瓶玻璃瓶的容量分别为500ml和250ml。玻璃瓶通常被归为可回收垃圾。,1
3895,这是可回收物_玻璃器皿。,这张图片里的是玻璃制品，属于可回收物。,1
3896,这是可回收物_玻璃器皿。,这是一个展示各种测量仪器和工具的房间。这些仪器包括高度计、温度计、压力计和一些其他测量工具。这些仪器通常用于科学研究、工程测量和日常生活中的测量任务。,0
3897,这是可回收物_玻璃器皿。,图片中的物品属于可回收垃圾类别。,1
3898,这是可回收物_玻璃器皿。,这个垃圾是塑料瓶。,0
3899,这是可回收物_玻璃器皿。,这张图片中的垃圾是玻璃制品。,1
3900,这是可回收物_玻璃器皿。,这是一罐透明玻璃罐，上面有一个金色的盖子。罐子的尺寸是68毫米的直径和100毫米的高度。,1
3901,这是可回收物_玻璃器皿。,这张图片里没有明确的垃圾分类信息。,0
3902,这是可回收物_玻璃器皿。,这个垃圾属于有害垃圾。,0
3903,这是可回收物_玻璃器皿。,图中的垃圾是一只玻璃杯。,1
3904,这是可回收物_玻璃器皿。,这个垃圾属于有害垃圾。,0
3905,这是可回收物_玻璃器皿。,图中的垃圾是一杯玻璃杯。,1
3906,这是可回收物_玻璃器皿。,这是一张玻璃瓶的照片。瓶子是棕色的，带有透明的盖子。瓶子上还有一些文字，可能是生产商的信息。,1
3907,这是可回收物_玻璃器皿。,图片中的物品属于其他垃圾类别。,0
3908,这是可回收物_玻璃器皿。,这张图片里没有垃圾。,0
3909,这是可回收物_玻璃器皿。,这是一只玻璃瓶，通常用于装液体。玻璃瓶通常有玻璃塞，可以用来倒水、放糖果或用于其他用途。,1
3910,这是可回收物_玻璃器皿。,这个垃圾属于玻璃废弃物。,1
3911,这是可回收物_玻璃器皿。,根据物品的描述，这个瓶子中的物品属于“有害垃圾”。,0
3912,这是可回收物_玻璃器皿。,这是一个空的酒杯。酒杯通常用于饮用葡萄酒或其他液体。图片中显示的酒杯有一个细长的瓶颈和一个底座，底部有一个环形的底座。,1
3913,这是可回收物_玻璃器皿。,图中垃圾是一瓶红酒。,1
3914,这是可回收物_玻璃器皿。,这是一个展示彩色玻璃杯的图片。这些玻璃杯有三种颜色：红色、黄色和绿色。,1
3915,这是可回收物_玻璃器皿。,这个垃圾属于可回收物。,1
3916,这是可回收物_玻璃器皿。,这张图片里没有垃圾。,0
3917,这是可回收物_玻璃器皿。,这是一个玻璃制品，具体来说是一个玻璃酒壶和一个玻璃小酒杯。玻璃酒壶通常用于盛放酒精饮料，而玻璃小酒杯则通常用于品尝小量的酒精饮料。,1
3918,这是可回收物_玻璃器皿。,这个垃圾属于“其他垃圾”。,0
3919,这是可回收物_玻璃器皿。,这个垃圾属于厨余垃圾。,0
3920,这是可回收物_玻璃器皿。,这是一张显示不同尺寸的透明玻璃瓶的照片。这些瓶子可能用于装化妆品、护肤品或液体产品。瓶子的设计简洁，透明度高，便于观察内容物。瓶子的顶部和底部都有金属环，可能用于保护瓶盖并防止内部内容物泄漏。,1
3921,这是可回收物_玻璃器皿。,图中没有垃圾，是一张展示玻璃烛台的图片。,1
3922,这是可回收物_玻璃器皿。,图片中的物品属于可回收垃圾类别。,1
3923,这是可回收物_玻璃器皿。,图片中的物品属于其他垃圾。,0
3924,这是可回收物_玻璃器皿。,这个垃圾是玻璃杯。,1
3925,这是可回收物_玻璃器皿。,这是一瓶酒精饮料，瓶身上标有“GENIUS NAVY STRENGTH”字样，表示这瓶酒精饮料是“海军强度”的酒精饮料。瓶身上还标有“GENIUS”字样，表明这是某个品牌的酒精饮料。,1
3926,这是可回收物_玻璃器皿。,这个垃圾属于其他垃圾。,0
3927,这是可回收物_玻璃器皿。,这是一个玻璃杯。玻璃杯通常用于盛放液体，如茶、咖啡、果汁等。它的设计通常是圆形或椭圆形的，表面光滑，便于使用和清洗。,1
3928,这是可回收物_玻璃器皿。,这是一张玻璃杯的图片。,1
3929,这是可回收物_玻璃器皿。,图片中的物品属于其他垃圾类别。,0
3930,这是可回收物_玻璃器皿。,这是一只玻璃水瓶。,1
3931,这是可回收物_玻璃器皿。,这是一瓶酒。,1
3932,这是可回收物_玻璃器皿。,这个垃圾属于“有害垃圾”类别。,0
3933,这是可回收物_玻璃器皿。,这张图片中的垃圾是一个玻璃杯，属于可回收垃圾。,1
3934,这是可回收物_玻璃器皿。,这是一只玻璃瓶，上面装饰着灯泡，看起来像是一只装饰性的烛台或灯罩。它的设计灵感可能来源于仙人掌或其他沙漠植物，因此被称为“仙人掌灯”。这种灯通常放在桌子上或花盆里，作为装饰品使用。,1
3935,这是可回收物_玻璃器皿。,图片中的物品属于可回收垃圾。,1
3936,这是可回收物_玻璃器皿。,图中的垃圾是一块透明玻璃。,1
3937,这是可回收物_玻璃器皿。,这张图片里的是玻璃垃圾。玻璃垃圾是一种可以回收利用的垃圾，但是需要通过特殊的加工和处理才能重新成为有用的产品。,1
3938,这是可回收物_玻璃器皿。,这个垃圾属于塑料制品。,0
3939,这是可回收物_玻璃器皿。,图片中的物品属于可回收物。,1
3940,这是可回收物_玻璃器皿。,根据图片描述，这个物品是一个绿色的花瓶，属于其他垃圾。,0
3941,这是可回收物_玻璃器皿。,图片中的物品属于其他垃圾。,0
3942,这是可回收物_玻璃器皿。,图中的垃圾是可口可乐瓶子。,1
3943,这是可回收物_玻璃器皿。,这个垃圾属于其他垃圾。,0
3944,这是可回收物_玻璃器皿。,这张图片里没有明显的垃圾，看起来是一个玻璃杯。,1
3945,这是可回收物_玻璃器皿。,根据图片中的信息，这个垃圾看起来是一个透明的塑料容器，可能用于盛装液体或固体。根据垃圾分类的常见标准，透明塑料容器可以归为以下几类：  1. 塑料制品：包括塑料瓶、塑料袋、塑料餐具等。 2. 有机垃圾：包括水果、蔬菜、剩饭剩菜等。 3. 不可回收垃圾：包括玻璃、金属、纸张等。  根据这些分类标准，这个透明塑料容器可能属于塑料制品。但是，具体分类还需要参考当地的垃圾分类标准和要求。,0
3946,这是可回收物_玻璃器皿。,这是一只透明的玻璃花瓶。它有钻石形状的花纹，看起来非常精致。花瓶通常是用于装饰室内空间，比如放置花束或作为茶灯使用。,1
3947,这是可回收物_玻璃器皿。,这张图片里没有垃圾，只有两个透明玻璃罐。,1
3948,这是可回收物_玻璃器皿。,这个垃圾是一个玻璃瓶，里面装有一些饼干和花朵。,1
3949,这是可回收物_玻璃器皿。,这张图片里是玻璃垃圾。,1
3950,这是可回收物_玻璃器皿。,图中的垃圾是透明的玻璃烛台。,1
3951,这是可回收物_玻璃器皿。,图片中的物品属于其他垃圾类别。,0
3952,这是可回收物_玻璃器皿。,这张图片里没有垃圾。,0
3953,这是可回收物_玻璃器皿。,这是一个透明的玻璃瓶，瓶口有一个白色的盖子。这个瓶子可能用于储存液体，如果汁、酱料或药品。,1
3954,这是可回收物_玻璃器皿。,图片中的物品属于其他垃圾。,0
3955,这是可回收物_玻璃器皿。,根据图片中的物品，它是一个玻璃杯，属于其他垃圾。,0
3956,这是可回收物_玻璃器皿。,图片中的物品属于可回收垃圾类别。,1
3957,这是可回收物_玻璃器皿。,这是一只透明的塑料桶，盖子是紫色的。这种桶通常用于存放液体，如水或饮料。桶的底部有网格状的设计，可能是为了防止液体溅出。,0
3958,这是可回收物_玻璃器皿。,图中的垃圾是一只金色的玻璃瓶子。,1
3959,这是可回收物_玻璃器皿。,这张图片里的垃圾是玻璃垃圾。,1
3960,这是可回收物_玻璃器皿。,这是一只空玻璃杯，放在一个木制托盘上。托盘上有两个苹果和一个橙子。,1
3961,这是可回收物_玻璃器皿。,图中的垃圾是一些未使用的蜡烛和玻璃杯。,1
3962,这是可回收物_玻璃器皿。,这张图片里是其他垃圾。,0
3963,这是可回收物_玻璃器皿。,这是五个酒杯。,1
3964,这是可回收物_玻璃器皿。,这个物品是一个玻璃瓶，可以归类为“玻璃制品”。,1
3965,这是可回收物_玻璃器皿。,这张图片里是可回收垃圾。,1
3966,这是可回收物_玻璃器皿。,图片中的物品属于其他垃圾。,0
3967,这是可回收物_玻璃器皿。,这是一张玻璃杯的照片。玻璃杯上有明显的纹路和花纹，看起来像是经过了雕刻或装饰处理。玻璃杯的材质看起来非常透明，杯底和杯身的边缘有细小的线条或装饰。,1
3968,这是可回收物_玻璃器皿。,根据图片中的描述，该物品是两个透明玻璃瓶，属于其他垃圾。,0
3969,这是可回收物_玻璃器皿。,垃圾,0
3970,这是可回收物_玻璃器皿。,根据图片中的信息，这个玻璃罐属于有害垃圾。,0
3971,这是可回收物_玻璃器皿。,图片中的物品属于其他垃圾。,0
3972,这是可回收物_玻璃器皿。,图片中的物品属于其他垃圾。,0
3973,这是可回收物_玻璃器皿。,图片中的物品属于厨余垃圾类别。,0
3974,这是可回收物_玻璃器皿。,图中的垃圾是玻璃瓶。,1
3975,这是可回收物_玻璃器皿。,这张图片里的垃圾是塑料。,0
3976,这是可回收物_玻璃器皿。,图片中的物品属于其他垃圾。,0
3977,这是可回收物_玻璃器皿。,这个垃圾属于“玻璃制品”类别。,1
3978,这是可回收物_玻璃器皿。,这个垃圾属于厨房垃圾。,0
3979,这是可回收物_玻璃器皿。,这张图片中的垃圾属于厨房垃圾。,0
3980,这是可回收物_玻璃器皿。,这张图片中的垃圾是玻璃制品，不属于可回收垃圾。,0
3981,这是可回收物_玻璃器皿。,这是一支金色的烛台。,0
3982,这是可回收物_玻璃器皿。,图片中的物品属于其他垃圾类别。,0
3983,这是可回收物_玻璃器皿。,这个垃圾属于可回收物。,1
3984,这是可回收物_玻璃器皿。,这是一个装有红色液体的玻璃瓶，瓶盖上有一个小把手，瓶口处有环形装饰。瓶子的高度为23厘米，直径为11.5厘米，口径为2.4厘米。瓶子旁边有一个玻璃杯，里面装有红色液体。瓶子旁边还放着一个松果。,1
3985,这是可回收物_玻璃器皿。,这个瓶子看起来像是一个玻璃瓶。玻璃瓶是一种常见的垃圾，通常包含玻璃丝、玻璃渣等物质。这些垃圾可能需要进行特殊的处理，以确保它们不会对环境造成污染。建议将其放入垃圾桶进行处理。,1
3986,这是可回收物_玻璃器皿。,这是三个不同高度的玻璃杯，每个杯子的高度分别是19.5厘米、16.2厘米和12.1厘米。,1
3987,这是可回收物_玻璃器皿。,图片中的物品属于其他垃圾类别。,0
3988,这是可回收物_玻璃器皿。,图片中的物品属于其他垃圾类别。,0
3989,这是可回收物_玻璃器皿。,玻璃瓶属于可回收物。,1
3990,这是可回收物_玻璃器皿。,这是四种不同高度的玻璃瓶，瓶内装有橄榄油。,1
3991,这是可回收物_玻璃器皿。,这张图片里有两个玻璃花瓶。根据我国的垃圾分类标准，玻璃属于可回收垃圾。,1
3992,这是可回收物_玻璃器皿。,这是一只玻璃器皿，通常用于化学实验中。它看起来像是一个蒸馏器或分液漏斗，用于蒸馏或分离液体。蒸馏器通常用于将液体加热蒸发，然后收集或分离挥发的物质。分液漏斗则用于分离液体，通常用于分液操作。,1
3993,这是可回收物_玻璃器皿。,这个垃圾应该属于“塑料瓶”类别。,0
3994,这是可回收物_玻璃壶。,图中没有垃圾。,0
3995,这是可回收物_玻璃壶。,这是一个不锈钢的茶壶，不属于垃圾，可以用来泡茶。,0
3996,这是可回收物_玻璃壶。,图中的垃圾是电热水壶。,0
3997,这是可回收物_玻璃壶。,这张图片里显示的是一个电热水壶。根据图片内容，这个电热水壶可能是塑料材质的，因为塑料通常会以塑料瓶或塑料容器的形式出现。然而，这个电热水壶的具体分类需要更多的信息来确定，例如是否有任何明显的标志或标签。塑料属于可回收垃圾，但需要更多的信息来确定。,0
3998,这是可回收物_玻璃壶。,这张图片里的物品是塑料制品，属于其他垃圾。,0
3999,这是可回收物_玻璃壶。,这是一个透明玻璃茶壶，装有冰块和柠檬片，放在木质桌子上。茶壶盖子是木头做的，盖子上有一些孔，用来调节茶壶的开合。茶壶旁边有两个完整的柠檬，还有一个切开的柠檬。茶壶旁边还有一本黑色的书。,1
4000,这是可回收物_玻璃壶。,图中的垃圾是咖啡渣。,0
4001,这是可回收物_玻璃壶。,图中没有垃圾，是一张展示咖啡机的图片。,0
4002,这是可回收物_玻璃壶。,这是一个蓝色的玻璃杯，里面装有棕色的液体，可能是咖啡或其他饮料。,1
4003,这是可回收物_玻璃壶。,这张图片中的垃圾类型是电子垃圾。,0
4004,这是可回收物_玻璃壶。,图片中的物品属于有害垃圾类别。,0
4005,这是可回收物_玻璃壶。,图中的垃圾是一只透明玻璃杯。,1
4006,这是可回收物_玻璃壶。,这是一个咖啡壶。咖啡壶是一种用于冲泡咖啡的设备，通常由一个玻璃或塑料壶和一个金属滤网组成。壶内通常装有咖啡豆，通过过滤网冲泡出咖啡。咖啡壶可以分为手动和电动两种类型，手动壶需要通过手摇咖啡机进行操作，电动壶则可以通过电动咖啡机进行操作。,1
4007,这是可回收物_玻璃壶。,这个垃圾属于其他垃圾。,0
4008,这是可回收物_玻璃壶。,图中的垃圾是一只玻璃茶壶。,1
4009,这是可回收物_玻璃壶。,"这个垃圾应该被分类为""其他垃圾""。",0
4010,这是可回收物_玻璃壶。,这是一张展示茶壶和茶的图片。茶壶里装满了热茶，茶杯里也有茶。背景中可以看到蜡烛、干橙片和一些装饰物品。,1
4011,这是可回收物_玻璃壶。,这个垃圾是可回收物。,1
4012,这是可回收物_玻璃壶。,这个垃圾属于其他垃圾。,0
4013,这是可回收物_玻璃壶。,这是一台荣事达Royalstar品牌的玻璃电水壶。壶内可以看到一些枸杞和泡开的茶，可能是用于泡茶或养生的电器。壶底有一个金属底座，方便放置在电磁炉上使用。,1
4014,这是可回收物_玻璃壶。,图中的垃圾是玻璃，标签上写着“耐热”和“MCPN-14B”。,1
4015,这是可回收物_玻璃壶。,这张图片中的物品属于厨房垃圾。,0
4016,这是可回收物_玻璃壶。,这是一台咖啡机。图片中展示了一台透明的咖啡机，顶部装有透明的玻璃杯，杯中充满了咖啡。旁边还有一杯咖啡和一块蛋糕，显示了咖啡的制作过程。,0
4017,这是可回收物_玻璃壶。,这是一个透明的玻璃茶壶，用于泡茶。壶中装有泡茶的材料，看起来像是菊花茶。壶的顶部有一个盖子，可以防止茶叶和水飞溅。壶的把手和壶嘴设计也方便使用。,1
4018,这是可回收物_玻璃壶。,这是一个茶具套装，包括一个透明的玻璃茶壶和几个小玻璃杯。茶壶和茶杯都是透明的，可以清楚地看到里面的内容。茶壶的盖子上有一个金属过滤网，可以过滤茶渣。茶壶放在茶杯前面，茶杯里装满了茶水。茶壶旁边还有一枝绿色的植物。整个场景看起来像是一个用于泡茶的茶具套装。,1
4019,这是可回收物_玻璃壶。,这张图片里的是可回收物。,1
4020,这是可回收物_玻璃壶。,这是一个咖啡滤杯，通常被称为滴漏式咖啡壶。这个滤杯由透明的玻璃制成，可以过滤咖啡，使咖啡更均匀地分布到杯子中。它通常用于手工咖啡制作，以获得独特的风味和口感。,1
4021,这是可回收物_玻璃壶。,这个垃圾属于有害垃圾。,0
4022,这是可回收物_玻璃壶。,图片中的物品属于可回收垃圾类别。,1
4023,这是可回收物_玻璃壶。,图片中的物品属于其他垃圾类别。,0
4024,这是可回收物_玻璃壶。,图中的垃圾是玻璃杯。,1
4025,这是可回收物_玻璃壶。,图中没有垃圾。,0
4026,这是可回收物_玻璃壶。,这个垃圾应该被分类为“家用电器”。,0
4027,这是可回收物_玻璃壶。,这是一张玻璃杯的照片。玻璃杯通常用于盛装液体，如水、茶、咖啡等。玻璃杯通常由玻璃制成，具有透明度和易于清洁的特点。,0
4028,这是可回收物_玻璃壶。,这张图片里是一台玻璃泡茶壶。,1
4029,这是可回收物_玻璃壶。,这个垃圾属于厨余垃圾。,0
4030,这是可回收物_玻璃壶。,这张图片中的垃圾属于厨余垃圾。,0
4031,这是可回收物_玻璃壶。,图片中的物品属于其他垃圾类别。,0
4032,这是可回收物_玻璃壶。,这张图片里是玻璃杯。,0
4033,这是可回收物_玻璃壶。,这个垃圾属于可回收物。,1
4034,这是可回收物_玻璃壶。,这张图片里是玻璃垃圾。,1
4035,这是可回收物_玻璃壶。,这个物品属于厨房电器，属于“家用电器”类别。,0
4036,这是可回收物_玻璃壶。,图片中的物品属于其他垃圾。,0
4037,这是可回收物_玻璃壶。,根据图片内容，这个物品属于其他垃圾。,0
4038,这是可回收物_玻璃壶。,这张图片中的茶壶属于不可回收垃圾。茶壶通常由玻璃或其他塑料材料制成，不适合回收。,0
4039,这是可回收物_玻璃壶。,图中无垃圾。,0
4040,这是可回收物_玻璃壶。,这是一张咖啡壶的照片。照片中展示了两个手冲咖啡壶，每个壶都用木头制作，顶部是透明的玻璃。壶身和壶嘴都是由硅胶材料制成的，壶嘴顶部有一个木制的过滤网。壶底有一些咖啡豆。图片上方有中文文字，描述了这款咖啡壶的特点和用途。,1
4041,这是可回收物_玻璃壶。,这张图片里没有明显的垃圾。,0
4042,这是可回收物_玻璃壶。,这个垃圾属于厨余垃圾。,0
4043,这是可回收物_玻璃壶。,这是一个玻璃茶壶，里面装满了茶。茶壶上有一个支架，茶壶底部有一些冰块。茶壶放在一个木质底座上。,1
4044,这是可回收物_玻璃壶。,这是一个玻璃咖啡壶，通常用于冲泡咖啡。,1
4045,这是可回收物_玻璃壶。,这是一套由Eva Solo设计的咖啡壶和滤网组合。Eva Solo是一个德国品牌，以其独特的设计和高质量的产品而闻名。这个咖啡壶和滤网套装是该品牌的产品，旨在提供高质量的咖啡体验。,1
4046,这是可回收物_玻璃壶。,图中的垃圾是咖啡渣。,0
4047,这是可回收物_玻璃壶。,图片中的物品属于其他垃圾。,0
4048,这是可回收物_玻璃壶。,这是一个玻璃茶壶。茶壶是一种用于泡茶的容器，通常由玻璃、瓷器或金属制成。它通常有一个壶嘴和壶把，可以用来盛水和倒茶。茶壶的设计可以影响其泡茶效果，例如，一些茶壶有滤网，可以帮助过滤茶渣，提高茶的品质。,1
4049,这是可回收物_玻璃壶。,图片中的物品属于其他垃圾类别。,0
4050,这是可回收物_玻璃壶。,,0
4051,这是可回收物_玻璃球。,图中没有垃圾。,0
4052,这是可回收物_玻璃球。,图片中的物品属于其他垃圾类别。,0
4053,这是可回收物_玻璃球。,这是一堆透明的玻璃珠。它们看起来像小的玻璃球或大理石球，表面光滑，反射光线。,1
4054,这是可回收物_玻璃球。,这是一个蓝色的透明球体，可能是水球或气球。,0
4055,这是可回收物_玻璃球。,这张图片里是一个玻璃球，可能用于圣诞节装饰，也可能是用于制作雪球。,1
4056,这是可回收物_玻璃球。,图中的垃圾是雪球。,0
4057,这是可回收物_玻璃球。,这张图片里有婚纱、婚纱照、新娘、新娘照、婚纱摄影、婚纱照摄影、婚纱摄影照、婚纱照摄影照、婚纱照摄影照摄影、婚纱照摄影照摄影摄影、婚纱照摄影照摄影摄影摄影摄影摄影摄影摄影摄影摄影摄影摄影摄影摄影摄影摄影摄影摄影摄影摄影摄影摄影摄影摄影摄影摄影摄影摄影摄影摄影摄影摄影摄影摄影摄影摄影摄影摄影摄影摄影摄影摄影摄影摄影摄影摄影摄影摄影摄影摄影摄影摄影摄影摄影摄影摄影摄影摄影摄影摄影摄影摄影摄影摄影摄影摄影摄影摄影摄影摄影摄影摄影摄影摄影摄影摄影摄影摄影摄影摄影摄影摄影摄影摄影摄影摄影摄影摄影摄影摄影摄影摄影摄影摄影摄影摄影摄影摄影摄影摄影摄影摄影摄影摄影摄影摄影摄影摄影摄影摄影摄影摄影摄影摄影摄影摄影摄影摄影摄影摄影摄影摄影摄影摄影摄影摄影摄影摄影摄影摄影摄影摄影摄影摄影摄影摄影摄影摄影摄影摄影摄影摄影摄影摄影摄影摄影摄影摄影摄影摄影摄影摄影摄影摄影摄影摄影摄影摄影摄影摄影摄影摄影摄影摄影摄影摄影摄影摄影摄影摄影摄影摄影摄影摄影摄影摄影摄影摄影摄影摄影摄影摄影摄影摄影摄影摄影摄影摄影摄影摄影摄影摄影摄影摄影摄影摄影摄影摄影摄影摄影摄影摄影摄影摄影摄影摄影摄影摄影摄影摄影摄影摄影摄影摄影摄影摄影摄影摄影摄影摄影摄影摄影摄影摄影摄影摄影摄影摄影摄影摄影摄影摄影摄影摄影摄影摄影摄影摄影摄影摄影摄影摄影摄影摄影摄影摄影摄影摄影摄影摄影摄影摄影摄影摄影摄影摄影摄影摄影摄影摄影摄影摄影摄影摄影摄影摄影摄影摄影摄影摄影摄影摄影摄影摄影摄影摄影摄影摄影摄影摄影摄影摄影摄影摄影摄影摄影摄影摄影摄影摄影摄影摄影摄影摄影摄影摄影摄影摄影摄影摄影摄影摄影摄影摄影摄影摄影摄影摄影摄影摄影摄影摄影摄影摄影摄影摄影摄影摄影摄影摄影摄影摄影摄影摄影摄影摄影摄影摄影摄影摄影摄影摄影摄影摄影摄影摄影摄影摄影摄影摄影摄影摄影摄影摄影摄影摄影摄影摄影摄影摄影摄影摄影摄影摄影摄影摄影摄影摄影摄影摄影摄影摄影摄影摄影摄影摄影摄影摄影摄影摄影摄影摄影摄影摄影摄影摄影摄影摄影摄影摄影摄影摄影摄影摄影摄影摄影摄影摄影摄影摄影摄影摄影摄影摄影摄影摄影摄影摄影摄影摄影摄影摄影摄影摄影摄影摄影摄影摄影摄影摄影摄影摄影摄影摄影摄影摄影摄影摄影摄影摄影摄影摄影摄影摄影摄影摄影摄影摄影摄影摄影摄影摄影摄影摄影摄影摄影摄影摄影摄影摄影摄影摄影摄影摄影摄影摄影摄影摄影摄影摄影摄影摄影摄影摄影摄影摄影摄影摄影摄影摄影摄影摄影摄影摄影摄影摄影,0
4058,这是可回收物_玻璃球。,图片中的物品属于可回收垃圾。,1
4059,这是可回收物_玻璃球。,,0
4060,这是可回收物_玻璃球。,这张图片里是塑料垃圾。,0
4061,这是可回收物_玻璃球。,图中的垃圾是一颗透明的水泡。,0
4062,这是可回收物_玻璃球。,这是一个玻璃弹珠。这些弹珠通常是用透明的玻璃制成，表面有彩色的花纹或图案。它们通常用于桌面游戏或休闲娱乐。,1
4063,这是可回收物_玻璃球。,图中没有垃圾。,0
4064,这是可回收物_玻璃球。,这是两个由透明塑料制成的圆形饰品，表面有类似花朵的装饰。它们看起来像是一个球体，上面有一片花状的图案。,0
4065,这是可回收物_玻璃球。,这是一个玻璃花瓶，里面装满了多肉植物和一些小装饰。花瓶有一个弯曲的顶部，可以用来悬挂。多肉植物看起来非常鲜艳，花瓶内部还有一个红色的小瓢虫装饰。,0
4066,这是可回收物_玻璃球。,这张图片中的垃圾是：玻璃球。,1
4067,这是可回收物_玻璃球。,图中垃圾属于不可回收垃圾。,0
4068,这是可回收物_玻璃球。,这是一盏太阳能LED灯。它安装在一个金属底座上，底座周围有一个绿色的球形灯罩。这个灯具有独特的外观，适合放在户外花园或公园等地方。,0
4069,这是可回收物_玻璃球。,这是一个装饰灯。它看起来像一个透明的球形物体，内部充满了LED灯，发出柔和的光芒。这种灯通常用于装饰室内空间，特别是在圣诞节和新年等节日季节。,0
4070,这是可回收物_玻璃球。,图片中的物品属于其他垃圾类别。,0
4071,这是可回收物_电动剃须刀。,这张图片里的是电子产品垃圾。,0
4072,这是可回收物_电动剃须刀。,这是一把电动剃须刀。,1
4073,这是可回收物_电动剃须刀。,This is a Braun Series 5 electric shaver.,1
4074,这是可回收物_电动剃须刀。,这个垃圾是可回收物。,0
4075,这是可回收物_电动剃须刀。,图中的垃圾是剃须刀。,1
4076,这是可回收物_电动剃须刀。,图中的垃圾是灰色的塑料包装纸。,0
4077,这是可回收物_电动剃须刀。,这是一个剃须刀。,1
4078,这是可回收物_电动剃须刀。,图片中的物品属于其他垃圾类别。,0
4079,这是可回收物_电动剃须刀。,这张图片里的是电子垃圾。,0
4080,这是可回收物_电动剃须刀。,图中的垃圾是一台剃须刀。,1
4081,这是可回收物_电动剃须刀。,图中的垃圾是一台剃须刀。,1
4082,这是可回收物_电动剃须刀。,这个垃圾应该属于电子垃圾或废弃电器设备。,1
4083,这是可回收物_电动剃须刀。,这是一台电动剃须刀。它的设计包括一个可旋转的刮胡刀片和一个充电接口。,1
4084,这是可回收物_电动剃须刀。,这个垃圾属于不可回收垃圾。,0
4085,这是可回收物_电动剃须刀。,这是一个电动剃须刀。,1
4086,这是可回收物_电动剃须刀。,这张图片里是一台电动剃须刀。,1
4087,这是可回收物_电动剃须刀。,这个垃圾是电子垃圾。,0
4088,这是可回收物_电动剃须刀。,图中的垃圾是一台电动剃须刀。,1
4089,这是可回收物_电动剃须刀。,这张图片中的物品是一个电动剃须刀，属于家用电器类别。,1
4090,这是可回收物_电动剃须刀。,这张图片里是一台电动剃须刀。,1
4091,这是可回收物_电动剃须刀。,这张图片里是一台电动剃须刀，属于电子垃圾。,0
4092,这是可回收物_电动剃须刀。,图中的垃圾是电动剃须刀。,1
4093,这是可回收物_电动剃须刀。,图片中的物品属于有害垃圾类别。,0
4094,这是可回收物_电动剃须刀。,这张图片中的设备看起来像是电动剃须刀。电动剃须刀是一种电动的剃须工具，通常用于男性剃须。由于它是电动的，所以不需要电线连接，可以直接充电使用。因此，这张图片中的设备属于可回收物。,1
4095,这是可回收物_电动剃须刀。,图中没有垃圾。,0
4096,这是可回收物_电动剃须刀。,这张图片里是一台电动剃须刀。,1
4097,这是可回收物_电动剃须刀。,垃圾,0
4098,这是可回收物_电动剃须刀。,这张图片里的垃圾是电子产品。,1
4099,这是可回收物_电动剃须刀。,这是一个剃须刀的广告页面。页面上有剃须刀的图片和文字说明，展示了剃须刀的使用效果和特点。,0
4100,这是可回收物_电动剃须刀。,图中的垃圾是飞科 FS862电动剃须刀。,1
4101,这是可回收物_电动剃须刀。,图片中的物品属于其他垃圾。,0
4102,这是可回收物_电动卷发棒。,这张图片里是塑料制品，属于可回收垃圾。,0
4103,这是可回收物_电动卷发棒。,这个物品属于家用电器类别，具体来说是卷发棒。,1
4104,这是可回收物_电动卷发棒。,图片中的物品属于其他垃圾类别。,0
4105,这是可回收物_电动卷发棒。,这张图片中的垃圾是：卷发棒。,1
4106,这是可回收物_电动卷发棒。,这张图片里没有明显的垃圾。图片中展示的是一个卷发棒，周围有一些包装材料。,1
4107,这是可回收物_电动卷发棒。,这张图片里没有明确指出是什么垃圾。,0
4108,这是可回收物_电动卷发棒。,这是一把直发器，通常被称为“直发棒”或“直发器”。它的主要功能是通过加热头发来使头发变得平滑。直发器通常由塑料外壳和电子控制面板组成，控制面板上通常会有温度调节旋钮和按钮。,1
4109,这是可回收物_电动卷发棒。,图中的垃圾是一把卷发棒。,1
4110,这是可回收物_电动卷发棒。,这个垃圾是：金属制品。,0
4111,这是可回收物_电动卷发棒。,这张图片中的垃圾是头发卷发棒。,1
4112,这是可回收物_电动卷发棒。,这个垃圾是塑料制品，应该被分类为其他垃圾。,0
4113,这是可回收物_电动卷发棒。,这张图片中的物体是一台卷发棒。,1
4114,这是可回收物_电动牙刷。,这是一组电动牙刷的替换刷头。这些刷头带有卡通图案，适用于电动牙刷，可以替换旧的刷头。图中显示的是三只替换刷头，每只刷头上都有不同的图案。,0
4115,这是可回收物_电动牙刷。,这个垃圾属于不可回收垃圾。,0
4116,这是可回收物_电动牙刷。,图片中的物品属于有害垃圾。,0
4117,这是可回收物_电动牙刷。,图片中的物品属于其他垃圾类别。,0
4118,这是可回收物_电动牙刷。,图片中的物品属于有害垃圾类别。,0
4119,这是可回收物_电动牙刷。,这是一支牙刷。,1
4120,这是可回收物_电动牙刷。,This is a picture of a toothbrush and a glass of water.,0
4121,这是可回收物_电动牙刷。,这张图片里的物品是一把电动牙刷。电动牙刷不属于可回收垃圾，而是属于有害垃圾。,0
4122,这是可回收物_电动牙刷。,这是一张浴室的照片。照片中展示了三个电动牙刷，它们被放在一个石头做的水槽中。牙刷的颜色有粉色、白色和黑色。水槽旁边有一个棕色的水龙头，水龙头下挂着一条白色的毛巾。整个场景看起来像是在浴室里。,1
4123,这是可回收物_电动牙刷。,这是一把电动牙刷。图片中显示了牙刷的细节，包括刷毛的颜色和水滴落在牙刷上的效果。牙刷主体和底座均为IPX7级防水，刷牙结束后可以在水龙头下直接冲洗清洁。全身数层纳米级材料覆盖，防止在潮湿环境下发霉。,1
4124,这是可回收物_电动牙刷。,这张图片里有一个电动牙刷。,1
4125,这是可回收物_电动牙刷。,图中的垃圾是黑色的电动牙刷。,1
4126,这是可回收物_电动牙刷。,图片中的物品属于可回收垃圾。,1
4127,这是可回收物_电动牙刷。,这张图片里没有垃圾。,0
4128,这是可回收物_电熨斗。,,0
4129,这是可回收物_电熨斗。,这张图片里是电子垃圾。,0
4130,这是可回收物_电熨斗。,图中是一个 Philips Easyspeed Plus 高压蒸汽熨斗。,1
4131,这是可回收物_电熨斗。,这张图片里的是家用电器垃圾。,0
4132,这是可回收物_电熨斗。,这张图片里没有垃圾。,0
4133,这是可回收物_电熨斗。,这是一台熨斗。,1
4134,这是可回收物_电熨斗。,这张图片里没有垃圾。它是一台红色的熨斗。,1
4135,这是可回收物_电熨斗。,这是一个蒸汽熨斗。,1
4136,这是可回收物_电熨斗。,图中无垃圾,0
4137,这是可回收物_电熨斗。,图中的垃圾是铁。,1
4138,这是可回收物_电熨斗。,这张图片里是一台白色的电熨斗。根据图片内容，电熨斗属于电子产品，可以作为电子产品垃圾进行处理。,1
4139,这是可回收物_电熨斗。,这张图片里没有明确的垃圾分类标识，无法确定其属于哪种类型的垃圾。,0
4140,这是可回收物_电熨斗。,图中的垃圾是熨斗。,1
4141,这是可回收物_电熨斗。,图中的垃圾是电熨斗。,1
4142,这是可回收物_电熨斗。,这是一台家用蒸汽熨斗。蒸汽熨斗是一种用于熨烫衣物的电器，通常使用蒸汽来加速衣物的熨烫过程。它的设计旨在提供高效的熨烫效果，并且可能带有各种控制和调节功能，以适应不同的衣物类型和需要。,1
4143,这是可回收物_电熨斗。,这是一台舒友牌的蒸汽熨斗。,1
4144,这是可回收物_电熨斗。,这张图片里没有垃圾。,0
4145,这是可回收物_电熨斗。,图中没有垃圾。,0
4146,这是可回收物_电熨斗。,这是一台家用熨斗。,1
4147,这是可回收物_电熨斗。,图中是一台熨斗和一堆叠放的衣服。,1
4148,这是可回收物_电熨斗。,图中没有垃圾，只有一台白色的蒸汽熨斗。,1
4149,这是可回收物_电熨斗。,图片中的物品属于其他垃圾类别。,0
4150,这是可回收物_电熨斗。,图中没有垃圾。,0
4151,这是可回收物_电熨斗。,图中展示了一个熨斗的广告宣传页面。,1
4152,这是可回收物_电熨斗。,这个物品是一个美的品牌的蒸汽熨斗。,1
4153,这是可回收物_电熨斗。,这张图片里没有提到任何垃圾，只描述了一个电熨斗。,1
4154,这是可回收物_电熨斗。,这是一张蒸汽熨斗的主视图。蒸汽熨斗是一种家用电器，主要用于熨烫衣物。它通过蒸汽来软化衣物纤维，使它们更容易被拉伸和弯曲。蒸汽熨斗通常具有手动和电动两种操作模式，可以调整蒸汽的温度和强度，以达到最佳的熨烫效果。,1
4155,这是可回收物_电熨斗。,图片中的物品属于有害垃圾。,0
4156,这是可回收物_电熨斗。,这张图片里的是电子垃圾。,0
4157,这是可回收物_电熨斗。,根据图片内容，这个物品属于其他垃圾。,0
4158,这是可回收物_电熨斗。,这是Philips(飞利浦)的蒸汽熨斗。,1
4159,这是可回收物_电视遥控器。,图片中的物品属于有害垃圾。,0
4160,这是可回收物_电视遥控器。,图片中的物品属于有害垃圾。,0
4161,这是可回收物_电视遥控器。,图中没有垃圾，是一只遥控器。,1
4162,这是可回收物_电视遥控器。,根据图片内容，这个遥控器属于有害垃圾。,0
4163,这是可回收物_电视遥控器。,这是一张显示了一台电视机遥控器的图片。遥控器的品牌是新力（SONY），型号是RM-CD001。遥控器上有多个按钮和功能键，用于控制电视机。遥控器上还标有“4号电池”字样，表明它需要使用4号电池。,1
4164,这是可回收物_电视遥控器。,这个垃圾属于电子垃圾。,1
4165,这是可回收物_电视遥控器。,这个垃圾属于电子产品类。,1
4166,这是可回收物_电视遥控器。,图中的垃圾是一只遥控器。,1
4167,这是可回收物_电视遥控器。,这张图片里没有垃圾。它展示了一只遥控器。,1
4168,这是可回收物_电路板。,图中的“垃圾”可能是指一些电线、电缆或其他电子元件的连接线，这些线可能会导致电路故障或干扰。建议及时检查和修理这些连接线，以确保电路正常工作。,0
4169,这是可回收物_电路板。,垃圾分类问题需要具体问题具体分析。在这个问题中，没有提供足够的信息来准确地进行垃圾分类。如果您有特定的问题或需要帮助，可以提供更多详细信息。,0
4170,这是可回收物_电路板。,图片中的物品属于可回收物。,1
4171,这是可回收物_电路板。,这个图片中的物品看起来像是电子电路板，可能是用于制造电子设备的元件。,1
4172,这是可回收物_电路板。,图中的垃圾是“电子电路板”，图中展示了电路板的细节，包括芯片、元件等。,1
4173,这是可回收物_电路板。,这是一幅科幻风格的插画，描绘了一个地球被一个蓝色网格状的球体包围的场景。地球被包围的球体内部似乎有一些节点连接在一起，可能象征着网络或连接的概念。地球本身被一个蓝色的网格状图案包围，可能是代表了全球网络或地球上的各种节点。背景是星空，整体氛围显得非常科幻和未来主义。,0
4174,这是可回收物_电路板。,这张图片中的垃圾属于电子产品垃圾。,1
4175,这是可回收物_电路板。,图片中的物品属于电子垃圾类别。,0
4176,这是可回收物_电路板。,这是两个绿色的RAM（随机存储器）芯片。RAM是计算机系统中的一种存储设备，用于存储程序和数据。它们通常放在电脑的内存模块中，以便计算机能够快速地访问和更新存储的信息。,1
4177,这是可回收物_电路板。,这张图片里有电路板，属于电子垃圾。,1
4178,这是可回收物_电路板。,图片中的物品属于有害垃圾类别。,0
4179,这是可回收物_电路板。,这张图片包含电子元件，属于电子工业和电子产品制造。,1
4180,这是可回收物_电路板。,这张图片里没有垃圾，这是一张印刷电路板（PCB）的照片。,1
4181,这是可回收物_电路板。,这张图片展示了电子电路板，这属于电子垃圾。电子垃圾是指使用过或废弃的电子设备、电子元器件和电路板等，它们可能含有有害物质，对环境和健康造成危害。,1
4182,这是可回收物_电路板。,这个垃圾属于电子产品或设备部件。,1
4183,这是可回收物_电路板。,这张图片里是一块电子电路板，通常被称为“电子垃圾”。电子垃圾通常指的是使用过但不再需要的电子设备，包括电脑、手机、电视等。这些设备在使用过程中可能会产生电子垃圾，因为它们可能会含有有毒有害物质。,1
4184,这是可回收物_电路板。,这张图片里是电子垃圾。电子垃圾是指已经失去使用价值的电子设备，这些设备在处理不当时可能会对环境和健康造成影响。,1
4185,这是可回收物_电路板。,图中没有垃圾。,0
4186,这是可回收物_电路板。,这张图片展示了一个电路板，上面有各种电子元件和标识。以下是一些可能的垃圾：  1. **电子垃圾**：这些可能是已经损坏的电子元件，可能已经不再有效或无法使用。 2. **塑料垃圾**：这些可能是电路板上的塑料部件，可能会引起环境问题。 3. **有机垃圾**：这些可能是电路板上的有机物质，可能对环境有害。 4. **金属垃圾**：这些可能是电路板上的金属部件，可能会对环境造成污染。  建议您将这些垃圾分类，并妥善处理，以减少对环境的影响。,1
4187,这是可回收物_电路板。,这是两个电路板。左边的电路板看起来是PCB（电路板），而右边的电路板看起来是FR4（高阻抗绝缘纸）电路板。PCB通常用于制作各种电子设备，而FR4则是一种常用的电路板材料，具有较高的电气和机械强度。,1
4188,这是可回收物_电路板。,这是一张电路板的图片。电路板上有许多元件，包括芯片、电容、电阻、电感等。芯片上标有“PDX”字样，这可能是一个特定的设备或产品的标识。电路板上还有一块插槽，插槽上连接着一些导线，这可能是用于连接外部设备或扩展功能的。,1
4189,这是可回收物_电路板。,这是一张电路板的照片，图中显示了一个“PCB”（印刷电路板）的标识。,1
4190,这是可回收物_电路板。,这是一张显示复杂电子电路板的图片。图片中充满了各种电子元件，如芯片、电容器、电阻和连接线。电路板的颜色主要是蓝色和黑色，这可能是为了更好地显示电子元件。这种类型的电路板在电子技术中非常常见，用于存储、计算和通信等许多应用。,1
4191,这是可回收物_电路板。,这是一张电路板的照片。电路板上有许多电子元件，包括电阻、电容、二极管、晶体管等。这些元件用于控制和调节电路的功能。电路板上的这些元件通常用于电子设备，如电视机、电脑、冰箱等，它们负责处理信号和控制电路中的电流。,1
4192,这是可回收物_电路板。,这是一张电路板图，图中显示的是一个无线盒子的电路设计。图中包含以下内容：  1. **无线盒子**：图中的白色文字“WirelessBox”表明这个电路板是无线盒子的电路设计。 2. **设计**：图中的“Design”字样表明这个设计是由“KEN”设计的。 3. **日期**：图中的“Date”字样表明设计是在2011年10月20日创建的。 4. **尺寸**：图中的“Size”字样表明这个电路板的尺寸为170 x 100 mm。 5. **制造商**：图中的“深圳市智欧电路有限公司”字样表明这个电路板的制造商是深圳市智欧电路有限公司。  这是一张用于制作无线盒子电路板的图纸，用于指导技术人员制作该设备的电路板。,1
4193,这是可回收物_电路板。,图中的垃圾是电路板。,1
4194,这是可回收物_电路板。,这是一个电路板，上面有各种电子元件和电路设计。它看起来像是一个控制电路板，可能用于某种机械设备或设备中。电路板上有多个芯片、电阻、电感和电源接口，这些组件一起工作，控制电路的运作。,1
4195,这是可回收物_电路板。,图中的“垃圾”是指电子电路板上的灰尘和杂物，它们可能影响电路板的正常工作，需要定期清理。,0
4196,这是可回收物_电路板。,图片中的物品属于电子垃圾类别。,0
4197,这是可回收物_电路板。,图片中的物品属于电子废弃物。,1
4198,这是可回收物_电路板。,这张图片展示了一个印制电路板（PCB），通常用于计算机、电子设备和其他高科技产品中。 PCB 由许多小电路组件（称为“组件”或“封装”）组成，每个组件都由电子材料（如铜箔、PCB 材料和封装材料）制成。这种类型的 PCB 通常由多层板（包括顶层、底层和边层）制成，以提高信号传输效率。  这个 PCB 的外观和布局表明它可能用于电子设备，例如电脑、电视或音响系统。它可能包含各种电子元件，如电阻、电容、电感和晶体管，这些元件在 PCB 上通过不同的焊接技术连接。  总的来说，这个 PCB 是一个典型的电子组件，用于连接和传输电子信号。,1
4199,这是可回收物_电路板。,这张图片显示的是一个电子电路板。,1
4200,这是可回收物_登机牌。,图中的垃圾是蓝色的票。,1
4201,这是可回收物_登机牌。,图中的垃圾是两张过期的上海机场浦东的登机牌。,1
4202,这是可回收物_登机牌。,这张图片里是一张纸质的门票或入场券。根据图片中的信息，这是一张“空军体育馆”主席台入场券，说明它可能是一张用于进入该场馆的门票。,1
4203,这是可回收物_登机牌。,这张图片是一张飞机登机牌。登机牌通常用于记录乘客的信息，包括航班号、座位号、登机时间等。根据图片内容，这是一张前往成都的航班登机牌。,1
4204,这是可回收物_登机牌。,这张图片里是一张过站旅客登机牌。,1
4205,这是可回收物_登机牌。,根据图片中的信息，这是一张由美国航空公司United Airlines提供的机票，属于可回收物。,1
4206,这是可回收物_登机牌。,图中的垃圾是一张中华人民共和国中国东方航空的机票。,1
4207,这是可回收物_登机牌。,这张图片里是一张登机牌，显示的是贵阳龙洞堡机场的航班信息。,1
4208,这是可回收物_登机牌。,这是一张中国西南航空公司的登机牌。登机牌上写着航班号、日期、目的地等信息，以及登机时的安全提示。,1
4209,这是可回收物_登机牌。,这张图片里的是废纸。,1
4210,这是可回收物_登机牌。,这张垃圾属于“垃圾”的类别。,0
4211,这是可回收物_登机牌。,这张图片里的垃圾是飞机登机牌。,1
4212,这是可回收物_登机牌。,根据图片内容，这个物品属于电子垃圾类别。,0
4213,这是可回收物_登机牌。,这张图片里是一张飞机票。,1
4214,这是可回收物_登机牌。,这张图片中的物品属于普通垃圾。,0
4215,这是可回收物_登机牌。,图中的垃圾是塑料袋。,0
4216,这是可回收物_登机牌。,这张垃圾应该属于“垃圾”类别。,0
4217,这是可回收物_登机牌。,这张图片里的垃圾是纸质垃圾。,1
4218,这是可回收物_登机牌。,根据图中的描述，这是一张飞机登机牌，属于其他垃圾类别。,0
4219,这是可回收物_登机牌。,,0
4220,这是可回收物_登机牌。,这张图片是一张飞机登机牌，属于航空旅行相关。,1
4221,这是可回收物_登机牌。,这张图片是一张火车票，属于纸质垃圾。,0
4222,这是可回收物_登机牌。,这是南京禄口国际机场的一张登机牌。登机牌上有航班号、座位、登机口等信息，以及目的地。这张登机牌是南京禄口国际机场的，属于华夏银行。,1
4223,这是可回收物_登机牌。,图中的垃圾是一张飞机登机牌。,1
4224,这是可回收物_登机牌。,这张图片中的垃圾属于以下类别：  1. **废纸**：包括护照、机票等纸质文件。 2. **废弃物品**：包括垃圾袋、塑料袋等。  这张图片中的垃圾属于**废纸**。,1
4225,这是可回收物_登机牌。,这是机票登机牌。登机牌是飞机登机时使用的，上面会显示航班信息、登机时间、登机口、座位号等信息。,1
4226,这是可回收物_登机牌。,这张图片中的物品属于其他垃圾类别。,0
4227,这是可回收物_盘子。,这张图片里的垃圾属于其他垃圾。其他垃圾是指除了可回收垃圾、有害垃圾和湿垃圾之外的垃圾，如厨房垃圾、废弃塑料等。,0
4228,这是可回收物_盘子。,这是一对玻璃盘子。它们有独特的花纹设计，可能是手工制作的。玻璃盘子通常用于装饰或作为餐具使用。,1
4229,这是可回收物_盘子。,图中的垃圾是塑料制品。,1
4230,这是可回收物_盘子。,这张图片里的垃圾是塑料。,0
4231,这是可回收物_盘子。,这是意大利进口的瓷器，盘子是白色的，花型是浅紫红色的，有花形装饰。餐具是银色的。,1
4232,这是可回收物_盘子。,图片中的物品属于其他垃圾类别。,0
4233,这是可回收物_盘子。,,0
4234,这是可回收物_盘子。,这张图片里没有提到垃圾，只是展示了几个餐具和盘子。,1
4235,这是可回收物_盘子。,这是一个玻璃杯垫，上面印有鸟类和植物图案。这些图案可能来自复古或乡村的风格，适合放在咖啡桌上或厨房里。,0
4236,这是可回收物_盘子。,这张图片里没有提到任何垃圾。,0
4237,这是可回收物_盘子。,这是一组玻璃餐盘。图片中展示了三个不同尺寸的玻璃餐盘，每个盘子上都摆放着一束紫色和白色的花。这种设计既实用又美观，适合各种场合使用。,1
4238,这是可回收物_盘子。,这是一张装饰盘的照片。装饰盘通常是用于餐桌装饰的，通常用来增加餐桌的美感和装饰性。这个装饰盘看起来是由玻璃或塑料制成的，表面有放射状的纹理，可能具有光泽或反光效果。装饰盘的用途和设计可以根据不同的场合和主题进行选择。,1
4239,这是可回收物_盘子。,图中的垃圾是：盘子,1
4240,这是可回收物_盘子。,根据图片描述，这个物品属于玻璃垃圾。玻璃垃圾通常是指由玻璃制成的废弃物，包括玻璃瓶、玻璃罐、玻璃餐具等。,0
4241,这是可回收物_盘子。,图片中的物品是玻璃制品，属于可回收物。,1
4242,这是可回收物_盘子。,这张图片里的物品是一个玻璃碗，属于其他垃圾。,0
4243,这是可回收物_碗。,这是一张宣传图片，展示了Pyrex品牌的玻璃餐具套装。Pyrex是康宁（Corning）公司生产的玻璃餐具品牌，以其高品质和耐用性而闻名。图片中的餐具套装包括一个大碗和两个小碗，以及一个配套的盘子。品牌名称和产品特点都在图片的上方展示。,1
4244,这是可回收物_碗。,图片中的物品属于可回收垃圾。,1
4245,这是可回收物_碗。,图中的垃圾是两个玻璃碗。,1
4246,这是可回收物_碗。,图中的垃圾是透明玻璃碗。,1
4247,这是可回收物_碗。,这是一只Glasslock品牌的玻璃保鲜盒。Glasslock是一种知名的玻璃食品保鲜容器品牌，通常用于食品的冷藏和保鲜。图片中显示的保鲜盒有950毫升的容量，适合存放各种食物。,1
4248,这是可回收物_碗。,图中的垃圾是透明玻璃碗。,1
4249,这是可回收物_碗。,图片中的物品属于其他垃圾类别。,0
4250,这是可回收物_碗。,图片中的物品属于可回收垃圾类别。,1
4251,这是可回收物_碗。,图片中的物品属于可回收垃圾类别。,1
4252,这是可回收物_碗。,图中的垃圾是三个透明的玻璃保鲜盒，它们装满了食物。,0
4253,这是可回收物_碗。,这张图片中的容器属于塑料制品，所以应该属于其他垃圾。,0
4254,这是可回收物_碗。,这是一张食物保鲜盒的照片，不属于垃圾。,0
4255,这是可回收物_碗。,图片中的物品属于其他垃圾。,0
4256,这是可回收物_碗。,图片中的物品属于其他垃圾类别。,0
4257,这是可回收物_碗。,,0
4258,这是可回收物_碗。,图片中的物品属于可回收物。,1
4259,这是可回收物_碗。,这张图片里的是玻璃垃圾。,0
4260,这是可回收物_碗。,这张图片里的物品是一次性餐具。,0
4261,这是可回收物_碗。,这张图片里包含了一个蓝色的方形和三角形的玻璃器皿。这些物品通常用于装饰或作为装饰品使用，而不是用于食物的餐具。因此，这些物品属于其他垃圾。,0
4262,这是可回收物_碗。,这个垃圾应该被分类为其他垃圾。,0
4263,这是可回收物_碗。,图中没有垃圾。,0
4264,这是可回收物_碗。,图片中的物品属于可回收物类别。,1
4265,这是可回收物_碗。,这个垃圾属于其他垃圾。,0
4266,这是可回收物_碗。,这是一套玻璃储物盒套装。套装包括三个矩形的玻璃容器和一个高高的玻璃瓶。每个容器都有一个绿色的盖子，用于密封和储存食物。这套储物盒套装适用于厨房和家庭使用，方便储存和运输食物。,0
4267,这是可回收物_碗。,这张图片里包含塑料餐具、玻璃餐具和锅具。这些物品通常属于塑料和玻璃制品，这些材料通常可以被归类为其他垃圾。,0
4268,这是可回收物_碗。,图中的垃圾是玻璃碗。,1
4269,这是可回收物_碗。,这张图片里有三个垃圾桶。,0
4270,这是可回收物_碗。,这个垃圾属于可回收垃圾。,1
4271,这是可回收物_碗。,这张图片里没有垃圾，只有几个蓝色的玻璃碗。,1
4272,这是可回收物_碗。,图中没有垃圾，只有一只瓷碗。,1
4273,这是可回收物_碗。,根据图片中的物品描述，它是一个黑色和白色的陶瓷碗，这表明它可能属于其他垃圾类别，而不是可回收垃圾。,0
4274,这是可回收物_碗。,这张图片里的是玻璃制品，属于可回收垃圾。,1
4275,这是可回收物_碗。,图片中的物品属于其他垃圾类别。,0
4276,这是可回收物_碗。,根据图片中的信息，这些物品属于其他垃圾类别。,0
4277,这是可回收物_碗。,根据图中的描述，这个物品属于其他垃圾类别。,0
4278,这是可回收物_碗。,图片中的物品属于其他垃圾类别。,0
4279,这是可回收物_碗。,图中没有垃圾。,0
4280,这是可回收物_碗。,图中的垃圾是玻璃制品。,0
4281,这是可回收物_碗。,这张图片里是一次性塑料餐具，属于其他垃圾。,0
4282,这是可回收物_碗。,这张图片中的物品是玻璃制品，通常可以归类为其他垃圾。玻璃制品通常在厨房或家庭环境中使用，包括锅、碗、杯子等。,1
4283,这是可回收物_碗。,这个垃圾应该被分类为其他垃圾。,0
4284,这是可回收物_碗。,图片中的物品属于其他垃圾。,0
4285,这是可回收物_碗。,这是Lock&Lock品牌的玻璃保鲜盒，用于储存食物。每个保鲜盒可以容纳1.25升的食材。,0
4286,这是可回收物_碗。,图中没有垃圾。,0
4287,这是可回收物_碗。,这是一个水晶玻璃碗，看起来像是一个圣诞装饰品。它有一个圆形的碗形，底部是平的，顶部有一个环形的边缘。这种装饰品通常用于装饰节日场合，如圣诞节或新年。,1
4288,这是可回收物_碗。,根据图片内容，这个物品属于可回收垃圾。,1
4289,这是可回收物_碗。,图片中的物品属于不可回收垃圾。,0
4290,这是可回收物_碗。,这是一个装有切片番茄和绿色蔬菜的透明玻璃碗。,1
4291,这是可回收物_碗。,图中的垃圾是两个心形的玻璃碗。,1
4292,这是可回收物_碗。,这张图片里的是玻璃垃圾。,0
4293,这是可回收物_碗。,这张图片中没有垃圾。,0
4294,这是可回收物_碗。,这是两个玻璃保鲜盒。每个保鲜盒的大小不同，左边的是640毫升的，右边的是480毫升的。它们都带有绿色的盖子和透明的盖子，可以用来保鲜食物。,0
4295,这是可回收物_碗。,图中的垃圾是两个方形的玻璃保鲜盒。,0
4296,这是可回收物_碗。,图片中的物品属于可回收垃圾。,1
4297,这是可回收物_空气加湿器。,这张图片里是一台空气净化器。空气净化器是一种家用电器，用于去除空气中的污染物，如灰尘、烟雾、细菌等。它通过内置的滤网和过滤器来净化空气，通常用于家庭或办公室的空气净化。,0
4298,这是可回收物_空气加湿器。,图中的垃圾是“家用空气加湿器”。,1
4299,这是可回收物_空气加湿器。,图片中的物品属于可回收物类别。,1
4300,这是可回收物_空气加湿器。,图中的垃圾是：一个绿色和紫色的空气加湿器。,1
4301,这是可回收物_空气加湿器。,图中的垃圾是一只绿色的圆形玩具。,0
4302,这是可回收物_空气加湿器。,根据图片中的信息，这个物品属于其他垃圾。,0
4303,这是可回收物_空气加湿器。,这个物品是一台空气净化器，它用于净化空气，减少灰尘和异味，适合放在客厅等地方。,0
4304,这是可回收物_空气加湿器。,这是一台空气净化器。,0
4305,这是可回收物_空气加湿器。,图片中的物品属于其他垃圾。,0
4306,这是可回收物_空气加湿器。,图片中的物品属于其他垃圾。,0
4307,这是可回收物_空气加湿器。,这个设备属于家用电器类别，具体来说是空气加湿器。它用于提供湿润的空气，通常在家庭环境中使用。,1
4308,这是可回收物_空气加湿器。,根据图片中的描述，这个物品是一个电子设备，可能需要归类为其他垃圾类别。,0
4309,这是可回收物_空气加湿器。,这是一个小型的空气净化器或加湿器。它看起来像是一个透明的水壶形状，里面装有水和一些植物装饰。蒸汽从水壶顶部冒出，可能是由于水加热产生的蒸汽。这种设备通常用于营造室内环境，增加湿度和改善空气质量。,1
4310,这是可回收物_空气加湿器。,图中的垃圾是空气净化器。,0
4311,这是可回收物_空气加湿器。,这张图片里的是电子废弃物。,0
4312,这是可回收物_空气加湿器。,这张图片里没有明显的垃圾。图片中的物品包括一个鲸鱼形状的装饰品、一支铅笔和一些书籍。这些物品看起来都是日常用品，没有明显的垃圾特征。,0
4313,这是可回收物_空气加湿器。,这张图片里是一个家用空调。空调是一种家用电器，用于为空间提供冷却或加热。,0
4314,这是可回收物_空气加湿器。,图中的垃圾是一束黄色的花。,0
4315,这是可回收物_空气加湿器。,这是一个空气净化器的广告。,0
4316,这是可回收物_空气加湿器。,这个垃圾属于生活废弃物。,0
4317,这是可回收物_空气加湿器。,图中的垃圾是电热水壶。,0
4318,这是可回收物_空气加湿器。,图中没有垃圾。,0
4319,这是可回收物_空气加湿器。,这张图片里有一个家用除湿器，属于家用电器。,0
4320,这是可回收物_空气加湿器。,这张图片里的垃圾是“其他垃圾”。,0
4321,这是可回收物_空气加湿器。,这个垃圾是电子垃圾。,0
4322,这是可回收物_空调遥控器。,图中的垃圾是遥控器。,1
4323,这是可回收物_空调遥控器。,图中的垃圾是空调遥控器。,1
4324,这是可回收物_空调遥控器。,这是一张显示空调遥控器的图片。遥控器的品牌是海尔（Haier），屏幕显示当前温度为35°C。遥控器上有多个按钮，包括智能、制冷、制热、除湿、温度、风速、风向、除甲醛、静眠、功能、定时开、定时关、锁定、灯光、复位等按钮。,1
4325,这是可回收物_空调遥控器。,这张图片里是一个空调遥控器。,1
4326,这是可回收物_空调遥控器。,图片中的物品属于其他垃圾。,0
4327,这是可回收物_空调遥控器。,这是一张空调遥控器的图片。,1
4328,这是可回收物_空调遥控器。,图中的垃圾是遥控器。,1
4329,这是可回收物_空调遥控器。,这个垃圾属于电子垃圾（电子废弃物）。,0
4330,这是可回收物_空调遥控器。,这是遥控器的一部分。遥控器用于控制空调设备，通过显示屏显示当前设置，按钮用于控制风速、温度等。,1
4331,这是可回收物_空调遥控器。,图中的垃圾是空调遥控器。,1
4332,这是可回收物_空调遥控器。,这张图片里的是电子垃圾。,0
4333,这是可回收物_空调遥控器。,这张图片里是电子垃圾（电子废弃物）。电子垃圾是指废弃的电子产品，包括手机、电脑、电视、空调等设备。,1
4334,这是可回收物_空调遥控器。,图片中的物品属于其他垃圾类别。,0
4335,这是可回收物_空调遥控器。,图片中的物品属于可回收物类别。,1
4336,这是可回收物_空调遥控器。,这是一个空调遥控器。遥控器上有显示屏和各种功能按钮，用于控制空调的运行和设置。,1
4337,这是可回收物_空调遥控器。,这张图片里的垃圾是电子产品垃圾。,1
4338,这是可回收物_空调遥控器。,这张图片里没有垃圾。它是一张遥控器的图片。,0
4339,这是可回收物_空调遥控器。,这是两个空调遥控器。,1
4340,这是可回收物_空调遥控器。,这张图片里的垃圾是废电子产品。,1
4341,这是可回收物_空调遥控器。,这是一张遥控器的照片。遥控器上显示的代码是“ARC485A4”。遥控器上还有一些功能按钮，例如“温度设定”、“风速选择”、“自动”等。遥控器的设计简洁，适用于大金空调。,1
4342,这是可回收物_空调遥控器。,这是一个空调遥控器。遥控器上有多个功能按钮，包括温度调节、风量控制、模式选择等。遥控器上的数字显示了当前的温度。,1
4343,这是可回收物_空调遥控器。,这是一张显示空调遥控器的图片。遥控器上有显示屏，显示当前的温度和模式。遥控器的尺寸为53毫米（高）和133毫米（宽）。,1
4344,这是可回收物_空调遥控器。,这张图片里的是电子垃圾。电子垃圾是指那些不再被使用的电子设备、电器和电子部件。它们通常包含电池、电容器、集成电路和其他电子元件，这些部件可能含有有害物质，需要进行特殊的处理和回收。,1
4345,这是可回收物_空调遥控器。,图中的垃圾是空调遥控器。,1
4346,这是可回收物_空调遥控器。,这张图片里是一台空调遥控器，属于电子废弃物。电子废弃物包括电视机、电冰箱、洗衣机、电暖气、空调器、电热毯、热水器、热水器、电饭煲、洗衣机、微波炉、电冰箱、微波炉、微波炉、电冰箱、电冰箱、电冰箱、电冰箱、电冰箱、电冰箱、电冰箱、电冰箱、电冰箱、电冰箱、电冰箱、电冰箱、电冰箱、电冰箱、电冰箱、电冰箱、电冰箱、电冰箱、电冰箱、电冰箱、电冰箱、电冰箱、电冰箱、电冰箱、电冰箱、电冰箱、电冰箱、电冰箱、电冰箱、电冰箱、电冰箱、电冰箱、电冰箱、电冰箱、电冰箱、电冰箱、电冰箱、电冰箱、电冰箱、电冰箱、电冰箱、电冰箱、电冰箱、电冰箱、电冰箱、电冰箱、电冰箱、电冰箱、电冰箱、电冰箱、电冰箱、电冰箱、电冰箱、电冰箱、电冰箱、电冰箱、电冰箱、电冰箱、电冰箱、电冰箱、电冰箱、电冰箱、电冰箱、电冰箱、电冰箱、电冰箱、电冰箱、电冰箱、电冰箱、电冰箱、电冰箱、电冰箱、电冰箱、电冰箱、电冰箱、电冰箱、电冰箱、电冰箱、电冰箱、电冰箱、电冰箱、电冰箱、电冰箱、电冰箱、电冰箱、电冰箱、电冰箱、电冰箱、电冰箱、电冰箱、电冰箱、电冰箱、电冰箱、电冰箱、电冰箱、电冰箱、电冰箱、电冰箱、电冰箱、电冰箱、电冰箱、电冰箱、电冰箱、电冰箱、电冰箱、电冰箱、电冰箱、电冰箱、电冰箱、电冰箱、电冰箱、电冰箱、电冰箱、电冰箱、电冰箱、电冰箱、电冰箱、电冰箱、电冰箱、电冰箱、电冰箱、电冰箱、电冰箱、电冰箱、电冰箱、电冰箱、电冰箱、电冰箱、电冰箱、电冰箱、电冰箱、电冰箱、电冰箱、电冰箱、电冰箱、电冰箱、电冰箱、电冰箱、电冰箱、电冰箱、电冰箱、电冰箱、电冰箱、电冰箱、电冰箱、电冰箱、电冰箱、电冰箱、电冰箱、电冰箱、电冰箱、电,0
4347,这是可回收物_空调遥控器。,图片中的物品属于其他垃圾类别。,0
4348,这是可回收物_空调遥控器。,这个垃圾属于电子产品。,1
4349,这是可回收物_空调遥控器。,这是一台空调遥控器。遥控器上有显示屏，显示当前的温度和时间。遥控器上的按钮用于控制空调的各种功能，如风速、模式、风速等。,1
4350,这是可回收物_空调遥控器。,图片中的物品属于可回收物。,1
4351,这是可回收物_空调遥控器。,图片中的物品属于有害垃圾。,0
4352,这是可回收物_空调遥控器。,这张图片里的是空调遥控器。,1
4353,这是可回收物_空调遥控器。,图片中的物品属于有害垃圾。,0
4354,这是可回收物_空调遥控器。,这个遥控器的标签上写着“AUX”，并且显示当前温度为24℃。这个遥控器的类型和功能可能是空调遥控器。根据这个信息，这个遥控器可能用于控制空调设备。,1
4355,这是可回收物_纸牌。,这个垃圾属于垃圾中的“纸质垃圾”。,1
4356,这是可回收物_纸牌。,这张图片里包含了一些废弃的扑克牌碎片，可能已经不再使用。,1
4357,这是可回收物_纸牌。,图中的垃圾是红心5。,1
4358,这是可回收物_纸牌。,图中没有垃圾。,0
4359,这是可回收物_纸牌。,图中没有垃圾。,0
4360,这是可回收物_纸牌。,图片中的物品属于其他垃圾类别。,0
4361,这是可回收物_纸牌。,图中的垃圾是扑克牌。,1
4362,这是可回收物_纸牌。,图中的垃圾是扑克牌上的皇后。,1
4363,这是可回收物_纸牌。,图中的垃圾是一张扑克牌。,1
4364,这是可回收物_纸牌。,图片中的物品属于其他垃圾类别。,0
4365,这是可回收物_纸牌。,这张图片里没有明确指出是什么垃圾。,0
4366,这是可回收物_纸牌。,图中没有垃圾。,0
4367,这是可回收物_纸牌。,这是扑克牌中的“黑桃A”。它通常以鹰的形象为设计元素，背景装饰华丽，通常带有繁复的花纹和图案。,1
4368,这是可回收物_纸牌。,这张图片中的垃圾是葡萄酒瓶上的扑克牌。,1
4369,这是可回收物_纸牌。,这是扑克牌中的建筑主题。每张牌上都有一个建筑物的图片，从A到J，从2到10，以及一个K。这种主题的扑克牌通常用于教育和娱乐目的，以帮助学习和记忆建筑物。,1
4370,这是可回收物_纸牌。,这张图片里没有垃圾，它是一组抽象的圆形图案。,0
4371,这是可回收物_纸牌。,根据图片中的物品信息，这个盒子属于不可回收垃圾。,0
4372,这是可回收物_纸牌。,这张图片中的垃圾是：Joker,1
4373,这是可回收物_纸牌。,这张图片里是一叠纸张，无法确定其具体类别。,0
4374,这是可回收物_纸牌。,这是一个纸制品垃圾。,1
4375,这是可回收物_纸牌。,图片中的物品属于不可回收垃圾。,0
4376,这是可回收物_纸牌。,这个垃圾是一次性筷子。,0
4377,这是可回收物_纸牌。,图中的垃圾是扑克牌。,1
4378,这是可回收物_纸牌。,这张图片里是插图，展示了扑克牌图案的制作过程。,0
4379,这是可回收物_纸牌。,图片中的物品属于其他垃圾类别。,0
4380,这是可回收物_纸牌。,图中没有垃圾，展示了一套扑克牌。,1
4381,这是可回收物_纸牌。,这张图片里的垃圾是扑克牌。,1
4382,这是可回收物_纸牌。,,0
4383,这是可回收物_纸箱。,图中的垃圾是纸箱。,1
4384,这是可回收物_纸箱。,图片中的物品属于可回收垃圾类别。,1
4385,这是可回收物_纸箱。,根据图中的图片内容，该物品属于其他垃圾。,0
4386,这是可回收物_纸箱。,这个垃圾属于“广告垃圾”。,0
4387,这是可回收物_纸箱。,这张图片里没有明显的垃圾。,0
4388,这是可回收物_纸箱。,图片中的物品属于可回收垃圾。,1
4389,这是可回收物_纸箱。,这是一个纸箱，上面写着“PAPERIBC SAVE SPACE”。它看起来像是一个用来运输和存储纸张或其他纸制品的包装容器。,1
4390,这是可回收物_纸箱。,这是一个有机水果的纸箱。纸箱上印有绿色的有机水果的字样，并且还标有“100%有机”和“100%新鲜”等字样。,1
4391,这是可回收物_纸箱。,这张图片展示了各种尺寸的快递纸箱。图片中没有明确标注这些纸箱属于哪种类型的垃圾。通常情况下，快递纸箱属于可回收垃圾，因为它们是由可回收材料制成的。,1
4392,这是可回收物_纸箱。,这个垃圾应该属于电子垃圾。,0
4393,这是可回收物_纸箱。,图片中的物品属于其他垃圾。,0
4394,这是可回收物_纸箱。,这是一张展示纸箱的图片。纸箱上有中文标签，上面写着“感谢您的惠顾 祝您购物愉快”以及一些其他文字和符号。纸箱的设计简洁，使用了棕色和黑色的色调，上面有抽象的图案。,1
4395,这是可回收物_纸箱。,这个垃圾属于办公垃圾，因为包装盒上印有“BERNOULLI”和“柏诺利旗舰店”等字样，可能用于商业或办公室用途。,0
4396,这是可回收物_纸箱。,这是一个纸箱。,1
4397,这是可回收物_纸箱。,这个垃圾属于工业垃圾。,0
4398,这是可回收物_纸箱。,这张图片里有很多废弃的纸板，属于其他垃圾。,0
4399,这是可回收物_纸箱。,这张图片里的是纸板箱，属于可回收垃圾。,1
4400,这是可回收物_纸箱。,图片中的物品属于可回收物。,1
4401,这是可回收物_纸箱。,这张图片里有一个纸板箱，可能属于其他垃圾。,0
4402,这是可回收物_纸箱。,图片中的物品属于可回收垃圾。,1
4403,这是可回收物_纸箱。,图片中的物品属于不可回收垃圾类别。,0
4404,这是可回收物_纸箱。,这是一个穿着蓝色格子衬衫的人，头上戴着一个纸板箱，纸板箱上画着一个笑脸。,1
4405,这是可回收物_纸箱。,这张图片里的是可回收物，即可回收利用的垃圾。,1
4406,这是可回收物_纸箱。,根据图片内容，图片中的物品属于可回收垃圾。,1
4407,这是可回收物_纸箱。,图片中的物品属于可回收物。,1
4408,这是可回收物_纸箱。,这张图片中的垃圾是“塑料包装垃圾”。塑料包装垃圾是指使用塑料材料制成的包装材料，包括塑料袋、塑料盒、塑料罐、塑料瓶等。,0
4409,这是可回收物_纸箱。,这是四个不同的纸板盒。它们可能是用来包装不同物品的，例如披萨盒、信封、包装盒等。,1
4410,这是可回收物_纸箱。,图片中的物品属于有害垃圾类别。,0
4411,这是可回收物_纸箱。,根据图片中的信息，该物品属于可回收物类别。,0
4412,这是可回收物_纸箱。,这张图片里是一盒纸板箱。纸板箱是一种常用的包装材料，通常用于运输、存储和保护物品。它是由纸张制成的，具有较强的抗压和耐久性，常用于运输大件物品。,1
4413,这是可回收物_纸箱。,这张图片里的垃圾是纸板箱。,1
4414,这是可回收物_纸箱。,这个垃圾应该属于“工业废弃物”。,0
4415,这是可回收物_纸箱。,图中的垃圾是纸箱。,1
4416,这是可回收物_纸箱。,这个垃圾属于塑料垃圾。,0
4417,这是可回收物_纸箱。,这是一张打开的纸箱照片。,1
4418,这是可回收物_纸箱。,图中的垃圾是纸箱。,1
4419,这是可回收物_纸箱。,图中的垃圾是纸板箱。,1
4420,这是可回收物_纸箱。,这个垃圾应该属于“其他垃圾”类别。,0
4421,这是可回收物_纸箱。,这个垃圾应该属于其他垃圾。,0
4422,这是可回收物_纸箱。,图中的垃圾是一些纸箱。,1
4423,这是可回收物_纸箱。,这是一堆装在地板上的纸箱。纸箱上有“STAR MOVING”和“DL-E1”等字样，可能表示这是星动公司的货物。,1
4424,这是可回收物_纸箱。,这张图片里的垃圾是纸板箱。,1
4425,这是可回收物_纸箱。,这张图片里是可回收物。,1
4426,这是可回收物_纸箱。,这张图片里没有明显的垃圾，只有一张纸箱。,1
4427,这是可回收物_纸箱。,图中的垃圾是纸板箱。,1
4428,这是可回收物_纸箱。,这张图片中的垃圾属于其他垃圾。,0
4429,这是可回收物_纸箱。,这是一张展示纸箱的图片。纸箱看起来是标准的五层结构，顶部有一个铰链，方便打开。纸箱的尺寸为210x110x140毫米。,1
4430,这是可回收物_纸箱。,这个垃圾属于食品垃圾。,0
4431,这是可回收物_纸箱。,这是一张纸箱的照片。照片中显示了纸箱的外观和一些文字，上面写着“不简单的纸箱 发货打包好伙伴 用料实在 工艺精湛 专注包装”。,1
4432,这是可回收物_纸箱。,这张图片里是一次性纸箱。,1
4433,这是可回收物_纸箱。,这张图片中的垃圾属于可回收垃圾。,1
4434,这是可回收物_纸箱。,这张图片里的是纸板箱，属于其他垃圾。,0
4435,这是可回收物_纸箱。,这是一个纸箱。纸箱是一种常见的包装材料，通常用于运输和储存物品。,1
4436,这是可回收物_纸箱。,图中的垃圾是纸板箱。,1
4437,这是可回收物_纸箱。,图片中的物品属于其他垃圾。,0
4438,这是可回收物_纸箱。,这是一张打开的纸板箱。纸板箱通常用于包装和运输物品，可以保护物品在运输过程中不受损坏。,1
4439,这是可回收物_罐头瓶。,根据图片中的描述，这个瓶子属于其他垃圾。,0
4440,这是可回收物_罐头瓶。,图片中的物品属于其他垃圾类别。,0
4441,这是可回收物_罐头瓶。,根据图片中的物品，这是一个透明玻璃瓶。玻璃瓶属于其他垃圾类别。,0
4442,这是可回收物_罐头瓶。,图中没有垃圾。,0
4443,这是可回收物_罐头瓶。,这个垃圾是塑料瓶。,0
4444,这是可回收物_罐头瓶。,图中的垃圾是一罐玻璃瓶。,1
4445,这是可回收物_罐头瓶。,这张图片里没有明显的垃圾。图片中展示了一个玻璃罐，顶部有一个绿色的盖子。,1
4446,这是可回收物_罐头瓶。,这是一个图片，展示了几种方形的玻璃罐。每个罐子上都有棕色的标签，上面写着“手工制作”。背景中有一些花和装饰灯。,1
4447,这是可回收物_罐头瓶。,图中的垃圾是一排玻璃罐子。,1
4448,这是可回收物_罐头瓶。,这个垃圾属于“玻璃瓶”。,1
4449,这是可回收物_罐头瓶。,这是一个玻璃瓶，标有“V: 170ml G: 185g”的信息。玻璃瓶的外观设计精美，瓶身表面有装饰图案。,1
4450,这是可回收物_罐头瓶。,图中的垃圾是一罐铅笔盒。,0
4451,这是可回收物_罐头瓶。,这张图片里的垃圾是玻璃瓶。,1
4452,这是可回收物_罐头瓶。,这张图片里没有垃圾。,0
4453,这是可回收物_罐头瓶。,图中的垃圾是一只空玻璃罐。,1
4454,这是可回收物_罐头瓶。,图中没有垃圾。,0
4455,这是可回收物_罐头瓶。,这张图片里没有明显的垃圾标识，无法确定该图片中的垃圾类型。,0
4456,这是可回收物_罐头瓶。,这个瓶子是玻璃瓶，需要回收处理。,1
4457,这是可回收物_罐头瓶。,图中的垃圾是厨房架子。,0
4458,这是可回收物_罐头瓶。,图片中的物品属于其他垃圾类别。,0
4459,这是可回收物_罐头瓶。,图片中的物品属于其他垃圾。,0
4460,这是可回收物_罐头瓶。,这个垃圾是玻璃瓶。,1
4461,这是可回收物_罐头瓶。,这张图片里是食品垃圾。,0
4462,这是可回收物_罐头瓶。,这张图片中的垃圾是塑料瓶盖和塑料瓶。,0
4463,这是可回收物_罐头瓶。,该垃圾属于食品垃圾。,0
4464,这是可回收物_罐头瓶。,这是一只玻璃罐子，通常用于储存和展示各种物品。玻璃罐子具有透明度，方便观察内部内容物，同时玻璃材质的耐用性和不易破碎使其适合存放各种食品、饮料或小物件。,1
4465,这是可回收物_罐头瓶。,这张图片里的垃圾是可回收物。,1
4466,这是可回收物_罐头瓶。,图中的垃圾是一只玻璃罐子。,1
4467,这是可回收物_罐头瓶。,图片中的物品属于其他垃圾类别。,0
4468,这是可回收物_罐头瓶。,这张图片里的玻璃杯属于可回收物。,0
4469,这是可回收物_罐头瓶。,图中的垃圾是两个玻璃罐。,1
4470,这是可回收物_罐头瓶。,图片中的物品属于其他垃圾。,0
4471,这是可回收物_罐头瓶。,这个垃圾属于有害垃圾。,0
4472,这是可回收物_罐头瓶。,这张图片里有一个玻璃罐。根据图片内容，这个玻璃罐属于玻璃类垃圾。玻璃类垃圾通常包括玻璃容器、玻璃管、玻璃瓶、玻璃茶壶、玻璃烟灰缸等。,1
4473,这是可回收物_罐头瓶。,这是一只玻璃瓶，瓶盖是绿色的。瓶子放在一个红色的圆形平台上，背景是一个商店或仓库。,1
4474,这是可回收物_网卡。,这是一张TP-LINK的网络适配器图片。网络适配器是一种设备，用于连接电脑和其他设备之间的网络连接。在这个图片中，它连接了一个网卡，网卡是一种用于连接到网络的硬件设备，通常用于将计算机连接到网络上。,1
4475,这是可回收物_网卡。,图片中的物品属于有害垃圾。,0
4476,这是可回收物_网卡。,这个物品是一个白色的USB闪存驱动器。,1
4477,这是可回收物_网卡。,这个垃圾可以归类为电子产品或电子设备。,1
4478,这是可回收物_网卡。,图中没有垃圾。,0
4479,这是可回收物_网卡。,这个垃圾应该属于电子产品废弃物。,0
4480,这是可回收物_网卡。,这张图片显示的是一个网络接口卡，通常被称为网卡。网卡是用于连接计算机到互联网或其他网络设备的硬件设备。,1
4481,这是可回收物_网卡。,这是一组电脑插卡，具体来说是显卡和声卡插卡。显卡（图中的红色和绿色插卡）通常用于支持图形处理，而声卡（图中的绿色插卡）则用于支持音频处理。这些插卡通常用于台式机和笔记本电脑的扩展。,1
4482,这是可回收物_网卡。,这是一张显示了一块网络接口卡的图片。这种网络接口卡通常用于连接到以太网网络，支持包括10BASE-T、100BASE-TX和1000BASE-T在内的多种传输速率标准。以下是对图片中组件的解释：  1. **网络接口卡（NIC）**：这是图片中的主要组件，用于连接到网络。 2. **Intel**：这可能是网络接口卡的制造商或供应商的标志。 3. **PCI Express**：这表示该网络接口卡支持PCI Express（Peripheral Component Interconnect Express）总线，这是一种用于扩展插槽的技术，允许将多个外围设备连接到同一台电脑上。 4. **其他组件**：包括微处理器和其他电子元件，用于控制网络接口卡的功能和性能。  这张图片主要展示了网络接口卡的物理结构和组成部分，适合用于教育、工程或计算机维护等领域。,1
4483,这是可回收物_网卡。,这是一张主板的照片。主板是计算机硬件中的一种主要组件，用于连接和管理计算机的电子组件，如处理器、内存、显卡等。它通常包含各种插槽、插座、接口和连接器，以及电源管理单元，以确保计算机的稳定运行。,0
4484,这是可回收物_网卡。,这是一张显示两个无线网卡的图片。无线网卡是用于将电脑连接到无线网络的设备。它们通常用于笔记本电脑和台式机，以便用户可以在没有传统有线连接的情况下访问互联网和无线网络。图片中的无线网卡上有明显的标签和认证标志，表明它们是经过认证的设备。,1
4485,这是可回收物_网卡。,这是一张显示一个计算机组件的图片。图片中有一个小型的计算机卡，上面有MAC地址和一些其他信息。这种卡通常用于扩展计算机的网络连接，例如Wi-Fi或蓝牙连接。计算机卡通常安装在电脑的扩展槽中，以增加计算机的网络连接能力。,1
4486,这是可回收物_网卡。,图片中的物品属于有害垃圾类别。,0
4487,这是可回收物_网卡。,图片中的物品属于电子废弃物（电子垃圾）。,0
4488,这是可回收物_网卡。,图片中的物品属于电子废弃物。,0
4489,这是可回收物_网卡。,这张图片显示的是一个计算机网络接口卡（NIC），具体来说是一个英特尔（Intel）品牌的网络接口控制器（NIC）。这个卡具有四条连接到网线的端口，通常用于连接到以太网网络。,1
4490,这是可回收物_网卡。,根据图片中的信息，这个物品属于电子垃圾。,0
4491,这是可回收物_网卡。,这张图片里没有垃圾，它是一块电脑主板。,0
4492,这是可回收物_网卡。,这是一张USB无线网络适配器的图片。它通常用于将电脑连接到无线网络。适配器通常有一个USB端口和一个用于连接到电脑的端口，以及一个用于连接到无线网络的端口。适配器通常用于连接到Wi-Fi网络，使用户可以连接到互联网并使用电脑。,1
4493,这是可回收物_网卡。,图片中的物品属于电子垃圾。,0
4494,这是可回收物_网卡。,图中的垃圾是：Sony PlayStation 2 Slim Console Slim Case。,0
4495,这是可回收物_网卡。,图中的垃圾是USB闪存盘。,0
4496,这是可回收物_网卡。,这是一张HP J4505-6156打印机接口卡的图片。这个接口卡是用于连接打印机到计算机的，通常用于支持各种打印机型号。,1
4497,这是可回收物_网卡。,这张图片里的是电子垃圾。,0
4498,这是可回收物_网卡。,图片中的物品属于电子垃圾。,0
4499,这是可回收物_网卡。,这个图片显示的是一个网络监控工具的界面，主要用于查看和管理网络连接状态、流量数据等信息。以下是详细的分析和分类：  1. **网络状态**：    - **网络连接**：显示了当前网络连接的状态，包括IP地址、MAC地址、当前连接的端口和端口状态等信息。    - **流量**：显示了网络流量的数据，包括发送和接收的流量信息。  2. **网络监控**：    - **CPU使用情况**：显示了网络监控工具的CPU使用情况，包括进程占用的CPU时间。  3. **网络工具**：    - **监视器**：可能是一个网络监控工具，用于监控网络连接和流量。  4. **网络诊断**：    - **错误**：可能是一个网络诊断工具，用于检测和解决网络问题。  5. **网络分析**：    - **性能**：可能是一个网络分析工具，用于分析网络性能和流量。  综合来看，这个界面是一个网络监控和分析工具，主要用于监控和分析网络连接和流量情况。,0
4500,这是可回收物_网卡。,这张图片里的是HP 484279-001 PCI Express 2.0 x4 PCI Express x16 PCIe 4x PCIe x4 PCI Express 16x PCI Express 8x PCI Express 4x PCI Express 2x PCI Express 1x PCIe 1x PCI Express x1 PCIe x4 PCIe x8 PCIe x16 PCI Express 1x PCIe 1x PCI Express 8x PCI Express 4x PCI Express 2x PCI Express 1x PCI Express 1x PCI Express 4x PCI Express 2x PCI Express 1x PCI Express 2x PCI Express 8x PCI Express 4x PCI Express 2x PCI Express 1x PCI Express 1x PCI Express 2x PCI Express 4x PCI Express 2x PCI Express 1x PCI Express 3x PCI Express 2x PCI Express 4x PCI Express 3x PCI Express 2x PCI Express 1x PCI Express 2x PCI Express 4x PCI Express 3x PCI Express 2x PCI Express 1x PCI Express 1x PCI Express 3x PCI Express 2x PCI Express 4x PCI Express 3x PCI Express 2x PCI Express 1x PCI Express 2x PCI Express 4x PCI Express 3x PCI Express 2x PCI Express 1x PCI Express 1x PCI Express 3x PCI Express 2x PCI Express 4x PCI Express 3x PCI Express 2x PCI Express 1x PCI Express 2x PCI Express 4x PCI Express 3x PCI Express 2x PCI Express 1x PCI Express 1x PCI Express 3x PCI Express 2x PCI Express 4x PCI Express 3x PCI Express 2x PCI Express 1x PCI Express 2x PCI Express 4x PCI Express 3x PCI Express 2x PCI Express 1x PCI Express 1x PCI Express 3x PCI Express 2x PCI Express 4x PCI Express 3x PCI Express 2x PCI Express 1x PCI Express 2x PCI Express 4x PCI Express 3x PCI Express 2x PCI Express 1x PCI Express 1x PCI Express 3x PCI Express 2x PCI Express 4x PCI Express 3x PCI Express 2x PCI Express 1x PCI Express,0
4501,这是可回收物_耳套。,这张图片里的垃圾是普通垃圾。,0
4502,这是可回收物_耳套。,图中的垃圾是索尼头戴式耳机。,1
4503,这是可回收物_耳套。,这张图片里是电子废弃物，具体来说是耳机。电子废弃物包括各种电子设备、电子元件、电池、电线等，它们可能会对环境和人类健康造成危害。,0
4504,这是可回收物_耳套。,这是一个毛绒玩具，具体来说是一个带有可调节头箍的毛绒玩具。头箍是可以调节大小和形状的，适合不同大小和形状的头部。它的设计看起来非常可爱，适合儿童或喜欢可爱玩具的人使用。,0
4505,这是可回收物_耳套。,垃圾,0
4506,这是可回收物_耳套。,图中没有垃圾。,0
4507,这是可回收物_耳套。,图中没有垃圾。,0
4508,这是可回收物_耳机。,这张图片里没有明显的垃圾。图片中有一个蓝色的耳机，背景是一些书籍和装饰品。,1
4509,这是可回收物_耳机。,这张图片里的垃圾是可回收物。,0
4510,这是可回收物_耳机。,这张图片里没有垃圾。,0
4511,这是可回收物_耳机。,图中的垃圾是老式电话耳机。,1
4512,这是可回收物_耳机。,这是一对黑色的耳机，它们的外壳看起来像是木头做的。耳机放在一个黑色的表面上，耳机线在耳机的后面。,1
4513,这是可回收物_耳机。,这张图片里没有垃圾。,0
4514,这是可回收物_耳机。,这是一副旧式耳机，属于军事装备的一部分。这种耳机通常用于无线电通信，可以连接到电台或接收器，帮助士兵在战场上进行通信。耳机的构造和设计表明它可能来自二战时期的某些国家，例如美国或英国。,1
4515,这是可回收物_耳机。,根据图片中的描述，这个物品属于不可回收垃圾。,0
4516,这是可回收物_耳机。,图片中的物品属于其他垃圾。,0
4517,这是可回收物_耳机。,,0
4518,这是可回收物_耳机。,这是一副耳机，上面有文字说明“真四核 重低音 全合金 不漏音”，表示耳机有四核处理器，音质重低音效果好，并且采用全合金设计，不漏音。耳机放在手机旁边，手机表面有水珠。,1
4519,这是可回收物_耳机。,这个垃圾属于电子产品类，可以分类为电子废弃物。,0
4520,这是可回收物_耳机。,这是一副头戴式耳机。,1
4521,这是可回收物_耳机。,,0
4522,这是可回收物_耳机。,这张图片里的是电子垃圾。,0
4523,这是可回收物_耳机。,图中的垃圾是JBL品牌的耳机。,1
4524,这是可回收物_耳机。,图片中的物品属于其他垃圾类别。,0
4525,这是可回收物_耳机。,图中的垃圾是白色的耳机。,1
4526,这是可回收物_耳机。,图片中的物品属于可回收垃圾类别。,1
4527,这是可回收物_耳机。,这是一副耳机。它有一个线控和麦克风，通常用于手机或其他设备。耳机线看起来有些松散，可能是因为使用后没有及时整理。,1
4528,这是可回收物_耳钉耳环。,图片中的物品属于其他垃圾。,0
4529,这是可回收物_耳钉耳环。,图片中的物品属于其他垃圾。,0
4530,这是可回收物_耳钉耳环。,图中的垃圾是两个耳环。,1
4531,这是可回收物_耳钉耳环。,这张图片里没有垃圾，它展示了一套金色耳环的图片。,1
4532,这是可回收物_耳钉耳环。,图中的垃圾是银色的饰品，具体来说，是项链和耳环。,1
4533,这是可回收物_耳钉耳环。,这张图片中的物品是一个绿色的玉质耳环。玉质耳环是一种装饰品，通常用于女性佩戴。它可能具有装饰性，也可以具有收藏价值。玉质耳环的材质通常包括玉石、水晶、玻璃等。由于它具有绿色，所以它可能是翡翠、玉髓或玉质等玉石类的。,1
4534,这是可回收物_耳钉耳环。,图片中的物品属于其他垃圾类别。,0
4535,这是可回收物_耳钉耳环。,这是一套心形耳环盒，盒子里有多种不同款式的耳环。这些耳环有不同的设计和颜色，包括金色、白色、黑色等。耳环上还镶嵌着一些小宝石，增加了它们的华丽感。这些耳环适用于不同场合，如日常穿搭、约会、聚会等。,1
4536,这是可回收物_耳钉耳环。,图中没有垃圾。,0
4537,这是可回收物_耳钉耳环。,图片中的物品属于金属垃圾类别。,0
4538,这是可回收物_耳钉耳环。,这个垃圾属于“珠宝”类别。,0
4539,这是可回收物_耳钉耳环。,这是一对银色的耳环。耳环上有一个独特的设计，看起来像是一个空心的圆圈，中间有垂直的切口。这种设计可能给人一种时尚或现代的感觉。,1
4540,这是可回收物_耳钉耳环。,根据图片内容，这个物品属于其他垃圾。,0
4541,这是可回收物_耳钉耳环。,这个垃圾属于塑料垃圾。,0
4542,这是可回收物_耳钉耳环。,这张图片中的垃圾是：  1. 金耳环 2. 纸,1
4543,这是可回收物_耳钉耳环。,图中的垃圾是树枝和电线杆。,0
4544,这是可回收物_耳钉耳环。,图中的垃圾是一对金属手的形状的金属装饰品。,1
4545,这是可回收物_耳钉耳环。,这是一对装饰耳环。耳环的设计类似于雪花，由许多小钻石或宝石组成，形成了一个六边形的结构。这种设计通常用于时尚和珠宝市场。,1
4546,这是可回收物_耳钉耳环。,图片中的物品属于可回收垃圾类别。,1
4547,这是可回收物_耳钉耳环。,这张图片中的垃圾是：  - 项链,0
4548,这是可回收物_耳钉耳环。,这是一对圆形的耳环。它们看起来是用金属制成的，表面有纹理和图案，颜色为棕色。耳环的底部有一个较小的圆形，上面有一个较大的圆形，两者的圆形相互重叠。,1
4549,这是可回收物_耳钉耳环。,这个垃圾是“耳环”。,1
4550,这是可回收物_耳钉耳环。,这是一盒珠宝首饰。盒子上写着“福喜多珠宝城”和“中国黄金”。盒子上还有一张标签，显示了珠宝的重量和成分。,1
4551,这是可回收物_耳钉耳环。,这张图片里的是珠宝饰品，具体来说是一对蝴蝶耳环。,1
4552,这是可回收物_耳钉耳环。,这张图片中的垃圾属于“其他垃圾”类别。,0
4553,这是可回收物_耳钉耳环。,这张图片里的垃圾是“珠宝”。,1
4554,这是可回收物_耳钉耳环。,这张图片里是银耳环。,1
4555,这是可回收物_耳钉耳环。,这是一副珠宝挂件。挂件上有两个穿着舞者服装的人物形象，它们的服装是深蓝色的，上面有闪亮的装饰，挂件上还装饰着金色的蝴蝶结。挂件挂在镜子上，背景中可以看到一些店铺的装饰和人们的身影。,0
4556,这是可回收物_耳钉耳环。,这张图片里没有垃圾。,0
4557,这是可回收物_耳钉耳环。,这张图片里是耳环。耳环通常由金属制成，用于装饰耳朵。,1
4558,这是可回收物_耳钉耳环。,图中的垃圾是一对镶嵌着钻石的耳环。,1
4559,这是可回收物_耳钉耳环。,这是一个手工制作的纽扣，属于手工制作类垃圾。,0
4560,这是可回收物_耳钉耳环。,这个垃圾不属于垃圾，而是翡翠耳环。,0
4561,这是可回收物_耳钉耳环。,图中的垃圾是一对翡翠耳环。,1
4562,这是可回收物_耳钉耳环。,这是三朵花的银饰。这些银饰上镶嵌着景泰蓝工艺，呈现出蓝紫色调，显得非常精致和典雅。,1
4563,这是可回收物_耳钉耳环。,这张图片里的是珠宝垃圾。,0
4564,这是可回收物_耳钉耳环。,根据图片中的物品信息，它属于静饰界的产品，是韩版的饰品，适合女生佩戴。因此，它属于不可回收垃圾。,0
4565,这是可回收物_耳钉耳环。,这张图片里是一对耳环。,1
4566,这是可回收物_耳钉耳环。,图中的垃圾是银色的耳钉。,1
4567,这是可回收物_耳钉耳环。,这个物品是一对翡翠耳环。,1
4568,这是可回收物_耳钉耳环。,这是一个耳环。耳环上有一个蜜蜂的图案，蜜蜂的头部是金色的，身体和翅膀是透明的，眼睛处点缀着一些亮晶晶的宝石，背景是白色的。,1
4569,这是可回收物_耳钉耳环。,这是一个黑色的耳环，形状类似于花朵。耳环的边缘是弯曲的线条，整体设计简约时尚。,1
4570,这是可回收物_耳钉耳环。,图中的垃圾是棕色的木头。,0
4571,这是可回收物_耳钉耳环。,根据图片中的物品，无法确定它属于什么垃圾类别。,0
4572,这是可回收物_耳钉耳环。,图中的垃圾是红色、黑色、白色、金色的耳钉。,1
4573,这是可回收物_耳钉耳环。,这是一个银色的耳环，设计上带有骷髅头和王冠的图案。耳环的设计简洁，适合日常佩戴。,1
4574,这是可回收物_耳钉耳环。,这是耳环。耳环是一种佩戴在耳朵上的装饰品，通常由金属或珠宝材料制成，具有装饰性和实用性。,1
4575,这是可回收物_耳钉耳环。,这个垃圾是：无。,0
4576,这是可回收物_耳钉耳环。,图中无垃圾,0
4577,这是可回收物_耳钉耳环。,这是一对珍珠耳环。它们的设计非常精致，耳环上装饰着多个珍珠，形成了一个圆形的图案。耳环的边缘有金色的装饰，增加了整体的美感。,1
4578,这是可回收物_耳钉耳环。,"这是一对珍珠耳环。它们的设计独特，带有字母""C""和""C""的图案，显得非常时尚和精致。耳环上的珍珠看起来非常细腻，增加了整体的美感。",1
4579,这是可回收物_耳钉耳环。,根据图片中的物品和文字描述，这些物品属于其他垃圾类别。,0
4580,这是可回收物_耳钉耳环。,这是一对镶有钻石的耳环。耳环上有一个圆形的设计，周围有许多小钻石装饰。背景是一块黑色的表面，旁边还有一朵紫色的花。,1
4581,这是可回收物_芭比娃娃。,图中的垃圾是芭比娃娃。,1
4582,这是可回收物_芭比娃娃。,这张图片里的是塑料玩具，属于塑料垃圾。,1
4583,这是可回收物_芭比娃娃。,根据物品描述，图片中的物品属于其他垃圾类别。,0
4584,这是可回收物_芭比娃娃。,,0
4585,这是可回收物_芭比娃娃。,这张图片包含色情内容，因此不适合在公共场合展示。,0
4586,这是可回收物_芭比娃娃。,图中的垃圾是黄色连衣裙。,0
4587,这是可回收物_芭比娃娃。,这是一张芭比娃娃的照片。,0
4588,这是可回收物_芭比娃娃。,这张图片里没有垃圾。,0
4589,这是可回收物_芭比娃娃。,这张图片里没有垃圾。,0
4590,这是可回收物_芭比娃娃。,图中的垃圾是娃娃的头发。,0
4591,这是可回收物_芭比娃娃。,图片中的物品属于其他垃圾类别。,0
4592,这是可回收物_芭比娃娃。,图中的垃圾是“婚纱”。,0
4593,这是可回收物_芭比娃娃。,图片中的物品属于可回收垃圾。,1
4594,这是可回收物_茶叶罐。,这张图片里没有提到垃圾，而是展示了一只白色陶瓷花瓶。,0
4595,这是可回收物_茶叶罐。,这张图片里是一个青色的罐子，属于可回收垃圾。,1
4596,这是可回收物_茶叶罐。,图中的垃圾是瓷器碎片。,0
4597,这是可回收物_茶叶罐。,图中的垃圾是一只瓷器。,0
4598,这是可回收物_茶叶罐。,图中的垃圾是竹炭包。,0
4599,这是可回收物_茶叶罐。,图片中的物品属于其他垃圾类别。,0
4600,这是可回收物_茶叶罐。,根据图片中的描述，这个瓶子属于不可回收垃圾类别。,0
4601,这是可回收物_茶叶罐。,这张图片展示的是一个陶瓷花盆，具体来说是一个彩塑-30*34鼓形黄底牡丹的花盆。这个花盆是陶瓷材质，上面有精美的花卉和蝴蝶图案，适合用来种植花卉和植物。,0
4602,这是可回收物_茶叶罐。,图中的垃圾是陶罐。,0
4603,这是可回收物_茶叶罐。,图片中的物品属于其他垃圾类别。,0
4604,这是可回收物_茶叶罐。,图中没有垃圾。,0
4605,这是可回收物_茶叶罐。,图片中的物品属于其他垃圾。,0
4606,这是可回收物_茶叶罐。,图中的垃圾是两个白色的花瓶。,0
4607,这是可回收物_茶叶罐。,根据图片内容，这个物品看起来像是一个陶罐。陶罐是一种常见的陶器，通常用于储存食物和饮料。因此，这个物品可能属于其他垃圾类别。,0
4608,这是可回收物_茶叶罐。,图片中的物品属于其他垃圾类别。,0
4609,这是可回收物_茶叶罐。,图中的垃圾是一只铜制的茶叶罐。,1
4610,这是可回收物_茶叶罐。,图中的垃圾是一只带有红色叶子装饰的白色花瓶。,0
4611,这是可回收物_茶叶罐。,这个垃圾属于有害垃圾。,0
4612,这是可回收物_茶叶罐。,这是一只中国古代青花瓷罐。青花瓷是中国传统瓷器的一种，以其独特的蓝色釉面和装饰图案而闻名。这个罐子上展示了传统的青花瓷装饰图案，包括蝴蝶和花卉图案。青花瓷的制作工艺复杂，需要在高温下烧制，使得釉面呈现出蓝色的鲜艳色彩。,0
4613,这是可回收物_茶叶罐。,这张图片中的物品看起来像是一个茶叶罐。由于图片中没有明显的标志或标签，无法确定它属于什么类型的垃圾。一般情况下，这样的物品可能属于家庭废弃物，但也有可能是古董或者收藏品，因此需要进一步确认。,1
4614,这是可回收物_茶叶罐。,这张图片里的是古玩。,0
4615,这是可回收物_茶叶罐。,这是一个传统的中国瓷器，表面装饰有红色和绿色的花朵图案。这种类型的瓷器通常用于存放茶叶或香料，具有很高的艺术价值和收藏价值。,1
4616,这是可回收物_茶叶罐。,这个垃圾属于废品，因为它看起来很旧且不完整。,0
4617,这是可回收物_茶叶罐。,图中的垃圾是一盏灯。,0
4618,这是可回收物_茶叶罐。,图片中的物品属于可回收物。,1
4619,这是可回收物_茶叶罐。,这是一个陶瓷罐，带有盖子。罐子上有一个蓝白相间的图案，图案中间有一朵莲花。这个图案可能是某种艺术或传统文化的元素。罐子可能是用来储存茶叶或其他物品的容器。,1
4620,这是可回收物_茶叶罐。,图片中的物品属于可回收垃圾。,1
4621,这是可回收物_茶叶罐。,这是一个陶瓷罐子，通常用于存放茶叶或小物件。它有盖子，可以用来密封和保护物品。这个罐子看起来非常精致，可能是用来装茶叶的。,0
4622,这是可回收物_茶叶罐。,图中的垃圾是一只黑色的茶壶。,0
4623,这是可回收物_茶叶罐。,图片中的物品属于其他垃圾。,0
4624,这是可回收物_茶叶罐。,图片中的物品属于金属垃圾。,0
4625,这是可回收物_茶叶罐。,这张图片中的物品是古玩和瓷器，它们属于不可回收垃圾。,0
4626,这是可回收物_蛋糕盒。,图中没有垃圾。,0
4627,这是可回收物_蛋糕盒。,图片中的物品属于其他垃圾类别。,0
4628,这是可回收物_蛋糕盒。,这是一张展示礼盒的照片。礼盒上有一个蝴蝶结，包装盒上印有“富晨”字样，可能是品牌标志。礼盒的形状是方形，颜色是浅蓝色，包装材料看起来比较高档，可能用于包装贵重的礼物或礼品。,0
4629,这是可回收物_蛋糕盒。,这张图片中的垃圾属于食品垃圾。,0
4630,这是可回收物_蛋糕盒。,图片中的物品属于其他垃圾。,0
4631,这是可回收物_蛋糕盒。,这是三个粉色的纸盒，上面有“LEISURE CAFE”的字样，纸盒上有一个装饰性的镂空圆形设计。,1
4632,这是可回收物_蛋糕盒。,根据图片中的信息，这个物品属于有害垃圾。,0
4633,这是可回收物_蛋糕盒。,这个垃圾属于有害垃圾。,0
4634,这是可回收物_蛋糕盒。,这张图片里是一盒蛋糕的包装盒。,1
4635,这是可回收物_蛋糕盒。,图中没有垃圾。,0
4636,这是可回收物_蛋糕盒。,根据图片中的物品，可以判断它们属于其他垃圾类别。,0
4637,这是可回收物_蛋糕盒。,这张图片里的垃圾属于可回收垃圾。,1
4638,这是可回收物_蛋糕盒。,这个垃圾属于可回收物。,1
4639,这是可回收物_蛋糕盒。,这张图片中的垃圾应该属于“其他垃圾”。这个垃圾箱上有一个蛋糕的图案，表明它可能用于食品垃圾的收集。,0
4640,这是可回收物_蛋糕盒。,这是一张展示蛋糕盒的图片。蛋糕盒上有花卉图案，上面写着“LOVE”和“浪漫满屋”。蛋糕盒旁边还有一个装饰着红色水果的蛋糕。,1
4641,这是可回收物_蛋糕盒。,这是一个蛋糕盒，上面印有“祝福”字样，背景是红色和粉色。盒子上还有一些其他的图案和文字，整体设计简洁而有创意。,1
4642,这是可回收物_蛋糕盒。,这是一张展示的图片，图片上有红色的圆柱形盒子，上面有白色的文字和图案。图片中的文字写着“Luky”和“birthday”，并且有“把最美的祝福送给我们最亲爱的人”和“把最美好的祝福送给最亲爱的人”字样。图片下方有“china.makepolo.com”的文字，可能是图片的来源或描述。,0
4643,这是可回收物_蛋糕盒。,这是一张展示纸盒的图片。图片中的纸盒是方形的，盖子是红色的，上面有金色的文字。纸盒的顶部有一个红色的蝴蝶结。图片的底部有一些绿色的植物图案，背景是白色的。,1
4644,这是可回收物_蛋糕盒。,图中的垃圾是纸箱。,0
4645,这是可回收物_蛋糕盒。,图中的垃圾是一块面包。,0
4646,这是可回收物_蛋糕盒。,这张图片中的垃圾属于有害垃圾。,0
4647,这是可回收物_蛋糕盒。,图中的垃圾是纸盒。,1
4648,这是可回收物_蛋糕盒。,图片中的物品属于有害垃圾。,0
4649,这是可回收物_蛋糕盒。,这张图片里没有明显的垃圾，主要是两个包装盒和一只毛绒玩具。,1
4650,这是可回收物_蛋糕盒。,,0
4651,这是可回收物_蛋糕盒。,这张图片里的垃圾是可回收垃圾。,1
4652,这是可回收物_蛋糕盒。,图中的垃圾是“蛋糕盒”。,1
4653,这是可回收物_蛋糕盒。,这个垃圾不属于垃圾，而是包装盒。,1
4654,这是可回收物_蛋糕盒。,图中的垃圾是包装盒。,1
4655,这是可回收物_蛋糕盒。,这个垃圾属于废弃物品。,0
4656,这是可回收物_蛋糕盒。,这个垃圾属于塑料垃圾。,0
4657,这是可回收物_蛋糕盒。,图中没有垃圾。,0
4658,这是可回收物_螺丝刀。,这张图片里的是废铁。,0
4659,这是可回收物_螺丝刀。,图片中的物品属于有害垃圾类别。,0
4660,这是可回收物_螺丝刀。,图中没有垃圾。,0
4661,这是可回收物_螺丝刀。,图中的垃圾是螺丝刀。,1
4662,这是可回收物_螺丝刀。,这张图片中的工具看起来像是螺丝刀，它们被整齐地排列在一张蓝色的桌子上。螺丝刀有不同的尺寸和颜色，这表明它们可能是各种大小和功能的工具。,1
4663,这是可回收物_螺丝刀。,这个垃圾属于塑料废弃物。,0
4664,这是可回收物_螺丝刀。,这个图片中的工具是螺丝刀，属于工具类。,1
4665,这是可回收物_螺丝刀。,图片中的物品属于有害垃圾。,0
4666,这是可回收物_衣架。,这个垃圾属于废弃塑料制品，可以归类为其他垃圾。,0
4667,这是可回收物_衣架。,这张图片里没有垃圾，它展示了一堆黑色的衣架。,1
4668,这是可回收物_衣架。,这是一张显示了一个紫色塑料衣架的图片。衣架有一个圆形的钩子和三个圆形的底座，通常用于悬挂衣服。,1
4669,这是可回收物_衣架。,这张图片里没有垃圾，只有一根木头的衣架和几块塑料衣架。,1
4670,这是可回收物_衣架。,根据图片中的信息，物品属于其他垃圾。,0
4671,这是可回收物_衣架。,图中的垃圾是两个弹簧和一些横杆。,0
4672,这是可回收物_衣架。,这是一张金属床的图片。床分为上下两层，底部是铁床板，上面是铁床架。床的两侧各有一条梯子，方便上下床铺。,0
4673,这是可回收物_衣架。,这张图片里是塑料。,0
4674,这是可回收物_衣架。,这是一张毛巾架的图片。它由两根水平的金属杆组成，每根杆上都有几个垂直的金属条，用于悬挂毛巾。这个毛巾架的尺寸为64厘米（水平部分）和24厘米（垂直部分），总高度为70厘米。,0
4675,这是可回收物_衣架。,这张图片里没有明显的垃圾，因为图片中只展示了一些衣架。,1
4676,这是可回收物_衣架。,图片中的物品属于其他垃圾。,0
4677,这是可回收物_衣架。,这张图片里显示的是一个不锈钢晾衣架，属于金属垃圾。,0
4678,这是可回收物_衣架。,图片中的物品属于其他垃圾类别。,0
4679,这是可回收物_衣架。,图中的垃圾是晾衣架。,1
4680,这是可回收物_衣架。,这张照片中展示了一件黑色行李箱，行李箱上有一个橙色的拉链和轮子。,0
4681,这是可回收物_衣架。,图中的垃圾是一根金色的杆子。,0
4682,这是可回收物_衣架。,这张图片中的物品是一个自动晾衣架，它属于家庭用品类别。,1
4683,这是可回收物_衣架。,这张图片里的是不锈钢毛巾架。,0
4684,这是可回收物_衣架。,这张图片里是一把衣架。衣架属于家用或商用的日常用品，不需要专门的分类。,1
4685,这是可回收物_衣架。,这张图片展示的是一个蓝色的衣架，无法判断它属于什么垃圾类别。,1
4686,这是可回收物_衣架。,这是一把铜制的衣架。衣架上有一个标签，上面写着“PHIAT”。衣架的设计独特，带有挂钩和夹子，适合放置衣物。,1
4687,这是可回收物_衣架。,这张图片的内容是衣架和衣柜，与垃圾无关。,1
4688,这是可回收物_衣架。,图片中的物品属于其他垃圾。,0
4689,这是可回收物_衣架。,这是一个木质衣架。,0
4690,这是可回收物_衣架。,这张图片里是塑料制品，属于其他垃圾。,0
4691,这是可回收物_衣架。,图片中的物品属于可回收垃圾。,1
4692,这是可回收物_衣架。,图中的垃圾是落叶。,0
4693,这是可回收物_衣架。,这张图片里的是塑料垃圾。,0
4694,这是可回收物_衣架。,图片中的物品是木质衣架，属于可回收垃圾。,1
4695,这是可回收物_衣架。,图中没有垃圾，只是有一些折叠的衣架挂在窗户上。,1
4696,这是可回收物_衣架。,这张图片里是木制的衣架。,1
4697,这是可回收物_衣架。,图中的垃圾是木制衣架。,1
4698,这是可回收物_衣架。,图中的垃圾是衣架。,1
4699,这是可回收物_衣架。,图中的垃圾是“巧太太Qiao Taitai”品牌，具体来说，图中展示的是一个挂钩式晾衣架。,1
4700,这是可回收物_衣架。,这张图片里的是智能晾衣机。,0
4701,这是可回收物_衣架。,这是金属衣架，通常用于挂放衣服。,1
4702,这是可回收物_衣架。,图片中的物品属于其他垃圾类别。,0
4703,这是可回收物_衣架。,这张图片里是一块铝合金晾衣架。铝合金是一种金属材料，通常用于制造各种家具、电器和建筑材料。铝合金晾衣架通常用于家庭使用，方便用户晾晒衣物。,1
4704,这是可回收物_衣架。,图中的垃圾是塑料衣架。,1
4705,这是可回收物_袜子。,这个垃圾是废弃的灰色袜子。,1
4706,这是可回收物_袜子。,图中没有垃圾。,0
4707,这是可回收物_袜子。,这个垃圾属于塑料垃圾。,0
4708,这是可回收物_袜子。,图片中的物品属于可回收垃圾。,1
4709,这是可回收物_袜子。,图中的垃圾是袜子。,1
4710,这是可回收物_袜子。,图中的垃圾是白色的。,0
4711,这是可回收物_袜子。,这张图片里是一双袜子。,1
4712,这是可回收物_袜子。,这张图片里的是塑料垃圾。,0
4713,这是可回收物_袜子。,这个垃圾是塑料篮子。,0
4714,这是可回收物_袜子。,这个物品是一双白色袜子。,1
4715,这是可回收物_袜子。,图中没有垃圾。,0
4716,这是可回收物_袜子。,这是一只红色的毛绒玩具，看起来像是圣诞袜子。袜子上装饰有绿色的心形图案和脚趾。,1
4717,这是可回收物_袜子。,这张图片里是一双袜子。,1
4718,这是可回收物_袜子。,这张图片里没有垃圾。,0
4719,这是可回收物_袜子。,这张图片里没有明显的垃圾。,0
4720,这是可回收物_袜子。,图片中的物品属于可回收垃圾。,1
4721,这是可回收物_袜子。,图片中的物品属于其他垃圾。,0
4722,这是可回收物_袜子。,这是一个展示袜子的图片。图片中展示了多双袜子，每双袜子上都有不同的图案和颜色。袜子的设计看起来非常有趣和生动，可能是为了吸引人们的注意力。袜子的颜色和图案各异，可能是为了满足不同消费者的喜好。,1
4723,这是可回收物_袜子。,这张图片里没有垃圾。,0
4724,这是可回收物_袜子。,图片中的物品属于可回收垃圾类别。,1
4725,这是可回收物_袜子。,这是一个盒子，里面装着四双袜子，袜子上有阿迪达斯的标志。,1
4726,这是可回收物_袜子。,这张图片里有袜子和玩具，因此是可回收垃圾。,1
4727,这是可回收物_袜子。,这张图片中的垃圾属于“玩具”类别。,0
4728,这是可回收物_袜子。,这是一双黑色的袜子，上面有一个标签。,1
4729,这是可回收物_袜子。,根据图片内容，物品属于可回收垃圾类别。,0
4730,这是可回收物_袜子。,根据图片内容，这些物品属于其他垃圾类别。,0
4731,这是可回收物_袜子。,这张图片里没有垃圾。,0
4732,这是可回收物_袜子。,这张图片中的垃圾属于“衣物垃圾”类别。,0
4733,这是可回收物_袜子。,根据图片中的描述，该物品属于不可回收垃圾。,0
4734,这是可回收物_袜子。,图中的垃圾是：袜子。,1
4735,这是可回收物_袜子。,这张图片里没有垃圾。,0
4736,这是可回收物_袜子。,图中的垃圾是白色的袜子。,1
4737,这是可回收物_裤子。,这张图片里没有垃圾。,0
4738,这是可回收物_裤子。,这个垃圾是垃圾,0
4739,这是可回收物_裤子。,图中没有垃圾。,0
4740,这是可回收物_裤子。,这张图片中的垃圾是“服装”垃圾。,1
4741,这是可回收物_裤子。,图中没有垃圾。,0
4742,这是可回收物_裤子。,这张图片里没有垃圾。,0
4743,这是可回收物_裤子。,这个垃圾是一个男人穿着的黑色破洞牛仔裤，它可能属于“服装”类别。,1
4744,这是可回收物_裤子。,图中没有垃圾。,0
4745,这是可回收物_裤子。,这张图片里没有垃圾。,0
4746,这是可回收物_裤子。,图片中的物品属于可回收垃圾。,1
4747,这是可回收物_裤子。,这张图片里没有垃圾。,0
4748,这是可回收物_裤子。,图片中的物品属于不可回收垃圾类别。,0
4749,这是可回收物_裤子。,This is a picture of a person wearing a black pants and jeans.,1
4750,这是可回收物_裤子。,图中没有垃圾。,0
4751,这是可回收物_裤子。,这是一张男士穿着深蓝色裤子的照片。裤子看起来是直筒款式，颜色为深蓝色，裤腿较直。男士穿着黑色皮鞋，搭配黑色皮带和黑色上衣。照片上方有“顶奢”和“京东”的字样。,1
4752,这是可回收物_裤子。,这是一条黑色紧身牛仔裤。,1
4753,这是可回收物_裤子。,裤子,1
4754,这是可回收物_裤子。,这是一张图片，显示了一位女性穿着黑色衬衫和蓝色牛仔裤，肩上挎着一个黑色的手提包。背景是一个机场或火车站的环境。,0
4755,这是可回收物_裤子。,图片中的物品属于不可回收垃圾。,0
4756,这是可回收物_裤子。,这张图片里没有垃圾。,0
4757,这是可回收物_裤子。,图片中的物品属于可回收垃圾类别。,1
4758,这是可回收物_计算器。,图片中的物品属于电子垃圾类别。,0
4759,这是可回收物_计算器。,垃圾,0
4760,这是可回收物_计算器。,根据图片中的物品描述，无法判断它属于什么垃圾类别。,0
4761,这是可回收物_计算器。,这个垃圾是电子计算器。,1
4762,这是可回收物_计算器。,根据图片中的信息，该物品属于电子垃圾类别。,0
4763,这是可回收物_计算器。,这张图片里有一个计算器，它看起来像是一个红色的电子计算器。由于图片中的计算器没有具体的分类信息，所以无法确定它属于什么垃圾类别。,1
4764,这是可回收物_计算器。,,0
4765,这是可回收物_计算器。,这张图片展示了一台计算器、几张钞票和一本笔记本。计算器和钞票放在一张木桌上，背景是浅色的。计算器上有多个按钮，钞票是不同的面值，可能是俄罗斯卢布。笔记本是打开的，看起来像是一个记事本。,1
4766,这是可回收物_计算器。,这张图片里的是电子产品垃圾。,0
4767,这是可回收物_计算器。,,0
4768,这是可回收物_计算器。,这是一台计算器，上面有一个迷宫图案的壳子。,1
4769,这是可回收物_计算器。,这个垃圾属于电子垃圾。,0
4770,这是可回收物_计算器。,图中没有垃圾。,0
4771,这是可回收物_计算器。,这是一张电子计算器的图片。,1
4772,这是可回收物_计算器。,图片中的物品属于其他垃圾。,0
4773,这是可回收物_计算器。,这是两个计算器的图片。,1
4774,这是可回收物_计算器。,这是一张HP 12c Platinum计算器的图片。HP 12c Platinum是一款HP品牌的计算器，具有强大的财务计算功能。,1
4775,这是可回收物_计算器。,这张图片里是一台计算器。,1
4776,这是可回收物_计算器。,这是一台电子计算器。它具有计算器功能，可以进行基本的数学计算。计算器的显示屏显示了当前的计算结果，如数字和符号。计算器的底部有一个插槽，可以插入银行卡，方便用户进行财务计算。,1
4777,这是可回收物_计算器。,This is a picture of a Casio fx-5800P scientific calculator.,1
4778,这是可回收物_计算器。,这个计算器是垃圾。,1
4779,这是可回收物_计算器。,这是一张计算器的图片。,1
4780,这是可回收物_计算器。,这是一台计算器。它有一个12位的显示屏，可以在屏幕上显示大量的数字。计算器通常用于数学计算和财务管理。,1
4781,这是可回收物_计算器。,图片中的物品属于可回收垃圾类别。,1
4782,这是可回收物_计算器。,根据图片中的物品，无法确定其属于哪种垃圾类别。,0
4783,这是可回收物_计算器。,这张图片里没有垃圾，只是一个计算器。,1
4784,这是可回收物_计算器。,根据图片中的描述，这个计算器属于电子垃圾类别。,0
4785,这是可回收物_订书机。,这张图片里的垃圾是办公用品。,1
4786,这是可回收物_订书机。,图中的垃圾是：订书机,1
4787,这是可回收物_订书机。,根据图片中的物品分类，可以推测出它们属于其他垃圾类别。因为这些物品看起来像是一些塑料制品，通常情况下，这些塑料制品是属于其他垃圾的。,0
4788,这是可回收物_订书机。,这个垃圾应该被分类为“办公用品”。,0
4789,这是可回收物_订书机。,这是一个电动订书机。它具有手动操作和电动操作两种模式，适用于在办公环境中快速进行书籍、文件夹、报告等的订书工作。,1
4790,这是可回收物_订书机。,图片中的物品属于可回收物。,1
4791,这是可回收物_订书机。,这是一只可爱的海豚形状的便携式迷你剪纸工具。它通常用于剪切纸张或纸板，也可以用于剪纸或装饰。它的设计非常可爱，颜色为蓝色，具有海豚的特征。,0
4792,这是可回收物_订书机。,这张图片里的是可回收垃圾。,1
4793,这是可回收物_订书机。,这是三只不同颜色的订书机。,1
4794,这是可回收物_话筒。,图中的垃圾是麦克风。,1
4795,这是可回收物_话筒。,这个垃圾属于“垃圾”。,0
4796,这是可回收物_话筒。,这张图片是一个麦克风。,1
4797,这是可回收物_话筒。,图中的垃圾是麦克风。,1
4798,这是可回收物_话筒。,根据图片内容，这是一只麦克风，属于电子产品垃圾类别。,0
4799,这是可回收物_话筒。,,0
4800,这是可回收物_话筒。,这是一张麦克风的图片。麦克风是一种用于拾取声音的设备，通常用于广播、录音和演讲等场合。,1
4801,这是可回收物_话筒。,这张图片里有一个麦克风。麦克风是一种用于捕捉声音的设备，通常用于录制音频或视频内容。麦克风通常安装在麦克风支架上，以便于捕捉远处的声音。,1
4802,这是可回收物_话筒。,这是一台专业音响设备。它看起来像是一款移动式音响系统，通常用于活动、聚会、音乐会或其他公共场合的音响设备。这种设备通常由扬声器、放大器和扬声器控制单元组成，可以产生高质量的声音，并提供多种音频效果，如增益、延迟和效果等。,0
4803,这是可回收物_话筒。,图片中的物品属于其他垃圾。,0
4804,这是可回收物_话筒。,图中的垃圾是一双红色的眼镜。,0
4805,这是可回收物_话筒。,这张图片里是一只手拿着麦克风，麦克风上有一个指示灯。指甲上涂了指甲油，指甲油上有一些装饰物。,1
4806,这是可回收物_购物纸袋。,这张图片是一张纸袋，上面印有“中央空调·净水·热水”的信息。纸袋上还印有“华鸿制冷机电工程有限公司”的标志和联系方式。,1
4807,这是可回收物_购物纸袋。,这是一个纸袋，上面印有肯德基（KFC）的标志和品牌名称。袋子里可能装有肯德基的产品。,1
4808,这是可回收物_购物纸袋。,这张图片里没有垃圾，它是一个纸袋。,1
4809,这是可回收物_购物纸袋。,图片中的物品属于其他垃圾类别。,0
4810,这是可回收物_购物纸袋。,,0
4811,这是可回收物_购物纸袋。,,0
4812,这是可回收物_购物纸袋。,图片中的物品属于可回收物类别。,1
4813,这是可回收物_购物纸袋。,这个垃圾不属于垃圾，它是购物袋。,1
4814,这是可回收物_购物纸袋。,图片中的物品属于可回收物。,1
4815,这是可回收物_购物纸袋。,图片中的物品属于其他垃圾类别。,0
4816,这是可回收物_购物纸袋。,This is a picture of a trash can.,0
4817,这是可回收物_购物纸袋。,这张图片里是可回收垃圾。,1
4818,这是可回收物_购物纸袋。,根据图片中的描述，这个物品属于可回收物。,1
4819,这是可回收物_购物纸袋。,这是一张显示一个手提袋的图片。图片中可以看到一个蓝色的手提袋，上面有蒂芙尼(Tiffany & Co.)的标志。手提袋的设计看起来很精致，可能是用于展示或作为礼品袋。,1
4820,这是可回收物_购物纸袋。,图中的垃圾是三张棕色纸袋。,1
4821,这是可回收物_购物纸袋。,这个垃圾应该被分类为“塑料袋”。塑料袋通常由塑料制成，而纸袋通常是纸制成的。,0
4822,这是可回收物_购物纸袋。,这张图片中的垃圾是手提袋，属于其他垃圾。,0
4823,这是可回收物_购物纸袋。,这张图片中的垃圾是纸袋子。,1
4824,这是可回收物_购物纸袋。,这个垃圾应该被分类为其他垃圾。,0
4825,这是可回收物_购物纸袋。,图中的垃圾是黄色的购物袋。,1
4826,这是可回收物_购物纸袋。,这是一个纸袋，上面印有“GIN BAO LIU”字样，可能是一个品牌或产品名称。,1
4827,这是可回收物_购物纸袋。,图中的垃圾是纸袋。,1
4828,这是可回收物_购物纸袋。,这是一个纸袋，上面有黄色的心形图案。,1
4829,这是可回收物_购物纸袋。,图中的垃圾是手提袋。,1
4830,这是可回收物_购物纸袋。,这张图片里的是普通塑料袋。塑料袋属于塑料制品，通常在垃圾分类中被归为其他垃圾（即可回收垃圾）。,0
4831,这是可回收物_购物纸袋。,根据图片中的物品，可以推测出它可能属于“塑料”垃圾类别。,0
4832,这是可回收物_购物纸袋。,这张图片里没有垃圾。,0
4833,这是可回收物_购物纸袋。,根据图片内容，这个物品属于其他垃圾类别。,0
4834,这是可回收物_购物纸袋。,图片中的物品属于可回收垃圾。,1
4835,这是可回收物_购物纸袋。,这张图片里是塑料袋。,0
4836,这是可回收物_购物纸袋。,这个垃圾属于不可回收垃圾。,0
4837,这是可回收物_购物纸袋。,这是一张展示了一种棕色纸袋的图片。纸袋上有“ICS”和“轻美容”字样，以及一些文字信息。这种纸袋通常用于商店或个人购买产品时使用的包装。,1
4838,这是可回收物_购物纸袋。,根据图片中的物品信息，这可能是一个用于水果运输或包装的袋子，但无法确定其具体属于哪个垃圾类别。根据图片中的信息，它是由外木浆复合纸、内黑纸、黑白棉纸制成的。,0
4839,这是可回收物_购物纸袋。,这是一张纸袋的照片。纸袋上有一个卡通人物的设计，背景是白色的，带有蓝色的把手。纸袋上印有“MumBabyCare”和“利德曼”的字样，以及一个客服热线号码。,1
4840,这是可回收物_购物纸袋。,图中的垃圾是纸袋。,1
4841,这是可回收物_购物纸袋。,这是一个黑色的纸袋，上面有拉绳。这种袋子通常用于购物或包装，适合存放物品。,1
4842,这是可回收物_购物纸袋。,图片中的物品属于可回收垃圾类别。,1
4843,这是可回收物_购物纸袋。,根据图中的信息，这个物品属于可回收垃圾。,1
4844,这是可回收物_购物纸袋。,这张图片里是一只小兔子挂在绳子上的图案。由于图片中的图案是手绘的，并没有明确的标志或标签来表明该物品属于哪种垃圾类型，因此无法确定它属于哪种垃圾。,0
4845,这是可回收物_购物纸袋。,图中的垃圾是塑料袋。,0
4846,这是可回收物_购物纸袋。,这个垃圾是可回收垃圾。,1
4847,这是可回收物_购物纸袋。,这个垃圾属于有害垃圾。,0
4848,这是可回收物_购物纸袋。,图中的垃圾是三个纸袋。,1
4849,这是可回收物_购物纸袋。,这个垃圾属于塑料垃圾。,0
4850,这是可回收物_购物纸袋。,根据图片内容，这个物品属于可回收物。,1
4851,这是可回收物_购物纸袋。,图片中的物品属于其他垃圾类别。,0
4852,这是可回收物_购物纸袋。,这张图片是一张纸袋，上面写着“氨基氨钙”，这表明这是一个与健康有关的产品，可能与药品或保健品有关。纸袋通常用于包装食品、药品或其他商品，因此这张图片可能属于其他垃圾类别。但如果没有更多的上下文信息，很难确定这张图片属于哪类垃圾。,1
4853,这是可回收物_购物纸袋。,图中的垃圾是包装纸。,0
4854,这是可回收物_购物纸袋。,图中的垃圾是一张牛皮纸购物袋。,1
4855,这是可回收物_购物纸袋。,图片中的物品属于可回收垃圾。,1
4856,这是可回收物_购物纸袋。,这张垃圾属于其他垃圾。,0
4857,这是可回收物_购物纸袋。,图中没有垃圾。,0
4858,这是可回收物_购物纸袋。,图片中的物品属于可回收物。,1
4859,这是可回收物_购物纸袋。,这个垃圾属于可回收垃圾。,1
4860,这是可回收物_购物纸袋。,这是两个手提袋。一个手提袋是蓝色的，上面有白色的图案和文字，另一个手提袋是棕色的，上面也有类似的图案和文字。,1
4861,这是可回收物_购物纸袋。,图片中的物品属于其他垃圾类别。,0
4862,这是可回收物_购物纸袋。,图片中的物品属于其他垃圾类别。,0
4863,这是可回收物_购物纸袋。,这张图片里的是纸袋。,1
4864,这是可回收物_购物纸袋。,这是一个手提袋，上面印有莲花、荷叶和荷塘的图案，以及一些文字。手提袋上写着“微山湖 放养咸鸭蛋”和一些品牌标志。手提袋的设计非常美观，具有传统文化的韵味。,1
4865,这是可回收物_购物纸袋。,这是Zara品牌的购物袋。,1
4866,这是可回收物_购物纸袋。,这个垃圾属于可回收垃圾。,1
4867,这是可回收物_购物纸袋。,根据图片内容，无法确定该物品属于什么垃圾类别。,0
4868,这是可回收物_购物纸袋。,这个垃圾是一次性纸袋。,1
4869,这是可回收物_购物纸袋。,这张图片是一次性塑料袋，通常被称为塑料袋。,0
4870,这是可回收物_购物纸袋。,这张图片里是一个纸袋，它属于可回收垃圾。,1
4871,这是可回收物_购物纸袋。,这张图片里没有垃圾。,0
4872,这是可回收物_购物纸袋。,这张图片里是可回收垃圾。,1
4873,这是可回收物_购物纸袋。,这是一张白色包装袋的图片，上面有“BEANS”字样和一个标志，表示这是一个品牌或商品包装袋。,1
4874,这是可回收物_购物纸袋。,这张图片中的纸张属于可回收垃圾。,1
4875,这是可回收物_购物纸袋。,这张图片里的是纸袋，属于可回收垃圾。,1
4876,这是可回收物_购物纸袋。,根据物品的特征，它属于可回收垃圾。,1
4877,这是可回收物_购物纸袋。,这是一张白卡纸的图片，上面有一些关于印刷和包装的描述。白卡纸通常用于制作礼品盒、包装盒等。图片中可以看到一些文字，描述了白卡纸的特点和印刷方式。,0
4878,这是可回收物_购物纸袋。,根据图片中的物品，它看起来是一个购物袋。购物袋通常用于购物时携带购买的商品，所以它属于可回收垃圾。,1
4879,这是可回收物_路由器。,这张图片里是一台路由器，属于电子产品，属于其他垃圾。,1
4880,这是可回收物_路由器。,图片中的物品属于可回收物。,0
4881,这是可回收物_路由器。,图中的物体是一台路由器。,1
4882,这是可回收物_路由器。,图片中的物品属于电子废弃物类别。,0
4883,这是可回收物_路由器。,图中的设备是路由器，图标中间是一个播放按钮。,1
4884,这是可回收物_路由器。,这是一台路由器，通常属于电子设备类别。,1
4885,这是可回收物_路由器。,这张图片里的是路由器。,1
4886,这是可回收物_路由器。,这张图片里显示的是一台路由器，具体型号是TP-Link。路由器是一种网络设备，用于连接网络设备，提供网络服务。路由器通常安装在家庭或办公室的网络区域，通过其网络接口连接其他网络设备，如电脑、打印机、电视等，实现网络共享和数据传输。,1
4887,这是可回收物_车钥匙。,图中的垃圾是遥控器。,0
4888,这是可回收物_车钥匙。,这是一个钥匙扣，上面有一个卡通形象的猪。猪戴着一顶黑色的帽子，穿着一件黑色的裙子，裙子上镶嵌着一些闪亮的装饰。钥匙扣是金色的，整体设计显得非常可爱和时尚。,0
4889,这是可回收物_车钥匙。,图中的垃圾是黑色的背景。,0
4890,这是可回收物_车钥匙。,这是一张展示汽车遥控钥匙的照片。遥控钥匙上有一个银色的钥匙，旁边是一个黑色的遥控器，遥控器上有三个按钮。遥控钥匙通常用于开启和关闭车辆，以及调节车窗。遥控钥匙通常附带一个透明的塑料保护套，以防损坏。,1
4891,这是可回收物_车钥匙。,根据图片内容，这个物品属于不可回收垃圾。,0
4892,这是可回收物_车钥匙。,这个物品属于汽车配件，具体来说是汽车钥匙的备用钥匙。,1
4893,这是可回收物_车钥匙。,图中的垃圾是钥匙扣。,0
4894,这是可回收物_车钥匙。,图中的垃圾是汽车坐垫上的汽车钥匙。,1
4895,这是可回收物_车钥匙。,图中的垃圾是一把车钥匙。,1
4896,这是可回收物_车钥匙。,根据图片中的描述，这些物品属于“真车钥匙收藏”类别。,0
4897,这是可回收物_车钥匙。,这是汽车钥匙。,1
4898,这是可回收物_车钥匙。,这张图片里的是一个汽车钥匙。,1
4899,这是可回收物_车钥匙。,这张图片里是一把遥控钥匙，不是垃圾。,0
4900,这是可回收物_车钥匙。,图片中的物品属于有害垃圾。,0
4901,这是可回收物_车钥匙。,根据图片内容，该物品属于金属垃圾。,0
4902,这是可回收物_车钥匙。,这是一张关于汽车遥控钥匙的图片。这个遥控钥匙看起来是蓝色的，并且有一个金属部分。遥控钥匙通常用于汽车，用于打开和锁定车辆。,1
4903,这是可回收物_车钥匙。,这是宝马汽车的钥匙。宝马汽车的钥匙通常有三个按钮：一个用于打开车门，一个用于启动发动机，一个用于打开车窗。,1
4904,这是可回收物_车钥匙。,根据图片中的物品和描述，可以判断该物品属于金属垃圾。,0
4905,这是可回收物_车钥匙。,这是一个汽车钥匙的皮质外壳，上面有“Mazda”品牌的标志。这个外壳可以保护钥匙，并提供一定的保护功能。,1
4906,这是可回收物_车钥匙。,图片中的物品属于其他垃圾。,0
4907,这是可回收物_车钥匙。,图中的垃圾是宝马i8车钥匙。,1
4908,这是可回收物_车钥匙。,"这个垃圾应该被分类为""废铁""。",0
4909,这是可回收物_车钥匙。,根据图片中的物品，可以判断这是一个塑料材质的装饰品，属于塑料制品。塑料制品是可回收垃圾，可以回收再利用。,0
4910,这是可回收物_车钥匙。,根据图片描述，这个物品是一个汽车遥控器的外壳，通常被称为遥控器壳。在垃圾分类中，遥控器壳属于电子废弃物，因为它含有电子元件和电子设备。,0
4911,这是可回收物_车钥匙。,这是一把Maserati钥匙。Maserati是一家意大利的豪华汽车制造商，以其经典的意大利设计和高品质的车辆而闻名。Maserati的标志通常是一个三叉戟图案，这个图案在汽车和设计中都很常见。,1
4912,这是可回收物_车钥匙。,这张图片里没有垃圾。它展示了一个挂件，带有骷髅头的图案，可能用于挂件或装饰。,0
4913,这是可回收物_车钥匙。,这是福特品牌的遥控器。,0
4914,这是可回收物_车钥匙。,这个物品是汽车钥匙。,1
4915,这是可回收物_车钥匙。,这个物品看起来像是一个汽车遥控器。,1
4916,这是可回收物_车钥匙。,这是一个汽车遥控钥匙。,1
4917,这是可回收物_车钥匙。,这张图片里没有垃圾。图片展示了一把车钥匙，放在汽车的座位上。,1
4918,这是可回收物_车钥匙。,这个垃圾属于“其他垃圾”。,0
4919,这是可回收物_车钥匙。,这个垃圾属于“汽车用品”类别。,0
4920,这是可回收物_车钥匙。,图片中的物品属于不可回收垃圾。,0
4921,这是可回收物_车钥匙。,图片中的物品属于有害垃圾类别。,0
4922,这是可回收物_车钥匙。,这张图片里没有明显的垃圾，看起来是一个遥控钥匙的图片。,1
4923,这是可回收物_车钥匙。,图片中的物品属于有害垃圾。,0
4924,这是可回收物_车钥匙。,这是一张图片，显示了一件装饰品。由于图片中没有具体的垃圾分类信息，无法进行垃圾分类。垃圾分类通常基于物品的物质组成和物理性质，而不是外观特征。,0
4925,这是可回收物_车钥匙。,图中的垃圾是一辆黑色汽车的尾灯。,0
4926,这是可回收物_车钥匙。,图中的垃圾是一辆汽车的遥控器。,1
4927,这是可回收物_车钥匙。,这是宝马（BMW）汽车的钥匙。宝马汽车以其优雅的设计和高性能而闻名。,1
4928,这是可回收物_车钥匙。,这是一张展示钥匙挂件的照片。挂件上有一个红色的珠子，旁边是一条编织的绳子，绳子的一端绑在手上，另一端系在钥匙上。挂件上还写着一些文字，可能是产品的品牌或描述。,1
4929,这是可回收物_车钥匙。,这是一个汽车钥匙链。钥匙链上有多个按钮，可能是汽车钥匙的遥控部分。钥匙链的皮质部分看起来像是真皮材质，钥匙链的金属部分看起来像是不锈钢材质。,1
4930,这是可回收物_车钥匙。,图片中的物品属于有害垃圾。,0
4931,这是可回收物_车钥匙。,这张图片里没有明确指出是什么垃圾。,0
4932,这是可回收物_车钥匙。,这张图片里是一个钥匙包，属于电子产品垃圾。,0
4933,这是可回收物_车钥匙。,图中的垃圾是宝马汽车钥匙。,1
4934,这是可回收物_车钥匙。,根据图片中的描述，这个物品属于不可回收垃圾。,0
4935,这是可回收物_车钥匙。,这是一把汽车钥匙。,1
4936,这是可回收物_车钥匙。,,0
4937,这是可回收物_车钥匙。,图中的垃圾是两个钥匙链。,0
4938,这是可回收物_车钥匙。,这个垃圾是汽车钥匙链。,0
4939,这是可回收物_车钥匙。,这张图片里的是电子产品，应该属于电子垃圾。,0
4940,这是可回收物_车钥匙。,这张图片里显示的是汽车钥匙。,1
4941,这是可回收物_车钥匙。,图片中的物品属于其他垃圾。,0
4942,这是可回收物_车钥匙。,这张图片里没有明确的垃圾种类。,0
4943,这是可回收物_车钥匙。,图中的垃圾是黑色遥控器。,0
4944,这是可回收物_车钥匙。,图中没有垃圾。,0
4945,这是可回收物_车钥匙。,这张图片里的是一个汽车遥控钥匙。,1
4946,这是可回收物_车钥匙。,这个垃圾属于“电子产品”类别。,0
4947,这是可回收物_车钥匙。,这是一把通用汽车钥匙的遥控器。遥控器上有五个功能按钮，包括解锁、锁定、打开车窗、关闭车窗和调整音量。遥控器旁边是一个钥匙的实体。,1
4948,这是可回收物_车钥匙。,这张图片里没有垃圾，它展示的是一个汽车钥匙。,1
4949,这是可回收物_车钥匙。,这张图片里没有垃圾。,0
4950,这是可回收物_车钥匙。,这是汽车遥控钥匙。遥控钥匙上有三个按钮，分别代表锁车、解锁和打开车门的功能。遥控钥匙通常用于汽车防盗系统，当车辆被遥控进入或退出时，会自动锁定车门和发动机。,1
4951,这是可回收物_车钥匙。,这是一张展示的图片，上面写着“吉利智能”和“原装智能卡遥控器替换”。图片中展示的是两个智能遥控器的外观，一个黑色，一个银色。这两个遥控器看起来是用于汽车的遥控器，可能用于吉利品牌的汽车。,1
4952,这是可回收物_车钥匙。,这个垃圾属于“其他垃圾”。,0
4953,这是可回收物_车钥匙。,图中的垃圾是汽车遥控钥匙和钥匙链。,1
4954,这是可回收物_车钥匙。,图片中的物品属于可回收物。,0
4955,这是可回收物_量杯。,,0
4956,这是可回收物_量杯。,,0
4957,这是可回收物_量杯。,这个垃圾应该属于厨房垃圾。,0
4958,这是可回收物_量杯。,这张图片里有一个塑料玻璃杯，属于塑料垃圾。,0
4959,这是可回收物_量杯。,这个垃圾属于工业废弃物。,0
4960,这是可回收物_量杯。,根据图片中的物品，它们属于玻璃制品。玻璃制品属于可回收垃圾类别。,1
4961,这是可回收物_量杯。,这个垃圾属于有害垃圾。,0
4962,这是可回收物_量杯。,这是一只玻璃滤茶壶。它通常用于过滤茶，确保茶水的口感和品质。滤茶壶通常具有透明的壶身和一个带有盖子的壶嘴，可以测量出茶水的浓度。,0
4963,这是可回收物_量杯。,这张图片的内容是一个两个玻璃量杯，上面标注了不同的液体体积，如90毫升、80毫升、70毫升等。这些量杯通常用于测量液体，如咖啡豆、茶叶、调味料等。,1
4964,这是可回收物_量杯。,这是一组透明玻璃量杯。图中包括一个高大的玻璃量杯，一个中等大小的玻璃量杯，以及一个小的玻璃量杯。每个玻璃量杯上都有刻度线，可以用来测量不同的液体体积。玻璃量杯的设计使得它们可以用来测量咖啡豆、茶叶等。,1
4965,这是可回收物_量杯。,图中没有垃圾，是一只玻璃量杯。,1
4966,这是可回收物_量杯。,这是一个玻璃量杯套装。套装包括三个不同大小的玻璃杯，每个杯子里都装满了液体。玻璃杯表面有刻度线，可以用来测量液体的体积。这些玻璃杯可能是用来测量茶水、咖啡等液体的量杯。,1
4967,这是可回收物_量杯。,根据图片中的物品和描述，可以确定这是一个玻璃杯。玻璃杯通常属于其他垃圾类别，如厨房垃圾或家庭垃圾。,0
4968,这是可回收物_量杯。,图中的垃圾是玻璃烧杯。,1
4969,这是可回收物_量杯。,有害垃圾,0
4970,这是可回收物_量杯。,这是一只量杯，通常用于测量液体或固体物质。这个量杯的容量是500毫升（500ml）。它有两个部分，上部有一个盖子，方便测量时盖上。杯子里有一些面粉，表明它可能用于烘焙或其他需要精确测量的活动。,1
4971,这是可回收物_量杯。,图中没有垃圾。,0
4972,这是可回收物_量杯。,这是一张展示两个玻璃量杯的照片。玻璃量杯上有清晰的刻度和测量单位，方便使用。图片中可以看到玻璃量杯放在一个纸箱上，纸箱上也有刻度和测量单位。,1
4973,这是可回收物_量杯。,图中的垃圾是5个玻璃杯。,1
4974,这是可回收物_量杯。,这是一个玻璃量杯，通常用于测量液体体积。图中量杯的刻度显示了从20°C到250毫升的范围。这种量杯常用于实验室或烹饪中，用于精确测量液体的体积。,1
4975,这是可回收物_量杯。,这是一个高硼硅玻璃量杯。这个量杯具有耐热和防爆的特点，适合用于测量液体。量杯上标有刻度，方便精确测量液体体积。量杯的盖子上有一些文字说明，说明了它的特点和使用方法。,1
4976,这是可回收物_量杯。,这张图片里的垃圾是玻璃垃圾。,0
4977,这是可回收物_量杯。,这张图片里的垃圾是玻璃制品，属于玻璃制品类垃圾。,0
4978,这是可回收物_量杯。,这个垃圾属于可回收物。,1
4979,这是可回收物_量杯。,图中没有垃圾，只是有一个玻璃杯。,0
4980,这是可回收物_量杯。,图中的垃圾是杯子中的牛奶。,0
4981,这是可回收物_钉子。,图中垃圾是铁钉。,1
4982,这是可回收物_钉子。,图片中的物品属于可回收垃圾类别。,1
4983,这是可回收物_钉子。,这是一张展示钉子的照片。钉子通常用于建筑、修理和安装等用途。图片中展示了多个钉子，它们整齐地排列在黑色背景上。,1
4984,这是可回收物_钉子。,这张图片里的是废铁。,1
4985,这是可回收物_钉子。,,0
4986,这是可回收物_钉子。,图片中的物品属于其他垃圾类别。,0
4987,这是可回收物_钟表。,图中的垃圾是手表。,1
4988,这是可回收物_钟表。,这张图片里没有垃圾。这是一张展示古董钟表的照片。,1
4989,这是可回收物_钟表。,这张图片里是一块怀表。怀表是一种小巧的机械表，通常用于佩戴在衣服上。,1
4990,这是可回收物_钟表。,图中的垃圾是一只怀表。,1
4991,这是可回收物_钟表。,这个垃圾属于废品，不适合分类。,0
4992,这是可回收物_钟表。,这是一块 Vulcain 腕表。Vulcain 是一个瑞士品牌，生产过许多经典和稀有手表。这款手表的表盘是方形的，表盘上有黑色的表盘和指针，表盘上还有一些文字。表带是皮质的，表带是黑色的。,1
4993,这是可回收物_钟表。,这是一块手表，具体来说是一块石英表。手表的表盘上有“SEIKO”品牌的标志，这是一家日本著名的手表品牌。手表的机芯是石英机芯，通常用于石英手表。手表的表带是金属材质，看起来比较坚固和耐用。,1
4994,这是可回收物_钟表。,根据图片中的物品，我们可以看到它是一个闹钟。闹钟通常被分类为电子垃圾。电子垃圾是指在使用过程中产生电子废弃物的电子设备、设备部件、电子元件和组件等，包括电池、电线、电缆、芯片等。电子垃圾需要经过严格的处理，才能进行无害化处理，以减少对环境的污染。,0
4995,这是可回收物_钟表。,这张图片里是手表的内部组件，不属于垃圾。,0
4996,这是可回收物_钟表。,图片中的物品属于不可回收垃圾类别。,0
4997,这是可回收物_钟表。,"这是一块手表，具体来说是一块传统的机械手表。手表的表盘上有罗马数字和日期显示，显示时间为10:10。表盘上方有一个时钟，下方是一个手表的表盘，显示时间为10:10。手表的表带是黑色的，看起来非常经典。手表的品牌是""Tradition All Alarm""，型号是""Tradition All Alarm""。",1
4998,这是可回收物_钟表。,图片中的物品属于有害垃圾类别。,0
4999,这是可回收物_钟表。,根据图片中的信息，可以推测出该物品属于废弃电子设备，因为该物品是手表，属于电子设备。,1
5000,这是可回收物_钟表。,这张图片里的物品是一只闹钟。根据图片中的信息，这个闹钟是4英寸（约10厘米）的尺寸。在进行垃圾分类时，闹钟通常属于“其他垃圾”类别。这个类别通常包括除易腐垃圾、有害垃圾、可回收垃圾和餐厨垃圾之外的其他废弃物。,1
5001,这是可回收物_钟表。,这张图片里的是一个旧手表。,1
5002,这是可回收物_钟表。,图中没有垃圾。,0
5003,这是可回收物_钟表。,这是一个厨房用的计时器，具体来说是4组数的厨房计时器。它的显示界面显示了当前的时间，包括小时、分钟和秒。,1
5004,这是可回收物_钟表。,这张图片里是一块手表的内部结构，属于废弃电子产品，属于电子垃圾。,0
5005,这是可回收物_钟表。,这是一个复古的钟表。它的外壳是玻璃材质，上面有绿色的装饰图案。钟表的表面有几颗螺丝，可能是用来调节时间的。这种类型的钟表通常具有手动机械表芯，需要手动上发条来显示时间。,1
5006,这是可回收物_钟表。,这张图片中的物品是废金属。,0
5007,这是可回收物_钟表。,这是一只复古风格的手表，具体品牌是雷恩斯·特姆曼（Reyue Thommen），型号为“cricket”。这个品牌和型号的腕表通常具有经典的设计和高质量的工艺。表盘上有清晰的指针和刻度，表带采用皮革材质，看起来非常高档。这种设计和材质通常适合收藏和复古风格的爱好者。,1
5008,这是可回收物_钟表。,图中的垃圾是手表机芯。,1
5009,这是可回收物_钟表。,这张图片里没有明显的垃圾。,0
5010,这是可回收物_钟表。,图片中的物品属于有害垃圾。,0
5011,这是可回收物_钟表。,根据图片中的描述，这个物品属于废旧钟表，属于有害垃圾。,0
5012,这是可回收物_钟表。,图片中的物品属于可回收垃圾。,1
5013,这是可回收物_钟表。,图中的垃圾是时钟。,1
5014,这是可回收物_钟表。,根据物品的描述，这个复古闹钟属于日用品垃圾。日用品垃圾是指那些在使用过程中不再需要或不再有用的物品，通常包括家用电器、家具、日常用品等。这些物品的使用价值已经降低，不再具备使用功能。,0
5015,这是可回收物_钟表。,这是一块日本品牌（SEIKO）的手表。手表的背面可以看到品牌标志和一些机械部件。手表的设计和结构表明它可能是机械手表。机械手表通常由机械装置驱动，而不是电池供电。手表的金属外壳和带子也显示出其机械性质。,1
5016,这是可回收物_钟表。,根据图片内容，这个物品属于“废金属”类别。,0
5017,这是可回收物_钟表。,这是一只闹钟。闹钟通常会发出声音来提醒人们起床或睡觉。,1
5018,这是可回收物_钟表。,这张图片的内容是手表和手链，它们并不属于垃圾。,0
5019,这是可回收物_钟表。,这是一只机械表的内部结构。机械表的机芯是其主要部件之一，由齿轮和发条等机械部件组成，负责计时和动力传输。机芯通常由表壳和表带组成，表壳和表带是手表的主要部分，它们共同构成了手表的整体结构。机械表的机械部件和表带的材质和设计也会影响手表的外观和使用体验。,1
5020,这是可回收物_钟表。,图中的垃圾是“闹钟”。,1
5021,这是可回收物_钟表。,图片中的物品属于废弃物品，因为它的外观看起来已经磨损和陈旧，需要进行废弃处理。,0
5022,这是可回收物_钟表。,这是一个粉色的闹钟。,1
5023,这是可回收物_钟表。,图片中的物品属于其他垃圾类别。,0
5024,这是可回收物_钟表。,图片中的物品属于不可回收垃圾。,0
5025,这是可回收物_钟表。,这个物品是一个古董怀表，属于历史物品，具有收藏价值。,1
5026,这是可回收物_钟表。,这张图片里显示的是一个怀表。怀表是一种机械手表，通常由表盘、指针、机械发条和表带组成。怀表的表盘上通常有时间和日期显示，表带通常由金属制成，如钢或钛。,1
5027,这是可回收物_钟表。,这张图片展示的是一个机械手表。手表的表盘上显示品牌为“ORIS”，并且显示了手表的材质为“Swiss Made”。手表的表带为黑色，整体设计简洁，符合机械手表的特征。,1
5028,这是可回收物_钟表。,这是一块带有数字显示和日期功能的手表。手表的品牌是SPIKOWATCH。,1
5029,这是可回收物_钟表。,这张图片里没有垃圾。,0
5030,这是可回收物_钟表。,,0
5031,这是可回收物_钟表。,图中的垃圾是黑色、蓝色和白色的运动手表。,1
5032,这是可回收物_钟表。,图中的垃圾是手表。,1
5033,这是可回收物_钟表。,这是一只Poljot手表。手表的表盘上有蓝色的指针和刻度，表盘上有“18 jewels”字样，表示手表的机芯是由18颗宝石组成的。手表的表壳是金色的，表带是棕色的皮革。手表的设计和刻度显示了其机械机芯的特点。,1
5034,这是可回收物_钟表。,图片中的物品属于可回收垃圾。,1
5035,这是可回收物_钟表。,根据图片中的物品描述，这个物品是一个怀表，它属于“其他垃圾”。,0
5036,这是可回收物_钟表。,根据图片内容，这是一只卡西欧手表。卡西欧手表通常属于电子废弃物，因为它们包含了电子元件和电路板。电子废弃物通常被归类为有害垃圾，需要特殊处理。,0
5037,这是可回收物_钟表。,图中是手表机芯的内部结构。,1
5038,这是可回收物_钟表。,图片中的物品属于废旧物品。,0
5039,这是可回收物_钟表。,这个垃圾属于电子废弃物。,0
5040,这是可回收物_钟表。,图中的垃圾是手表。,1
5041,这是可回收物_钟表。,这是一块怀表。怀表是一种挂在衣服口袋里的小型机械表，通常用于记录时间。怀表的设计和功能因品牌和年代的不同而有所不同，但通常具有指针、时钟、秒针和日期显示等功能。怀表的外壳通常是金属制成的，表面可能有装饰性设计。,1
5042,这是可回收物_钟表。,该物品属于其他垃圾。,0
5043,这是可回收物_钟表。,图片中的物品属于其他垃圾类别。,0
5044,这是可回收物_钟表。,这张图片里的物品是一块手表。,1
5045,这是可回收物_钟表。,这是一只怀表。怀表是一种传统的手动机械表，通常由一块小电池驱动的机械表芯和表壳组成。表壳通常由金属制成，如铜、银或金。怀表的机械表芯内有一个小电池，通过机械装置驱动表盘上的指针和时钟机制。怀表的表盘通常由玻璃制成，显示时间。怀表的表带通常由皮革、金属或织物制成，有时还配有表带扣。怀表的使用通常需要机械表芯和表带的配合，因此通常由机械师进行修理和维护。,1
5046,这是可回收物_钢丝球。,这个垃圾是金属钢丝球，属于厨房垃圾。,0
5047,这是可回收物_钢丝球。,这张图片里没有明显的垃圾，只是一串彩色的珠子项链。,0
5048,这是可回收物_钢丝球。,图中的垃圾是松果。,0
5049,这是可回收物_钢丝球。,图片中的物品属于厨余垃圾。,0
5050,这是可回收物_钢丝球。,这个垃圾是钢丝球，属于金属垃圾。,1
5051,这是可回收物_钢丝球。,这是钢丝球，也称为钢丝海绵，是一种用于清洁金属表面的清洁工具。它的表面由许多细小的金属丝组成，可以有效去除金属表面的污垢和锈迹。钢丝球通常用于清洁锅具、炉灶、金属表面等。,1
5052,这是可回收物_钢丝球。,图中的垃圾是海绵。,0
5053,这是可回收物_钢丝球。,这个垃圾应该属于金属废弃物，因为图片中显示的是许多缠绕在一起的金属丝。,1
5054,这是可回收物_钢丝球。,图片中的物品属于其他垃圾类别。,0
5055,这是可回收物_钢丝球。,这个垃圾属于金属垃圾。,1
5056,这是可回收物_钢丝球。,图片中的物品属于其他垃圾类别。,0
5057,这是可回收物_钢丝球。,图片中的物品属于其他垃圾类别。,0
5058,这是可回收物_钢丝球。,图中的垃圾是金属钢丝球。,1
5059,这是可回收物_钢丝球。,这张图片中的垃圾属于厨房垃圾。具体来说，它可能是一块烤过的肉类，上面有一些油脂和焦斑，这些都可以作为垃圾进行处理。,0
5060,这是可回收物_钢丝球。,这张图片里的是一个塑料网袋。,0
5061,这是可回收物_钢丝球。,这是不锈钢清洁海绵，通常用于清洗不锈钢锅具。它由不锈钢制成，具有良好的清洁效果。,1
5062,这是可回收物_钢丝球。,根据图片内容，这个物品属于其他垃圾。,0
5063,这是可回收物_钢丝球。,图片中的物品属于金属垃圾类别。,1
5064,这是可回收物_钢丝球。,图片中的物品属于其他垃圾。,0
5065,这是可回收物_钢丝球。,图中的垃圾是一块不锈钢球。,1
5066,这是可回收物_钢丝球。,这个垃圾属于金属垃圾。,1
5067,这是可回收物_钢丝球。,这张图片里没有垃圾。,0
5068,这是可回收物_钢丝球。,图中的垃圾是一只锅。,0
5069,这是可回收物_钢丝球。,这张图片里没有提到任何垃圾。,0
5070,这是可回收物_钢丝球。,图片中的物品属于其他垃圾。,0
5071,这是可回收物_钢丝球。,图中的垃圾是“凯洋 152244444445”。,0
5072,这是可回收物_钢丝球。,这张图片里的是金属垃圾。,1
5073,这是可回收物_钢丝球。,图中的垃圾是：AK47。,0
5074,这是可回收物_钢丝球。,这个垃圾属于金属垃圾。,1
5075,这是可回收物_钢丝球。,这个垃圾属于厨房垃圾。,0
5076,这是可回收物_钢丝球。,这张图片里的是金属垃圾。,1
5077,这是可回收物_钢丝球。,这是一个星牌钢丝球清洁海绵，通常用于厨房和浴室的清洁工作。星牌钢丝球是一种耐用的清洁工具，由不锈钢丝网制成，具有强效的清洁效果，可以去除顽固的污渍和污垢。它们常用于清洗锅、碗、灶台等厨房用具，以及清洁浴室的水槽、马桶等。,1
5078,这是可回收物_钢丝球。,这个垃圾属于金属垃圾。,1
5079,这是可回收物_锅。,图片中的物品属于其他垃圾类别。,0
5080,这是可回收物_锅。,图中的垃圾是一只黑色的电饭煲。,1
5081,这是可回收物_锅。,图中的垃圾是煎锅。,1
5082,这是可回收物_锅。,图片中的物品属于其他垃圾。,0
5083,这是可回收物_锅。,这个物品是一台火锅锅。,1
5084,这是可回收物_锅。,图中的垃圾是铁锅。,1
5085,这是可回收物_锅。,这张图片里的垃圾是不锈钢锅。,1
5086,这是可回收物_锅。,这是一张展示一个锅的图片。锅的表面有一些锈迹，锅柄处有一个小孔。锅的把手是弯曲的，锅的边缘有一些污渍。锅的底部看起来比较粗糙。,1
5087,这是可回收物_锅盖。,图片中的物品属于餐厨垃圾。,0
5088,这是可回收物_锅盖。,图中的垃圾是枫叶。,0
5089,这是可回收物_锅盖。,这是一个玻璃锅盖，通常用于烹饪时盖在锅上，防止食物溢出。锅盖上有一个把手，便于拿取。,1
5090,这是可回收物_锅盖。,这个垃圾属于厨房垃圾。,0
5091,这是可回收物_锅盖。,这是一个玻璃锅盖，通常用于烹饪时盖在锅上，以防止热量和蒸汽泄漏。玻璃锅盖通常具有透明度，可以清楚地看到烹饪过程。,1
5092,这是可回收物_锅盖。,图中的垃圾是不锈钢垃圾袋。,0
5093,这是可回收物_锅盖。,图中的垃圾是锅盖。,1
5094,这是可回收物_锅盖。,这张图片里是一只透明玻璃碟子。玻璃碟子是一种常见的玻璃制品，通常用于盛放液体或食物，如茶碟、酒杯、果汁杯等。,0
5095,这是可回收物_锅盖。,图中的垃圾是不锈钢锅盖。,1
5096,这是可回收物_锅盖。,图中没有垃圾，只有一张不锈钢锅盖的图片。,1
5097,这是可回收物_锅盖。,这张图片里显示的是玻璃锅盖。玻璃锅盖属于玻璃类垃圾。,1
5098,这是可回收物_锅盖。,图中的垃圾是玻璃锅盖。,1
5099,这是可回收物_锅盖。,图中的垃圾是：辣椒。,0
5100,这是可回收物_锅盖。,根据图片中的物品描述，这是一套锅盖，因此属于厨余垃圾。,0
5101,这是可回收物_锅盖。,这张图片是一张木制砧板的照片，砧板上放着几块面包。,0
5102,这是可回收物_锅盖。,图中的垃圾是锅盖。,1
5103,这是可回收物_锅盖。,,0
5104,这是可回收物_锅盖。,图中的垃圾是有机硅密封圈。,0
5105,这是可回收物_锅盖。,图中的垃圾是圆形的，带有金属边框和一个孔洞。,0
5106,这是可回收物_锅盖。,图中没有垃圾。,0
5107,这是可回收物_锅盖。,图中没有垃圾。,0
5108,这是可回收物_锅盖。,这是一只玻璃锅盖。玻璃锅盖通常用于烹饪时盖在锅上，可以防止热气散发，保持食物的温度，同时也可以防止锅底的油渍滴落。玻璃锅盖通常带有金属边缘，以确保其在使用时不会滑落。,1
5109,这是可回收物_键盘。,这张图片里的是机械键盘。,1
5110,这是可回收物_键盘。,这张图片里是一块键盘。,1
5111,这是可回收物_键盘。,这个物品是一个无线蓝牙键盘，它通常用于平板电脑或智能手机上。它不需要电线连接，可以通过蓝牙连接到设备上。这种类型的键盘通常用于商务和办公场景，因为它们方便快捷，不需要插线连接。因此，这个物品属于电子设备类别。,1
5112,这是可回收物_键盘。,根据图片中的物品，我们可以看出这是一台笔记本电脑，属于电子垃圾。,0
5113,这是可回收物_键盘。,这是一台机械键盘，不属于垃圾。,0
5114,这是可回收物_键盘。,这张图片里没有垃圾。,0
5115,这是可回收物_键盘。,这是一张电脑键盘的照片。键盘上有许多键，包括数字键盘、功能键、方向键等。键盘的颜色是彩虹色的，非常显眼。,1
5116,这是可回收物_键盘。,这个垃圾属于电子产品。,1
5117,这是可回收物_键盘。,这张图片里是一台Logitech MX Keys X11键盘。,1
5118,这是可回收物_键盘。,图片中的物品属于电子废弃物。,0
5119,这是可回收物_键盘。,这是一张樱桃键盘的照片。樱桃是知名的电脑配件品牌，其键盘和鼠标非常受欢迎。,1
5120,这是可回收物_键盘。,图片中的物品属于有害垃圾。,0
5121,这是可回收物_键盘。,这是一张电脑键盘的照片。键盘上有一些功能键，键盘的表面有“巧克力”和“A JAZZ”的字样。键盘的背面有一个鼠标垫。,1
5122,这是可回收物_键盘。,这是一张显示促销信息的照片。照片中有一台笔记本电脑和一个白色键盘。促销信息显示，该键盘是静音键盘，并且有活动价29元起。,1
5123,这是可回收物_键盘。,这张图片里是一块笔记本电脑键盘。笔记本电脑键盘通常是塑料材质，具有一定的耐用性和易清洗性。在处理这类垃圾时，建议按照有害垃圾进行处理，以减少对环境的影响。,0
5124,这是可回收物_键盘。,这是一张键盘的照片。键盘上有白色的字母键和数字键，以及一些功能键。键盘的颜色主要是白色和蓝色，键盘的左侧有一个黄色的区域。键盘放在一个黑色的表面上。,1
5125,这是可回收物_键盘。,图中没有垃圾。,0
5126,这是可回收物_键盘。,根据图片中的信息，图片中的物品属于电子垃圾。,0
5127,这是可回收物_键盘。,这是一张键盘的照片。键盘上有彩色的背光灯，键盘的键帽是黑色的，键帽上有一些英文字符。,1
5128,这是可回收物_键盘。,图中没有垃圾，是一块电脑键盘。,1
5129,这是可回收物_键盘。,这是一张显示的机械键盘的照片。机械键盘通常具有彩色的背光键盘，可以根据键盘的模式或按键的按下次数改变键盘的颜色。图中的键盘上有一些键帽和键位的标记，以及一些功能键和数字键的标记。键盘上还有一些彩色的灯，显示键盘的背光状态。,1
5130,这是可回收物_键盘。,,0
5131,这是可回收物_键盘。,这张图片里没有明显的垃圾。它展示了一只黑色和橙色边框的键盘。,1
5132,这是可回收物_键盘。,这是一个键盘布局图，显示了键盘上的一些常用按键和功能键。图中显示了以下按键：  - esc键 - tab键 - shift键 - caps锁 - ctrl键 - alt键 - win键 - alt + esc键 - alt + shift键 - alt + capslock键 - alt + ctrl键 - alt + shift + ctrl键 - alt + alt + esc键 - alt + alt + shift键 - alt + alt + capslock键 - alt + alt + ctrl键 - alt + alt + shift + ctrl键  这些按键分别对应不同的功能，例如：esc键可以退出程序或命令，tab键可以跳转到下一个单词或行，shift键可以切换大小写，capslock键可以切换大写和小写，ctrl键可以打开快捷菜单，alt键可以切换上下文菜单，win键可以打开Windows任务管理器，etc.,1
5133,这是可回收物_键盘。,这张图片里没有垃圾。,0
5134,这是可回收物_键盘。,,0
5135,这是可回收物_键盘。,图中的垃圾是键盘。,1
5136,这是可回收物_键盘。,这个垃圾可能是键盘的一部分。,1
5137,这是可回收物_键盘。,这个垃圾属于电子废弃物。,0
5138,这是可回收物_键盘。,,0
5139,这是可回收物_键盘。,这是一张键盘的照片。键盘上标有“Plum”（普林）的字样，看起来像是某种品牌的键盘。键盘上有Esc键、F1到F7键、数字键1到7、Tab键、Caps Lock键、A到Z键、Shift键和Caps Lock键等。,1
5140,这是可回收物_键盘。,这张图片里的是键盘垃圾。,1
5141,这是可回收物_键盘。,这个键盘属于电子产品垃圾。,0
5142,这是可回收物_镊子。,图片中的物品属于有害垃圾。,0
5143,这是可回收物_镊子。,这个垃圾属于金属垃圾。,0
5144,这是可回收物_镊子。,图中的垃圾是一套采耳工具。,0
5145,这是可回收物_镊子。,这张图片里是一把不锈钢镊子。,1
5146,这是可回收物_镊子。,这张图片里是金属垃圾。,0
5147,这是可回收物_镊子。,这张图片里是电子垃圾。,0
5148,这是可回收物_镊子。,这是一张与医学有关的图片，与垃圾无关。请提供一个与医学有关的图片。,0
5149,这是可回收物_镊子。,这个图片中的工具看起来像是塑料材质的，用于手术或医疗用途。这些工具通常用于精细操作，如在手术中夹持和固定手术器械。它们可能是用于医生或技术人员进行精细操作的。,0
5150,这是可回收物_镊子。,图片中的物品属于其他垃圾类别。,0
5151,这是可回收物_镊子。,这张图片里是一把金属镊子。金属镊子属于金属垃圾。,0
5152,这是可回收物_镊子。,图中的垃圾是钳子。,0
5153,这是可回收物_镊子。,这张图片里没有垃圾，它是一张名片。名片上显示了“VETUS”品牌的名称和一些信息。,0
5154,这是可回收物_镊子。,图中没有垃圾。,0
5155,这是可回收物_镊子。,根据图片中的描述，这个物品是“镊子”，属于金属废弃物。,0
5156,这是可回收物_镊子。,这个物体是一个钳子。,0
5157,这是可回收物_镊子。,图中的垃圾是“Lucky Flower”。,0
5158,这是可回收物_镊子。,这是一把古代铜制的刀具，具有独特的设计和形状。它可能是一种刀或剑的残片，因为它的刀刃已经损坏。刀片的长度大约在30到40厘米之间，刀刃上有一个小孔，可能是用于固定或装饰目的。刀具的整体表面覆盖着一层厚厚的铜锈，显示出其历史的悠久和使用的历史。,0
5159,这是可回收物_镊子。,这张图片里没有明显的垃圾。,0
5160,这是可回收物_镊子。,这是一对老式铁钳，通常用于铁匠或木匠的工作中。铁钳是用来夹持和固定铁件的工具。图中左边的钳子稍微大一些，右边的钳子小一些。,0
5161,这是可回收物_镊子。,这是一种塑料材质的宝宝安全镊子，通常用于婴儿护理和卫生。它的设计是为了防止尖锐物品对宝宝的皮肤造成伤害。这个产品通常会附带一个塑料盒，方便存储和携带。,1
5162,这是可回收物_镊子。,图中没有垃圾。,0
5163,这是可回收物_镊子。,这是一双筷子。,0
5164,这是可回收物_镊子。,图中的垃圾是镊子。,1
5165,这是可回收物_镊子。,图片中的物品属于金属垃圾。,0
5166,这是可回收物_镊子。,图片中的物品属于其他垃圾。,0
5167,这是可回收物_镊子。,图中的垃圾是：镊子。,1
5168,这是可回收物_镊子。,图片中的物品属于其他垃圾。,0
5169,这是可回收物_鞋。,图中没有垃圾。,0
5170,这是可回收物_鞋。,根据图片中的物品，无法确定其属于什么垃圾类别。,0
5171,这是可回收物_鞋。,图片中的物品属于可回收垃圾。,1
5172,这是可回收物_鞋。,图中没有垃圾。,0
5173,这是可回收物_鞋。,根据图片中的描述，物品属于废弃鞋类。废弃鞋类属于其他垃圾类别。,0
5174,这是可回收物_鞋。,这是一双布鞋，属于鞋子类。,1
5175,这是可回收物_鞋。,这张图片里没有提到垃圾。,0
5176,这是可回收物_鞋。,图中没有垃圾。,0
5177,这是可回收物_鞋。,图片中的物品属于其他垃圾类别。,0
5178,这是可回收物_鞋。,这张图片里没有垃圾。它展示了一双穿着红色蕾丝鞋的女性脚部。,0
5179,这是可回收物_鞋。,这是一双白色的运动鞋，鞋面采用蕾丝材质，鞋底是白色的，鞋面和鞋底都是白色的。这种鞋款适合日常穿着，舒适度较高。,1
5180,这是可回收物_鞋。,这是两双棕色的皮鞋。,1
5181,这是可回收物_鞋。,图片中的物品属于其他垃圾类别。,0
5182,这是可回收物_鞋。,图中是一双紫色的运动鞋，鞋面为亮面漆皮，鞋舌处有红色装饰条。,1
5183,这是可回收物_鞋。,图片中的物品属于其他垃圾类别。,0
5184,这是可回收物_鞋。,这是两双红色格子布料制成的儿童棉布鞋。,1
5185,这是可回收物_鞋。,图中没有垃圾，只有一双鞋子。,1
5186,这是可回收物_鞋。,这张图片里是一双鞋子。,1
5187,这是可回收物_鞋。,图中的垃圾是鞋子。,1
5188,这是可回收物_鞋。,这张图片里没有垃圾。,0
5189,这是可回收物_鞋。,这张图片里没有垃圾。图片中展示了一只穿着休闲鞋的男性，背景中有一些木质的家具和物品。,0
5190,这是可回收物_鞋。,这是舞鞋。,1
5191,这是可回收物_鞋。,图中没有垃圾。,0
5192,这是可回收物_鞋。,这个物品是一个鞋子，不是垃圾。,1
5193,这是可回收物_鞋。,这是一双帆布鞋，鞋面上印有卡通图案，包括海绵宝宝和海星。,1
5194,这是可回收物_鞋。,这张图片里没有明确显示垃圾，但可以看到一双黑色的运动鞋。,1
5195,这是可回收物_鞋。,这张图片中的垃圾属于可回收垃圾。,1
5196,这是可回收物_鞋。,图中展示了一排排平底帆布鞋，鞋面上有各种卡通图案。,1
5197,这是可回收物_鞋。,这是一双白色的帆布鞋。帆布鞋是一种常见的休闲鞋，通常由帆布材料制成，舒适透气，适合各种场合穿着。,1
5198,这是可回收物_鞋。,这张图片里没有明显的垃圾。图片中展示的是一个人的腿和鞋子，旁边有一个花盆和一些植物。,1
5199,这是可回收物_鞋。,这个物品是一双黑色和绿色的运动鞋。,1
5200,这是可回收物_鞋。,这张图片里没有垃圾。,0
5201,这是可回收物_鞋。,这是一双黑色的拖鞋，鞋头部分有一个金色的金属装饰带，鞋底部分是绒毛材质。拖鞋的设计看起来非常时尚，适合冬季穿着。,1
5202,这是可回收物_鞋。,根据图片内容，这个物品属于不可回收垃圾类别。,0
5203,这是可回收物_鞋。,这张图片里是老北京工艺布鞋。,1
5204,这是可回收物_鞋。,根据图片内容，这个物品属于不可回收垃圾。,0
5205,这是可回收物_鞋。,图片中的物品属于可回收垃圾。,1
5206,这是可回收物_鞋。,这个垃圾应该属于塑料垃圾。,0
5207,这是可回收物_鞋。,这是一双冬季户外雪地靴。它有深蓝色的鞋面和粉色的装饰，鞋底是灰色的。,1
5208,这是可回收物_鞋。,这张图片里没有明显的垃圾，只有一些鞋子和一些干花。,1
5209,这是可回收物_鞋。,这张图片里没有垃圾，只是一双黑色的帆布鞋。,1
5210,这是可回收物_鞋。,这是三双卡通鞋。每双鞋的鞋面上都有卡通的猴子图案，鞋子的颜色有白色、蓝色和黑色。,1
5211,这是可回收物_鞋。,这个物品属于鞋子，可以归类为鞋类垃圾。,1
5212,这是可回收物_鞋。,这是一双银色的高帮运动鞋。鞋面是银色的亮片材质，鞋底是白色的，鞋头和鞋舌上有白色的鞋带。鞋子看起来时尚且具有闪亮的效果。,1
5213,这是可回收物_鞋。,这是一双紫色的运动鞋，适合女性穿着。鞋面由网状材质制成，设计时尚简约，适合休闲或运动使用。,1
5214,这是可回收物_鞋。,这张图片中的垃圾属于“鞋”类别。,1
5215,这是可回收物_鞋。,这张图片里没有垃圾，是一双白色的运动鞋。,1
5216,这是可回收物_鞋。,这个垃圾属于塑料制品。,0
5217,这是可回收物_鞋。,这个垃圾属于废弃鞋。,1
5218,这是可回收物_鞋。,图中没有垃圾。,0
5219,这是可回收物_鞋。,这个物体看起来像是一个运动鞋，但需要更多的上下文来确定其具体类别。如果它是一个运动鞋，它可能属于以下类别之一：  1. **运动鞋**：适合运动或休闲使用的鞋子。 2. **运动器材**：用于运动的装备，如跑步鞋、篮球鞋等。 3. **休闲鞋**：适合休闲使用的鞋子，如休闲鞋、帆布鞋等。 4. **时尚鞋**：适合时尚穿搭的鞋子，如运动休闲鞋、运动鞋等。  由于图片中没有足够的上下文信息，我无法确定其具体类别。,1
5220,这是可回收物_鞋。,这是一双儿童运动鞋。,1
5221,这是可回收物_鞋。,这是两双红色的鞋子，鞋子上有红色的花纹，鞋口是毛绒的，鞋底是白色的。,1
5222,这是可回收物_鞋。,图片中的物品属于其他垃圾。,0
5223,这是可回收物_鞋。,图中的垃圾是一双黑色的帆布鞋。,1
5224,这是可回收物_鞋。,图中的垃圾是两双白色的运动鞋。,1
5225,这是可回收物_鞋。,This is a picture of a pair of black sneakers.,1
5226,这是可回收物_鞋。,这张图片中的垃圾属于不可回收垃圾。,0
5227,这是可回收物_鞋。,图中是一双运动水鞋，鞋面是蓝色的树叶图案，鞋底是浅蓝色的沙滩纹理。背景是蓝天白云和沙滩。,1
5228,这是可回收物_鞋。,这张图片的内容是一个蓝色的帆布鞋，它属于服装类别。,1
5229,这是可回收物_鞋。,这张图片里是一双鞋子。鞋子通常被分类为可回收垃圾。,1
5230,这是可回收物_鞋。,图片中的物品属于其他垃圾。,0
5231,这是可回收物_鞋。,图中的垃圾是一双黑色的布鞋。,1
5232,这是可回收物_鞋。,这是一双白色的鞋子，鞋面是皮质的，带有扣子装饰，鞋底是厚底的，整体设计简洁舒适。,1
5233,这是可回收物_鞋。,这是一双Vans品牌的运动鞋。,1
5234,这是可回收物_鞋。,图片中的物品属于其他垃圾类别。,0
5235,这是可回收物_鞋。,This is a shoe.,1
5236,这是可回收物_鞋。,图中的垃圾是黑色的布鞋。,1
5237,这是可回收物_鞋。,图中的垃圾是白色凉鞋。,1
5238,这是可回收物_鞋。,这是一双牛仔布料制成的短靴。靴子上装饰有花卉和羽毛图案，显得非常传统和优雅。靴子的材质看起来像是牛仔布，靴口设计为中筒，适合秋冬季节穿着。,1
5239,这是可回收物_鞋。,根据图片内容，该物品属于其他垃圾。,0
5240,这是可回收物_鞋。,这是一双中国传统的布鞋。鞋面上有精美的刺绣图案，鞋底是厚底设计，适合长时间穿着。鞋面上还印有“潮型”字样，表示这是一双潮流的布鞋。,1
5241,这是可回收物_鞋。,This is a shoe.,1
5242,这是可回收物_鞋。,图片中的物品属于其他垃圾。,0
5243,这是可回收物_餐垫。,这个垃圾属于“塑料”垃圾。,0
5244,这是可回收物_餐垫。,图中的垃圾是一块编织的垫子，放在桌子上。,1
5245,这是可回收物_餐垫。,图中的垃圾是金色的。,0
5246,这是可回收物_餐垫。,这是四个圆形的木制托盘，通常用于食物的上菜和展示。它们通常用于咖啡厅、餐厅或咖啡馆，用于展示食物。这些托盘通常由木头制成，表面光滑，边缘整齐，适合各种食物。,1
5247,这是可回收物_餐垫。,图中没有垃圾。,0
5248,这是可回收物_餐垫。,图中的垃圾是一块红色的草莓形状的布艺，上面有绿色的叶子和黄色的斑点。,1
5249,这是可回收物_餐垫。,这张图片里有塑料袋。,0
5250,这是可回收物_餐垫。,这张图片包含以下物品：  1. 一张桌布 2. 三个花瓶 3. 一些花束  这些物品都是可以回收的垃圾。,0
5251,这是可回收物_餐垫。,这是一个餐厅的餐桌布置，包括一张棕色的餐桌布，上面铺着一条白色的桌布和一条米色的桌布。餐桌周围有四个白色的椅子，桌子上有两盏花瓶和几朵花，增加了餐厅的美感。,0
5252,这是可回收物_餐垫。,图中没有垃圾。,0
5253,这是可回收物_餐垫。,图中的垃圾是一块黄色带有图案的布料。,0
5254,这是可回收物_餐垫。,图片中的物品属于厨余垃圾。,0
5255,这是可回收物_餐垫。,图片中的物品属于其他垃圾类别。,0
5256,这是可回收物_餐垫。,图片中的物品属于不可回收垃圾类别。,0
5257,这是可回收物_餐垫。,这张图片中的垃圾是餐巾纸和餐巾。,0
5258,这是可回收物_鼠标。,图中显示的是一个黑色的Razer DeathAdder gaming鼠标。,1
5259,这是可回收物_鼠标。,这是一只电竞鼠标。它具有发光的灯效和专业级别的设计，适合用于电竞比赛。,1
5260,这是可回收物_鼠标。,这是一只鼠标。,1
5261,这是可回收物_鼠标。,这张图片里显示的是一个电脑鼠标。,1
5262,这是可回收物_鼠标。,这张图片里的垃圾是电子垃圾（Electronic Waste，简称E-Waste）。,0
5263,这是可回收物_鼠标。,这个垃圾属于不可回收垃圾。,0
5264,这是可回收物_鼠标。,这是一张展示笔记本电脑、鼠标和名片的照片。笔记本电脑和鼠标放在一张黄色的桌子上，旁边还有一支黑色的笔。名片上有一些文字，但无法看清具体内容。,1
5265,这是可回收物_鼠标。,这张图片里是一只黑色的电脑鼠标。,1
5266,这是可回收物_鼠标。,图片中的物品属于有害垃圾类别。,0
5267,这是可回收物_鼠标。,这是一只游戏鼠标。它具有多个按钮和一个发光的红光指示灯，通常用于提供更好的游戏体验。,1
5268,这是有害垃圾_LED灯泡。,这个图片中的三个灯泡被分类为电子垃圾。,0
5269,这是有害垃圾_LED灯泡。,这是一只复古风格的灯泡，灯泡上有一个发光的图案，看起来像是烟花或星星。这种灯泡通常在复古或工业风格的设计中使用。,1
5270,这是有害垃圾_LED灯泡。,这张图片中的灯泡和包装盒可能是用于商业广告的。由于没有具体的上下文信息，我无法确定它们是否真实存在或与哪个品牌有关。如果您有更多的背景信息或图片的详细信息，我会更乐意帮助您进行分类。,0
5271,这是有害垃圾_LED灯泡。,图中的垃圾是三个白炽灯泡。,0
5272,这是有害垃圾_LED灯泡。,这个图片是一个展示不同形状的LED灯泡的图片。这些灯泡的形状各异，包括尖顶、球形和圆柱形。它们都使用了LED技术，具有节能和环保的特点。这些灯泡适用于家庭照明和装饰，可以在不同的场所使用，如客厅、卧室、厨房和浴室等。,1
5273,这是有害垃圾_LED灯泡。,根据图片中的物品和描述，可以推测这是一款LED灯泡。LED灯泡属于电子废弃物。,1
5274,这是有害垃圾_LED灯泡。,这张图片里是电子垃圾。,0
5275,这是有害垃圾_LED灯泡。,这张图片里没有垃圾，而是展示了几只螺旋形的节能灯泡。,0
5276,这是有害垃圾_LED灯泡。,这张图片里的是废旧灯泡。,1
5277,这是有害垃圾_LED灯泡。,这个垃圾是废弃的LED灯泡。,1
5278,这是有害垃圾_LED灯泡。,这张图片中的物体是一个LED灯泡。LED灯泡是一种节能灯泡，它利用半导体材料在光照下可以发光的原理，从而节省能源。因此，这个灯泡可以归类为“电子设备”或“节能照明设备”。,1
5279,这是有害垃圾_LED灯泡。,图中的垃圾是一盏LED灯泡。,1
5280,这是有害垃圾_LED灯泡。,图片中的物品属于其他垃圾。,0
5281,这是有害垃圾_LED灯泡。,图中的垃圾是LED灯泡。,1
5282,这是有害垃圾_LED灯泡。,这张图片里的是装饰灯，不是垃圾。,0
5283,这是有害垃圾_LED灯泡。,图片中的物品属于其他垃圾。,0
5284,这是有害垃圾_LED灯泡。,这个垃圾属于“电子产品”。,0
5285,这是有害垃圾_LED灯泡。,这张图片中的灯泡被分类为“电子产品”。,0
5286,这是有害垃圾_LED灯泡。,这张图片里的是电子废弃物。,0
5287,这是有害垃圾_LED灯泡。,,0
5288,这是有害垃圾_LED灯泡。,这是一个灯泡的图片。灯泡是LED灯泡，通常使用在照明设备中。灯泡的形状和设计可能因品牌和型号而异，但常见的设计包括圆形、椭圆形和矩形。LED灯泡通常比传统灯泡更节能、更持久，因为它们使用LED技术。,1
5289,这是有害垃圾_LED灯泡。,,0
5290,这是有害垃圾_LED灯泡。,这张图片里是一盏LED应急球泡灯。,1
5291,这是有害垃圾_保健品瓶。,图中没有垃圾。,0
5292,这是有害垃圾_保健品瓶。,这是一瓶汤臣倍健的乳矿物盐压片糖果，净含量为72g（12片*60片）。这瓶糖果含有乳矿物盐，是一种营养补充剂，有助于补充钙和维生素D等矿物质。,1
5293,这是有害垃圾_保健品瓶。,这是美国的Kirkland柯克兰钙片，具体来说是Kirkland的钙片，含有维生素D3，补充钙质，帮助强健骨骼。每瓶钙片含有600毫克钙，适合需要补钙的人群。包装上有中文标签，适合在华人社区中使用。,1
5294,这是有害垃圾_保健品瓶。,这个垃圾属于医疗废物。,0
5295,这是有害垃圾_保健品瓶。,图片中的物品属于有害垃圾。,1
5296,这是有害垃圾_保健品瓶。,根据图片中的信息，该物品属于宠物食品垃圾类别。,0
5297,这是有害垃圾_保健品瓶。,这张图片里包含了一个瓶子，瓶子上写着“GOAT MILK CALCIUM TABLET”。瓶子上有一个狗的图片，瓶子上还写着“newents”。,1
5298,这是有害垃圾_保健品瓶。,这是一个钙铁锌硒维生素咀嚼片，适用于儿童。包装上有图片和文字说明，强调了产品的作用和功效。,1
5299,这是有害垃圾_保健品瓶。,根据图中的物品，可以看出这个瓶子属于有害垃圾。,1
5300,这是有害垃圾_保健品瓶。,根据图片中的物品信息，碳酸钙D3咀嚼片属于OTC（非处方药）类别，这说明它是一种可以自行购买和使用的药物，不需要医生处方。因此，根据相关法规，这种物品属于“一般垃圾”类别。,0
5301,这是有害垃圾_保健品瓶。,这是一瓶碳酸钙D3咀嚼片，品牌是汉维。碳酸钙D3咀嚼片是一种补充钙和维生素D的药物，通常用于儿童和成人，以帮助骨骼健康。,1
5302,这是有害垃圾_保健品瓶。,图片中的物品属于其他垃圾。,0
5303,这是有害垃圾_保健品瓶。,这个垃圾属于“药品”类别。,0
5304,这是有害垃圾_保健品瓶。,图片中的物品属于有害垃圾。,1
5305,这是有害垃圾_保健品瓶。,根据图片中的信息，这个瓶子是属于有害垃圾的。,1
5306,这是有害垃圾_口服液瓶。,这张图片里的物品是一次性使用的玻璃药瓶，属于医疗废物。,0
5307,这是有害垃圾_口服液瓶。,这是“霍香正气水”瓶子，是一种感冒药。霍香正气水是一种清热解表的中药制剂，适用于感冒、发热、头痛、咳嗽等症状。,1
5308,这是有害垃圾_口服液瓶。,图片中的物品属于有害垃圾类别。,1
5309,这是有害垃圾_口服液瓶。,图中没有垃圾。,0
5310,这是有害垃圾_指甲油。,图中无垃圾,0
5311,这是有害垃圾_指甲油。,这张图片里没有垃圾，只有一只涂了指甲油的手。,1
5312,这是有害垃圾_杀虫剂。,这个垃圾属于有害垃圾。,1
5313,这是有害垃圾_杀虫剂。,这个垃圾属于“有害垃圾”。,1
5314,这是有害垃圾_杀虫剂。,这张图片里有塑料瓶和药品。塑料瓶属于塑料垃圾，药品属于药品垃圾。,0
5315,这是有害垃圾_杀虫剂。,图中的垃圾是两瓶喷雾剂，具体来说，它们是两瓶劲枪喷雾剂。,1
5316,这是有害垃圾_杀虫剂。,这张图片里的是有害垃圾。,1
5317,这是有害垃圾_杀虫剂。,这个垃圾属于其他垃圾。,0
5318,这是有害垃圾_杀虫剂。,图中的垃圾是两个塑料瓶。,0
5319,这是有害垃圾_杀虫剂。,这张图片里的是医疗废物。,0
5320,这是有害垃圾_杀虫剂。,这张图片里的是不可回收垃圾。,0
5321,这是有害垃圾_杀虫剂。,这是一瓶农药。瓶子上写着“虫虫灵”和“高效安全 低毒环保”，表明它是一种用于控制害虫的农药。,1
5322,这是有害垃圾_杀虫剂。,图中的垃圾是四瓶杀虫气雾剂。,1
5323,这是有害垃圾_杀虫剂。,这个垃圾属于有害垃圾。,1
5324,这是有害垃圾_杀虫剂。,图中的垃圾是“犬猫通用 跳蚤杀蟑虫虫子”。,1
5325,这是有害垃圾_杀虫剂。,这张图片中的垃圾属于“有害垃圾”。,1
5326,这是有害垃圾_杀虫剂。,这个垃圾属于工业废弃物。,0
5327,这是有害垃圾_杀虫剂。,图片中的物品属于有害垃圾类别。,1
5328,这是有害垃圾_杀虫剂。,这张图片里没有提到任何垃圾，只有一支蚊香。,0
5329,这是有害垃圾_杀虫剂。,图中没有垃圾。,0
5330,这是有害垃圾_杀虫剂。,图中没有垃圾。,0
5331,这是有害垃圾_杀虫剂。,图中没有垃圾，是一张蓝色瓶子的图片。,0
5332,这是有害垃圾_杀虫剂。,这是一瓶康欢牌的药片。包装上标示了净含量为30克。包装上有图案和文字，看起来像是一个卡通人物。,0
5333,这是有害垃圾_杀虫剂。,这个垃圾属于其他垃圾。,0
5334,这是有害垃圾_杀虫剂。,图片中的物品属于其他垃圾。,0
5335,这是有害垃圾_杀虫剂。,这个垃圾属于塑料垃圾。,0
5336,这是有害垃圾_杀虫剂。,图片中的物品属于其他垃圾类别。,0
5337,这是有害垃圾_杀虫剂。,图中无垃圾,0
5338,这是有害垃圾_杀虫剂。,这个垃圾属于有害垃圾。,1
5339,这是有害垃圾_杀虫剂。,图片中的物品属于有害垃圾。,1
5340,这是有害垃圾_杀虫剂。,图中的垃圾是杀虫气雾剂。,1
5341,这是有害垃圾_杀虫剂。,图中没有垃圾。,0
5342,这是有害垃圾_杀虫剂。,图中没有垃圾。,0
5343,这是有害垃圾_杀虫剂。,图中的垃圾是瓶子。,0
5344,这是有害垃圾_杀虫剂。,这张图片中的垃圾属于有害垃圾。,1
5345,这是有害垃圾_杀虫剂。,图片中的物品属于有害垃圾。,1
5346,这是有害垃圾_杀虫剂。,这张图片里的是其他垃圾。,0
5347,这是有害垃圾_温度计。,这张图片里没有垃圾。,0
5348,这是有害垃圾_温度计。,这是一张显示温度计的照片。温度计的刻度盘上标有从0到100摄氏度的数字，读数从0开始，每10度为一个刻度，总共有10个刻度。温度计的刻度盘上有一个金属杆，金属杆上有一根细长的红色液体会随着温度的变化而上升或下降。这种温度计通常用于测量环境温度，显示温度的高低。,1
5349,这是有害垃圾_温度计。,图中的垃圾是玻璃试管。,0
5350,这是有害垃圾_温度计。,这是玻璃体温计。,1
5351,这是有害垃圾_滴眼液瓶。,图中的垃圾是塑料瓶。,0
5352,这是有害垃圾_滴眼液瓶。,图中的垃圾是一只透明塑料瓶。,0
5353,这是有害垃圾_滴眼液瓶。,图中的垃圾是塑料滴眼瓶。,1
5354,这是有害垃圾_滴眼液瓶。,有害垃圾,1
5355,这是有害垃圾_滴眼液瓶。,这张图片里没有垃圾，只有一组塑料瓶。,0
5356,这是有害垃圾_滴眼液瓶。,这个垃圾是塑料瓶。,0
5357,这是有害垃圾_滴眼液瓶。,根据图片中的信息，物品属于塑料制品。,0
5358,这是有害垃圾_滴眼液瓶。,这张图片里没有明确的垃圾类型，可能是塑料瓶，但没有具体的说明。,0
5359,这是有害垃圾_滴眼液瓶。,这张图片里是塑料垃圾。塑料瓶属于塑料垃圾，通常用于盛装液体。,0
5360,这是有害垃圾_滴眼液瓶。,图片中的物品属于有害垃圾。,1
5361,这是有害垃圾_滴眼液瓶。,这张图片里的是塑料瓶。塑料瓶属于可回收垃圾。,0
5362,这是有害垃圾_滴眼液瓶。,这张图片里的垃圾是一种塑料瓶。,0
5363,这是有害垃圾_滴眼液瓶。,这张图片里没有明显的垃圾，看起来是一个展示塑料滴管瓶的图片。,1
5364,这是有害垃圾_滴眼液瓶。,图片中的物品属于其他垃圾。,0
5365,这是有害垃圾_滴眼液瓶。,这张图片里没有明显的垃圾，只有一些塑料瓶。,0
5366,这是有害垃圾_滴眼液瓶。,这是一组透明的塑料瓶，每个瓶身上都有一条白色塑料盖。这些瓶子可能是用于卫生用品或药品的包装，因为它们看起来像是药瓶或化妆品瓶。,1
5367,这是有害垃圾_滴眼液瓶。,这张图片里的垃圾是塑料瓶。,0
5368,这是有害垃圾_滴眼液瓶。,图中的垃圾是塑料瓶。,0
5369,这是有害垃圾_滴眼液瓶。,图片中的物品属于其他垃圾类别。,0
5370,这是有害垃圾_滴眼液瓶。,这个垃圾属于塑料瓶。,0
5371,这是有害垃圾_滴眼液瓶。,这张图片里是一瓶洗手液。洗手液通常用于洗手后使用，帮助清洁和消毒双手。,0
5372,这是有害垃圾_滴眼液瓶。,这个垃圾属于有害垃圾。,0
5373,这是有害垃圾_滴眼液瓶。,这张图片里的是塑料垃圾。,0
5374,这是有害垃圾_滴眼液瓶。,图中没有垃圾，只是桌子上放着几个塑料滴管。,0
5375,这是有害垃圾_滴眼液瓶。,这是一组塑料瓶。每个瓶子的瓶口和瓶身都有不同的颜色和图案。瓶子的形状和颜色设计各异，可能是用于不同的用途或产品。,0
5376,这是有害垃圾_滴眼液瓶。,这个垃圾属于塑料制品。,0
5377,这是有害垃圾_滴眼液瓶。,这个瓶子属于塑料制品。,0
5378,这是有害垃圾_滴眼液瓶。,这是一张塑料滴管瓶的照片。瓶子透明，带有滴管和滴管盖。滴管盖上有刻度线，便于测量滴管的使用量。这种瓶子通常用于滴眼药水、滴眼液或其他医疗药品。,1
5379,这是有害垃圾_滴眼液瓶。,这是一张展示一种透明滴剂瓶的照片。瓶子上有白色的盖子，瓶口为圆形，用于滴入液体。瓶子上有中文文字，显示了瓶子的容量为2毫升。图片中还提到瓶子有破损补偿，即如果瓶子损坏，可以免费更换新的瓶子。,1
5380,这是有害垃圾_滴眼液瓶。,这张图片里没有明显的垃圾。,0
5381,这是有害垃圾_滴眼液瓶。,图中没有垃圾。,0
5382,这是有害垃圾_玻璃灯管。,这张图片的内容属于电子产品，具体来说是节能灯。,1
5383,这是有害垃圾_玻璃灯管。,这是一根LED灯管。LED灯管是一种使用LED（发光二极管）作为光源的灯管，具有节能、环保、寿命长等优点。,1
5384,这是有害垃圾_玻璃灯管。,这张图片里是荧光灯管，属于有害垃圾。,1
5385,这是有害垃圾_玻璃灯管。,这张图片里没有明显的垃圾。,0
5386,这是有害垃圾_玻璃灯管。,这是一组T8 LED灯管。T8 LED灯管是一种LED（发光二极管）灯管，通常用于家庭和商业照明。它们具有高效、节能和长寿命的特点，是现代照明技术的重要组成部分。,1
5387,这是有害垃圾_玻璃灯管。,这张图片展示的是LED灯管，它们看起来是相同类型的。,1
5388,这是有害垃圾_玻璃灯管。,这是一根LED灯管。LED灯管是一种使用半导体发光二极管（LED）作为光源的灯管，具有节能、环保和寿命长等优点。,1
5389,这是有害垃圾_玻璃灯管。,图片中的物品属于其他垃圾。,0
5390,这是有害垃圾_玻璃灯管。,这是一个LED灯管。LED灯管是一种使用LED（发光二极管）作为光源的灯管，通常用于家庭和商业场所的照明。LED灯管具有高亮度、低能耗和长寿命的特点，是许多现代照明解决方案的一部分。,1
5391,这是有害垃圾_电池。,图中没有垃圾。,0
5392,这是有害垃圾_电池。,这是金霸王品牌的碱性电池。,1
5393,这是有害垃圾_电池。,图中没有垃圾，只有一组电池和包装。,1
5394,这是有害垃圾_电池。,这张图片里是一组绿色的电池。,1
5395,这是有害垃圾_电池。,这是一张显示四节锂电池的照片。电池上标注了“2800mAh”和“Delipow”字样，表明这些电池的容量为2800mAh。电池的外壳上有绿色和银色的条纹。电池放在一个充电器上，充电器的品牌是“Delipow”。,1
5396,这是有害垃圾_电池。,图片中的物品属于其他垃圾类别。,0
5397,这是有害垃圾_电池。,这个垃圾属于电子垃圾。,0
5398,这是有害垃圾_电池。,这是两节黄色的AA电池。AA电池通常用于消费电子设备，如手机、相机等。,1
5399,这是有害垃圾_电池。,这张图片里没有提到具体的垃圾类型，只是展示了南孚品牌的电池产品。,1
5400,这是有害垃圾_电池。,这是几种不同品牌的电池。左上角的电池是倍胜品牌的2500mAh 1.2V Ni-MH电池，左下角的电池是Doublepow品牌的900mAh 1.2V锂离子电池，右下角的电池是倍胜品牌的900mAh 1.2V锂离子电池。,1
5401,这是有害垃圾_电池。,这张图片中的电池属于电子产品，可以归类为电子垃圾。,0
5402,这是有害垃圾_电池。,这是一包南孚电池。包装上写着“南孚电池”和“聚能环”字样，显示该电池具有更好的性能和寿命。包装上还标有“12粒 超值装”字样，表示这是一包包含12个电池的套装。包装盒上还有“5号 12粒装”字样，表明该电池的规格和数量。,1
5403,这是有害垃圾_电池。,图中的垃圾是南孚电池，包装上写着“南孚电池”和“抢观彩红包”，包装上有“抢观彩红包”字样，这可能是广告宣传的一部分。,1
5404,这是有害垃圾_电池。,这张图片里是电池，属于有害垃圾。,1
5405,这是有害垃圾_电池。,这张图片里的是电子废弃物。,0
5406,这是有害垃圾_电池。,图中的垃圾是：塑料包装盒。,0
5407,这是有害垃圾_电池。,这个垃圾属于电子产品废弃物。,0
5408,这是有害垃圾_电池。,这张图片里的是有害垃圾。,1
5409,这是有害垃圾_电池。,这个垃圾属于电子垃圾。,0
5410,这是有害垃圾_电池。,图片中的物品属于有害垃圾类别。,1
5411,这是有害垃圾_电池。,这个垃圾是电子产品垃圾。,0
5412,这是有害垃圾_电池。,这是南孚牌的AA电池。南孚牌的电池以其高质量和耐用性而闻名。,1
5413,这是有害垃圾_电池。,图中的垃圾是“ Panasonic 松下电棒 低频振电电池 4节7号”,1
5414,这是有害垃圾_电池。,图中的垃圾是四个黑色的电池。,1
5415,这是有害垃圾_电池。,这张图片里显示的是三节AA电池，这属于有害垃圾。,1
5416,这是有害垃圾_电池。,这是一组四节AAA电池，标有“Vinnic”品牌。这些电池适用于大多数需要低电压和小电流的电子设备，如便携式设备、玩具、遥控器等。,1
5417,这是有害垃圾_电池。,这张图片里的是干电池，属于有害垃圾。,1
5418,这是有害垃圾_电池。,图中的垃圾是：南孚电池。,1
5419,这是有害垃圾_电池。,这是一包555碱性电池。555碱性电池是一种常用的碱性电池，常用于家庭电器、玩具、遥控器、数码设备等。,1
5420,这是有害垃圾_电池。,根据图片中的信息，物品属于可回收物类别。,0
5421,这是有害垃圾_电池。,图中没有垃圾，是一堆华太电池。,1
5422,这是有害垃圾_电池。,图中没有垃圾。,0
5423,这是有害垃圾_电池。,根据图片中的物品，这个物品属于有害垃圾。,1
5424,这是有害垃圾_电池。,这是两个AAA电池。,1
5425,这是有害垃圾_电池。,这张图片里没有提到任何垃圾，只是展示了华太电池的广告。,1
5426,这是有害垃圾_电池。,图中的垃圾是“凌力电池 60粒 50包 50邮 7号电池”。,1
5427,这是有害垃圾_电池。,图片中的物品属于其他垃圾。,0
5428,这是有害垃圾_电池。,这是彩虹色的AA电池。它们被排列成一排，颜色从左到右分别是紫色、粉色、红色、橙色、黄色、绿色、蓝色、紫色和红色。,1
5429,这是有害垃圾_电池。,这张图片中的电池属于电子垃圾。电子垃圾是指含有电池、电线、变压器、电灯泡、荧光灯、荧光灯管、电池座、电池盒、电池夹、电池壳、电池夹线圈、电池夹盖、电池盖、电池帽、电池帽盖、电池帽线圈、电池盒盖、电池盒盖盖、电池盒盖线圈、电池盒盖帽、电池盒盖帽盖、电池盒盖帽线圈、电池盒盖帽盖、电池盒盖帽线圈、电池盒盖帽盖、电池盒盖帽线圈、电池盒盖帽盖、电池盒盖帽线圈、电池盒盖帽盖、电池盒盖帽线圈、电池盒盖帽盖、电池盒盖帽线圈、电池盒盖帽盖、电池盒盖帽线圈、电池盒盖帽盖、电池盒盖帽线圈、电池盒盖帽盖、电池盒盖帽线圈、电池盒盖帽盖、电池盒盖帽线圈、电池盒盖帽盖、电池盒盖帽线圈、电池盒盖帽盖、电池盒盖帽线圈、电池盒盖帽盖、电池盒盖帽线圈、电池盒盖帽盖、电池盒盖帽线圈、电池盒盖帽盖、电池盒盖帽线圈、电池盒盖帽盖、电池盒盖帽线圈、电池盒盖帽盖、电池盒盖帽线圈、电池盒盖帽盖、电池盒盖帽线圈、电池盒盖帽盖、电池盒盖帽线圈、电池盒盖帽盖、电池盒盖帽线圈、电池盒盖帽盖、电池盒盖帽线圈、电池盒盖帽盖、电池盒盖帽线圈、电池盒盖帽盖、电池盒盖帽线圈、电池盒盖帽盖、电池盒盖帽线圈、电池盒盖帽盖、电池盒盖帽线圈、电池盒盖帽盖、电池盒盖帽线圈、电池盒盖帽盖、电池盒盖帽线圈、电池盒盖帽盖、电池盒盖帽线圈、电池盒盖帽盖、电池盒盖帽线圈、电池盒盖帽盖、电池盒盖帽线圈、电池盒盖帽盖、电池盒盖帽线圈、电池盒盖帽盖、电池盒盖帽线圈、电池盒盖帽盖、电池盒盖,1
5430,这是有害垃圾_电池。,图中的垃圾是电池。,1
5431,这是有害垃圾_电池。,图中没有垃圾，是一堆黄色的麦克风电池。,1
5432,这是有害垃圾_电池。,图中的垃圾是干电池。,1
5433,这是有害垃圾_电池。,这张图片里是电子废弃物。,0
5434,这是有害垃圾_电池。,图片中的物品属于有害垃圾类别。,1
5435,这是有害垃圾_电池。,这是一组南孚牌的AA电池。,1
5436,这是有害垃圾_电池。,这张图片里的是废旧电池。,1
5437,这是有害垃圾_电池。,图片中的物品属于其他垃圾类别。,0
5438,这是有害垃圾_电池。,这张图片里是一次性电池。,1
5439,这是有害垃圾_电池。,根据图片中的物品，这是一个AA5号碳性电池，属于其他垃圾类别。,0
5440,这是有害垃圾_电池。,这个垃圾属于电子产品废弃物。,0
5441,这是有害垃圾_电池。,这是两种不同类型的电池。上图中的是索尼（Sony）的AA型电池，下图中的是福臣（Fenix）的AAA型电池。,1
5442,这是有害垃圾_电池。,这是一组电池，包装上写着“Dian Wei”和“GENERAL PURPOSE”。电池的类型是AA（1.5伏），包装上有“R6S”字样。,1
5443,这是有害垃圾_电池。,这是AA电池。,1
5444,这是有害垃圾_电池。,图中的垃圾是AA型的充电电池。,1
5445,这是有害垃圾_电池。,图中的垃圾是电池。,1
5446,这是有害垃圾_电池。,这是四个“TOSHIBA”品牌的电池。,1
5447,这是有害垃圾_电池。,这张图片里没有提到垃圾，图片中的是一节AAA号碱性电池。,1
5448,这是有害垃圾_电池。,图中显示的是一个塑料盒子，盒子内装有4节电池。,1
5449,这是有害垃圾_电池。,这张图片里没有垃圾。,0
5450,这是有害垃圾_电池。,图中没有垃圾。,0
5451,这是有害垃圾_电池。,这个垃圾属于有害垃圾，因为它是锂电池。,1
5452,这是有害垃圾_电池。,图中没有垃圾，是一张电池包装盒的图片。,0
5453,这是有害垃圾_电池。,这个垃圾是电池。,1
5454,这是有害垃圾_电池。,图片中的物品属于有害垃圾类别。,1
5455,这是有害垃圾_电池。,有害垃圾,1
5456,这是有害垃圾_电池。,这是一组倍量牌的充电电池。这些电池通常用于电子设备，如遥控器、相机、电子秤等。充电电池通常使用USB充电，需要一个充电器来为电池充电。,1
5457,这是有害垃圾_电池。,图片中的物品属于有害垃圾。,1
5458,这是有害垃圾_电池。,这是一张关于DEK 品牌充电器的图片。根据图片中的信息，这是一款充电器。由于图片中没有包含任何垃圾相关的元素，因此不需要对图片进行分类。,0
5459,这是有害垃圾_电池。,图片中的物品属于有害垃圾。,1
5460,这是有害垃圾_电池。,图片中的物品属于有害垃圾类别。,1
5461,这是有害垃圾_电池板。,图片中的物品属于其他垃圾类别。,0
5462,这是有害垃圾_电池板。,这张图片里是工业废弃物。,0
5463,这是有害垃圾_电池板。,这张图片里的是太阳能板，这是一种可再生能源，可以用于发电。太阳能板通常由太阳能电池组成，太阳能电池将太阳光能转化为电能。太阳能板广泛应用于太阳能发电、太阳能热水器等领域。,0
5464,这是有害垃圾_电池板。,这是一张太阳能电池板的广告图片。太阳能电池板是一种将太阳能转化为电能的装置，通常用于为移动设备供电，如手机、笔记本电脑等。图片中太阳能电池板的设计看起来非常紧凑，可能是为了节省空间和提高效率。,0
5465,这是有害垃圾_电池板。,图中的垃圾是三星原装配件。,0
5466,这是有害垃圾_电池板。,这张图片可能属于以下类别之一：  1. **自然与环境**：这张图片可能与自然环境有关，如太阳能发电设备、自然景观等。 2. **科技与工程**：这张图片可能与科技和工程有关，如太阳能发电设备、科技产品等。 3. **建筑与结构**：这张图片可能与建筑和结构有关，如太阳能发电屋顶、建筑结构等。 4. **科技与能源**：这张图片可能与科技与能源有关，如太阳能发电设备、能源利用等。  请根据图片内容进行分类。,0
5467,这是有害垃圾_电池板。,图片中的物品属于其他垃圾类别。,0
5468,这是有害垃圾_电池板。,这张图片里是太阳能电池板，属于电子垃圾。,0
5469,这是有害垃圾_电池板。,图中的垃圾是太阳能电池板和太阳。,0
5470,这是有害垃圾_电池板。,图片中的物品属于可回收物。,0
5471,这是有害垃圾_电池板。,图中的垃圾是太阳能板。,0
5472,这是有害垃圾_电池板。,图片中的物品属于其他垃圾类别。,0
5473,这是有害垃圾_电池板。,这是一张太阳能电池板的照片。太阳能电池板是一种将太阳能转化为电能的装置，通常用于供电设备、太阳能热水器和太阳能路灯等。图片中可以看到太阳能电池板的大小和结构，以及包装。,0
5474,这是有害垃圾_电池板。,这是一个太阳能电池板。太阳能电池板是一种利用太阳能产生电力的装置，通常安装在户外环境中，如屋顶、墙壁或窗户上。这些电池板可以通过光伏效应将太阳光能转化为电能，常用于家庭供电、电动工具充电和太阳能热水器等领域。,1
5475,这是有害垃圾_电池板。,这是一张太阳能电池板的照片。太阳能电池板是利用太阳能将光能转化为电能的装置。通常，太阳能电池板是由许多太阳能电池单元（也称为太阳能电池）组成的，这些太阳能电池单元相互连接成一个整体，形成太阳能电池板。太阳能电池板可以安装在屋顶、墙壁或其他表面，以获取太阳能。,1
5476,这是有害垃圾_电池板。,这张图片里是废旧电子产品，属于有害垃圾。,1
5477,这是有害垃圾_电池板。,这张图片中的垃圾是太阳能电池板。,1
5478,这是有害垃圾_电池板。,图片中的物品属于其他垃圾。,0
5479,这是有害垃圾_电池板。,这张图片显示的是太阳能电池板。太阳能电池板是一种将太阳能转换为电能的设备，通常用于太阳能发电。,0
5480,这是有害垃圾_电池板。,图片中的物品属于可回收物。,0
5481,这是有害垃圾_电池板。,这是一张太阳能电池板的图片。太阳能电池板是一种将太阳能转化为电能的装置，通常安装在太阳能光伏系统中。图中显示的太阳能电池板信息包括其功率（30W）和电压（18V），以及其在太阳能发电方面的优势，如高效率、低维护成本和良好的使用寿命。,1
5482,这是有害垃圾_电池板。,这张图片展示的是一个太阳能电池板，太阳能电池板是一种利用太阳光产生电能的设备。它主要由许多太阳能电池组成，每个太阳能电池由一层半导体材料制成，当太阳能电池板吸收太阳光时，太阳能电池的半导体材料会导电，从而产生电流。太阳能电池板通常用于家庭、工业和农业等领域，以提供电力来源。,1
5483,这是有害垃圾_碘伏空瓶。,图中的垃圾是瓶子。,1
5484,这是有害垃圾_碘伏空瓶。,图中的垃圾是瓶子。,1
5485,这是有害垃圾_碘伏空瓶。,这是一瓶碘伏消毒液。碘伏是一种常用的消毒剂，通常用于皮肤消毒、伤口消毒和环境消毒。碘伏的主要成分是碘和酒精，能够迅速杀死大多数细菌和病毒，具有良好的消毒效果。,1
5486,这是有害垃圾_碘伏空瓶。,这是一瓶碘伏消毒液，包装上写着“邦迪杰克 碘伏消毒液 PVP-I SPRAY 喷雾剂”，容量为100毫升。,1
5487,这是有害垃圾_碘伏空瓶。,这是利尔康牌碘伏消毒液，适用于家庭消毒使用。,1
5488,这是有害垃圾_碘伏空瓶。,图片中的物品属于其他垃圾类别。,0
5489,这是有害垃圾_碘伏空瓶。,图中的垃圾是一瓶消毒液。,1
5490,这是有害垃圾_碘伏空瓶。,图片中的物品属于其他垃圾。,0
5491,这是有害垃圾_碘伏空瓶。,图中的垃圾是碘伏。,1
5492,这是有害垃圾_碘伏空瓶。,这张图片里的垃圾是电子废弃物。,0
5493,这是有害垃圾_碘伏空瓶。,图中的垃圾是两个绿色的瓶子，上面有红色和蓝色的标签，标签上写着“碘伏”和“碘酒”字样。瓶子旁边还有一束花。,1
5494,这是有害垃圾_碘伏空瓶。,这个垃圾属于“医疗废物”。,0
5495,这是有害垃圾_碘伏空瓶。,图中的垃圾是两瓶碘酒。,1
5496,这是有害垃圾_碘伏空瓶。,这张图片里的垃圾是塑料垃圾。,0
5497,这是有害垃圾_碘伏空瓶。,这张图片里是医疗废物。,0
5498,这是有害垃圾_碘伏空瓶。,图中的垃圾是塑料瓶。,0
5499,这是有害垃圾_碘伏空瓶。,图中的垃圾是聚维酮碘消毒液。,1
5500,这是有害垃圾_碘伏空瓶。,图中的垃圾是三个红色的瓶子。,0
5501,这是有害垃圾_碘伏空瓶。,图中没有垃圾。,0
5502,这是有害垃圾_碘伏空瓶。,图中的垃圾是瓶子。,1
5503,这是有害垃圾_碘伏空瓶。,图中没有垃圾。,0
5504,这是有害垃圾_碘伏空瓶。,这张图片里的是有害垃圾。,0
5505,这是有害垃圾_碘伏空瓶。,这是一瓶橙色的洗洁精，包装上有一些信息，包括产品的名称和联系方式。,0
5506,这是有害垃圾_碘伏空瓶。,这是安捷牌碘伏消毒液。,1
5507,这是有害垃圾_碘伏空瓶。,这个垃圾属于医疗垃圾。,0
5508,这是有害垃圾_碘伏空瓶。,图中的垃圾是一瓶橙色的消毒棉球。,0
5509,这是有害垃圾_红花油。,图中没有垃圾。,0
5510,这是有害垃圾_红花油。,图中的垃圾是红花油。,1
5511,这是有害垃圾_红花油。,图片中的物品属于有害垃圾类别。,1
5512,这是有害垃圾_红花油。,这张图片里显示的是一个旧盒子，里面装有“正红花油”产品。这个盒子属于旧式包装，可能含有药品或化妆品。,1
5513,这是有害垃圾_红花油。,根据图片中的信息，物品属于“其他垃圾”类别。,0
5514,这是有害垃圾_红花油。,这是斧标正红花油，是一款常用的中药材。红花油具有一定的医疗作用，主要用于治疗关节炎、跌打损伤等症状。,1
5515,这是有害垃圾_红花油。,根据图片中的信息，物品属于不可回收垃圾类别。,0
5516,这是有害垃圾_红花油。,图片中的物品属于有害垃圾类别。,1
5517,这是有害垃圾_红花油。,图中没有垃圾。,0
5518,这是有害垃圾_红花油。,这张图片中的垃圾属于不可回收垃圾。,0
5519,这是有害垃圾_红花油。,这张图片中的产品是一种中草药，属于中药范畴，可能属于医疗垃圾。中药是中药，属于医疗垃圾。,0
5520,这是有害垃圾_红花油。,这张图片中的垃圾是医疗废物。医疗废物是指在医疗卫生机构产生的、被污染的或者被病原体污染的医疗废物。,0
5521,这是有害垃圾_红花油。,图中的垃圾是塑料瓶。,0
5522,这是有害垃圾_红花油。,图中的垃圾是活络油。,1
5523,这是有害垃圾_红花油。,这是四瓶装的圣火香油。,0
5524,这是有害垃圾_红花油。,这张图片里是可回收物。,0
5525,这是有害垃圾_红花油。,图片中的物品属于其他垃圾类别。,0
5526,这是有害垃圾_红花油。,这是一瓶蛇油精抑菌液。蛇油精是一种传统的中医外用药，主要用于治疗皮肤瘙痒、湿疹、蚊虫叮咬等皮肤问题。蛇油精含有天然的蛇毒成分，具有消炎止痛的效果。通常，使用蛇油精时需要按照说明书上的剂量和方法使用，以确保安全和效果。,0
5527,这是有害垃圾_红花油。,这张图片中的垃圾是：塑料包装盒。,0
5528,这是有害垃圾_红花油。,这是WINSOR & NEWTON的油画媒介剂，适用于油画颜料。,0
5529,这是有害垃圾_红花油。,图片中的物品属于有害垃圾。,1
5530,这是有害垃圾_红花油。,图中的垃圾是“红花油”。,1
5531,这是有害垃圾_红花油。,这张图片里是一瓶红花油，不属于有害垃圾，是普通垃圾。,0
5532,这是有害垃圾_红花油。,这张图片里是一瓶“红花油”，这是一瓶用于皮肤护理的药膏，属于医疗用品或药品。,1
5533,这是有害垃圾_红花油。,图中没有垃圾。,0
5534,这是有害垃圾_红花油。,有害垃圾,1
5535,这是有害垃圾_纽扣电池。,这张图片里的是废旧电池。废旧电池通常属于有害垃圾，需要专门的回收和处理。,1
5536,这是有害垃圾_纽扣电池。,这张图片中的电池是一个锂离子电池（Lithium Cell），其型号是CR2354。以下是对这个电池的详细信息：  - **电池类型**：锂离子电池（Lithium Cell） - **型号**：CR2354 - **电压**：3V - **电芯类型**：SC8  锂离子电池是一种常用的电池类型，广泛应用于各种设备中，如手表、遥控器、电子秤等。它们具有高能量密度和高功率密度，适合于需要大电流输出的设备。CR2354电池是一种常见的锂离子电池，具有一定的耐用性和可靠性。,1
5537,这是有害垃圾_纽扣电池。,这个垃圾属于电子垃圾。,0
5538,这是有害垃圾_纽扣电池。,这张图片里的电池是干电池，通常称为纽扣电池。它们是常用的电池类型，广泛用于手表、计算器、玩具和其他电子设备。,1
5539,这是有害垃圾_纽扣电池。,图中的垃圾是两个锂离子电池。,1
5540,这是有害垃圾_纽扣电池。,图中的垃圾是一块CR2025锂离子电池。,1
5541,这是有害垃圾_纽扣电池。,图片中的物品属于其他垃圾类别。,0
5542,这是有害垃圾_纽扣电池。,图中的垃圾是CR2032电池。,1
5543,这是有害垃圾_纽扣电池。,锂电池属于有害垃圾。,0
5544,这是有害垃圾_纽扣电池。,这是一节AA电池。AA电池通常用于玩具、遥控设备、电子设备等。它们通常有一个两极的电池头，可以在两极之间插入另一块电池或电线。,0
5545,这是有害垃圾_纽扣电池。,这是一组CR2032和LIR2025锂离子电池。CR2032电池是一种3V的锂离子电池，而LIR2025电池也是一种3V的锂离子电池。这两种电池通常用于需要低功耗的应用，如电子秤、电子秤等。,1
5546,这是有害垃圾_纽扣电池。,这是CR2016锂电池。CR2016是一种常见的纽扣电池，常用于电子设备中的开关、按键、防盗报警器等。它是一种干电池，通常具有较高的电量和低自放电率。,1
5547,这是有害垃圾_纽扣电池。,这张图片里是一块CR2016电池。CR2016是一种常用的纽扣电池，常用于电子设备中的电源开关、定时器等电路中。它是一种干电池，可以在常温下使用。,1
5548,这是有害垃圾_纽扣电池。,图中没有垃圾。,0
5549,这是有害垃圾_纽扣电池。,图中的垃圾是金属片。,0
5550,这是有害垃圾_纽扣电池。,根据图片内容，我们可以判断出这个物品属于有害垃圾。有害垃圾是指对环境有害的垃圾，包括废电池、废荧光灯管、废油漆桶、废药品、废油漆和过期药品等。,1
5551,这是有害垃圾_纽扣电池。,图中的垃圾是电池。,1
5552,这是有害垃圾_胶水。,这个垃圾应该属于有害垃圾。,0
5553,这是有害垃圾_胶水。,,0
5554,这是有害垃圾_胶水。,这张图片里是一盒胶水，属于普通的生活垃圾。,0
5555,这是有害垃圾_胶水。,图中没有垃圾，只是一个黄色包装盒和里面的一管胶水。,1
5556,这是有害垃圾_胶水。,图中的垃圾是胶水。,1
5557,这是有害垃圾_胶水。,这个垃圾属于其他垃圾。,0
5558,这是有害垃圾_胶水。,该物品属于废品。,0
5559,这是有害垃圾_胶水。,这是一组三盒的产品。根据包装上的信息，这可能是一些药品或保健品。具体是什么产品，需要查看包装上的详细信息。,0
5560,这是有害垃圾_胶水。,根据图片内容，物品属于有害垃圾。,0
5561,这是有害垃圾_胶水。,这是一组塑料瓶，瓶身是长方体形状，颜色分别为蓝色、黄色和白色。每个瓶子的顶部都有一个配套的塑料盖。,0
5562,这是有害垃圾_胶水。,这个垃圾属于“其他垃圾”。,0
5563,这是有害垃圾_胶水。,这是一个塑料瓶，上面有三个瓶子，每个瓶子上都标有“2L997-1”和“141111”字样。这些数字可能表示产品的编号或批次号。塑料瓶通常用于存储液体或固体物质。,0
5564,这是有害垃圾_胶水。,这是一个塑料瓶，通常用于盛装液体。它有两个尖尖的尖嘴，通常用于涂抹或滴入液体。这种瓶子常见于实验室、医疗用品和清洁用品等领域。,0
5565,这是有害垃圾_胶水。,有害垃圾,1
5566,这是有害垃圾_胶水。,图中的垃圾是6瓶不同颜色的胶水。,1
5567,这是有害垃圾_胶水。,这是“502瞬间粘合胶水”产品包装。502瞬间粘合胶水是一种胶水，用于快速粘合不同材料，如金属、塑料、木材、纸张等。它具有很强的粘性，可以在短时间内迅速粘合，适用于各种工业和家用用途。,1
5568,这是有害垃圾_胶水。,这张图片里是塑料垃圾。,0
5569,这是有害垃圾_胶水。,图中的垃圾是塑料瓶。,0
5570,这是有害垃圾_胶水。,根据图片内容，该物品属于其他垃圾。,0
5571,这是有害垃圾_胶水。,图中没有垃圾。,0
5572,这是有害垃圾_胶水。,这个垃圾属于有害垃圾。,1
5573,这是有害垃圾_胶水。,图中的垃圾是502胶水瓶。,1
5574,这是有害垃圾_胶水。,这是Aibida品牌的502胶水，一种用于瞬间粘合的胶水。502胶水在工业和日常生活中非常常见，用于修理、组装和粘合各种物体。它的特点是快速干燥和高强度，适合粘合各种材料，如金属、塑料、木材等。,1
5575,这是有害垃圾_药品包装。,图中的垃圾是“板蓝根颗粒”。,1
5576,这是有害垃圾_药品包装。,这个垃圾属于可回收物。,0
5577,这是有害垃圾_药品包装。,图片中的物品属于其他垃圾类别。,0
5578,这是有害垃圾_药品包装。,这是一个室内公共场所，可能是一个医院或诊所的候诊区。墙上挂着一些标志，显示着不同的服务区域，如“药房”、“西药房”等。候诊区有一排椅子，供人们等待就诊。,0
5579,这是有害垃圾_药品包装。,这张图片中的垃圾是塑料袋。,0
5580,这是有害垃圾_药品包装。,这个垃圾属于有害垃圾。,0
5581,这是有害垃圾_药品包装。,图中的垃圾是板蓝根颗粒。,1
5582,这是有害垃圾_药品包装。,这是一个药品包装袋，袋装药品为板蓝根颗粒，批号Z43020250，属于OTC非处方药。,1
5583,这是有害垃圾_药品包装。,图片中的物品属于可回收物类别。,0
5584,这是有害垃圾_药品包装。,根据图片内容，该物品属于“医疗垃圾”。,0
5585,这是有害垃圾_药品包装。,图中的垃圾是儿童常用感冒药，具体是万通小儿氨酚黄那敏颗粒和小儿化痰止咳颗粒。,1
5586,这是有害垃圾_药品包装。,这张图片里的垃圾是塑料垃圾。塑料垃圾通常由塑料材料制成，通常用于包装、容器、包装材料等。塑料垃圾对环境和健康有严重影响，需要通过回收和处理来减少对环境的影响。,0
5587,这是有害垃圾_药品包装。,这张图片里是一次性包装的药品，应该属于医疗废物。,0
5588,这是有害垃圾_药品包装。,图中的垃圾是板蓝根颗粒。,1
5589,这是有害垃圾_药品包装。,根据图片中的物品描述，该物品属于“药品垃圾”。,1
5590,这是有害垃圾_药品包装。,根据图片中的物品，可以判断该物品属于其他垃圾类别。,0
5591,这是有害垃圾_药品包装。,这是一袋康点夏桑菊颗粒。康点是香港的一个品牌，夏桑菊是一种常见的中药材，具有清热解毒的功效。,1
5592,这是有害垃圾_药品包装。,这是白云山复方板蓝根颗粒。这是一种常见的中药，用于风热感冒和咽喉肿痛等症状。白云山是著名的中药品牌之一，生产和销售多种中药产品。,1
5593,这是有害垃圾_药品包装。,图中的垃圾是“板蓝根颗粒”。,1
5594,这是有害垃圾_药品包装。,图中的垃圾是塑料袋。,0
5595,这是有害垃圾_药品包装。,图片中的物品属于其他垃圾类别。,0
5596,这是有害垃圾_药品包装。,这张图片里的是可回收物垃圾。,0
5597,这是有害垃圾_药品包装。,这是一个包装袋，上面有“板蓝根”的字样。板蓝根是一种中药材，常用于治疗感冒和流感等疾病。,1
5598,这是有害垃圾_药品包装。,这是复方板蓝根颗粒，是一种用于清热解毒、凉血的中药。通常用于治疗感冒、发热、头痛等症状。建议在医生指导下使用，不要超过推荐剂量。,0
5599,这是有害垃圾_药品包装。,这是一袋方蓝颗粒，可能用于化学或制药行业。具体用途需要更多信息来确定。,0
5600,这是有害垃圾_药品包装。,这张图片中的垃圾是“药品包装盒”。,1
5601,这是有害垃圾_药品包装。,这是一个中药颗粒包装盒，包装盒上写着“复方感冒灵颗粒”。这个药品用于风寒感冒之发热、恶寒、头痛、身痛、口干咽痛、鼻塞流涕、咳嗽痰多、痰黄粘稠。每盒装有9小袋，每袋15克。,1
5602,这是有害垃圾_药品包装。,这是白云山板蓝根颗粒，是一种常见的清热解毒凉血利咽的中药。,0
5603,这是有害垃圾_药品包装。,这张图片里是宠物消咳喘口服液。,1
5604,这是有害垃圾_药品包装。,图片中的物品属于其他垃圾。,0
5605,这是有害垃圾_药品包装。,这个垃圾属于医疗废物。,0
5606,这是有害垃圾_药品包装。,根据物品的描述，这个物品属于医疗垃圾。医疗垃圾是指含有对健康有害物质的废弃物，需要特殊处理和处置。医疗垃圾需要由专门的医疗废物处理机构进行处理，以确保废弃物的安全和卫生。,0
5607,这是有害垃圾_药品包装。,这张图片里的是垃圾。,0
5608,这是有害垃圾_药品包装。,根据图片中的描述，这个物品属于垃圾类别中的药品。,0
5609,这是有害垃圾_药品包装。,这是一个中药瓶子，上面写着“中龙胖净 富硒浓痰止咳痰咳痰咳痰咳痰咳痰咳痰咳痰咳痰咳痰咳痰咳痰咳痰咳痰咳痰咳痰咳痰咳痰咳痰咳痰咳痰咳痰咳痰咳痰咳痰咳痰咳痰咳痰咳痰咳痰咳痰咳痰咳痰咳痰咳痰咳痰咳痰咳痰咳痰咳痰咳痰咳痰咳痰咳痰咳痰咳痰咳痰咳痰咳痰咳痰咳痰咳痰咳痰咳痰咳痰咳痰咳痰咳痰咳痰咳痰咳痰咳痰咳痰咳痰咳痰咳痰咳痰咳痰咳痰咳痰咳痰咳痰咳痰咳痰咳痰咳痰咳痰咳痰咳痰咳痰咳痰咳痰咳痰咳痰咳痰咳痰咳痰咳痰咳痰咳痰咳痰咳痰咳痰咳痰咳痰咳痰咳痰咳痰咳痰咳痰咳痰咳痰咳痰咳痰咳痰咳痰咳痰咳痰咳痰咳痰咳痰咳痰咳痰咳痰咳痰咳痰咳痰咳痰咳痰咳痰咳痰咳痰咳痰咳痰咳痰咳痰咳痰咳痰咳痰咳痰咳痰咳痰咳痰咳痰咳痰咳痰咳痰咳痰咳痰咳痰咳痰咳痰咳痰咳痰咳痰咳痰咳痰咳痰咳痰咳痰咳痰咳痰咳痰咳痰咳痰咳痰咳痰咳痰咳痰咳痰咳痰咳痰咳痰咳痰咳痰咳痰咳痰咳痰咳痰咳痰咳痰咳痰咳痰咳痰咳痰咳痰咳痰咳痰咳痰咳痰咳痰咳痰咳痰咳痰咳痰咳痰咳痰咳痰咳痰咳痰咳痰咳痰咳痰咳痰咳痰咳痰咳痰咳痰咳痰咳痰咳痰咳痰咳痰咳痰咳痰咳痰咳痰咳痰咳痰咳痰咳痰咳痰咳痰咳痰咳痰咳痰咳痰咳痰咳痰咳痰咳痰咳痰咳痰咳痰咳痰咳痰咳痰咳痰咳痰咳痰咳痰咳痰咳痰咳痰咳痰咳痰咳痰咳痰咳痰咳痰咳痰咳痰咳痰咳痰咳痰咳痰咳痰咳痰咳,1
5610,这是有害垃圾_药品包装。,图片中的物品属于有害垃圾类别。,0
5611,这是有害垃圾_药品包装。,这是一个药品包装盒，包装上写着“小儿咳喘灵颗粒”，这是一类治疗小儿咳嗽和支气管炎的药品。,1
5612,这是有害垃圾_药品包装。,图片中的物品属于有害垃圾。,0
5613,这是有害垃圾_药品包装。,这张图片里的垃圾是“其他垃圾”。,0
5614,这是有害垃圾_药品包装。,这是一盒名为“新鲁鲁- A”的药物，具体来说是“New Lul-A”胶囊。它是一种第二类医疗药品，由日本三共雪印（Daichi-Sankyo）公司生产。这个药主要用于缓解疼痛、鼻塞和发热等症状。,1
5615,这是有害垃圾_药品包装。,这张图片里的是塑料垃圾。塑料垃圾通常包括塑料袋、塑料瓶、塑料容器、塑料包装等。,0
5616,这是有害垃圾_药品包装。,图片中的物品属于有害垃圾。,0
5617,这是有害垃圾_药品包装。,根据图片中的信息，这是一盒小儿氨酚黄那敏颗粒，属于药品类垃圾。,1
5618,这是有害垃圾_药品包装。,垃圾类型：药品,0
5619,这是有害垃圾_药品包装。,这是一包板蓝根颗粒，用于清凉饮用。,0
5620,这是有害垃圾_药品包装。,图中的垃圾是“板蓝根颗粒”广告贴纸。,0
5621,这是有害垃圾_药品包装。,这是一个兽药的包装盒，上面写着“感冒清”，并且有猫和狗的图案。,1
5622,这是有害垃圾_药品包装。,这是一包复方板蓝根颗粒。,1
5623,这是有害垃圾_药品包装。,这个垃圾应该属于“医疗废物”。,0
5624,这是有害垃圾_药品包装。,图中的垃圾是中药粉剂。,0
5625,这是有害垃圾_药品包装。,图中的垃圾是药盒。,1
5626,这是有害垃圾_药品包装。,图中的垃圾是塑料袋。,0
5627,这是有害垃圾_药品包装。,图中的垃圾是包装袋。,1
5628,这是有害垃圾_药品包装。,图片中的物品属于其他垃圾类别。,0
5629,这是有害垃圾_药品包装。,这是包装上的一张图片，显示了包装上的一些信息。包装上有一些中文文字，可能表示产品的品牌、制造商、生产地等信息。此外，包装上还有一张图片，可能是产品的一部分。包装上还显示了一些其他的标志和文字，但这些信息可能无法通过图片准确解读。,1
5630,这是有害垃圾_药品包装。,这张图片中的垃圾属于“有害垃圾”。,1
5631,这是有害垃圾_药品包装。,根据图片中的物品标签，这是一袋板蓝根颗粒。板蓝根颗粒是一种药品，不属于其他垃圾类别。,1
5632,这是有害垃圾_药品包装。,这个垃圾属于医疗废物。,0
5633,这是有害垃圾_药品包装。,这个垃圾属于医疗废物。,0
5634,这是有害垃圾_药品包装。,这是板蓝根颗粒，属于OTC药品，主要用于清热解毒，凉血利咽，适用于肺热、咽痛肿痛，用于急性扁桃体炎、急性上呼吸道感染。,1
5635,这是有害垃圾_药品包装。,这是一张药片的包装袋。包装袋上显示了“板蓝根颗粒”和“Banlangen Keli”字样，表明这是一种中药药片。包装袋上还显示了“OTC”标志，表示这是一种非处方药。包装袋上还显示了药品的生产厂家和生产日期等信息。,1
5636,这是有害垃圾_药品包装。,该物品属于厨余垃圾。,0
5637,这是有害垃圾_药品包装。,图中的垃圾是药品。,1
5638,这是有害垃圾_药品包装。,这张图片里的垃圾是塑料垃圾。,0
5639,这是有害垃圾_药品包装。,图中没有垃圾。,0
5640,这是有害垃圾_药品包装。,这张图片里是不可回收垃圾。因为图片中没有可回收的标签，也没有回收标志，无法判断这些垃圾是否可以回收。,0
5641,这是有害垃圾_药品包装。,这张图片中的垃圾是“药品包装盒”。,1
5642,这是有害垃圾_药品包装。,这是“佛龙”牌板蓝根颗粒冲剂。这是一种饮料，含有板蓝根等中药材，具有清热解毒的功效。,0
5643,这是有害垃圾_药品包装。,这个垃圾属于医疗废物。,0
5644,这是有害垃圾_药片。,这个垃圾应该属于“药品”类别。,1
5645,这是有害垃圾_药片。,这是维生素C片。维生素C是一种水溶性维生素，广泛存在于水果和蔬菜中，对维持皮肤健康、增强免疫力和预防感冒有重要作用。,1
5646,这是有害垃圾_药片。,图片中的物品属于其他垃圾。,0
5647,这是有害垃圾_药片。,图中没有垃圾。,0
5648,这是有害垃圾_药片。,这是一堆各种颜色的药片和胶囊。这些药片和胶囊可能用于治疗不同的疾病，如感冒、咳嗽、疼痛等。药片和胶囊通常由药物制成，用于治疗疾病或促进健康。,1
5649,这是有害垃圾_药片。,这张图片里是药片。,1
5650,这是有害垃圾_药片。,图片中的物品属于有害垃圾类别。,1
5651,这是有害垃圾_药片。,图片中的白色圆形药片属于其他垃圾。,0
5652,这是有害垃圾_药片。,图中的垃圾是白色药片。,1
5653,这是有害垃圾_药片。,这个垃圾属于医疗废物。,0
5654,这是有害垃圾_药片。,这个垃圾是一个塑料碗，里面装着一些白色药片。这个垃圾属于“其他垃圾”。其他垃圾包括但不限于包装垃圾、废纸、塑料、金属、玻璃等。,0
5655,这是有害垃圾_药片。,这张图片里是医疗垃圾。,0
5656,这是有害垃圾_药片。,这张图片里是一堆黄色的药片，这些药片可能被倒出后遗留在桌子上。,1
5657,这是有害垃圾_药片。,这张图片里的是白色药片。,1
5658,这是有害垃圾_药片。,这是一个药片，属于药品类垃圾。,1
5659,这是有害垃圾_药膏。,这是复方酮康唑软膏，适用于治疗皮肤真菌感染。,1
5660,这是有害垃圾_药膏。,这是金达克宁Daktarin Gold的乳膏。,1
5661,这是有害垃圾_药膏。,图中的垃圾是一管牙膏和一个纸盒。,0
5662,这是有害垃圾_药膏。,这张图片里是一个药膏包装盒，不属于可回收垃圾，也不属于其他垃圾，所以它不是垃圾。,0
5663,这是有害垃圾_药膏。,这张图片里的垃圾是塑料垃圾。,0
5664,这是有害垃圾_药膏。,图中的垃圾是一根牙膏。,0
5665,这是有害垃圾_药膏。,图中的垃圾是一盒牙膏。,0
5666,这是有害垃圾_药膏。,这张图片里的垃圾是电子垃圾。,0
5667,这是有害垃圾_药膏。,这是一盒达克宁硝酸咪康唑乳膏。达克宁是一种抗真菌药物，用于治疗皮肤真菌感染。硝酸咪康唑是其中的主要成分。,1
5668,这是有害垃圾_药膏。,这张图片里是可回收物。,0
5669,这是有害垃圾_药膏。,图中没有垃圾。,0
5670,这是有害垃圾_药膏。,这是“炎悦”品牌的护肤凝胶。,0
5671,这是有害垃圾_药膏。,这是强力皮康王，是一种外用药物，用于治疗皮肤瘙痒、过敏等症状。,1
5672,这是有害垃圾_药膏。,图片中的物品属于可回收物。,0
5673,这是有害垃圾_蓄电池。,图片中的物品属于有害垃圾类别。,0
5674,这是有害垃圾_蓄电池。,根据图片内容，物品属于不可回收物。,0
5675,这是有害垃圾_蓄电池。,这是一块铅酸电池。铅酸电池是一种常用的直流电源，通常用于电动工具、路灯、太阳能发电系统等。铅酸电池的电池板通常包括电池外壳、极板、电解液、隔板等部分。,1
5676,这是有害垃圾_蓄电池。,图片中的物品属于其他垃圾。,0
5677,这是有害垃圾_蓄电池。,这是一块电源设备使用的铅蓄电池，型号为YUASA NP7-12。它是一种铅酸电池，通常用于需要稳定供电的应用，如电动自行车、UPS电源等。,1
5678,这是有害垃圾_蓄电池。,这是一张显示了一个汽车电池及其包装盒的照片。包装盒上显示了“广州市珠江船舶物资有限公司”和“55519 12V 55Ah”等信息。电池看起来像是由骆驼集团有限公司生产的，电池本身没有明显的标志。,1
5679,这是有害垃圾_蓄电池。,这是FIAMM品牌的12SP33铅酸蓄电池。,1
5680,这是有害垃圾_蓄电池。,这张图片里没有提到任何垃圾。,0
5681,这是有害垃圾_蓄电池。,图片中的物品属于有害垃圾。,0
5682,这是有害垃圾_蓄电池。,图片中的物品属于其他垃圾。,0
5683,这是有害垃圾_蓄电池。,这个图中是一个电池，电池内部结构和功能可能会影响分类。以下是一些可能的分类方法：  1. 电子垃圾：如果电池的外壳、电路板和电子元件被拆解后，电池可能属于电子垃圾。这些电子垃圾可能会包含有害物质，需要进行特殊的处理。  2. 电池回收：如果电池被完好无损，且电池盒内没有有害物质，那么这个电池可以被回收利用。回收后，电池盒可以作为其他产品的原料。  3. 废旧电器：如果电池被损坏或废弃，那么这个电池可以被归类为废旧电器。废旧电器通常会被回收利用，以便回收利用其中的材料。  4. 电子废物：如果电池被拆解后，发现电池盒内有有害物质，那么这个电池可以被归类为电子废物。电子废物通常会被回收利用，以便回收利用其中的材料。  以上仅是一些可能的分类方法，具体的分类方法还需要根据电池的具体情况进行判断。,1
5684,这是有害垃圾_蓄电池。,这是一块汽车电池。电池是一种将电能转化为化学能的装置，用于储存和释放电能。在汽车中，电池的作用是为车辆提供电力。,1
5685,这是有害垃圾_蓄电池。,这是一块电池，型号为NTCCA NP17-12 12V 17Ah。,1
5686,这是有害垃圾_蓄电池。,图中的垃圾是电池。,1
5687,这是有害垃圾_蓄电池。,这是一个VARTA品牌的汽车电池。,1
5688,这是有害垃圾_蓄电池。,这张图片里的是一个铅蓄电池，属于有害垃圾。,1
5689,这是有害垃圾_蓄电池。,这是一张电池的图片。根据图片中的“JNP”字样，这个电池可能是JNP品牌的电池。JNP电池通常用于UPS（不间断电源系统）中，用于提供稳定的电力供应。,1
5690,这是有害垃圾_蓄电池。,图片中的物品属于不可回收垃圾。,0
5691,这是有害垃圾_蓄电池。,这个垃圾是电池，属于不可回收垃圾。,0
5692,这是有害垃圾_蓄电池。,这是一个三冠牌的蓄电池。三冠牌是浙江巨江电源制造有限公司生产的一种电池。,1
5693,这是有害垃圾_蓄电池。,这张图片显示的是一个12V 100Ah的铅酸蓄电池。铅酸蓄电池是一种常见的电池类型，常用于电力设备和储能应用中。它们的特点是容量大、耐过充和耐过放电，适合用于需要大电流输出的场合。,1
5694,这是有害垃圾_蓄电池。,这张图片展示的是一个铅酸蓄电池，通常被称为“铅酸电池”。,1
5695,这是有害垃圾_蓄电池。,图片中的物品属于其他垃圾类别。,0
5696,这是有害垃圾_蓄电池。,图片中的物品属于有害垃圾。,0
5697,这是有害垃圾_蓄电池。,图片中的物品属于有害垃圾。,0
5698,这是有害垃圾_蓄电池。,图中的垃圾是一块太阳能电池板。,0
5699,这是有害垃圾_蓄电池。,图片中的物品属于有害垃圾类别。,0
5700,这是有害垃圾_蓄电池。,图中的垃圾是船用铅酸蓄电池，具体型号是SAIL N200 12V 200AH。,1
5701,这是有害垃圾_蓄电池。,这是一块铅酸蓄电池，通常用于户外设备的电源供应。铅酸蓄电池是一种常用的电池类型，具有高能量密度和长时间的工作能力。它常用于太阳能电池板、电动汽车等需要长时间供电的设备中。,1
5702,这是有害垃圾_蓄电池。,这个垃圾是电子垃圾。,0
5703,这是有害垃圾_血压计。,这张图片里有一个血压计。,1
5704,这是有害垃圾_血压计。,这是一只手持式血压计，用于测量血压。它通常由手柄和测压装置组成。手柄通常有一个按钮，用于手动调整血压计的读数。测压装置则是一个带刻度的管子，用于测量血压的高低。,1
