行号,预测,标签
1,图中展示的物品是电池，根据垃圾分类的标准，应该属于可回收物。,"图中展示的物品是纽扣电池,根据垃圾分类的标准，应该属于有害垃圾
"
2,"图中展示的物品是{garbage_object},根据垃圾分类的标准，应该属于{garbage_type}垃圾。","图中展示的物品是指甲油,根据垃圾分类的标准，应该属于有害垃圾
"
3,图中展示的物品是薯条，根据垃圾分类的标准，应该属于可回收物,"图中展示的物品是薯条,根据垃圾分类的标准，应该属于厨余垃圾
"
4,图中展示的物品是{sharpener}，根据垃圾分类的标准，应该属于{recycling},"图中展示的物品是剃须刀片,根据垃圾分类的标准，应该属于可回收物
"
5,图中展示的物品是键盘，根据垃圾分类的标准，应该属于电子废弃物,"图中展示的物品是键盘,根据垃圾分类的标准，应该属于可回收物
"
6,图中展示的物品是{cardboard_box}，根据垃圾分类的标准，应该属于{cardboard},"图中展示的物品是蛋糕盒,根据垃圾分类的标准，应该属于可回收物
"
7,图中展示的物品是蔬菜，根据垃圾分类的标准，应该属于厨余垃圾。,"图中展示的物品是青菜,根据垃圾分类的标准，应该属于厨余垃圾
"
8,图中展示的物品是{garbage_object}，根据垃圾分类的标准，应该属于{garbage_type}厨余垃圾。,"图中展示的物品是普通面包,根据垃圾分类的标准，应该属于厨余垃圾
"
9,图中展示的物品是纸巾盒，根据垃圾分类的标准，应该属于纸类垃圾。,"图中展示的物品是验孕棒,根据垃圾分类的标准，应该属于其他垃圾
"
10,"图中展示的物品是盘子,根据垃圾分类的标准，应该属于可回收垃圾","图中展示的物品是盘子,根据垃圾分类的标准，应该属于可回收物
"
11,图中展示的物品是碗,"图中展示的物品是保鲜盒,根据垃圾分类的标准，应该属于可回收物
"
12,图中展示的物品是遥控器，根据垃圾分类的标准，应该属于电子废弃物。,"图中展示的物品是空调遥控器,根据垃圾分类的标准，应该属于可回收物
"
13,图中展示的物品是蔬菜，根据垃圾分类的标准，应该属于其他垃圾,"图中展示的物品是青菜,根据垃圾分类的标准，应该属于厨余垃圾
"
14,"图中展示的物品是[garbage_object],根据垃圾分类的标准，应该属于[garbage_type]","图中展示的物品是耳钉耳环,根据垃圾分类的标准，应该属于可回收物
"
15,图中展示的物品是{bottle}，根据垃圾分类的标准，应该属于{bottle},"图中展示的物品是台历,根据垃圾分类的标准，应该属于可回收物
"
16,"图中展示的物品是{garbage_object},根据垃圾分类的标准，应该属于{garbage_type}垃圾。","图中展示的物品是湿纸巾,根据垃圾分类的标准，应该属于其他垃圾
"
17,图中展示的物品是飞机模型，根据垃圾分类的标准，应该属于废品,"图中展示的物品是木制玩具,根据垃圾分类的标准，应该属于可回收物
"
18,图中展示的物品是棋子，根据垃圾分类的标准，应该属于可回收物,"图中展示的物品是木制玩具,根据垃圾分类的标准，应该属于可回收物
"
19,图中展示的物品是蔬菜，根据垃圾分类的标准，应该属于厨余垃圾。,"图中展示的物品是肠(火腿),根据垃圾分类的标准，应该属于厨余垃圾
"
20,图中展示的物品是{peanut}，根据垃圾分类的标准，应该属于{food},"图中展示的物品是花生皮,根据垃圾分类的标准，应该属于厨余垃圾
"
21,"图中展示的物品是烟蒂,根据垃圾分类的标准，应该属于烟蒂","图中展示的物品是烟蒂,根据垃圾分类的标准，应该属于其他垃圾
"
22,图中展示的物品是[petal]，根据垃圾分类的标准，应该属于[厨余垃圾],"图中展示的物品是糕点,根据垃圾分类的标准，应该属于厨余垃圾
"
23,图中展示的物品是报纸，根据垃圾分类的标准，应该属于{garbage_type}纸张。,"图中展示的物品是报纸,根据垃圾分类的标准，应该属于可回收物
"
24,图中展示的物品是[钟表]，根据垃圾分类的标准，应该属于[废金属],"图中展示的物品是钟表,根据垃圾分类的标准，应该属于可回收物
"
25,图中展示的物品是冰块，根据垃圾分类的标准，应该属于其他垃圾。,"图中展示的物品是果冻,根据垃圾分类的标准，应该属于厨余垃圾
"
26,"图中展示的物品是[garbage_object],根据垃圾分类的标准，应该属于[garbage_type]","图中展示的物品是护肤品空瓶,根据垃圾分类的标准，应该属于可回收物
"
27,"图中展示的物品是[garbage_object],根据垃圾分类的标准，应该属于[garbage_type]","图中展示的物品是药品包装,根据垃圾分类的标准，应该属于有害垃圾
"
28,"图中展示的物品是[garbage_object],根据垃圾分类的标准，应该属于[garbage_type]","图中展示的物品是鞋,根据垃圾分类的标准，应该属于可回收物
"
29,"图中展示的物品是[garbage_object],根据垃圾分类的标准，应该属于[garbage_type]","图中展示的物品是钟表,根据垃圾分类的标准，应该属于可回收物
"
30,"图中展示的物品是[garbage_object],根据垃圾分类的标准，应该属于[garbage_type]","图中展示的物品是生肉,根据垃圾分类的标准，应该属于厨余垃圾
"
31,"图中展示的物品是[garbage_object],根据垃圾分类的标准，应该属于[garbage_type]","图中展示的物品是暖宝宝,根据垃圾分类的标准，应该属于可回收物
"
32,图中展示的物品是[food]，根据垃圾分类的标准，应该属于[厨余垃圾],"图中展示的物品是锅盖,根据垃圾分类的标准，应该属于可回收物
"
33,图中展示的物品是快递单，根据垃圾分类的标准，应该属于{garbage_type}--废弃物品,"图中展示的物品是信封,根据垃圾分类的标准，应该属于可回收物
"
34,图中展示的物品是报纸，根据垃圾分类的标准，应该属于可回收物。,"图中展示的物品是番茄,根据垃圾分类的标准，应该属于厨余垃圾
"
35,"图中展示的物品是[garbage_object],根据垃圾分类的标准，应该属于[garbage_type]","图中展示的物品是蛋,根据垃圾分类的标准，应该属于厨余垃圾
"
36,"图中展示的物品是[票],根据垃圾分类的标准，应该属于[垃圾]","图中展示的物品是登机牌,根据垃圾分类的标准，应该属于可回收物
"
37,图中展示的物品是面包，根据垃圾分类的标准，应该属于厨余垃圾。,"图中展示的物品是菠萝包,根据垃圾分类的标准，应该属于厨余垃圾
"
38,电池{garbage_type},"图中展示的物品是电池,根据垃圾分类的标准，应该属于有害垃圾
"
39,图中展示的物品是电源适配器，根据垃圾分类的标准，应该属于电子废弃物,"图中展示的物品是充电宝,根据垃圾分类的标准，应该属于可回收物
"
40,图中展示的物品是望远镜，根据垃圾分类的标准，应该属于不可回收垃圾,"图中展示的物品是望远镜,根据垃圾分类的标准，应该属于可回收物
"
41,图中展示的物品是牛皮纸，根据垃圾分类的标准，应该属于其他垃圾。,"图中展示的物品是档案袋,根据垃圾分类的标准，应该属于可回收物
"
42,图中展示的物品是电路板，根据垃圾分类的标准，应该属于电子垃圾。,"图中展示的物品是电路板,根据垃圾分类的标准，应该属于可回收物
"
43,"图中展示的物品是{garbage_object},根据垃圾分类的标准，应该属于{garbage_type}垃圾。","图中展示的物品是白萝卜,根据垃圾分类的标准，应该属于厨余垃圾
"
44,图中展示的物品是梳子，根据垃圾分类的标准，应该属于废塑料（garbage_type）,"图中展示的物品是木质梳子,根据垃圾分类的标准，应该属于可回收物
"
45,"图中展示的物品是插线板,根据垃圾分类的标准，应该属于可回收物","图中展示的物品是插线板,根据垃圾分类的标准，应该属于可回收物
"
46,"图中展示的物品是[garbage_object],根据垃圾分类的标准，应该属于[garbage_type]","图中展示的物品是滴眼液瓶,根据垃圾分类的标准，应该属于有害垃圾
"
47,"图中展示的物品是[garbage_object],根据垃圾分类的标准，应该属于[garbage_type]","图中展示的物品是玩偶,根据垃圾分类的标准，应该属于可回收物
"
48,图中展示的物品是纸袋，根据垃圾分类的标准，应该属于可回收物。,"图中展示的物品是购物纸袋,根据垃圾分类的标准，应该属于可回收物
"
49,"图中展示的物品是{radio_object},根据垃圾分类的标准，应该属于{garbage_type}","图中展示的物品是收音机,根据垃圾分类的标准，应该属于可回收物
"
50,"图中展示的物品是[文具_object],根据垃圾分类的标准，应该属于[废纸类]","图中展示的物品是玩偶,根据垃圾分类的标准，应该属于可回收物
"
51,图中展示的物品是电池，根据垃圾分类的标准，应该属于有害垃圾,"图中展示的物品是电池,根据垃圾分类的标准，应该属于有害垃圾
"
52,图中展示的物品是瓶子，根据垃圾分类的标准，应该属于可回收物。,"图中展示的物品是玻璃器皿,根据垃圾分类的标准，应该属于可回收物
"
53,图中展示的物品是电路板，根据垃圾分类的标准，应该属于电子垃圾。,"图中展示的物品是电路板,根据垃圾分类的标准，应该属于可回收物
"
54,"图中展示的物品是{garbage_object},根据垃圾分类的标准，应该属于{garbage_type}垃圾。","图中展示的物品是手机,根据垃圾分类的标准，应该属于可回收物
"
55,"图中展示的物品是{garbage_object},根据垃圾分类的标准，应该属于{garbage_type}","图中展示的物品是玩偶,根据垃圾分类的标准，应该属于可回收物
"
56,"图中展示的物品是{garbage_object},根据垃圾分类的标准，应该属于{garbage_type}","图中展示的物品是购物纸袋,根据垃圾分类的标准，应该属于可回收物
"
57,图中展示的物品是[fruit]，根据垃圾分类的标准，应该属于[可回收物],"图中展示的物品是哈密瓜,根据垃圾分类的标准，应该属于厨余垃圾
"
58,"图中展示的物品是{garbage_object},根据垃圾分类的标准，应该属于{garbage_type}垃圾。","图中展示的物品是枕头,根据垃圾分类的标准，应该属于可回收物
"
59,"图中展示的物品是[garbage_object],根据垃圾分类的标准，应该属于[garbage_type]","图中展示的物品是台灯,根据垃圾分类的标准，应该属于可回收物
"
60,"图中展示的物品是{garbage_object},根据垃圾分类的标准，应该属于{garbage_type}","图中展示的物品是帽子,根据垃圾分类的标准，应该属于可回收物
"
61,"图中展示的物品是[garbage_object],根据垃圾分类的标准，应该属于[garbage_type]","图中展示的物品是空调滤芯,根据垃圾分类的标准，应该属于其他垃圾
"
62,图中展示的物品是手表，根据垃圾分类的标准，应该属于垃圾,"图中展示的物品是钟表,根据垃圾分类的标准，应该属于可回收物
"
63,"图中展示的物品是{garbage_object},根据垃圾分类的标准，应该属于{garbage_type}","图中展示的物品是拖鞋,根据垃圾分类的标准，应该属于可回收物
"
64,"图中展示的物品是玩具,根据垃圾分类的标准，应该属于玩具垃圾","图中展示的物品是玩偶,根据垃圾分类的标准，应该属于可回收物
"
65,图中展示的物品是{food}，根据垃圾分类的标准，应该属于{food},"图中展示的物品是青菜,根据垃圾分类的标准，应该属于厨余垃圾
"
66,"图中展示的物品是日历,根据垃圾分类的标准，应该属于垃圾","图中展示的物品是台历,根据垃圾分类的标准，应该属于可回收物
"
67,图中展示的物品是钙铁锌硒维生素咀嚼片，根据垃圾分类的标准，应该属于有害垃圾。,"图中展示的物品是保健品瓶,根据垃圾分类的标准，应该属于有害垃圾
"
68,图中展示的物品是墨盒，根据垃圾分类的标准，应该属于有害垃圾。,"图中展示的物品是打印机墨盒,根据垃圾分类的标准，应该属于可回收物
"
69,"图中展示的物品是{garbage_object},根据垃圾分类的标准，应该属于{garbage_type}","图中展示的物品是鸡毛掸,根据垃圾分类的标准，应该属于其他垃圾
"
70,"图中展示的物品是{garbage_object},根据垃圾分类的标准，应该属于{garbage_type}垃圾。","图中展示的物品是鸡翅,根据垃圾分类的标准，应该属于厨余垃圾
"
71,"图中展示的物品是{garbage_object},根据垃圾分类的标准，应该属于{garbage_type}","图中展示的物品是菠萝包,根据垃圾分类的标准，应该属于厨余垃圾
"
72,图中展示的物品是{pill}，根据垃圾分类的标准，应该属于{garbage_type},"图中展示的物品是药片,根据垃圾分类的标准，应该属于有害垃圾
"
73,图中展示的物品是{car_filter}，根据垃圾分类的标准，应该属于{car_filter},"图中展示的物品是空调滤芯,根据垃圾分类的标准，应该属于其他垃圾
"
74,"图中展示的物品是[garbage_object],根据垃圾分类的标准，应该属于[garbage_type]","图中展示的物品是护肤品空瓶,根据垃圾分类的标准，应该属于可回收物
"
75,"图中展示的物品是{garbage_object},根据垃圾分类的标准，应该属于{garbage_type}","图中展示的物品是纸巾,根据垃圾分类的标准，应该属于其他垃圾
"
76,图中展示的物品是jar，根据垃圾分类的标准，应该属于可回收垃圾。,"图中展示的物品是罐头瓶,根据垃圾分类的标准，应该属于可回收物
"
77,图中展示的物品是饼干，根据垃圾分类的标准，应该属于厨余垃圾。,"图中展示的物品是糕点,根据垃圾分类的标准，应该属于厨余垃圾
"
78,图中展示的物品是药片，根据垃圾分类的标准，应该属于垃圾,"图中展示的物品是药品包装,根据垃圾分类的标准，应该属于有害垃圾
"
79,"图中展示的物品是[garbage_object],根据垃圾分类的标准，应该属于[garbage_type]","图中展示的物品是钟表,根据垃圾分类的标准，应该属于可回收物
"
80,图中展示的物品是{no garbage}，根据垃圾分类的标准，应该属于{no garbage},"图中展示的物品是耳钉耳环,根据垃圾分类的标准，应该属于可回收物
"
81,图中展示的物品是食物，根据垃圾分类的标准，应该属于垃圾食品,"图中展示的物品是蛋挞,根据垃圾分类的标准，应该属于厨余垃圾
"
82,图中展示的物品是麦克风，根据垃圾分类的标准，应该属于可回收垃圾。,"图中展示的物品是话筒,根据垃圾分类的标准，应该属于可回收物
"
83,图中展示的物品是[metal]，根据垃圾分类的标准，应该属于[金属],"图中展示的物品是镊子,根据垃圾分类的标准，应该属于可回收物
"
84,图中展示的物品是{handbag}，根据垃圾分类的标准，应该属于{garbage_type}。,"图中展示的物品是单肩包手提包,根据垃圾分类的标准，应该属于可回收物
"
85,图中展示的物品是{green_peas}，根据垃圾分类的标准，应该属于{vegetable},"图中展示的物品是蚕豆,根据垃圾分类的标准，应该属于厨余垃圾
"
86,"图中展示的物品是{garbage_object},根据垃圾分类的标准，应该属于{garbage_type}","图中展示的物品是吹风机,根据垃圾分类的标准，应该属于可回收物
"
87,图中展示的物品是盘子，根据垃圾分类的标准，应该属于厨余垃圾。,"图中展示的物品是盘子,根据垃圾分类的标准，应该属于可回收物
"
88,"图中展示的物品是[garbage_object],根据垃圾分类的标准，应该属于[garbage_type]","图中展示的物品是笔及笔芯,根据垃圾分类的标准，应该属于其他垃圾
"
89,"图中展示的物品是{garbage_object},根据垃圾分类的标准，应该属于{garbage_type}垃圾。","图中展示的物品是单肩包手提包,根据垃圾分类的标准，应该属于可回收物
"
90,"图中展示的物品是[garbage_object],根据垃圾分类的标准，应该属于[garbage_type]","图中展示的物品是热水瓶,根据垃圾分类的标准，应该属于可回收物
"
91,"图中展示的物品是{garbage_object},根据垃圾分类的标准，应该属于{garbage_type}","图中展示的物品是蛋,根据垃圾分类的标准，应该属于厨余垃圾
"
92,"图中展示的物品是[garbage_object],根据垃圾分类的标准，应该属于[garbage_type]","图中展示的物品是充电线,根据垃圾分类的标准，应该属于可回收物
"
93,"图中展示的物品是[garbage_object],根据垃圾分类的标准，应该属于[garbage_type]","图中展示的物品是暖宝宝,根据垃圾分类的标准，应该属于可回收物
"
94,"图中展示的物品是{garbage_object},根据垃圾分类的标准，应该属于{garbage_type}","图中展示的物品是炸鸡,根据垃圾分类的标准，应该属于厨余垃圾
"
95,图中展示的物品是台灯，根据垃圾分类的标准，应该属于可回收垃圾。,"图中展示的物品是台灯,根据垃圾分类的标准，应该属于可回收物
"
96,图中展示的物品是{fruit}，根据垃圾分类的标准，应该属于{vegetable},"图中展示的物品是番茄,根据垃圾分类的标准，应该属于厨余垃圾
"
97,"图中展示的物品是{garbage_object},根据垃圾分类的标准，应该属于{garbage_type}其他垃圾。","图中展示的物品是胶带,根据垃圾分类的标准，应该属于其他垃圾
"
98,图中展示的物品是玻璃瓶，根据垃圾分类的标准，应该属于可回收物。,"图中展示的物品是玻璃器皿,根据垃圾分类的标准，应该属于可回收物
"
99,图中展示的物品是杯子，根据垃圾分类的标准，应该属于可回收物。,"图中展示的物品是玻璃壶,根据垃圾分类的标准，应该属于可回收物
"
100,图中展示的物品是南瓜籽，根据垃圾分类的标准，应该属于可回收物,"图中展示的物品是瓜子,根据垃圾分类的标准，应该属于厨余垃圾
"
101,"图中展示的物品是{brush_object},根据垃圾分类的标准，应该属于{trash}","图中展示的物品是鸡毛掸,根据垃圾分类的标准，应该属于其他垃圾
"
102,"图中展示的物品是{pill},根据垃圾分类的标准，应该属于{garbage_type}","图中展示的物品是药片,根据垃圾分类的标准，应该属于有害垃圾
"
103,图中展示的物品是手表，根据垃圾分类的标准，应该属于废金属,"图中展示的物品是钟表,根据垃圾分类的标准，应该属于可回收物
"
104,"图中展示的物品是[garbage_object],根据垃圾分类的标准，应该属于[garbage_type]","图中展示的物品是图钉,根据垃圾分类的标准，应该属于其他垃圾
"
105,图中展示的物品是玻璃杯，根据垃圾分类的标准，应该属于玻璃,"图中展示的物品是玻璃壶,根据垃圾分类的标准，应该属于可回收物
"
106,图中展示的物品是纸张，根据垃圾分类的标准，应该属于可回收物。,"图中展示的物品是书,根据垃圾分类的标准，应该属于可回收物
"
107,图中展示的物品是钳子，根据垃圾分类的标准，应该属于金属垃圾,"图中展示的物品是镊子,根据垃圾分类的标准，应该属于可回收物
"
108,图中展示的物品是{glassware}，根据垃圾分类的标准，应该属于{recyclable},"图中展示的物品是碗,根据垃圾分类的标准，应该属于可回收物
"
109,"图中展示的物品是{garbage_object},根据垃圾分类的标准，应该属于{garbage_type}","图中展示的物品是残渣剩饭,根据垃圾分类的标准，应该属于厨余垃圾
"
110,图中展示的物品是玻璃瓶，根据垃圾分类的标准，应该属于可回收物,"图中展示的物品是玻璃器皿,根据垃圾分类的标准，应该属于可回收物
"
111,"图中展示的物品是[garbage_object],根据垃圾分类的标准，应该属于[garbage_type]","图中展示的物品是木质梳子,根据垃圾分类的标准，应该属于可回收物
"
112,图中展示的物品是杯子，根据垃圾分类的标准，应该属于可回收物,"图中展示的物品是奶茶杯,根据垃圾分类的标准，应该属于其他垃圾
"
113,图中展示的物品是纸盒，根据垃圾分类的标准，应该属于可回收物,"图中展示的物品是纸箱,根据垃圾分类的标准，应该属于可回收物
"
114,"图中展示的物品是{garbage_object},根据垃圾分类的标准，应该属于{garbage_type}","图中展示的物品是纸巾,根据垃圾分类的标准，应该属于其他垃圾
"
115,图中展示的物品是{food}，根据垃圾分类的标准，应该属于{food},"图中展示的物品是肠(火腿),根据垃圾分类的标准，应该属于厨余垃圾
"
116,图中展示的物品是尺子，根据垃圾分类的标准，应该属于其他垃圾,"图中展示的物品是尺子,根据垃圾分类的标准，应该属于可回收物
"
117,图中展示的物品是食品，根据垃圾分类的标准，应该属于食品垃圾。,"图中展示的物品是荷包蛋,根据垃圾分类的标准，应该属于厨余垃圾
"
118,图中展示的物品是玻璃杯，根据垃圾分类的标准，应该属于玻璃,"图中展示的物品是量杯,根据垃圾分类的标准，应该属于可回收物
"
119,图中展示的物品是饼干，根据垃圾分类的标准，应该属于可回收垃圾。,"图中展示的物品是饼干,根据垃圾分类的标准，应该属于厨余垃圾
"
120,垃圾物品,"图中展示的物品是烟灰缸,根据垃圾分类的标准，应该属于可回收物
"
121,"图中展示的物品是{garbage_object},根据垃圾分类的标准，应该属于{garbage_type}","图中展示的物品是打印机墨盒,根据垃圾分类的标准，应该属于可回收物
"
122,"图中展示的物品是[garbage_object],根据垃圾分类的标准，应该属于[garbage_type]","图中展示的物品是餐垫,根据垃圾分类的标准，应该属于可回收物
"
123,图中展示的物品是苹果，根据垃圾分类的标准，应该属于厨余垃圾。,"图中展示的物品是西瓜皮,根据垃圾分类的标准，应该属于厨余垃圾
"
124,"图中展示的物品是[no garbage],根据垃圾分类的标准，应该属于[recyclable]","图中展示的物品是烧水壶,根据垃圾分类的标准，应该属于可回收物
"
125,图中展示的物品是{grass}，根据垃圾分类的标准，应该属于{green},"图中展示的物品是青菜,根据垃圾分类的标准，应该属于厨余垃圾
"
126,"图中展示的物品是[电子垃圾],根据垃圾分类的标准，应该属于[电子垃圾]","图中展示的物品是充电宝,根据垃圾分类的标准，应该属于可回收物
"
127,图中展示的物品是[food]，根据垃圾分类的标准，应该属于[food]。,"图中展示的物品是八宝粥,根据垃圾分类的标准，应该属于厨余垃圾
"
128,"图中展示的物品是{garbage_object},根据垃圾分类的标准，应该属于{garbage_type}","图中展示的物品是衣架,根据垃圾分类的标准，应该属于可回收物
"
129,图中展示的物品是牛油，根据垃圾分类的标准，应该属于厨余垃圾。,"图中展示的物品是糕点,根据垃圾分类的标准，应该属于厨余垃圾
"
130,图中展示的物品是果仁，根据垃圾分类的标准，应该属于垃圾食品,"图中展示的物品是蛋,根据垃圾分类的标准，应该属于厨余垃圾
"
131,图中展示的物品是玻璃杯，根据垃圾分类的标准，应该属于玻璃,"图中展示的物品是玻璃器皿,根据垃圾分类的标准，应该属于可回收物
"
132,图中展示的物品是陀螺，根据垃圾分类的标准，应该属于可回收物,"图中展示的物品是呼啦圈,根据垃圾分类的标准，应该属于可回收物
"
133,"图中展示的物品是{garbage_object},根据垃圾分类的标准，应该属于{garbage_type}","图中展示的物品是厨房手套,根据垃圾分类的标准，应该属于其他垃圾
"
134,"图中展示的物品是{garbage_object},根据垃圾分类的标准，应该属于{garbage_type}","图中展示的物品是尺子,根据垃圾分类的标准，应该属于可回收物
"
135,图中展示的物品是键盘，根据垃圾分类的标准，应该属于可回收物,"图中展示的物品是键盘,根据垃圾分类的标准，应该属于可回收物
"
136,图中展示的物品是洗碗布，根据垃圾分类的标准，应该属于可回收垃圾,"图中展示的物品是百洁布,根据垃圾分类的标准，应该属于其他垃圾
"
137,"图中展示的物品是{garbage_object},根据垃圾分类的标准，应该属于{garbage_type}","图中展示的物品是药品包装,根据垃圾分类的标准，应该属于有害垃圾
"
138,"图中展示的物品是{garbage_object},根据垃圾分类的标准，应该属于{garbage_type}","图中展示的物品是购物纸袋,根据垃圾分类的标准，应该属于可回收物
"
139,图中展示的物品是键盘，根据垃圾分类的标准，应该属于电子垃圾,"图中展示的物品是键盘,根据垃圾分类的标准，应该属于可回收物
"
140,"图中展示的物品是{garbage_object},根据垃圾分类的标准，应该属于{garbage_type}","图中展示的物品是青菜,根据垃圾分类的标准，应该属于厨余垃圾
"
141,"图中展示的物品是{garbage_object},根据垃圾分类的标准，应该属于{garbage_type}","图中展示的物品是糕点,根据垃圾分类的标准，应该属于厨余垃圾
"
142,"图中展示的物品是{garbage_object},根据垃圾分类的标准，应该属于{garbage_type}","图中展示的物品是台历,根据垃圾分类的标准，应该属于可回收物
"
143,图中展示的物品是报纸，根据垃圾分类的标准，应该属于可回收垃圾,"图中展示的物品是枕头,根据垃圾分类的标准，应该属于可回收物
"
144,图中展示的物品是玩具，根据垃圾分类的标准，应该属于垃圾玩具。,"图中展示的物品是变形玩具,根据垃圾分类的标准，应该属于可回收物
"
145,"图中展示的物品是[garbage_object],根据垃圾分类的标准，应该属于[garbage_type]","图中展示的物品是糕点,根据垃圾分类的标准，应该属于厨余垃圾
"
146,"图中展示的物品是{garbage_object},根据垃圾分类的标准，应该属于{garbage_type}","图中展示的物品是粉条,根据垃圾分类的标准，应该属于厨余垃圾
"
147,图中展示的物品是锡纸，根据垃圾分类的标准，应该属于不可回收垃圾。,"图中展示的物品是餐盒,根据垃圾分类的标准，应该属于其他垃圾
"
148,"图中展示的物品是{garbage_object},根据垃圾分类的标准，应该属于{garbage_type}","图中展示的物品是地球仪,根据垃圾分类的标准，应该属于可回收物
"
149,图中展示的物品是西瓜，根据垃圾分类的标准，应该属于可回收物。,"图中展示的物品是西瓜皮,根据垃圾分类的标准，应该属于厨余垃圾
"
150,"图中展示的物品是[garbage_object],根据垃圾分类的标准，应该属于[garbage_type]","图中展示的物品是充电线,根据垃圾分类的标准，应该属于可回收物
"
151,图中展示的物品是电子元件，根据垃圾分类的标准，应该属于电子垃圾。,"图中展示的物品是网卡,根据垃圾分类的标准，应该属于可回收物
"
152,图中展示的物品是{no garbage object}，根据垃圾分类的标准，应该属于{receptacle},"图中展示的物品是充电头,根据垃圾分类的标准，应该属于可回收物
"
153,"垃圾物品：汉堡包、炸薯条
垃圾类型：食物垃圾","图中展示的物品是汉堡,根据垃圾分类的标准，应该属于厨余垃圾
"
154,图中展示的物品是巢,"图中展示的物品是蛋,根据垃圾分类的标准，应该属于厨余垃圾
"
155,"图中展示的物品是[garbage_object],根据垃圾分类的标准，应该属于[garbage_type]","图中展示的物品是衣架,根据垃圾分类的标准，应该属于可回收物
"
156,"图中展示的物品是{garbage_object},根据垃圾分类的标准，应该属于{garbage_type}","图中展示的物品是药品包装,根据垃圾分类的标准，应该属于有害垃圾
"
157,"图中展示的物品是[garbage_object],根据垃圾分类的标准，应该属于[garbage_type]","图中展示的物品是充电线,根据垃圾分类的标准，应该属于可回收物
"
158,图中展示的物品是蔬菜，根据垃圾分类的标准，应该属于厨余垃圾。,"图中展示的物品是残渣剩饭,根据垃圾分类的标准，应该属于厨余垃圾
"
159,"图中展示的物品是{garbage_object},根据垃圾分类的标准，应该属于{garbage_type}其他垃圾","图中展示的物品是奶盒,根据垃圾分类的标准，应该属于可回收物
"
160,图中展示的物品是[flyswatter]，根据垃圾分类的标准，应该属于[recycling]。,"图中展示的物品是苍蝇拍,根据垃圾分类的标准，应该属于其他垃圾
"
161,图中展示的物品是[food]，根据垃圾分类的标准，应该属于[food waste],"图中展示的物品是圣女果,根据垃圾分类的标准，应该属于厨余垃圾
"
162,"图中展示的物品是[garbage_object],根据垃圾分类的标准，应该属于[garbage_type]","图中展示的物品是肠(火腿),根据垃圾分类的标准，应该属于厨余垃圾
"
163,图中展示的物品是{none}，根据垃圾分类的标准，应该属于{none},"图中展示的物品是保温杯,根据垃圾分类的标准，应该属于可回收物
"
164,"图中展示的物品是[garbage_object],根据垃圾分类的标准，应该属于[garbage_type]","图中展示的物品是生肉,根据垃圾分类的标准，应该属于厨余垃圾
"
165,图中展示的物品是墨盒，根据垃圾分类的标准，应该属于可回收物。,"图中展示的物品是打印机墨盒,根据垃圾分类的标准，应该属于可回收物
"
166,图中展示的物品是玻璃瓶，根据垃圾分类的标准，应该属于玻璃瓶,"图中展示的物品是玻璃器皿,根据垃圾分类的标准，应该属于可回收物
"
167,"图中展示的物品是{garbage_object},根据垃圾分类的标准，应该属于{garbage_type}厨余垃圾","图中展示的物品是青菜,根据垃圾分类的标准，应该属于厨余垃圾
"
168,图中展示的物品是面包，根据垃圾分类的标准，应该属于可回收垃圾。,"图中展示的物品是菠萝包,根据垃圾分类的标准，应该属于厨余垃圾
"
169,"图中展示的物品是[garbage_object],根据垃圾分类的标准，应该属于[garbage_type]","图中展示的物品是餐垫,根据垃圾分类的标准，应该属于可回收物
"
170,"图中展示的物品是[garbage_object],根据垃圾分类的标准，应该属于[garbage_type]","图中展示的物品是镊子,根据垃圾分类的标准，应该属于可回收物
"
171,图中展示的物品是鸡蛋，根据垃圾分类的标准，应该属于厨余垃圾。,"图中展示的物品是蛋,根据垃圾分类的标准，应该属于厨余垃圾
"
172,"图中展示的物品是{garbage_object},根据垃圾分类的标准，应该属于{garbage_type}","图中展示的物品是糕点,根据垃圾分类的标准，应该属于厨余垃圾
"
173,鼠标,"图中展示的物品是鼠标,根据垃圾分类的标准，应该属于可回收物
"
174,图中展示的物品是计算器，根据垃圾分类的标准，应该属于电子废弃物,"图中展示的物品是计算器,根据垃圾分类的标准，应该属于可回收物
"
175,"图中展示的物品是{garbage_object},根据垃圾分类的标准，应该属于{garbage_type}","图中展示的物品是一次性棉签,根据垃圾分类的标准，应该属于其他垃圾
"
176,图中展示的物品是{vegetable}，根据垃圾分类的标准，应该属于{vegetable},"图中展示的物品是圣女果,根据垃圾分类的标准，应该属于厨余垃圾
"
177,"图中展示的物品是[food_object],根据垃圾分类的标准，应该属于[food]","图中展示的物品是肠(火腿),根据垃圾分类的标准，应该属于厨余垃圾
"
178,"图中展示的物品是{garbage_object},根据垃圾分类的标准，应该属于{garbage_type}垃圾。","图中展示的物品是打印机墨盒,根据垃圾分类的标准，应该属于可回收物
"
179,"图中展示的物品是[medicine, medicine, medicine, medicine, medicine, medicine, medicine, medicine, medicine, medicine, medicine, medicine, medicine, medicine, medicine, medicine, medicine, medicine, medicine, medicine, medicine, medicine, medicine, medicine, medicine, medicine, medicine, medicine, medicine, medicine, medicine, medicine, medicine, medicine, medicine, medicine, medicine, medicine, medicine, medicine, medicine, medicine, medicine, medicine, medicine, medicine, medicine, medicine, medicine, medicine, medicine, medicine, medicine, medicine, medicine, medicine, medicine, medicine, medicine, medicine, medicine, medicine, medicine, medicine, medicine, medicine, medicine, medicine, medicine, medicine, medicine, medicine, medicine, medicine, medicine, medicine, medicine, medicine, medicine, medicine, medicine, medicine, medicine, medicine, medicine, medicine, medicine, medicine, medicine, medicine, medicine, medicine, medicine, medicine, medicine, medicine, medicine, medicine, medicine, medicine, medicine, medicine, medicine, medicine, medicine, medicine, medicine, medicine, medicine, medicine, medicine, medicine, medicine, medicine, medicine, medicine, medicine, medicine, medicine, medicine, medicine, medicine, medicine, medicine, medicine, medicine, medicine, medicine, medicine, medicine, medicine, medicine, medicine, medicine, medicine, medicine, medicine, medicine, medicine, medicine, medicine, medicine, medicine, medicine, medicine, medicine, medicine, medicine, medicine, medicine, medicine, medicine, medicine, medicine, medicine, medicine, medicine, medicine, medicine, medicine, medicine, medicine, medicine, medicine, medicine, medicine, medicine, medicine, medicine, medicine, medicine, medicine, medicine, medicine, medicine, medicine, medicine, medicine, medicine, medicine, medicine, medicine, medicine, medicine, medicine, medicine, medicine, medicine, medicine, medicine, medicine, medicine, medicine, medicine, medicine, medicine, medicine, medicine, medicine, medicine, medicine, medicine, medicine, medicine, medicine, medicine, medicine, medicine, medicine, medicine, medicine, medicine, medicine, medicine, medicine, medicine, medicine, medicine, medicine, medicine, medicine, medicine, medicine, medicine, medicine, medicine, medicine, medicine, medicine, medicine, medicine, medicine, medicine, medicine, medicine, medicine, medicine, medicine, medicine, medicine, medicine, medicine, medicine, medicine, medicine, medicine, medicine, medicine, medicine, medicine, medicine, medicine, medicine","图中展示的物品是红花油,根据垃圾分类的标准，应该属于有害垃圾
"
180,"图中展示的物品是{garbage_object},根据垃圾分类的标准，应该属于{garbage_type}","图中展示的物品是板栗,根据垃圾分类的标准，应该属于厨余垃圾
"
181,图中展示的物品是蛋糕，根据垃圾分类的标准，应该属于厨余垃圾,"图中展示的物品是蛋挞,根据垃圾分类的标准，应该属于厨余垃圾
"
182,"图中展示的物品是{garbage_object},根据垃圾分类的标准，应该属于{garbage_type}","图中展示的物品是玩偶,根据垃圾分类的标准，应该属于可回收物
"
183,"图中展示的物品是{garbage_object},根据垃圾分类的标准，应该属于{garbage_type}厨余垃圾。","图中展示的物品是白菜,根据垃圾分类的标准，应该属于厨余垃圾
"
184,图中展示的物品是玻璃杯，根据垃圾分类的标准，应该属于废塑料,"图中展示的物品是量杯,根据垃圾分类的标准，应该属于可回收物
"
185,图中展示的物品是剪刀，根据垃圾分类的标准，应该属于有害垃圾。,"图中展示的物品是剪刀,根据垃圾分类的标准，应该属于可回收物
"
186,"图中展示的物品是[garbage_object],根据垃圾分类的标准，应该属于[garbage_type]","图中展示的物品是巴旦木,根据垃圾分类的标准，应该属于厨余垃圾
"
187,图中展示的物品是手提袋，根据垃圾分类的标准，应该属于可回收物。,"图中展示的物品是购物纸袋,根据垃圾分类的标准，应该属于可回收物
"
188,图中展示的物品是{wood}，根据垃圾分类的标准，应该属于{wood},"图中展示的物品是木制切菜板,根据垃圾分类的标准，应该属于可回收物
"
189,图中展示的物品是{toy}，根据垃圾分类的标准，应该属于{garbage_type},"图中展示的物品是玩偶,根据垃圾分类的标准，应该属于可回收物
"
190,"图中展示的物品是{garbage_object},根据垃圾分类的标准，应该属于{garbage_type}","图中展示的物品是搓衣板,根据垃圾分类的标准，应该属于可回收物
"
191,图中展示的物品是牛奶，根据垃圾分类的标准，应该属于食品垃圾,"图中展示的物品是奶盒,根据垃圾分类的标准，应该属于可回收物
"
192,图中展示的物品是塑料容器，根据垃圾分类的标准，应该属于可回收物。,"图中展示的物品是骨肉相连,根据垃圾分类的标准，应该属于厨余垃圾
"
193,"图中展示的物品是{garbage_object},根据垃圾分类的标准，应该属于{garbage_type}","图中展示的物品是耳钉耳环,根据垃圾分类的标准，应该属于可回收物
"
194,图中展示的物品是塑料瓶，根据垃圾分类的标准，应该属于其他垃圾。,"图中展示的物品是滴眼液瓶,根据垃圾分类的标准，应该属于有害垃圾
"
195,图中展示的物品是烟灰缸，根据垃圾分类的标准，应该属于垃圾类型{garbage_type},"图中展示的物品是烟灰缸,根据垃圾分类的标准，应该属于可回收物
"
196,图中展示的物品是锅，根据垃圾分类的标准，应该属于{garbage_type}厨余垃圾,"图中展示的物品是碗,根据垃圾分类的标准，应该属于可回收物
"
197,"图中展示的物品是{garbage_object},根据垃圾分类的标准，应该属于{garbage_type}","图中展示的物品是打印机墨盒,根据垃圾分类的标准，应该属于可回收物
"
198,图中展示的物品是电水壶，根据垃圾分类的标准，应该属于家用电器。,"图中展示的物品是烧水壶,根据垃圾分类的标准，应该属于可回收物
"
199,图中展示的物品是坚果，根据垃圾分类的标准，应该属于可回收垃圾。,"图中展示的物品是巴旦木,根据垃圾分类的标准，应该属于厨余垃圾
"
200,图中展示的物品是[food_box]，根据垃圾分类的标准，应该属于[厨余垃圾],"图中展示的物品是碗,根据垃圾分类的标准，应该属于可回收物
"
201,图中展示的物品是玻璃瓶，根据垃圾分类的标准，应该属于玻璃制品。,"图中展示的物品是罐头瓶,根据垃圾分类的标准，应该属于可回收物
"
202,"图中展示的物品是{garbage_object},根据垃圾分类的标准，应该属于{garbage_type}","图中展示的物品是菠萝包,根据垃圾分类的标准，应该属于厨余垃圾
"
203,"图中展示的物品是{garbage_object},根据垃圾分类的标准，应该属于{garbage_type}","图中展示的物品是杀虫剂,根据垃圾分类的标准，应该属于有害垃圾
"
204,"图中展示的物品是{garbage_object},根据垃圾分类的标准，应该属于{garbage_type}","图中展示的物品是玩偶,根据垃圾分类的标准，应该属于可回收物
"
205,图中展示的物品是杏仁，根据垃圾分类的标准，应该属于可回收物。,"图中展示的物品是巴旦木,根据垃圾分类的标准，应该属于厨余垃圾
"
206,"图中展示的物品是[wood_object],根据垃圾分类的标准，应该属于[wood]","图中展示的物品是乒乓球拍,根据垃圾分类的标准，应该属于可回收物
"
207,图中展示的物品是[玻璃容器]，根据垃圾分类的标准，应该属于[其他垃圾]。,"图中展示的物品是碗,根据垃圾分类的标准，应该属于可回收物
"
208,图中展示的物品是杯子，根据垃圾分类的标准，应该属于厨余垃圾。,"图中展示的物品是奶茶杯,根据垃圾分类的标准，应该属于其他垃圾
"
209,图中展示的物品是肉，根据垃圾分类的标准，应该属于厨余垃圾,"图中展示的物品是生肉,根据垃圾分类的标准，应该属于厨余垃圾
"
210,"图中展示的物品是[garbage_object],根据垃圾分类的标准，应该属于[garbage_type]","图中展示的物品是碗,根据垃圾分类的标准，应该属于可回收物
"
211,"图中展示的物品是[none],根据垃圾分类的标准，应该属于[none]","图中展示的物品是地球仪,根据垃圾分类的标准，应该属于可回收物
"
212,图中展示的物品是尺子，根据垃圾分类的标准，应该属于可回收垃圾。,"图中展示的物品是尺子,根据垃圾分类的标准，应该属于可回收物
"
213,图中展示的物品是打包带，根据垃圾分类的标准，应该属于其他垃圾。,"图中展示的物品是PE塑料袋,根据垃圾分类的标准，应该属于其他垃圾
"
214,"图中展示的物品是{garbage_object},根据垃圾分类的标准，应该属于{garbage_type}废弃物。","图中展示的物品是杀虫剂,根据垃圾分类的标准，应该属于有害垃圾
"
215,图中展示的物品是饼干，根据垃圾分类的标准，应该属于垃圾食品。,"图中展示的物品是饼干,根据垃圾分类的标准，应该属于厨余垃圾
"
216,图中展示的物品是牛肉，根据垃圾分类的标准，应该属于可回收物。,"图中展示的物品是生肉,根据垃圾分类的标准，应该属于厨余垃圾
"
217,图中展示的物品是台灯，根据垃圾分类的标准，应该属于可回收物,"图中展示的物品是台灯,根据垃圾分类的标准，应该属于可回收物
"
218,"图中展示的物品是袋鼠,根据垃圾分类的标准，应该属于可回收物","图中展示的物品是贝果,根据垃圾分类的标准，应该属于厨余垃圾
"
219,"图中展示的物品是[phone],根据垃圾分类的标准，应该属于[电子废弃物]","图中展示的物品是手机,根据垃圾分类的标准，应该属于可回收物
"
220,图中展示的物品是香薰机，根据垃圾分类的标准，应该属于家用电器,"图中展示的物品是空气加湿器,根据垃圾分类的标准，应该属于可回收物
"
221,"图中展示的物品是[spoon],[spoon],[spoon]，根据垃圾分类的标准，应该属于[厨余垃圾]","图中展示的物品是勺子,根据垃圾分类的标准，应该属于可回收物
"
222,图中展示的物品是锅，根据垃圾分类的标准，应该属于厨余垃圾,"图中展示的物品是锅,根据垃圾分类的标准，应该属于可回收物
"
223,图中展示的物品是坚果，根据垃圾分类的标准，应该属于其他垃圾,"图中展示的物品是干果壳,根据垃圾分类的标准，应该属于其他垃圾
"
224,图中展示的物品是{garbage_box}，根据垃圾分类的标准，应该属于{garbage_paper},"图中展示的物品是纸箱,根据垃圾分类的标准，应该属于可回收物
"
225,图中展示的物品是烟蒂，根据垃圾分类的标准，应该属于可回收物,"图中展示的物品是烟蒂,根据垃圾分类的标准，应该属于其他垃圾
"
226,"图中展示的物品是[garbage_object],根据垃圾分类的标准，应该属于[garbage_type]","图中展示的物品是鸡翅,根据垃圾分类的标准，应该属于厨余垃圾
"
227,"图中展示的物品是{garbage_object},根据垃圾分类的标准，应该属于{garbage_type}","图中展示的物品是红花油,根据垃圾分类的标准，应该属于有害垃圾
"
228,"图中展示的物品是铅笔,根据垃圾分类的标准，应该属于废金属","图中展示的物品是笔及笔芯,根据垃圾分类的标准，应该属于其他垃圾
"
229,"图中展示的物品是{garbage_object},根据垃圾分类的标准，应该属于{garbage_type}厨余垃圾","图中展示的物品是苹果,根据垃圾分类的标准，应该属于厨余垃圾
"
230,"图中展示的物品是[garbage_object],根据垃圾分类的标准，应该属于[garbage_type]","图中展示的物品是钟表,根据垃圾分类的标准，应该属于可回收物
"
231,图中展示的物品是{no garbage}，根据垃圾分类的标准，应该属于{other},"图中展示的物品是单肩包手提包,根据垃圾分类的标准，应该属于可回收物
"
232,图中展示的物品是汉堡，根据垃圾分类的标准，应该属于垃圾食品,"图中展示的物品是汉堡,根据垃圾分类的标准，应该属于厨余垃圾
"
233,图中展示的物品是纸张，根据垃圾分类的标准，应该属于可回收物,"图中展示的物品是便利贴,根据垃圾分类的标准，应该属于其他垃圾
"
234,"图中展示的物品是文件袋,根据垃圾分类的标准，应该属于可回收物","图中展示的物品是档案袋,根据垃圾分类的标准，应该属于可回收物
"
235,"图中展示的物品是[garbage_object],根据垃圾分类的标准，应该属于[garbage_type]","图中展示的物品是钟表,根据垃圾分类的标准，应该属于可回收物
"
236,"图中展示的物品是{garbage_object},根据垃圾分类的标准，应该属于{garbage_type}垃圾。","图中展示的物品是苍蝇拍,根据垃圾分类的标准，应该属于其他垃圾
"
237,图中展示的物品是机票，根据垃圾分类的标准，应该属于废纸,"图中展示的物品是登机牌,根据垃圾分类的标准，应该属于可回收物
"
238,"图中展示的物品是{garbage_object},根据垃圾分类的标准，应该属于{garbage_type}","图中展示的物品是垫子,根据垃圾分类的标准，应该属于可回收物
"
239,图中展示的物品是{food_container}，根据垃圾分类的标准，应该属于{plastic},"图中展示的物品是保鲜盒,根据垃圾分类的标准，应该属于可回收物
"
240,图中展示的物品是食物，根据垃圾分类的标准，应该属于可回收物,"图中展示的物品是鸡翅,根据垃圾分类的标准，应该属于厨余垃圾
"
241,图中展示的物品是面包，根据垃圾分类的标准，应该属于可回收垃圾。,"图中展示的物品是糕点,根据垃圾分类的标准，应该属于厨余垃圾
"
242,图中展示的物品是{batteries}，根据垃圾分类的标准，应该属于{garbage_type}废电池,"图中展示的物品是电池,根据垃圾分类的标准，应该属于有害垃圾
"
243,"图中展示的物品是[garbage_object],根据垃圾分类的标准，应该属于[garbage_type]","图中展示的物品是钟表,根据垃圾分类的标准，应该属于可回收物
"
244,干电池,"图中展示的物品是电池,根据垃圾分类的标准，应该属于有害垃圾
"
245,图中展示的物品是塑料袋，根据垃圾分类的标准，应该属于可回收垃圾。,"图中展示的物品是PE塑料袋,根据垃圾分类的标准，应该属于其他垃圾
"
246,图中展示的物品是食物，根据垃圾分类的标准，应该属于垃圾食品,"图中展示的物品是烤鸡烤鸭,根据垃圾分类的标准，应该属于厨余垃圾
"
247,"图中展示的物品是[garbage_object],根据垃圾分类的标准，应该属于[garbage_type]","图中展示的物品是糕点,根据垃圾分类的标准，应该属于厨余垃圾
"
248,图中展示的物品是羽毛掸子，根据垃圾分类的标准，应该属于不可回收物。,"图中展示的物品是鸡毛掸,根据垃圾分类的标准，应该属于其他垃圾
"
249,图中展示的物品是遥控器，根据垃圾分类的标准，应该属于可回收物。,"图中展示的物品是空调遥控器,根据垃圾分类的标准，应该属于可回收物
"
250,图中展示的物品是[ashtray]，根据垃圾分类的标准，应该属于[垃圾],"图中展示的物品是烟灰缸,根据垃圾分类的标准，应该属于可回收物
"
251,图中展示的物品是茶具，根据垃圾分类的标准，应该属于{garbage_type}厨余垃圾。,"图中展示的物品是茶叶罐,根据垃圾分类的标准，应该属于可回收物
"
252,"图中展示的物品是{garbage_object},根据垃圾分类的标准，应该属于{garbage_type}垃圾。","图中展示的物品是拖鞋,根据垃圾分类的标准，应该属于可回收物
"
253,"图中展示的物品是{food_object},根据垃圾分类的标准，应该属于{food}","图中展示的物品是饼干,根据垃圾分类的标准，应该属于厨余垃圾
"
254,"图中展示的物品是玻璃杯,根据垃圾分类的标准，应该属于玻璃","图中展示的物品是玻璃壶,根据垃圾分类的标准，应该属于可回收物
"
255,"图中展示的物品是[garbage_object],根据垃圾分类的标准，应该属于[garbage_type]","图中展示的物品是鸡翅,根据垃圾分类的标准，应该属于厨余垃圾
"
256,图中展示的物品是坚果，根据垃圾分类的标准，应该属于可回收物。,"图中展示的物品是巴旦木,根据垃圾分类的标准，应该属于厨余垃圾
"
257,"图中展示的物品是{kia car},根据垃圾分类的标准，应该属于{car}","图中展示的物品是车钥匙,根据垃圾分类的标准，应该属于可回收物
"
258,图中展示的物品是饼干，根据垃圾分类的标准，应该属于可回收垃圾,"图中展示的物品是饼干,根据垃圾分类的标准，应该属于厨余垃圾
"
259,图中展示的物品是玻璃瓶，根据垃圾分类的标准，应该属于其他垃圾。,"图中展示的物品是罐头瓶,根据垃圾分类的标准，应该属于可回收物
"
260,"图中展示的物品是{paper},根据垃圾分类的标准，应该属于{paper}","图中展示的物品是档案袋,根据垃圾分类的标准，应该属于可回收物
"
261,图中展示的物品是玻璃杯，根据垃圾分类的标准，应该属于可回收物。,"图中展示的物品是果冻,根据垃圾分类的标准，应该属于厨余垃圾
"
262,"图中展示的物品是瓜果,根据垃圾分类的标准，应该属于瓜果","图中展示的物品是西瓜皮,根据垃圾分类的标准，应该属于厨余垃圾
"
263,图中展示的物品是[food]，根据垃圾分类的标准，应该属于[食物],"图中展示的物品是草莓,根据垃圾分类的标准，应该属于厨余垃圾
"
264,"图中展示的物品是[garbage_object],根据垃圾分类的标准，应该属于[garbage_type]","图中展示的物品是手链,根据垃圾分类的标准，应该属于可回收物
"
265,"图中展示的物品是{garbage_object},根据垃圾分类的标准，应该属于{garbage_type}","图中展示的物品是生肉,根据垃圾分类的标准，应该属于厨余垃圾
"
266,"图中展示的物品是[comb], 根据垃圾分类的标准，应该属于[wood]","图中展示的物品是木质梳子,根据垃圾分类的标准，应该属于可回收物
"
267,"图中展示的物品是[garbage_object],根据垃圾分类的标准，应该属于[garbage_type]","图中展示的物品是报纸,根据垃圾分类的标准，应该属于可回收物
"
268,"图中展示的物品是花瓶,根据垃圾分类的标准，应该属于其他垃圾","图中展示的物品是茶叶罐,根据垃圾分类的标准，应该属于可回收物
"
269,图中展示的物品是玩具，根据垃圾分类的标准，应该属于可回收物。,"图中展示的物品是玩偶,根据垃圾分类的标准，应该属于可回收物
"
270,图中展示的物品是杯子，根据垃圾分类的标准，应该属于其他垃圾。,"图中展示的物品是热水瓶,根据垃圾分类的标准，应该属于可回收物
"
271,图中展示的物品是地球仪，根据垃圾分类的标准，应该属于其他垃圾,"图中展示的物品是地球仪,根据垃圾分类的标准，应该属于可回收物
"
272,"图中展示的物品是{garbage_object},根据垃圾分类的标准，应该属于{garbage_type}","图中展示的物品是耳钉耳环,根据垃圾分类的标准，应该属于可回收物
"
273,图中展示的物品是酒瓶，根据垃圾分类的标准，应该属于可回收物,"图中展示的物品是玻璃器皿,根据垃圾分类的标准，应该属于可回收物
"
274,"图中展示的物品是{garbage_object},根据垃圾分类的标准，应该属于{garbage_type}厨余垃圾","图中展示的物品是果冻,根据垃圾分类的标准，应该属于厨余垃圾
"
275,图中展示的物品是[watch]，根据垃圾分类的标准，应该属于[garbage],"图中展示的物品是钟表,根据垃圾分类的标准，应该属于可回收物
"
276,图中展示的物品是盘子，根据垃圾分类的标准，应该属于厨余垃圾,"图中展示的物品是盘子,根据垃圾分类的标准，应该属于可回收物
"
277,"图中展示的物品是{garbage_object},根据垃圾分类的标准，应该属于{garbage_type}垃圾。","图中展示的物品是空调遥控器,根据垃圾分类的标准，应该属于可回收物
"
278,"图中展示的物品是[garbage_object],根据垃圾分类的标准，应该属于[garbage_type]","图中展示的物品是耳套,根据垃圾分类的标准，应该属于可回收物
"
279,图中展示的物品是巧克力，根据垃圾分类的标准，应该属于垃圾食品。,"图中展示的物品是果冻,根据垃圾分类的标准，应该属于厨余垃圾
"
280,"图中展示的物品是{garbage_object},根据垃圾分类的标准，应该属于{garbage_type}","图中展示的物品是板栗,根据垃圾分类的标准，应该属于厨余垃圾
"
281,图中展示的物品是{fruit}，根据垃圾分类的标准，应该属于{food},"图中展示的物品是哈密瓜,根据垃圾分类的标准，应该属于厨余垃圾
"
282,图中展示的物品是香菇，根据垃圾分类的标准，应该属于厨余垃圾,"图中展示的物品是蘑菇,根据垃圾分类的标准，应该属于厨余垃圾
"
283,图中展示的物品是面包，根据垃圾分类的标准，应该属于可回收物,"图中展示的物品是贝果,根据垃圾分类的标准，应该属于厨余垃圾
"
284,"图中展示的物品是{garbage_object},根据垃圾分类的标准，应该属于{garbage_type}","图中展示的物品是创可贴,根据垃圾分类的标准，应该属于其他垃圾
"
285,"图中展示的物品是{garbage_object},根据垃圾分类的标准，应该属于{garbage_type}","图中展示的物品是变形玩具,根据垃圾分类的标准，应该属于可回收物
"
286,"图中展示的物品是[wooden objects],根据垃圾分类的标准，应该属于[recyclable]","图中展示的物品是木质梳子,根据垃圾分类的标准，应该属于可回收物
"
287,"图中展示的物品是{garbage_object},根据垃圾分类的标准，应该属于{garbage_type}","图中展示的物品是电路板,根据垃圾分类的标准，应该属于可回收物
"
288,"图中展示的物品是[garbage_object],根据垃圾分类的标准，应该属于[garbage_type]","图中展示的物品是耳机,根据垃圾分类的标准，应该属于可回收物
"
289,"图中展示的物品是{garbage_object},根据垃圾分类的标准，应该属于{garbage_type}","图中展示的物品是哈密瓜,根据垃圾分类的标准，应该属于厨余垃圾
"
290,"图中展示的物品是{garbage_object},根据垃圾分类的标准，应该属于{garbage_type}","图中展示的物品是核桃,根据垃圾分类的标准，应该属于厨余垃圾
"
291,"图中展示的物品是{garbage_object},根据垃圾分类的标准，应该属于{garbage_type}","图中展示的物品是蓄电池,根据垃圾分类的标准，应该属于有害垃圾
"
292,图中展示的物品是纸盒，根据垃圾分类的标准，应该属于可回收物。,"图中展示的物品是糕点,根据垃圾分类的标准，应该属于厨余垃圾
"
293,"图中展示的物品是{garbage_object},根据垃圾分类的标准，应该属于{garbage_type}垃圾。","图中展示的物品是红花油,根据垃圾分类的标准，应该属于有害垃圾
"
294,"图中展示的物品是[garbage_object],根据垃圾分类的标准，应该属于[garbage_type]","图中展示的物品是鞋,根据垃圾分类的标准，应该属于可回收物
"
295,"图中展示的物品是{garbage_object},根据垃圾分类的标准，应该属于{garbage_type}","图中展示的物品是鸡翅,根据垃圾分类的标准，应该属于厨余垃圾
"
296,"图中展示的物品是{garbage_object},根据垃圾分类的标准，应该属于{garbage_type}垃圾。","图中展示的物品是鸡翅,根据垃圾分类的标准，应该属于厨余垃圾
"
297,图中展示的物品是罐子，根据垃圾分类的标准，应该属于可回收垃圾。,"图中展示的物品是茶叶罐,根据垃圾分类的标准，应该属于可回收物
"
298,"图中展示的物品是{air_conditioner},根据垃圾分类的标准，应该属于{trash}","图中展示的物品是杀虫剂,根据垃圾分类的标准，应该属于有害垃圾
"
299,图中展示的物品是车钥匙，根据垃圾分类的标准，应该属于可回收物。,"图中展示的物品是车钥匙,根据垃圾分类的标准，应该属于可回收物
"
300,图中展示的物品是香肠，根据垃圾分类的标准，应该属于垃圾食品,"图中展示的物品是肠(火腿),根据垃圾分类的标准，应该属于厨余垃圾
"
301,图中展示的物品是刀具，根据垃圾分类的标准，应该属于厨余垃圾,"图中展示的物品是刀,根据垃圾分类的标准，应该属于可回收物
"
302,图中展示的物品是蔬菜，根据垃圾分类的标准，应该属于厨余垃圾,"图中展示的物品是生肉,根据垃圾分类的标准，应该属于厨余垃圾
"
303,图中展示的物品是塑料飞盘，根据垃圾分类的标准，应该属于其他垃圾。,"图中展示的物品是苍蝇拍,根据垃圾分类的标准，应该属于其他垃圾
"
304,图中展示的物品是毛绒玩具，根据垃圾分类的标准，应该属于可回收物,"图中展示的物品是玩偶,根据垃圾分类的标准，应该属于可回收物
"
305,图中展示的物品是玻璃制品，根据垃圾分类的标准，应该属于玻璃垃圾,"图中展示的物品是烟灰缸,根据垃圾分类的标准，应该属于可回收物
"
306,"图中展示的物品是[garbage_object],根据垃圾分类的标准，应该属于[garbage_type]","图中展示的物品是单肩包手提包,根据垃圾分类的标准，应该属于可回收物
"
307,图中展示的物品是计算器，根据垃圾分类的标准，应该属于电子废弃物,"图中展示的物品是钟表,根据垃圾分类的标准，应该属于可回收物
"
308,图中展示的物品是南瓜籽，根据垃圾分类的标准，应该属于可回收物。,"图中展示的物品是瓜子,根据垃圾分类的标准，应该属于厨余垃圾
"
309,图中展示的物品是钥匙，根据垃圾分类的标准，应该属于垃圾,"图中展示的物品是车钥匙,根据垃圾分类的标准，应该属于可回收物
"
310,图中展示的物品是[handbag]，根据垃圾分类的标准，应该属于[可回收物],"图中展示的物品是单肩包手提包,根据垃圾分类的标准，应该属于可回收物
"
311,图中展示的物品是{food}，根据垃圾分类的标准，应该属于{food},"图中展示的物品是蛋,根据垃圾分类的标准，应该属于厨余垃圾
"
312,"图中展示的物品是报纸,根据垃圾分类的标准，应该属于垃圾","图中展示的物品是报纸,根据垃圾分类的标准，应该属于可回收物
"
313,图中展示的物品是垃圾，根据垃圾分类的标准，应该属于厨余垃圾,"图中展示的物品是炸鸡,根据垃圾分类的标准，应该属于厨余垃圾
"
314,"图中展示的物品是{garbage_object},根据垃圾分类的标准，应该属于{garbage_type}","图中展示的物品是鞋,根据垃圾分类的标准，应该属于可回收物
"
315,"图中展示的物品是[garbage_object],根据垃圾分类的标准，应该属于[garbage_type]","图中展示的物品是肠(火腿),根据垃圾分类的标准，应该属于厨余垃圾
"
316,"图中展示的物品是百洁布,根据垃圾分类的标准，应该属于废塑料（或废弃塑料）","图中展示的物品是百洁布,根据垃圾分类的标准，应该属于其他垃圾
"
317,图中展示的物品是{glass}，根据垃圾分类的标准，应该属于{plastic},"图中展示的物品是玻璃器皿,根据垃圾分类的标准，应该属于可回收物
"
318,图中展示的物品是饼干，根据垃圾分类的标准，应该属于厨余垃圾。,"图中展示的物品是饼干,根据垃圾分类的标准，应该属于厨余垃圾
"
319,"图中展示的物品是{garbage_object},根据垃圾分类的标准，应该属于{garbage_type}","图中展示的物品是键盘,根据垃圾分类的标准，应该属于可回收物
"
320,"图中展示的物品是{wood_object},根据垃圾分类的标准，应该属于{garbage_type}","图中展示的物品是核桃,根据垃圾分类的标准，应该属于厨余垃圾
"
321,图中展示的物品是{stick}，根据垃圾分类的标准，应该属于{recycle},"图中展示的物品是便利贴,根据垃圾分类的标准，应该属于其他垃圾
"
322,图中展示的物品是牛仔裤，根据垃圾分类的标准，应该属于可回收垃圾,"图中展示的物品是裤子,根据垃圾分类的标准，应该属于可回收物
"
323,"图中展示的物品是{garbage_object},根据垃圾分类的标准，应该属于{garbage_type}","图中展示的物品是木制玩具,根据垃圾分类的标准，应该属于可回收物
"
324,图中展示的物品是塑料瓶，根据垃圾分类的标准，应该属于其他垃圾。,"图中展示的物品是塑料瓶,根据垃圾分类的标准，应该属于可回收物
"
325,图中展示的物品是汉堡、炸鸡、香肠，根据垃圾分类的标准，应该属于垃圾食品。,"图中展示的物品是汉堡,根据垃圾分类的标准，应该属于厨余垃圾
"
326,"图中展示的物品是[garbage_object],根据垃圾分类的标准，应该属于[garbage_type]","图中展示的物品是车钥匙,根据垃圾分类的标准，应该属于可回收物
"
327,"图中展示的物品是{garbage_object},根据垃圾分类的标准，应该属于{garbage_type}垃圾。","图中展示的物品是蛋挞,根据垃圾分类的标准，应该属于厨余垃圾
"
328,"图中展示的物品是{garbage_object},根据垃圾分类的标准，应该属于{garbage_type}厨余垃圾。","图中展示的物品是甘蔗,根据垃圾分类的标准，应该属于厨余垃圾
"
329,图中展示的物品是面包，根据垃圾分类的标准，应该属于厨余垃圾。,"图中展示的物品是糕点,根据垃圾分类的标准，应该属于厨余垃圾
"
330,"图中展示的物品是[garbage_object],根据垃圾分类的标准，应该属于[garbage_type]","图中展示的物品是灯罩,根据垃圾分类的标准，应该属于可回收物
"
331,"图中展示的物品是[thermos],根据垃圾分类的标准，应该属于[有害垃圾]","图中展示的物品是热水瓶,根据垃圾分类的标准，应该属于可回收物
"
332,图中展示的物品是肉，根据垃圾分类的标准，应该属于厨余垃圾,"图中展示的物品是牛肉干,根据垃圾分类的标准，应该属于厨余垃圾
"
333,"图中展示的物品是{garbage_object},根据垃圾分类的标准，应该属于{garbage_type}垃圾。","图中展示的物品是望远镜,根据垃圾分类的标准，应该属于可回收物
"
334,图中展示的物品是[plate]，根据垃圾分类的标准，应该属于[厨余垃圾],"图中展示的物品是碗,根据垃圾分类的标准，应该属于可回收物
"
335,图中展示的物品是塑料袋，根据垃圾分类的标准，应该属于其他垃圾,"图中展示的物品是PE塑料袋,根据垃圾分类的标准，应该属于其他垃圾
"
336,"图中展示的物品是{garbage_object},根据垃圾分类的标准，应该属于{garbage_type}","图中展示的物品是胶水,根据垃圾分类的标准，应该属于有害垃圾
"
337,图中展示的物品是塑料滴眼液瓶，根据垃圾分类的标准，应该属于可回收物,"图中展示的物品是滴眼液瓶,根据垃圾分类的标准，应该属于有害垃圾
"
338,"图中展示的物品是{garbage_object},根据垃圾分类的标准，应该属于{garbage_type}","图中展示的物品是玻璃壶,根据垃圾分类的标准，应该属于可回收物
"
339,"图中展示的物品是饮料杯,根据垃圾分类的标准，应该属于饮料瓶","图中展示的物品是保温杯,根据垃圾分类的标准，应该属于可回收物
"
340,"图中展示的物品是{garbage_object},根据垃圾分类的标准，应该属于{garbage_type}其他垃圾","图中展示的物品是蛋糕盒,根据垃圾分类的标准，应该属于可回收物
"
341,图中展示的物品是{no Garbage},"图中展示的物品是塑料盆,根据垃圾分类的标准，应该属于可回收物
"
342,玻璃瓶,"图中展示的物品是玻璃器皿,根据垃圾分类的标准，应该属于可回收物
"
343,图中展示的物品是验孕棒，根据垃圾分类的标准，应该属于不可回收垃圾。,"图中展示的物品是验孕棒,根据垃圾分类的标准，应该属于其他垃圾
"
344,"图中展示的物品是{garbage_object},根据垃圾分类的标准，应该属于{garbage_type}垃圾。","图中展示的物品是碘伏空瓶,根据垃圾分类的标准，应该属于有害垃圾
"
345,图中展示的物品是[fruit]，根据垃圾分类的标准，应该属于[food]。,"图中展示的物品是草莓,根据垃圾分类的标准，应该属于厨余垃圾
"
346,图中展示的物品是黄瓜，根据垃圾分类的标准，应该属于厨余垃圾,"图中展示的物品是西瓜皮,根据垃圾分类的标准，应该属于厨余垃圾
"
347,图中展示的物品是闹钟，根据垃圾分类的标准，应该属于电子垃圾,"图中展示的物品是钟表,根据垃圾分类的标准，应该属于可回收物
"
348,图中展示的物品是垃圾，根据垃圾分类的标准，应该属于{garbage_type}厨余垃圾。,"图中展示的物品是药品包装,根据垃圾分类的标准，应该属于有害垃圾
"
349,"图中展示的物品是{domino_object},根据垃圾分类的标准，应该属于{domino}","图中展示的物品是木制玩具,根据垃圾分类的标准，应该属于可回收物
"
350,"图中展示的物品是{garbage_object},根据垃圾分类的标准，应该属于{garbage_type}","图中展示的物品是辣椒,根据垃圾分类的标准，应该属于厨余垃圾
"
351,图中展示的物品是甜瓜，根据垃圾分类的标准，应该属于可回收物。,"图中展示的物品是哈密瓜,根据垃圾分类的标准，应该属于厨余垃圾
"
352,图中展示的物品是塑料盆，根据垃圾分类的标准，应该属于可回收物,"图中展示的物品是塑料盆,根据垃圾分类的标准，应该属于可回收物
"
353,图中展示的物品是白菜，根据垃圾分类的标准，应该属于厨余垃圾,"图中展示的物品是白菜,根据垃圾分类的标准，应该属于厨余垃圾
"
354,"图中展示的物品是[garbage_object],根据垃圾分类的标准，应该属于[garbage_type]","图中展示的物品是票据,根据垃圾分类的标准，应该属于其他垃圾
"
355,"图中展示的物品是[garbage_object],根据垃圾分类的标准，应该属于[garbage_type]","图中展示的物品是暖宝宝,根据垃圾分类的标准，应该属于可回收物
"
356,图中展示的物品是金属直尺，根据垃圾分类的标准，应该属于金属垃圾。,"图中展示的物品是尺子,根据垃圾分类的标准，应该属于可回收物
"
357,图中展示的物品是钱包，根据垃圾分类的标准，应该属于可回收物,"图中展示的物品是单肩包手提包,根据垃圾分类的标准，应该属于可回收物
"
358,"图中展示的物品是{garbage_object},根据垃圾分类的标准，应该属于{garbage_type}","图中展示的物品是单肩包手提包,根据垃圾分类的标准，应该属于可回收物
"
359,"图中展示的物品是{garbage_object},根据垃圾分类的标准，应该属于{garbage_type}","图中展示的物品是拖鞋,根据垃圾分类的标准，应该属于可回收物
"
360,图中展示的物品是梳子，根据垃圾分类的标准，应该属于垃圾型,"图中展示的物品是木质梳子,根据垃圾分类的标准，应该属于可回收物
"
361,"图中展示的物品是{garbage_object},根据垃圾分类的标准，应该属于{garbage_type}","图中展示的物品是生肉,根据垃圾分类的标准，应该属于厨余垃圾
"
362,图中展示的物品是{toy}，根据垃圾分类的标准，应该属于{toy waste},"图中展示的物品是变形玩具,根据垃圾分类的标准，应该属于可回收物
"
363,"图中展示的物品是{garbage_object},根据垃圾分类的标准，应该属于{garbage_type}","图中展示的物品是汉堡,根据垃圾分类的标准，应该属于厨余垃圾
"
364,图中展示的物品是电源适配器，根据垃圾分类的标准，应该属于电子垃圾。,"图中展示的物品是充电头,根据垃圾分类的标准，应该属于可回收物
"
365,"图中展示的物品是{garbage_object},根据垃圾分类的标准，应该属于{garbage_type}","图中展示的物品是红豆,根据垃圾分类的标准，应该属于厨余垃圾
"
366,"图中展示的物品是{garbage_object},根据垃圾分类的标准，应该属于{garbage_type}电子垃圾","图中展示的物品是电路板,根据垃圾分类的标准，应该属于可回收物
"
367,"图中展示的物品是{garbage_object},根据垃圾分类的标准，应该属于{garbage_type}","图中展示的物品是购物纸袋,根据垃圾分类的标准，应该属于可回收物
"
368,图中展示的物品是便利贴，根据垃圾分类的标准，应该属于不可回收垃圾。,"图中展示的物品是便利贴,根据垃圾分类的标准，应该属于其他垃圾
"
369,图中展示的物品是鞋子，根据垃圾分类的标准，应该属于可回收垃圾,"图中展示的物品是鞋,根据垃圾分类的标准，应该属于可回收物
"
370,"图中展示的物品是[garbage_object],根据垃圾分类的标准，应该属于[garbage_type]","图中展示的物品是辣椒,根据垃圾分类的标准，应该属于厨余垃圾
"
371,"图中展示的物品是{garbage_object},根据垃圾分类的标准，应该属于{garbage_type}","图中展示的物品是纸巾,根据垃圾分类的标准，应该属于其他垃圾
"
372,图中展示的物品是米饭，根据垃圾分类的标准，应该属于厨余垃圾。,"图中展示的物品是残渣剩饭,根据垃圾分类的标准，应该属于厨余垃圾
"
373,图中展示的物品是电池，根据垃圾分类的标准，应该属于有害垃圾,"图中展示的物品是电池,根据垃圾分类的标准，应该属于有害垃圾
"
374,"图中展示的物品是{garbage_object},根据垃圾分类的标准，应该属于{garbage_type}塑料袋","图中展示的物品是购物纸袋,根据垃圾分类的标准，应该属于可回收物
"
375,图中展示的物品是玻璃杯、水果和水果片，根据垃圾分类的标准，应该属于厨房垃圾。,"图中展示的物品是菠萝,根据垃圾分类的标准，应该属于厨余垃圾
"
376,"图中展示的物品是{garbage_object},根据垃圾分类的标准，应该属于{garbage_type}","图中展示的物品是肠(火腿),根据垃圾分类的标准，应该属于厨余垃圾
"
377,"图中展示的物品是[纸袋],[垃圾袋],[垃圾],[废弃物]","图中展示的物品是档案袋,根据垃圾分类的标准，应该属于可回收物
"
378,"图中展示的物品是{garbage_object},根据垃圾分类的标准，应该属于{garbage_type}","图中展示的物品是钟表,根据垃圾分类的标准，应该属于可回收物
"
379,"图中展示的物品是[garbage_object],根据垃圾分类的标准，应该属于[garbage_type]","图中展示的物品是一次性棉签,根据垃圾分类的标准，应该属于其他垃圾
"
380,图中展示的物品是塑料袋，根据垃圾分类的标准，应该属于其他垃圾。,"图中展示的物品是PE塑料袋,根据垃圾分类的标准，应该属于其他垃圾
"
381,图中展示的物品是食物，根据垃圾分类的标准，应该属于垃圾食品,"图中展示的物品是荷包蛋,根据垃圾分类的标准，应该属于厨余垃圾
"
382,"图中展示的物品是{garbage_object},根据垃圾分类的标准，应该属于{garbage_type}厨余垃圾","图中展示的物品是蛋挞,根据垃圾分类的标准，应该属于厨余垃圾
"
383,图中展示的物品是饼干，根据垃圾分类的标准，应该属于可回收物,"图中展示的物品是糕点,根据垃圾分类的标准，应该属于厨余垃圾
"
384,图中展示的物品是铅笔，根据垃圾分类的标准，应该属于废品,"图中展示的物品是笔及笔芯,根据垃圾分类的标准，应该属于其他垃圾
"
385,图中展示的物品是饼干，根据垃圾分类的标准，应该属于可回收垃圾,"图中展示的物品是饼干,根据垃圾分类的标准，应该属于厨余垃圾
"
386,"图中展示的物品是[garbage_object],根据垃圾分类的标准，应该属于[garbage_type]","图中展示的物品是保温杯,根据垃圾分类的标准，应该属于可回收物
"
387,"图中展示的物品是[garbage_object],根据垃圾分类的标准，应该属于[garbage_type]","图中展示的物品是吹风机,根据垃圾分类的标准，应该属于可回收物
"
388,"图中展示的物品是{garbage_object},根据垃圾分类的标准，应该属于{garbage_type}","图中展示的物品是地球仪,根据垃圾分类的标准，应该属于可回收物
"
389,"图中展示的物品是{garbage_object},根据垃圾分类的标准，应该属于{garbage_type}电子废弃物","图中展示的物品是蓄电池,根据垃圾分类的标准，应该属于有害垃圾
"
390,图中展示的物品是薯条，根据垃圾分类的标准，应该属于可回收垃圾,"图中展示的物品是薯条,根据垃圾分类的标准，应该属于厨余垃圾
"
391,图中展示的物品是木块，根据垃圾分类的标准，应该属于可回收物,"图中展示的物品是木制玩具,根据垃圾分类的标准，应该属于可回收物
"
392,"图中展示的物品是[garbage_object],根据垃圾分类的标准，应该属于[garbage_type]","图中展示的物品是碘伏空瓶,根据垃圾分类的标准，应该属于有害垃圾
"
393,"图中展示的物品是[garbage_object],根据垃圾分类的标准，应该属于[garbage_type]","图中展示的物品是八宝粥,根据垃圾分类的标准，应该属于厨余垃圾
"
394,"图中展示的物品是计算器,根据垃圾分类的标准，应该属于废纸","图中展示的物品是计算器,根据垃圾分类的标准，应该属于可回收物
"
395,图中展示的物品是玩具积木，根据垃圾分类的标准，应该属于可回收垃圾。,"图中展示的物品是木制玩具,根据垃圾分类的标准，应该属于可回收物
"
396,"图中展示的物品是[garbage_object],根据垃圾分类的标准，应该属于[garbage_type]","图中展示的物品是玻璃壶,根据垃圾分类的标准，应该属于可回收物
"
397,图中展示的物品是{chips}，根据垃圾分类的标准，应该属于{garbage_type}其他垃圾。,"图中展示的物品是鸡翅,根据垃圾分类的标准，应该属于厨余垃圾
"
398,"图中展示的物品是{garbage_object},根据垃圾分类的标准，应该属于{garbage_type}","图中展示的物品是剪刀,根据垃圾分类的标准，应该属于可回收物
"
399,"图中展示的物品是{garbage_object},根据垃圾分类的标准，应该属于{garbage_type}","图中展示的物品是鞋,根据垃圾分类的标准，应该属于可回收物
"
400,图中展示的物品是纸袋，根据垃圾分类的标准，应该属于可回收物。,"图中展示的物品是购物纸袋,根据垃圾分类的标准，应该属于可回收物
"
401,图中展示的物品是钙片，根据垃圾分类的标准，应该属于垃圾食品,"图中展示的物品是保健品瓶,根据垃圾分类的标准，应该属于有害垃圾
"
402,图中展示的物品是纸箱，根据垃圾分类的标准，应该属于可回收物,"图中展示的物品是纸箱,根据垃圾分类的标准，应该属于可回收物
"
403,"图中展示的物品是{garbage_object},根据垃圾分类的标准，应该属于{garbage_type}","图中展示的物品是创可贴,根据垃圾分类的标准，应该属于其他垃圾
"
404,"图中展示的物品是{garbage_object},根据垃圾分类的标准，应该属于{garbage_type}垃圾。","图中展示的物品是陈皮,根据垃圾分类的标准，应该属于厨余垃圾
"
405,图中展示的物品是{toys}，根据垃圾分类的标准，应该属于{garbage_type}其他垃圾。,"图中展示的物品是玩偶,根据垃圾分类的标准，应该属于可回收物
"
406,"图中展示的物品是{garbage_object},根据垃圾分类的标准，应该属于{garbage_type}","图中展示的物品是碘伏空瓶,根据垃圾分类的标准，应该属于有害垃圾
"
407,"图中展示的物品是{garbage_object},根据垃圾分类的标准，应该属于{garbage_type}","图中展示的物品是汉堡,根据垃圾分类的标准，应该属于厨余垃圾
"
408,图中展示的物品是{no garbage},"图中展示的物品是订书机,根据垃圾分类的标准，应该属于可回收物
"
409,图中展示的物品是药品，根据垃圾分类的标准，应该属于垃圾中的有害垃圾。,"图中展示的物品是药品包装,根据垃圾分类的标准，应该属于有害垃圾
"
410,"图中展示的物品是{garbage_object},根据垃圾分类的标准，应该属于{garbage_type}","图中展示的物品是薯条,根据垃圾分类的标准，应该属于厨余垃圾
"
411,"图中展示的物品是{garbage_object},根据垃圾分类的标准，应该属于{garbage_type}垃圾。","图中展示的物品是鞋,根据垃圾分类的标准，应该属于可回收物
"
412,图中展示的物品是白菜，根据垃圾分类的标准，应该属于厨余垃圾。,"图中展示的物品是白菜,根据垃圾分类的标准，应该属于厨余垃圾
"
413,"图中展示的物品是{garbage_object},根据垃圾分类的标准，应该属于{garbage_type}","图中展示的物品是购物纸袋,根据垃圾分类的标准，应该属于可回收物
"
414,"图中展示的物品是[羽毛掸子],根据垃圾分类的标准，应该属于[其他垃圾]","图中展示的物品是鸡毛掸,根据垃圾分类的标准，应该属于其他垃圾
"
415,"图中展示的物品是[garbage_object],根据垃圾分类的标准，应该属于[garbage_type]","图中展示的物品是纸牌,根据垃圾分类的标准，应该属于可回收物
"
416,图中展示的物品是{crumb}，根据垃圾分类的标准，应该属于{garbage_type},"图中展示的物品是饼干,根据垃圾分类的标准，应该属于厨余垃圾
"
417,图中展示的物品是尺子，根据垃圾分类的标准，应该属于可回收物。,"图中展示的物品是尺子,根据垃圾分类的标准，应该属于可回收物
"
418,"图中展示的物品是{purse_object},根据垃圾分类的标准，应该属于{garbage_type}","图中展示的物品是单肩包手提包,根据垃圾分类的标准，应该属于可回收物
"
419,"图中展示的物品是{garbage_object},根据垃圾分类的标准，应该属于{garbage_type}","图中展示的物品是炸鸡,根据垃圾分类的标准，应该属于厨余垃圾
"
420,"图中展示的物品是{garbage_object},根据垃圾分类的标准，应该属于{garbage_type}垃圾。","图中展示的物品是打泡网,根据垃圾分类的标准，应该属于其他垃圾
"
421,图中展示的物品是垃圾袋，根据垃圾分类的标准，应该属于其他垃圾,"图中展示的物品是呼啦圈,根据垃圾分类的标准，应该属于可回收物
"
422,图中展示的物品是萝卜,"图中展示的物品是白萝卜,根据垃圾分类的标准，应该属于厨余垃圾
"
423,"图中展示的物品是{garbage_object},根据垃圾分类的标准，应该属于{garbage_type}","图中展示的物品是糕点,根据垃圾分类的标准，应该属于厨余垃圾
"
424,"图中展示的物品是{bag_object},根据垃圾分类的标准，应该属于{waste_type}","图中展示的物品是手提包,根据垃圾分类的标准，应该属于可回收物
"
425,图中展示的物品是蛋糕盒，根据垃圾分类的标准，应该属于可回收物。,"图中展示的物品是蛋糕盒,根据垃圾分类的标准，应该属于可回收物
"
426,图中展示的物品是电蚊拍，根据垃圾分类的标准，应该属于可回收物,"图中展示的物品是苍蝇拍,根据垃圾分类的标准，应该属于其他垃圾
"
427,图中展示的物品是口罩，根据垃圾分类的标准，应该属于有害垃圾。,"图中展示的物品是口罩,根据垃圾分类的标准，应该属于其他垃圾
"
428,图中展示的物品是线缆，根据垃圾分类的标准，应该属于可回收物,"图中展示的物品是充电线,根据垃圾分类的标准，应该属于可回收物
"
429,图中展示的物品是碗，根据垃圾分类的标准，应该属于厨余垃圾。,"图中展示的物品是塑料盆,根据垃圾分类的标准，应该属于可回收物
"
430,图中展示的物品是塑料，根据垃圾分类的标准，应该属于其他垃圾。,"图中展示的物品是苍蝇拍,根据垃圾分类的标准，应该属于其他垃圾
"
431,图中展示的物品是行李箱，根据垃圾分类的标准，应该属于可回收物。,"图中展示的物品是衣架,根据垃圾分类的标准，应该属于可回收物
"
432,"图中展示的物品是[garbage_object],根据垃圾分类的标准，应该属于[garbage_type]","图中展示的物品是保健品瓶,根据垃圾分类的标准，应该属于有害垃圾
"
433,图中展示的物品是尺子，根据垃圾分类的标准，应该属于废品,"图中展示的物品是尺子,根据垃圾分类的标准，应该属于可回收物
"
434,图中展示的物品是刀具，根据垃圾分类的标准，应该属于{waste_type},"图中展示的物品是刀,根据垃圾分类的标准，应该属于可回收物
"
435,图中展示的物品是蔬菜，根据垃圾分类的标准，应该属于{garbage_type}蔬菜。,"图中展示的物品是肠(火腿),根据垃圾分类的标准，应该属于厨余垃圾
"
436,图中展示的物品是望远镜，根据垃圾分类的标准，应该属于电子废弃物,"图中展示的物品是望远镜,根据垃圾分类的标准，应该属于可回收物
"
437,图中展示的物品是玩具，根据垃圾分类的标准，应该属于垃圾玩具,"图中展示的物品是玩偶,根据垃圾分类的标准，应该属于可回收物
"
438,"图中展示的物品是[杯子],[垃圾],[塑料]","图中展示的物品是保温杯,根据垃圾分类的标准，应该属于可回收物
"
439,图中展示的物品是塑料餐具，根据垃圾分类的标准，应该属于厨余垃圾。,"图中展示的物品是奶粉罐铝盖,根据垃圾分类的标准，应该属于可回收物
"
440,图中展示的物品是[fruit]，根据垃圾分类的标准，应该属于[可回收物],"图中展示的物品是果冻,根据垃圾分类的标准，应该属于厨余垃圾
"
441,图中展示的物品是电线，根据垃圾分类的标准，应该属于{garbage_type}其他垃圾。,"图中展示的物品是充电线,根据垃圾分类的标准，应该属于可回收物
"
442,"图中展示的物品是{garbage_object},根据垃圾分类的标准，应该属于{garbage_type}","图中展示的物品是纸巾,根据垃圾分类的标准，应该属于其他垃圾
"
443,图中展示的物品是票,"图中展示的物品是登机牌,根据垃圾分类的标准，应该属于可回收物
"
444,图中展示的物品是唱片，根据垃圾分类的标准，应该属于垃圾,"图中展示的物品是唱片,根据垃圾分类的标准，应该属于其他垃圾
"
445,"图中展示的物品是{garbage_object},根据垃圾分类的标准，应该属于{garbage_type}","图中展示的物品是鞋,根据垃圾分类的标准，应该属于可回收物
"
446,图中展示的物品是锡纸，根据垃圾分类的标准，应该属于厨余垃圾,"图中展示的物品是骨肉相连,根据垃圾分类的标准，应该属于厨余垃圾
"
447,图中展示的物品是番茄，根据垃圾分类的标准，应该属于可回收物,"图中展示的物品是圣女果,根据垃圾分类的标准，应该属于厨余垃圾
"
448,"图中展示的物品是{garbage_object},根据垃圾分类的标准，应该属于{garbage_type}","图中展示的物品是残渣剩饭,根据垃圾分类的标准，应该属于厨余垃圾
"
449,"图中展示的物品是{garbage_object},根据垃圾分类的标准，应该属于{garbage_type}","图中展示的物品是变形玩具,根据垃圾分类的标准，应该属于可回收物
"
450,图中展示的物品是纸盒，根据垃圾分类的标准，应该属于可回收垃圾。,"图中展示的物品是薯条,根据垃圾分类的标准，应该属于厨余垃圾
"
451,"图中展示的物品是[酒具],根据垃圾分类的标准，应该属于[玻璃]","图中展示的物品是玻璃器皿,根据垃圾分类的标准，应该属于可回收物
"
452,"图中展示的物品是{garbage_object},根据垃圾分类的标准，应该属于{garbage_type}","图中展示的物品是单肩包手提包,根据垃圾分类的标准，应该属于可回收物
"
453,"图中展示的物品是[garbage_object],根据垃圾分类的标准，应该属于[garbage_type]","图中展示的物品是保温杯,根据垃圾分类的标准，应该属于可回收物
"
454,图中展示的物品是[swimmingpool]，根据垃圾分类的标准，应该属于[不可回收垃圾],"图中展示的物品是苍蝇拍,根据垃圾分类的标准，应该属于其他垃圾
"
455,图中展示的物品是废电池，根据垃圾分类的标准，应该属于有害垃圾,"图中展示的物品是烟蒂,根据垃圾分类的标准，应该属于其他垃圾
"
456,图中展示的物品是{fruit}，根据垃圾分类的标准，应该属于{vegetable},"图中展示的物品是火龙果,根据垃圾分类的标准，应该属于厨余垃圾
"
457,"图中展示的物品是[garbage_object],根据垃圾分类的标准，应该属于[garbage_type]","图中展示的物品是芭比娃娃,根据垃圾分类的标准，应该属于可回收物
"
458,"图中展示的物品是{lighting_object},根据垃圾分类的标准，应该属于{reusable}","图中展示的物品是灯罩,根据垃圾分类的标准，应该属于可回收物
"
459,图中展示的物品是{green_lettuce}，根据垃圾分类的标准，应该属于{vegetable},"图中展示的物品是青菜,根据垃圾分类的标准，应该属于厨余垃圾
"
460,图中展示的物品是瓶子，根据垃圾分类的标准，应该属于{garbage_type}其他垃圾。,"图中展示的物品是滴眼液瓶,根据垃圾分类的标准，应该属于有害垃圾
"
461,"图中展示的物品是{garbage_object},根据垃圾分类的标准，应该属于{garbage_type}","图中展示的物品是创可贴,根据垃圾分类的标准，应该属于其他垃圾
"
462,图中展示的物品是[food]，根据垃圾分类的标准，应该属于[food],"图中展示的物品是叉子,根据垃圾分类的标准，应该属于可回收物
"
463,图中展示的物品是锅盖，根据垃圾分类的标准，应该属于其他垃圾。,"图中展示的物品是锅盖,根据垃圾分类的标准，应该属于可回收物
"
464,图中展示的物品是灯，根据垃圾分类的标准，应该属于其他垃圾。,"图中展示的物品是灯罩,根据垃圾分类的标准，应该属于可回收物
"
465,"图中展示的物品是{garbage_object},根据垃圾分类的标准，应该属于{garbage_type}","图中展示的物品是毛巾,根据垃圾分类的标准，应该属于其他垃圾
"
466,"图中展示的物品是{garbage_object},根据垃圾分类的标准，应该属于{garbage_type}","图中展示的物品是残渣剩饭,根据垃圾分类的标准，应该属于厨余垃圾
"
467,图中展示的物品是[玻璃]，根据垃圾分类的标准，应该属于[其他],"图中展示的物品是水杯,根据垃圾分类的标准，应该属于可回收物
"
468,图中展示的物品是ram，根据垃圾分类的标准，应该属于电子垃圾。,"图中展示的物品是电路板,根据垃圾分类的标准，应该属于可回收物
"
469,图中展示的物品是泡菜，根据垃圾分类的标准，应该属于垃圾食品。,"图中展示的物品是蛋,根据垃圾分类的标准，应该属于厨余垃圾
"
470,"图中展示的物品是公交卡,根据垃圾分类的标准，应该属于其他垃圾","图中展示的物品是卡,根据垃圾分类的标准，应该属于可回收物
"
471,图中展示的物品是袜子，根据垃圾分类的标准，应该属于{garbage_type},"图中展示的物品是袜子,根据垃圾分类的标准，应该属于可回收物
"
472,图中展示的物品是塑料袋，根据垃圾分类的标准，应该属于可回收垃圾。,"图中展示的物品是PE塑料袋,根据垃圾分类的标准，应该属于其他垃圾
"
473,图中展示的物品是塑料碗，根据垃圾分类的标准，应该属于厨余垃圾。,"图中展示的物品是塑料盆,根据垃圾分类的标准，应该属于可回收物
"
474,图中展示的物品是玻璃杯，根据垃圾分类的标准，应该属于垃圾,"图中展示的物品是水杯,根据垃圾分类的标准，应该属于可回收物
"
475,"图中展示的物品是[灯泡],根据垃圾分类的标准，应该属于[其他垃圾]","图中展示的物品是空气加湿器,根据垃圾分类的标准，应该属于可回收物
"
476,"图中展示的物品是{garbage_object},根据垃圾分类的标准，应该属于{garbage_type}垃圾。","图中展示的物品是果冻,根据垃圾分类的标准，应该属于厨余垃圾
"
477,图中展示的物品是包装袋，根据垃圾分类的标准，应该属于可回收物。,"图中展示的物品是药品包装,根据垃圾分类的标准，应该属于有害垃圾
"
478,"图中展示的物品是{garbage_object},根据垃圾分类的标准，应该属于{garbage_type}","图中展示的物品是档案袋,根据垃圾分类的标准，应该属于可回收物
"
479,"图中展示的物品是{garbage_object},根据垃圾分类的标准，应该属于{garbage_type}","图中展示的物品是充电宝,根据垃圾分类的标准，应该属于可回收物
"
480,图中展示的物品是大白菜，根据垃圾分类的标准，应该属于厨余垃圾。,"图中展示的物品是白菜,根据垃圾分类的标准，应该属于厨余垃圾
"
481,"图中展示的物品是{garbage_object},根据垃圾分类的标准，应该属于{garbage_type}垃圾。","图中展示的物品是糕点,根据垃圾分类的标准，应该属于厨余垃圾
"
482,图中展示的物品是面包，根据垃圾分类的标准，应该属于厨余垃圾,"图中展示的物品是菠萝包,根据垃圾分类的标准，应该属于厨余垃圾
"
483,图中展示的物品是{bamboo_stick}，根据垃圾分类的标准，应该属于{recyclable}。,"图中展示的物品是串串竹签,根据垃圾分类的标准，应该属于其他垃圾
"
484,图中展示的物品是{glass}，根据垃圾分类的标准，应该属于{glass},"图中展示的物品是玻璃器皿,根据垃圾分类的标准，应该属于可回收物
"
485,"遥控器{garbage_object},垃圾类型：电子废弃物","图中展示的物品是电视遥控器,根据垃圾分类的标准，应该属于可回收物
"
486,图中展示的物品是{food_item}，根据垃圾分类的标准，应该属于{food},"图中展示的物品是玻璃器皿,根据垃圾分类的标准，应该属于可回收物
"
487,图中展示的物品是垃圾袋，根据垃圾分类的标准，应该属于垃圾袋,"图中展示的物品是纸巾,根据垃圾分类的标准，应该属于其他垃圾
"
488,图中展示的物品是饼干，根据垃圾分类的标准，应该属于可回收物。,"图中展示的物品是饼干,根据垃圾分类的标准，应该属于厨余垃圾
"
489,图中展示的物品是玻璃杯，根据垃圾分类的标准，应该属于玻璃,"图中展示的物品是玻璃壶,根据垃圾分类的标准，应该属于可回收物
"
490,图中展示的物品是毛绒玩具，根据垃圾分类的标准，应该属于可回收物,"图中展示的物品是车钥匙,根据垃圾分类的标准，应该属于可回收物
"
491,图中展示的物品是玻璃瓶,"图中展示的物品是罐头瓶,根据垃圾分类的标准，应该属于可回收物
"
492,"图中展示的物品是[garbage_object],根据垃圾分类的标准，应该属于[garbage_type]","图中展示的物品是药品包装,根据垃圾分类的标准，应该属于有害垃圾
"
493,"图中展示的物品是{garbage_object},根据垃圾分类的标准，应该属于{garbage_type}","图中展示的物品是拖鞋,根据垃圾分类的标准，应该属于可回收物
"
494,图中展示的物品是{food}，根据垃圾分类的标准，应该属于{food},"图中展示的物品是木制玩具,根据垃圾分类的标准，应该属于可回收物
"
495,图中展示的物品是白菜，根据垃圾分类的标准，应该属于可回收物,"图中展示的物品是白菜,根据垃圾分类的标准，应该属于厨余垃圾
"
496,图中展示的物品是{cardboard_box}，根据垃圾分类的标准，应该属于{recyclable},"图中展示的物品是纸箱,根据垃圾分类的标准，应该属于可回收物
"
497,"图中展示的物品是{garbage_object},根据垃圾分类的标准，应该属于{garbage_type}","图中展示的物品是菠萝包,根据垃圾分类的标准，应该属于厨余垃圾
"
498,"图中展示的物品是{lighting_product},根据垃圾分类的标准，应该属于{recyclable}","图中展示的物品是LED灯泡,根据垃圾分类的标准，应该属于有害垃圾
"
499,图中展示的物品是手表，根据垃圾分类的标准，应该属于废金属,"图中展示的物品是钟表,根据垃圾分类的标准，应该属于可回收物
"
500,图中展示的物品是玻璃杯，根据垃圾分类的标准，应该属于可回收物。,"图中展示的物品是玻璃器皿,根据垃圾分类的标准，应该属于可回收物
"
501,图中展示的物品是玻璃杯，根据垃圾分类的标准，应该属于可回收物。,"图中展示的物品是玻璃器皿,根据垃圾分类的标准，应该属于可回收物
"
502,图中展示的物品是砧板，根据垃圾分类的标准，应该属于厨余垃圾。,"图中展示的物品是木制切菜板,根据垃圾分类的标准，应该属于可回收物
"
503,图中展示的物品是[bread]，根据垃圾分类的标准，应该属于[食品],"图中展示的物品是菠萝包,根据垃圾分类的标准，应该属于厨余垃圾
"
504,图中展示的物品是{fruit}，根据垃圾分类的标准，应该属于{food},"图中展示的物品是橙子,根据垃圾分类的标准，应该属于厨余垃圾
"
505,图中展示的物品是球拍，根据垃圾分类的标准，应该属于可回收垃圾,"图中展示的物品是乒乓球拍,根据垃圾分类的标准，应该属于可回收物
"
506,图中展示的物品是{pill}，根据垃圾分类的标准，应该属于{waste_paper},"图中展示的物品是药片,根据垃圾分类的标准，应该属于有害垃圾
"
507,"图中展示的物品是{garbage_object},根据垃圾分类的标准，应该属于{garbage_type}","图中展示的物品是袜子,根据垃圾分类的标准，应该属于可回收物
"
508,"图中展示的物品是{garbage_object},根据垃圾分类的标准，应该属于{garbage_type}","图中展示的物品是普通面包,根据垃圾分类的标准，应该属于厨余垃圾
"
509,图中展示的物品是塑料瓶，根据垃圾分类的标准，应该属于其他垃圾。,"图中展示的物品是滴眼液瓶,根据垃圾分类的标准，应该属于有害垃圾
"
510,图中展示的物品是纸牌，根据垃圾分类的标准，应该属于垃圾,"图中展示的物品是纸牌,根据垃圾分类的标准，应该属于可回收物
"
511,"图中展示的物品是{garbage_object},根据垃圾分类的标准，应该属于{garbage_type}","图中展示的物品是变形玩具,根据垃圾分类的标准，应该属于可回收物
"
512,图中展示的物品是信件，根据垃圾分类的标准，应该属于垃圾,"图中展示的物品是信封,根据垃圾分类的标准，应该属于可回收物
"
513,"图中展示的物品是{blanket_object},根据垃圾分类的标准，应该属于{garbage_type}","图中展示的物品是枕头,根据垃圾分类的标准，应该属于可回收物
"
514,图中展示的物品是墨水盒，根据垃圾分类的标准，应该属于废品,"图中展示的物品是打印机墨盒,根据垃圾分类的标准，应该属于可回收物
"
515,图中展示的物品是牙刷，根据垃圾分类的标准，应该属于可回收垃圾。,"图中展示的物品是牙刷,根据垃圾分类的标准，应该属于其他垃圾
"
516,图中展示的物品是铲子，根据垃圾分类的标准，应该属于{garbage_type}厨余垃圾。,"图中展示的物品是打气筒,根据垃圾分类的标准，应该属于可回收物
"
517,"图中展示的物品是玻璃杯,根据垃圾分类的标准，应该属于玻璃","图中展示的物品是量杯,根据垃圾分类的标准，应该属于可回收物
"
518,"图中展示的物品是{garbage_object},根据垃圾分类的标准，应该属于{garbage_type}","图中展示的物品是八宝粥罐,根据垃圾分类的标准，应该属于可回收物
"
519,"图中展示的物品是瓶子,根据垃圾分类的标准，应该属于可回收物","图中展示的物品是保温杯,根据垃圾分类的标准，应该属于可回收物
"
520,图中展示的物品是{fruit}，根据垃圾分类的标准，应该属于{fruit},"图中展示的物品是番茄,根据垃圾分类的标准，应该属于厨余垃圾
"
521,图中展示的物品是灯管，根据垃圾分类的标准，应该属于有害垃圾。,"图中展示的物品是玻璃灯管,根据垃圾分类的标准，应该属于有害垃圾
"
522,"图中展示的物品是{garbage_object},根据垃圾分类的标准，应该属于{garbage_type}厨余垃圾","图中展示的物品是串串竹签,根据垃圾分类的标准，应该属于其他垃圾
"
523,图中展示的物品是塑料瓶，根据垃圾分类的标准，应该属于其他垃圾,"图中展示的物品是滴眼液瓶,根据垃圾分类的标准，应该属于有害垃圾
"
524,图中展示的物品是[蔬菜]，根据垃圾分类的标准，应该属于[其他垃圾]。,"图中展示的物品是甘蔗,根据垃圾分类的标准，应该属于厨余垃圾
"
525,"图中展示的物品是[garbage_object],根据垃圾分类的标准，应该属于[garbage_type]","图中展示的物品是尺子,根据垃圾分类的标准，应该属于可回收物
"
526,图中展示的物品是太阳镜，根据垃圾分类的标准，应该属于可回收物,"图中展示的物品是眼镜,根据垃圾分类的标准，应该属于其他垃圾
"
527,图中展示的物品是金属，根据垃圾分类的标准，应该属于可回收物。,"图中展示的物品是车钥匙,根据垃圾分类的标准，应该属于可回收物
"
528,"图中展示的物品是[banana],根据垃圾分类的标准，应该属于[food]","图中展示的物品是菠萝蜜,根据垃圾分类的标准，应该属于厨余垃圾
"
529,图中展示的物品是[computer]，根据垃圾分类的标准，应该属于[电子垃圾],"图中展示的物品是电路板,根据垃圾分类的标准，应该属于可回收物
"
530,"图中展示的物品是{hairbrush_object},根据垃圾分类的标准，应该属于{trash}","图中展示的物品是电动卷发棒,根据垃圾分类的标准，应该属于可回收物
"
531,"图中展示的物品是{garbage_object},根据垃圾分类的标准，应该属于{garbage_type}","图中展示的物品是手提包,根据垃圾分类的标准，应该属于可回收物
"
532,图中展示的物品是坚果，根据垃圾分类的标准，应该属于坚果/干果,"图中展示的物品是瓜子,根据垃圾分类的标准，应该属于厨余垃圾
"
533,图中展示的物品是面包，根据垃圾分类的标准，应该属于可回收物,"图中展示的物品是普通面包,根据垃圾分类的标准，应该属于厨余垃圾
"
534,图中展示的物品是闹钟，根据垃圾分类的标准，应该属于{garbage_type}废金属。,"图中展示的物品是钟表,根据垃圾分类的标准，应该属于可回收物
"
535,图中展示的物品是计算器，根据垃圾分类的标准，应该属于电子垃圾,"图中展示的物品是计算器,根据垃圾分类的标准，应该属于可回收物
"
536,图中展示的物品是麦克风，根据垃圾分类的标准，应该属于垃圾型。,"图中展示的物品是话筒,根据垃圾分类的标准，应该属于可回收物
"
537,图中展示的物品是{garbage_object}，根据垃圾分类的标准，应该属于{garbage_type}其他垃圾。,"图中展示的物品是奶粉罐,根据垃圾分类的标准，应该属于可回收物
"
538,图中展示的物品是塑料碗，根据垃圾分类的标准，应该属于可回收物。,"图中展示的物品是塑料盆,根据垃圾分类的标准，应该属于可回收物
"
539,图中展示的物品是[金属物品]，根据垃圾分类的标准，应该属于[金属类]。,"图中展示的物品是保温杯,根据垃圾分类的标准，应该属于可回收物
"
540,图中展示的物品是{remote_control}，根据垃圾分类的标准，应该属于{电子废弃物},"图中展示的物品是空调遥控器,根据垃圾分类的标准，应该属于可回收物
"
541,"图中展示的物品是{garbage_object},根据垃圾分类的标准，应该属于{garbage_type}厨余垃圾","图中展示的物品是盘子,根据垃圾分类的标准，应该属于可回收物
"
542,图中展示的物品是{food}，根据垃圾分类的标准，应该属于{food},"图中展示的物品是糕点,根据垃圾分类的标准，应该属于厨余垃圾
"
543,"图中展示的物品是[wood_object],根据垃圾分类的标准，应该属于[recyclable]","图中展示的物品是木制玩具,根据垃圾分类的标准，应该属于可回收物
"
544,图中展示的物品是罐头，根据垃圾分类的标准，应该属于{garbage_type}厨余垃圾,"图中展示的物品是八宝粥罐,根据垃圾分类的标准，应该属于可回收物
"
545,图中展示的物品是瓷器，根据垃圾分类的标准，应该属于垃圾中的金属制品。,"图中展示的物品是茶叶罐,根据垃圾分类的标准，应该属于可回收物
"
546,图中展示的物品是[fruit]，根据垃圾分类的标准，应该属于[fruit],"图中展示的物品是火龙果,根据垃圾分类的标准，应该属于厨余垃圾
"
547,图中展示的物品是{vegetable}，根据垃圾分类的标准，应该属于{vegetable},"图中展示的物品是生肉,根据垃圾分类的标准，应该属于厨余垃圾
"
548,"图中展示的物品是{garbage_object},根据垃圾分类的标准，应该属于{garbage_type}","图中展示的物品是袜子,根据垃圾分类的标准，应该属于可回收物
"
549,"图中展示的物品是[garbage_object],根据垃圾分类的标准，应该属于[garbage_type]","图中展示的物品是电动剃须刀,根据垃圾分类的标准，应该属于可回收物
"
550,图中展示的物品是草莓，根据垃圾分类的标准，应该属于可回收物,"图中展示的物品是草莓,根据垃圾分类的标准，应该属于厨余垃圾
"
551,"图中展示的物品是{garbage_object},根据垃圾分类的标准，应该属于{garbage_type}电子废弃物","图中展示的物品是网卡,根据垃圾分类的标准，应该属于可回收物
"
552,图中展示的物品是{medicine_bottle}，根据垃圾分类的标准，应该属于{garbage_type},"图中展示的物品是塑料瓶,根据垃圾分类的标准，应该属于可回收物
"
553,"图中展示的物品是花瓶,根据垃圾分类的标准，应该属于废品","图中展示的物品是茶叶罐,根据垃圾分类的标准，应该属于可回收物
"
554,"图中展示的物品是[栗子],根据垃圾分类的标准，应该属于[厨余垃圾]","图中展示的物品是板栗,根据垃圾分类的标准，应该属于厨余垃圾
"
555,"图中展示的物品是{garbage_object},根据垃圾分类的标准，应该属于{garbage_type}厨余垃圾","图中展示的物品是胡萝卜,根据垃圾分类的标准，应该属于厨余垃圾
"
556,"图中展示的物品是[metal],根据垃圾分类的标准，应该属于[recyclable]","图中展示的物品是保温杯,根据垃圾分类的标准，应该属于可回收物
"
557,图中展示的物品是玻璃瓶，根据垃圾分类的标准，应该属于可回收垃圾。,"图中展示的物品是玻璃器皿,根据垃圾分类的标准，应该属于可回收物
"
558,"图中展示的物品是{garbage_object},根据垃圾分类的标准，应该属于{garbage_type}","图中展示的物品是台历,根据垃圾分类的标准，应该属于可回收物
"
559,"图中展示的物品是{garbage_object},根据垃圾分类的标准，应该属于{garbage_type}","图中展示的物品是拖鞋,根据垃圾分类的标准，应该属于可回收物
"
560,"图中展示的物品是{garbage_object},根据垃圾分类的标准，应该属于{garbage_type}","图中展示的物品是肠(火腿),根据垃圾分类的标准，应该属于厨余垃圾
"
561,"图中展示的物品是[iron],[garbage_object],根据垃圾分类的标准，应该属于[garbage_type]","图中展示的物品是电熨斗,根据垃圾分类的标准，应该属于可回收物
"
562,图中展示的物品是板蓝根颗粒，根据垃圾分类的标准，应该属于可回收物。,"图中展示的物品是药品包装,根据垃圾分类的标准，应该属于有害垃圾
"
563,图中展示的物品是袜子，根据垃圾分类的标准，应该属于可回收物。,"图中展示的物品是袜子,根据垃圾分类的标准，应该属于可回收物
"
564,图中展示的物品是毛巾，根据垃圾分类的标准，应该属于可回收垃圾。,"图中展示的物品是毛巾,根据垃圾分类的标准，应该属于其他垃圾
"
565,"图中展示的物品是{garbage_object},根据垃圾分类的标准，应该属于{garbage_type}","图中展示的物品是车钥匙,根据垃圾分类的标准，应该属于可回收物
"
566,图中展示的物品是键盘，根据垃圾分类的标准，应该属于可回收垃圾。,"图中展示的物品是键盘,根据垃圾分类的标准，应该属于可回收物
"
567,"图中展示的物品是[phone removed],根据垃圾分类的标准，应该属于[garbage_type]","图中展示的物品是手机,根据垃圾分类的标准，应该属于可回收物
"
568,图中展示的物品是蔬菜，根据垃圾分类的标准，应该属于可回收垃圾,"图中展示的物品是残渣剩饭,根据垃圾分类的标准，应该属于厨余垃圾
"
569,"图中展示的物品是[garbage_object], 根据垃圾分类的标准，应该属于[garbage_type]","图中展示的物品是圣女果,根据垃圾分类的标准，应该属于厨余垃圾
"
570,"图中展示的物品是{garbage_object},根据垃圾分类的标准，应该属于{garbage_type}","图中展示的物品是蛋,根据垃圾分类的标准，应该属于厨余垃圾
"
571,"图中展示的物品是{garbage_object},根据垃圾分类的标准，应该属于{garbage_type}","图中展示的物品是手链,根据垃圾分类的标准，应该属于可回收物
"
572,"图中展示的物品是[garbage_object],根据垃圾分类的标准，应该属于[garbage_type]","图中展示的物品是收音机,根据垃圾分类的标准，应该属于可回收物
"
573,"图中展示的物品是{garbage_object},根据垃圾分类的标准，应该属于{garbage_type}","图中展示的物品是尺子,根据垃圾分类的标准，应该属于可回收物
"
574,图中展示的物品是香肠，根据垃圾分类的标准，应该属于可回收垃圾。,"图中展示的物品是肠(火腿),根据垃圾分类的标准，应该属于厨余垃圾
"
575,图中展示的物品是玻璃制品，根据垃圾分类的标准，应该属于可回收物。,"图中展示的物品是烟灰缸,根据垃圾分类的标准，应该属于可回收物
"
576,"垃圾物品: 薯条
垃圾类型: 食物","图中展示的物品是汉堡,根据垃圾分类的标准，应该属于厨余垃圾
"
577,"图中展示的物品是[garbage_object],根据垃圾分类的标准，应该属于[garbage_type]","图中展示的物品是电动剃须刀,根据垃圾分类的标准，应该属于可回收物
"
578,图中展示的物品是{fruit}，根据垃圾分类的标准，应该属于{food},"图中展示的物品是板栗,根据垃圾分类的标准，应该属于厨余垃圾
"
579,"图中展示的物品是{garbage_object},根据垃圾分类的标准，应该属于{garbage_type}垃圾。","图中展示的物品是板栗,根据垃圾分类的标准，应该属于厨余垃圾
"
580,图中展示的物品是无线电设备，根据垃圾分类的标准，应该属于电子垃圾,"图中展示的物品是收音机,根据垃圾分类的标准，应该属于可回收物
"
581,图中展示的物品是纸袋，根据垃圾分类的标准，应该属于可回收垃圾,"图中展示的物品是购物纸袋,根据垃圾分类的标准，应该属于可回收物
"
582,图中展示的物品是玻璃杯，根据垃圾分类的标准，应该属于可回收物,"图中展示的物品是水杯,根据垃圾分类的标准，应该属于可回收物
"
583,"图中展示的物品是[garbage_object],根据垃圾分类的标准，应该属于[garbage_type]","图中展示的物品是钟表,根据垃圾分类的标准，应该属于可回收物
"
584,"图中展示的物品是{garbage_object},根据垃圾分类的标准，应该属于{garbage_type}","图中展示的物品是购物纸袋,根据垃圾分类的标准，应该属于可回收物
"
585,"图中展示的物品是{garbage_object},根据垃圾分类的标准，应该属于{garbage_type}","图中展示的物品是青菜,根据垃圾分类的标准，应该属于厨余垃圾
"
586,图中展示的物品是电池，属于有害垃圾,"图中展示的物品是电池,根据垃圾分类的标准，应该属于有害垃圾
"
587,图中展示的物品是火车票，根据垃圾分类的标准，应该属于废纸,"图中展示的物品是票据,根据垃圾分类的标准，应该属于其他垃圾
"
588,图中展示的物品是{grass}，根据垃圾分类的标准，应该属于{grass},"图中展示的物品是茶叶,根据垃圾分类的标准，应该属于厨余垃圾
"
589,图中展示的物品是汉堡，根据垃圾分类的标准，应该属于厨余垃圾,"图中展示的物品是汉堡,根据垃圾分类的标准，应该属于厨余垃圾
"
590,"图中展示的物品是{garbage_object},根据垃圾分类的标准，应该属于{garbage_type}","图中展示的物品是车钥匙,根据垃圾分类的标准，应该属于可回收物
"
591,"图中展示的物品是[handbag],[garbage],[garbage]，根据垃圾分类的标准，应该属于[recycle],[trash],[trash]","图中展示的物品是单肩包手提包,根据垃圾分类的标准，应该属于可回收物
"
592,图中展示的物品是蔬菜，根据垃圾分类的标准，应该属于厨余垃圾。,"图中展示的物品是蛋,根据垃圾分类的标准，应该属于厨余垃圾
"
593,图中展示的物品是空调遥控器，根据垃圾分类的标准，应该属于电子废弃物。,"图中展示的物品是空调遥控器,根据垃圾分类的标准，应该属于可回收物
"
594,图中展示的物品是纸杯，根据垃圾分类的标准，应该属于可回收垃圾。,"图中展示的物品是一次性杯子,根据垃圾分类的标准，应该属于其他垃圾
"
595,图中展示的物品是玻璃瓶，根据垃圾分类的标准，应该属于玻璃,"图中展示的物品是罐头瓶,根据垃圾分类的标准，应该属于可回收物
"
596,图中展示的物品是垃圾食品，根据垃圾分类的标准，应该属于垃圾食品,"图中展示的物品是鸡翅,根据垃圾分类的标准，应该属于厨余垃圾
"
597,图中展示的物品是台灯，根据垃圾分类的标准，应该属于可回收物,"图中展示的物品是台灯,根据垃圾分类的标准，应该属于可回收物
"
598,图中展示的物品是{electric_shaver}，根据垃圾分类的标准，应该属于{electronic},"图中展示的物品是电动剃须刀,根据垃圾分类的标准，应该属于可回收物
"
599,图中展示的物品是塑料袋，根据垃圾分类的标准，应该属于其他垃圾。,"图中展示的物品是PE塑料袋,根据垃圾分类的标准，应该属于其他垃圾
"
600,"图中展示的物品是[garbage_object],根据垃圾分类的标准，应该属于[garbage_type]","图中展示的物品是糕点,根据垃圾分类的标准，应该属于厨余垃圾
"
601,图中展示的物品是蔬菜，根据垃圾分类的标准，应该属于可回收物。,"图中展示的物品是白菜,根据垃圾分类的标准，应该属于厨余垃圾
"
602,"图中展示的物品是{garbage_object},根据垃圾分类的标准，应该属于{garbage_type}","图中展示的物品是大龙虾头,根据垃圾分类的标准，应该属于其他垃圾
"
603,图中展示的物品是磁铁，根据垃圾分类的标准，应该属于可回收垃圾。,"图中展示的物品是纸牌,根据垃圾分类的标准，应该属于可回收物
"
604,"图中展示的物品是[garbage_object],根据垃圾分类的标准，应该属于[garbage_type]","图中展示的物品是冰糖葫芦,根据垃圾分类的标准，应该属于厨余垃圾
"
605,图中展示的物品是卡片，根据垃圾分类的标准，应该属于垃圾,"图中展示的物品是地铁票,根据垃圾分类的标准，应该属于可回收物
"
606,"图中展示的物品是[record],根据垃圾分类的标准，应该属于[record垃圾]","图中展示的物品是唱片,根据垃圾分类的标准，应该属于其他垃圾
"
607,"图中展示的物品是[garbage_object],根据垃圾分类的标准，应该属于[garbage_type]","图中展示的物品是板栗,根据垃圾分类的标准，应该属于厨余垃圾
"
608,图中展示的物品是电池，根据垃圾分类的标准，应该属于有害垃圾,"图中展示的物品是电池,根据垃圾分类的标准，应该属于有害垃圾
"
609,图中展示的物品是袜子，根据垃圾分类的标准，应该属于可回收物。,"图中展示的物品是袜子,根据垃圾分类的标准，应该属于可回收物
"
610,"图中展示的物品是[garbage_object],根据垃圾分类的标准，应该属于[garbage_type]","图中展示的物品是枕头,根据垃圾分类的标准，应该属于可回收物
"
611,"图中展示的物品是{garbage_object},根据垃圾分类的标准，应该属于{garbage_type}","图中展示的物品是PE塑料袋,根据垃圾分类的标准，应该属于其他垃圾
"
612,"图中展示的物品是[wood_object],根据垃圾分类的标准，应该属于[wood]","图中展示的物品是木制切菜板,根据垃圾分类的标准，应该属于可回收物
"
613,图中展示的物品是{orange}，根据垃圾分类的标准，应该属于{fruit},"图中展示的物品是橙子,根据垃圾分类的标准，应该属于厨余垃圾
"
614,图中展示的物品是糕点，根据垃圾分类的标准，应该属于可回收垃圾。,"图中展示的物品是蛋挞,根据垃圾分类的标准，应该属于厨余垃圾
"
615,图中展示的物品是卫生纸，根据垃圾分类的标准，应该属于可回收物,"图中展示的物品是杀虫剂,根据垃圾分类的标准，应该属于有害垃圾
"
616,图中展示的物品是废纸，根据垃圾分类的标准，应该属于废纸,"图中展示的物品是便利贴,根据垃圾分类的标准，应该属于其他垃圾
"
617,"图中展示的物品是[garbage_object],根据垃圾分类的标准，应该属于[garbage_type]","图中展示的物品是生肉,根据垃圾分类的标准，应该属于厨余垃圾
"
618,图中展示的物品是火车票，根据垃圾分类的标准，应该属于垃圾,"图中展示的物品是票据,根据垃圾分类的标准，应该属于其他垃圾
"
619,图中展示的物品是蔬菜，根据垃圾分类的标准，应该属于厨余垃圾。,"图中展示的物品是肠(火腿),根据垃圾分类的标准，应该属于厨余垃圾
"
620,图中展示的物品是羽毛掸子，根据垃圾分类的标准，应该属于可回收垃圾。,"图中展示的物品是鸡毛掸,根据垃圾分类的标准，应该属于其他垃圾
"
621,图中展示的物品是{fruit}，根据垃圾分类的标准，应该属于{fruit},"图中展示的物品是菠萝蜜,根据垃圾分类的标准，应该属于厨余垃圾
"
622,图中展示的物品是罐头盖，根据垃圾分类的标准，应该属于可回收垃圾。,"图中展示的物品是奶粉罐铝盖,根据垃圾分类的标准，应该属于可回收物
"
623,"图中展示的物品是{garbage_object},根据垃圾分类的标准，应该属于{garbage_type}","图中展示的物品是糕点,根据垃圾分类的标准，应该属于厨余垃圾
"
624,图中展示的物品是香肠，根据垃圾分类的标准，应该属于厨余垃圾。,"图中展示的物品是肠(火腿),根据垃圾分类的标准，应该属于厨余垃圾
"
625,"图中展示的物品是{garbage_object},根据垃圾分类的标准，应该属于{garbage_type}","图中展示的物品是耳钉耳环,根据垃圾分类的标准，应该属于可回收物
"
626,"图中展示的物品是饼干,根据垃圾分类的标准，应该属于可回收物","图中展示的物品是玻璃壶,根据垃圾分类的标准，应该属于可回收物
"
627,图中展示的物品是拖鞋，根据垃圾分类的标准，应该属于可回收垃圾。,"图中展示的物品是拖鞋,根据垃圾分类的标准，应该属于可回收物
"
628,图中展示的物品是面包，根据垃圾分类的标准，应该属于可回收垃圾,"图中展示的物品是蛋挞,根据垃圾分类的标准，应该属于厨余垃圾
"
629,图中展示的物品是{vegetable}，根据垃圾分类的标准，应该属于{vegetable},"图中展示的物品是蚕豆,根据垃圾分类的标准，应该属于厨余垃圾
"
630,"图中展示的物品是{garbage_object},根据垃圾分类的标准，应该属于{garbage_type}电子废弃物","图中展示的物品是钟表,根据垃圾分类的标准，应该属于可回收物
"
631,"图中展示的物品是[spoon],根据垃圾分类的标准，应该属于[厨余垃圾]","图中展示的物品是勺子,根据垃圾分类的标准，应该属于可回收物
"
632,图中展示的物品是菠萝，根据垃圾分类的标准，应该属于可回收垃圾。,"图中展示的物品是菠萝,根据垃圾分类的标准，应该属于厨余垃圾
"
633,"图中展示的物品是{garbage_object},根据垃圾分类的标准，应该属于{garbage_type}电子废弃物。","图中展示的物品是网卡,根据垃圾分类的标准，应该属于可回收物
"
634,"图中展示的物品是[garbage_object],根据垃圾分类的标准，应该属于[garbage_type]","图中展示的物品是裤子,根据垃圾分类的标准，应该属于可回收物
"
635,图中展示的物品是餐巾纸，根据垃圾分类的标准，应该属于厨余垃圾。,"图中展示的物品是纸巾,根据垃圾分类的标准，应该属于其他垃圾
"
636,图中展示的物品是纸制品，根据垃圾分类的标准，应该属于可回收物。,"图中展示的物品是胶带,根据垃圾分类的标准，应该属于其他垃圾
"
637,图中展示的物品是线缆，根据垃圾分类的标准，应该属于{有害垃圾},"图中展示的物品是充电线,根据垃圾分类的标准，应该属于可回收物
"
638,图中展示的物品是食物，根据垃圾分类的标准，应该属于可回收物。,"图中展示的物品是生肉,根据垃圾分类的标准，应该属于厨余垃圾
"
639,图中展示的物品是花瓶，根据垃圾分类的标准，应该属于其他垃圾。,"图中展示的物品是灯罩,根据垃圾分类的标准，应该属于可回收物
"
640,"图中展示的物品是[garbage_object],根据垃圾分类的标准，应该属于[garbage_type]","图中展示的物品是望远镜,根据垃圾分类的标准，应该属于可回收物
"
641,图中展示的物品是衣架，根据垃圾分类的标准，应该属于其他垃圾,"图中展示的物品是衣架,根据垃圾分类的标准，应该属于可回收物
"
642,"图中展示的物品是{glass_object},根据垃圾分类的标准，应该属于{recyclable}","图中展示的物品是玻璃器皿,根据垃圾分类的标准，应该属于可回收物
"
643,图中展示的物品是玻璃杯，根据垃圾分类的标准，应该属于可回收物,"图中展示的物品是玻璃器皿,根据垃圾分类的标准，应该属于可回收物
"
644,图中展示的物品是肉，根据垃圾分类的标准，应该属于垃圾食品,"图中展示的物品是骨肉相连,根据垃圾分类的标准，应该属于厨余垃圾
"
645,图中展示的物品是竹子，根据垃圾分类的标准，应该属于可回收垃圾。,"图中展示的物品是串串竹签,根据垃圾分类的标准，应该属于其他垃圾
"
646,"图中展示的物品是{garbage_object},根据垃圾分类的标准，应该属于{garbage_type}塑料制品","图中展示的物品是鞋,根据垃圾分类的标准，应该属于可回收物
"
647,"图中展示的物品是[garbage_object],根据垃圾分类的标准，应该属于[garbage_type]","图中展示的物品是保温杯,根据垃圾分类的标准，应该属于可回收物
"
648,图中展示的物品是{glass}，根据垃圾分类的标准，应该属于{recyclable},"图中展示的物品是玻璃器皿,根据垃圾分类的标准，应该属于可回收物
"
649,"图中展示的物品是{aluminum_tray},根据垃圾分类的标准，应该属于{aluminum}","图中展示的物品是餐盒,根据垃圾分类的标准，应该属于其他垃圾
"
650,"图中展示的物品是{garbage_object},根据垃圾分类的标准，应该属于{garbage_type}厨余垃圾","图中展示的物品是青菜,根据垃圾分类的标准，应该属于厨余垃圾
"
651,图中展示的物品是票,"图中展示的物品是登机牌,根据垃圾分类的标准，应该属于可回收物
"
652,图中展示的物品是瓜子，根据垃圾分类的标准，应该属于可回收垃圾。,"图中展示的物品是瓜子,根据垃圾分类的标准，应该属于厨余垃圾
"
653,"图中展示的物品是[swat, 有害]","图中展示的物品是苍蝇拍,根据垃圾分类的标准，应该属于其他垃圾
"
654,图中展示的物品是蔬菜，根据垃圾分类的标准，应该属于厨余垃圾。,"图中展示的物品是肠(火腿),根据垃圾分类的标准，应该属于厨余垃圾
"
655,"图中展示的物品是[garbage_object],根据垃圾分类的标准，应该属于[garbage_type]","图中展示的物品是烧水壶,根据垃圾分类的标准，应该属于可回收物
"
656,"图中展示的物品是{garbage_object},根据垃圾分类的标准，应该属于{garbage_type}","图中展示的物品是尺子,根据垃圾分类的标准，应该属于可回收物
"
657,"图中展示的物品是[garbage_object],根据垃圾分类的标准，应该属于[garbage_type]","图中展示的物品是灯罩,根据垃圾分类的标准，应该属于可回收物
"
658,图中展示的物品是计算器，根据垃圾分类的标准，应该属于电子废弃物。,"图中展示的物品是计算器,根据垃圾分类的标准，应该属于可回收物
"
659,"图中展示的物品是方便面,根据垃圾分类的标准，应该属于厨余垃圾","图中展示的物品是鸡翅,根据垃圾分类的标准，应该属于厨余垃圾
"
660,"图中展示的物品是{garbage_object},根据垃圾分类的标准，应该属于{garbage_type}","图中展示的物品是鸡翅,根据垃圾分类的标准，应该属于厨余垃圾
"
661,图中展示的物品是玩具，根据垃圾分类的标准，应该属于可回收垃圾。,"图中展示的物品是玩偶,根据垃圾分类的标准，应该属于可回收物
"
662,"图中展示的物品是{garbage_object},根据垃圾分类的标准，应该属于{garbage_type}垃圾。","图中展示的物品是玩偶,根据垃圾分类的标准，应该属于可回收物
"
663,图中展示的物品是玻璃壶，根据垃圾分类的标准，应该属于玻璃垃圾,"图中展示的物品是玻璃壶,根据垃圾分类的标准，应该属于可回收物
"
664,"图中展示的物品是{garbage_object},根据垃圾分类的标准，应该属于{garbage_type}","图中展示的物品是枕头,根据垃圾分类的标准，应该属于可回收物
"
665,"图中展示的物品是[garbage_object],根据垃圾分类的标准，应该属于[garbage_type]","图中展示的物品是拖鞋,根据垃圾分类的标准，应该属于可回收物
"
666,"图中展示的物品是{garbage_object},根据垃圾分类的标准，应该属于{garbage_type}垃圾。","图中展示的物品是耳钉耳环,根据垃圾分类的标准，应该属于可回收物
"
667,"图中展示的物品是[wood],[cutting-board],[handle],根据垃圾分类的标准，应该属于[wood, cutting-board, handle]","图中展示的物品是木制切菜板,根据垃圾分类的标准，应该属于可回收物
"
668,图中展示的物品是{bamboo_rod}，根据垃圾分类的标准，应该属于{recyclable},"图中展示的物品是串串竹签,根据垃圾分类的标准，应该属于其他垃圾
"
669,"图中展示的物品是{garbage_object},根据垃圾分类的标准，应该属于{garbage_type}","图中展示的物品是裤子,根据垃圾分类的标准，应该属于可回收物
"
670,图中展示的物品是无垃圾，根据垃圾分类的标准，应该属于可回收物。,"图中展示的物品是玻璃球,根据垃圾分类的标准，应该属于可回收物
"
671,图中展示的物品是抹布，根据垃圾分类的标准，应该属于可回收物,"图中展示的物品是毛巾,根据垃圾分类的标准，应该属于其他垃圾
"
672,"图中展示的物品是[garbage_object],根据垃圾分类的标准，应该属于[garbage_type]","图中展示的物品是车钥匙,根据垃圾分类的标准，应该属于可回收物
"
673,"图中展示的物品是{garbage_object},根据垃圾分类的标准，应该属于{garbage_type}厨余垃圾","图中展示的物品是蛋,根据垃圾分类的标准，应该属于厨余垃圾
"
674,图中展示的物品是萝卜，根据垃圾分类的标准，应该属于其他垃圾,"图中展示的物品是白萝卜,根据垃圾分类的标准，应该属于厨余垃圾
"
675,"图中展示的物品是{garbage_object},根据垃圾分类的标准，应该属于{garbage_type}","图中展示的物品是纸箱,根据垃圾分类的标准，应该属于可回收物
"
676,图中展示的物品是梳子，根据垃圾分类的标准，应该属于垃圾杂物,"图中展示的物品是木质梳子,根据垃圾分类的标准，应该属于可回收物
"
677,图中展示的物品是钢丝球，根据垃圾分类的标准，应该属于金属垃圾,"图中展示的物品是钢丝球,根据垃圾分类的标准，应该属于可回收物
"
678,"图中展示的物品是{garbage_object},根据垃圾分类的标准，应该属于{garbage_type}","图中展示的物品是核桃,根据垃圾分类的标准，应该属于厨余垃圾
"
679,图中展示的物品是蔬菜，根据垃圾分类的标准，应该属于厨余垃圾,"图中展示的物品是青菜,根据垃圾分类的标准，应该属于厨余垃圾
"
680,图中展示的物品是砧板，根据垃圾分类的标准，应该属于厨房垃圾。,"图中展示的物品是木制切菜板,根据垃圾分类的标准，应该属于可回收物
"
681,图中展示的物品是荧光灯，根据垃圾分类的标准，应该属于可回收物。,"图中展示的物品是玻璃灯管,根据垃圾分类的标准，应该属于有害垃圾
"
682,图中展示的物品是遥控器，根据垃圾分类的标准，应该属于电子废弃物。,"图中展示的物品是眼镜,根据垃圾分类的标准，应该属于其他垃圾
"
683,图中展示的物品是锅，根据垃圾分类的标准，应该属于厨余垃圾,"图中展示的物品是贝果,根据垃圾分类的标准，应该属于厨余垃圾
"
684,图中展示的物品是食物，根据垃圾分类的标准，应该属于垃圾食品,"图中展示的物品是糕点,根据垃圾分类的标准，应该属于厨余垃圾
"
685,图中展示的物品是垃圾，根据垃圾分类的标准，应该属于垃圾,"图中展示的物品是纸巾,根据垃圾分类的标准，应该属于其他垃圾
"
686,"图中展示的物品是[garbage_object],根据垃圾分类的标准，应该属于[garbage_type]","图中展示的物品是红花油,根据垃圾分类的标准，应该属于有害垃圾
"
687,"图中展示的物品是{garbage_object},根据垃圾分类的标准，应该属于{garbage_type}","图中展示的物品是购物纸袋,根据垃圾分类的标准，应该属于可回收物
"
688,"图中展示的物品是{garbage_object},根据垃圾分类的标准，应该属于{garbage_type}","图中展示的物品是地球仪,根据垃圾分类的标准，应该属于可回收物
"
689,"图中展示的物品是{garbage_object},根据垃圾分类的标准，应该属于{garbage_type}","图中展示的物品是蛋糕盒,根据垃圾分类的标准，应该属于可回收物
"
690,"图中展示的物品是{garbage_object},根据垃圾分类的标准，应该属于{garbage_type}垃圾。","图中展示的物品是登机牌,根据垃圾分类的标准，应该属于可回收物
"
691,图中展示的物品是{fruit}，根据垃圾分类的标准，应该属于{fruit},"图中展示的物品是草莓,根据垃圾分类的标准，应该属于厨余垃圾
"
692,图中展示的物品是花瓶，根据垃圾分类的标准，应该属于可回收垃圾。,"图中展示的物品是茶叶罐,根据垃圾分类的标准，应该属于可回收物
"
693,图中展示的物品是香肠，根据垃圾分类的标准，应该属于厨余垃圾。,"图中展示的物品是肠(火腿),根据垃圾分类的标准，应该属于厨余垃圾
"
694,图中展示的物品是电池，根据垃圾分类的标准，应该属于有害垃圾,"图中展示的物品是电池,根据垃圾分类的标准，应该属于有害垃圾
"
695,"图中展示的物品是{garbage_object},根据垃圾分类的标准，应该属于{garbage_type}厨余垃圾","图中展示的物品是甘蔗,根据垃圾分类的标准，应该属于厨余垃圾
"
696,"图中展示的物品是{garbage_object},根据垃圾分类的标准，应该属于{garbage_type}","图中展示的物品是糕点,根据垃圾分类的标准，应该属于厨余垃圾
"
697,图中展示的物品是药品，根据垃圾分类的标准，应该属于有害垃圾,"图中展示的物品是药膏,根据垃圾分类的标准，应该属于有害垃圾
"
698,图中展示的物品是手套，根据垃圾分类的标准，应该属于可回收垃圾。,"图中展示的物品是厨房手套,根据垃圾分类的标准，应该属于其他垃圾
"
699,"图中展示的物品是{garbage_object},根据垃圾分类的标准，应该属于{garbage_type}","图中展示的物品是糕点,根据垃圾分类的标准，应该属于厨余垃圾
"
700,"图中展示的物品是[garbage_object], 根据垃圾分类的标准，应该属于[garbage_type]","图中展示的物品是巴旦木,根据垃圾分类的标准，应该属于厨余垃圾
"
701,图中展示的物品是蔬菜,"图中展示的物品是青菜,根据垃圾分类的标准，应该属于厨余垃圾
"
702,图中展示的物品是汽车电池，根据垃圾分类的标准，应该属于有害垃圾,"图中展示的物品是蓄电池,根据垃圾分类的标准，应该属于有害垃圾
"
703,图中展示的物品是{backpack}，根据垃圾分类的标准，应该属于{garbage_type},"图中展示的物品是手提包,根据垃圾分类的标准，应该属于可回收物
"
704,"图中展示的物品是{garbage_object},根据垃圾分类的标准，应该属于{garbage_type}","图中展示的物品是枕头,根据垃圾分类的标准，应该属于可回收物
"
705,图中展示的物品是锅盖，根据垃圾分类的标准，应该属于厨余垃圾,"图中展示的物品是锅盖,根据垃圾分类的标准，应该属于可回收物
"
706,计算器,"图中展示的物品是计算器,根据垃圾分类的标准，应该属于可回收物
"
707,图中展示的物品是碘伏消毒液，根据垃圾分类的标准，应该属于有害垃圾。,"图中展示的物品是碘伏空瓶,根据垃圾分类的标准，应该属于有害垃圾
"
708,图中展示的物品是面包，根据垃圾分类的标准，应该属于可回收物。,"图中展示的物品是菠萝包,根据垃圾分类的标准，应该属于厨余垃圾
"
709,"图中展示的物品是[肉干],根据垃圾分类的标准，应该属于[垃圾食品]","图中展示的物品是牛肉干,根据垃圾分类的标准，应该属于厨余垃圾
"
710,"图中展示的物品是[螺丝刀],根据垃圾分类的标准，应该属于[家用电器]","图中展示的物品是螺丝刀,根据垃圾分类的标准，应该属于可回收物
"
711,图中展示的物品是{noGarbage}，根据垃圾分类的标准，应该属于{noGarbage_type},"图中展示的物品是电动卷发棒,根据垃圾分类的标准，应该属于可回收物
"
712,"图中展示的物品是{garbage_object},根据垃圾分类的标准，应该属于{garbage_type}电子废弃物","图中展示的物品是网卡,根据垃圾分类的标准，应该属于可回收物
"
713,图中展示的物品是废铁，根据垃圾分类的标准，应该属于可回收垃圾。,"图中展示的物品是奶粉罐,根据垃圾分类的标准，应该属于可回收物
"
714,图中展示的物品是凉鞋，根据垃圾分类的标准，应该属于可回收物,"图中展示的物品是拖鞋,根据垃圾分类的标准，应该属于可回收物
"
715,图中展示的物品是晾衣架，根据垃圾分类的标准，应该属于其他垃圾。,"图中展示的物品是衣架,根据垃圾分类的标准，应该属于可回收物
"
716,图中展示的物品是食物，根据垃圾分类的标准，应该属于厨余垃圾,"图中展示的物品是生肉,根据垃圾分类的标准，应该属于厨余垃圾
"
717,"图中展示的物品是[grass_object],根据垃圾分类的标准，应该属于[grass]","图中展示的物品是糕点,根据垃圾分类的标准，应该属于厨余垃圾
"
718,图中展示的物品是杯子，根据垃圾分类的标准，应该属于厨余垃圾,"图中展示的物品是勺子,根据垃圾分类的标准，应该属于可回收物
"
719,"图中展示的物品是书籍,根据垃圾分类的标准，应该属于废纸","图中展示的物品是书,根据垃圾分类的标准，应该属于可回收物
"
720,图中展示的物品是毛绒玩具，根据垃圾分类的标准，应该属于可回收垃圾,"图中展示的物品是暖宝宝,根据垃圾分类的标准，应该属于可回收物
"
721,图中展示的物品是棉签，根据垃圾分类的标准，应该属于可回收垃圾。,"图中展示的物品是一次性棉签,根据垃圾分类的标准，应该属于其他垃圾
"
722,"图中展示的物品是[garbage_object],根据垃圾分类的标准，应该属于[garbage_type]","图中展示的物品是玩偶,根据垃圾分类的标准，应该属于可回收物
"
723,图中展示的物品是香菜，根据垃圾分类的标准，应该属于厨余垃圾,"图中展示的物品是青菜,根据垃圾分类的标准，应该属于厨余垃圾
"
724,图中展示的物品是剃须刀，根据垃圾分类的标准，应该属于家用电器,"图中展示的物品是电动剃须刀,根据垃圾分类的标准，应该属于可回收物
"
725,"图中展示的物品是{garbage_object},根据垃圾分类的标准，应该属于{garbage_type}厨余垃圾。","图中展示的物品是蛋,根据垃圾分类的标准，应该属于厨余垃圾
"
726,图中展示的物品是线缆，根据垃圾分类的标准，应该属于垃圾线缆,"图中展示的物品是充电线,根据垃圾分类的标准，应该属于可回收物
"
727,图中展示的物品是{food_box}，根据垃圾分类的标准，应该属于{recyclable}。,"图中展示的物品是碗,根据垃圾分类的标准，应该属于可回收物
"
728,图中展示的物品是卫生棉条，根据垃圾分类的标准，应该属于废纸,"图中展示的物品是一次性棉签,根据垃圾分类的标准，应该属于其他垃圾
"
729,"图中展示的物品是{garbage_object},根据垃圾分类的标准，应该属于{garbage_type}","图中展示的物品是暖宝宝,根据垃圾分类的标准，应该属于可回收物
"
730,图中展示的物品是面包，根据垃圾分类的标准，应该属于可回收物,"图中展示的物品是糕点,根据垃圾分类的标准，应该属于厨余垃圾
"
731,图中展示的物品是{pesticide}，根据垃圾分类的标准，应该属于{garbage_type}垃圾。,"图中展示的物品是杀虫剂,根据垃圾分类的标准，应该属于有害垃圾
"
732,图中展示的物品是玩具，根据垃圾分类的标准，应该属于可回收物。,"图中展示的物品是玩偶,根据垃圾分类的标准，应该属于可回收物
"
733,图中展示的物品是遥控器，根据垃圾分类的标准，应该属于电子废弃物,"图中展示的物品是空调遥控器,根据垃圾分类的标准，应该属于可回收物
"
734,"图中展示的物品是{garbage_object},根据垃圾分类的标准，应该属于{garbage_type}","图中展示的物品是钢丝球,根据垃圾分类的标准，应该属于可回收物
"
735,图中展示的物品是{no garbage},"图中展示的物品是勺子,根据垃圾分类的标准，应该属于可回收物
"
736,"图中展示的物品是[garbage_object],根据垃圾分类的标准，应该属于[garbage_type]","图中展示的物品是碗,根据垃圾分类的标准，应该属于可回收物
"
737,图中展示的物品是垃圾食品，根据垃圾分类的标准，应该属于垃圾,"图中展示的物品是糕点,根据垃圾分类的标准，应该属于厨余垃圾
"
738,"图中展示的物品是毛巾架,根据垃圾分类的标准，应该属于可回收物","图中展示的物品是衣架,根据垃圾分类的标准，应该属于可回收物
"
739,图中展示的物品是{vegetable}，根据垃圾分类的标准，应该属于{food},"图中展示的物品是残渣剩饭,根据垃圾分类的标准，应该属于厨余垃圾
"
740,图中展示的物品是塑料杯，根据垃圾分类的标准，应该属于可回收物。,"图中展示的物品是奶茶杯,根据垃圾分类的标准，应该属于其他垃圾
"
741,图中展示的物品是萝卜，根据垃圾分类的标准，应该属于厨余垃圾,"图中展示的物品是西瓜皮,根据垃圾分类的标准，应该属于厨余垃圾
"
742,图中展示的物品是[watch]，根据垃圾分类的标准，应该属于[电子废弃物],"图中展示的物品是钟表,根据垃圾分类的标准，应该属于可回收物
"
743,"图中展示的物品是{garbage_object},根据垃圾分类的标准，应该属于{garbage_type}废弃物品","图中展示的物品是钟表,根据垃圾分类的标准，应该属于可回收物
"
744,图中展示的物品是HCG试纸，根据垃圾分类的标准，应该属于有害垃圾。,"图中展示的物品是验孕棒,根据垃圾分类的标准，应该属于其他垃圾
"
745,图中展示的物品是砧板，根据垃圾分类的标准，应该属于厨余垃圾。,"图中展示的物品是木制切菜板,根据垃圾分类的标准，应该属于可回收物
"
746,"图中展示的物品是书籍,根据垃圾分类的标准，应该属于废纸","图中展示的物品是书,根据垃圾分类的标准，应该属于可回收物
"
747,"图中展示的物品是[garbage_object],根据垃圾分类的标准，应该属于[garbage_type]","图中展示的物品是乒乓球拍,根据垃圾分类的标准，应该属于可回收物
"
748,"图中展示的物品是[shaver],根据垃圾分类的标准，应该属于[有害垃圾]","图中展示的物品是电动剃须刀,根据垃圾分类的标准，应该属于可回收物
"
749,图中展示的物品是{pill}，根据垃圾分类的标准，应该属于{medicine},"图中展示的物品是药片,根据垃圾分类的标准，应该属于有害垃圾
"
750,图中展示的物品是干竹子，根据垃圾分类的标准，应该属于干垃圾。,"图中展示的物品是粉条,根据垃圾分类的标准，应该属于厨余垃圾
"
751,"图中展示的物品是[wooden spoon],根据垃圾分类的标准，应该属于[wood]","图中展示的物品是木质锅铲,根据垃圾分类的标准，应该属于可回收物
"
752,图中展示的物品是手机，根据垃圾分类的标准，应该属于电子废弃物。,"图中展示的物品是手机,根据垃圾分类的标准，应该属于可回收物
"
753,图中展示的物品是海绵，根据垃圾分类的标准，应该属于可回收物,"图中展示的物品是百洁布,根据垃圾分类的标准，应该属于其他垃圾
"
754,图中展示的物品是蔬菜，根据垃圾分类的标准，应该属于厨余垃圾。,"图中展示的物品是肠(火腿),根据垃圾分类的标准，应该属于厨余垃圾
"
755,"图中展示的物品是[garbage_object],根据垃圾分类的标准，应该属于[garbage_type]","图中展示的物品是收音机,根据垃圾分类的标准，应该属于可回收物
"
756,"图中展示的物品是{garbage_object},根据垃圾分类的标准，应该属于{garbage_type}","图中展示的物品是纸巾,根据垃圾分类的标准，应该属于其他垃圾
"
757,图中展示的物品是手套，根据垃圾分类的标准，应该属于可回收物,"图中展示的物品是厨房手套,根据垃圾分类的标准，应该属于其他垃圾
"
758,图中展示的物品是锅盖，根据垃圾分类的标准，应该属于厨余垃圾。,"图中展示的物品是锅盖,根据垃圾分类的标准，应该属于可回收物
"
759,图中展示的物品是塑料瓶，根据垃圾分类的标准，应该属于可回收物。,"图中展示的物品是果冻,根据垃圾分类的标准，应该属于厨余垃圾
"
760,"图中展示的物品是[garbage_object],根据垃圾分类的标准，应该属于[garbage_type]","图中展示的物品是火龙果,根据垃圾分类的标准，应该属于厨余垃圾
"
761,"图中展示的物品是[garbage_object],根据垃圾分类的标准，应该属于[garbage_type]","图中展示的物品是毛巾,根据垃圾分类的标准，应该属于其他垃圾
"
762,烟灰缸,"图中展示的物品是烟灰缸,根据垃圾分类的标准，应该属于可回收物
"
763,"图中展示的物品是{garbage_object},根据垃圾分类的标准，应该属于{garbage_type}","图中展示的物品是骨肉相连,根据垃圾分类的标准，应该属于厨余垃圾
"
764,"图中展示的物品是{garbage_object},根据垃圾分类的标准，应该属于{garbage_type}垃圾。","图中展示的物品是木质梳子,根据垃圾分类的标准，应该属于可回收物
"
765,"图中展示的物品是{garbage_object},根据垃圾分类的标准，应该属于{garbage_type}垃圾。","图中展示的物品是鞋,根据垃圾分类的标准，应该属于可回收物
"
766,图中展示的物品是三明治，根据垃圾分类的标准，应该属于厨余垃圾。,"图中展示的物品是汉堡,根据垃圾分类的标准，应该属于厨余垃圾
"
767,"图中展示的物品是{garbage_object},根据垃圾分类的标准，应该属于{garbage_type}其他垃圾","图中展示的物品是泡沫盒子,根据垃圾分类的标准，应该属于可回收物
"
768,"图中展示的物品是{garbage_object},根据垃圾分类的标准，应该属于{garbage_type}","图中展示的物品是果冻,根据垃圾分类的标准，应该属于厨余垃圾
"
769,图中展示的物品是[玻璃瓶]，根据垃圾分类的标准，应该属于[有害垃圾],"图中展示的物品是碘伏空瓶,根据垃圾分类的标准，应该属于有害垃圾
"
770,"图中展示的物品是[garbage_object],根据垃圾分类的标准，应该属于[garbage_type]","图中展示的物品是单肩包手提包,根据垃圾分类的标准，应该属于可回收物
"
771,图中展示的物品是{iron}，根据垃圾分类的标准，应该属于{household},"图中展示的物品是电熨斗,根据垃圾分类的标准，应该属于可回收物
"
772,"图中展示的物品是玻璃杯,根据垃圾分类的标准，应该属于玻璃","图中展示的物品是水杯,根据垃圾分类的标准，应该属于可回收物
"
773,图中展示的物品是电热水壶，根据垃圾分类的标准，应该属于可回收物,"图中展示的物品是烧水壶,根据垃圾分类的标准，应该属于可回收物
"
774,图中展示的物品是纸盒，根据垃圾分类的标准，应该属于其他垃圾。,"图中展示的物品是蛋糕盒,根据垃圾分类的标准，应该属于可回收物
"
775,"图中展示的物品是杯子,根据垃圾分类的标准，应该属于玻璃","图中展示的物品是热水瓶,根据垃圾分类的标准，应该属于可回收物
"
776,"图中展示的物品是{garbage_object},根据垃圾分类的标准，应该属于{garbage_type}","图中展示的物品是地铁票,根据垃圾分类的标准，应该属于可回收物
"
777,图中展示的物品是键盘，根据垃圾分类的标准，应该属于电子废弃物,"图中展示的物品是键盘,根据垃圾分类的标准，应该属于可回收物
"
778,"图中展示的物品是[garbage_object],根据垃圾分类的标准，应该属于[garbage_type]","图中展示的物品是花生皮,根据垃圾分类的标准，应该属于厨余垃圾
"
779,"图中展示的物品是[garbage_object],根据垃圾分类的标准，应该属于[garbage_type]","图中展示的物品是鸡翅,根据垃圾分类的标准，应该属于厨余垃圾
"
780,图中展示的物品是灯泡，根据垃圾分类的标准，应该属于有害垃圾,"图中展示的物品是LED灯泡,根据垃圾分类的标准，应该属于有害垃圾
"
781,图中展示的物品是[垃圾物品]，根据垃圾分类的标准，应该属于[厨余垃圾],"图中展示的物品是茶叶罐,根据垃圾分类的标准，应该属于可回收物
"
782,图中展示的物品是纸箱，根据垃圾分类的标准，应该属于废纸,"图中展示的物品是纸箱,根据垃圾分类的标准，应该属于可回收物
"
783,图中展示的物品是咖啡壶，根据垃圾分类的标准，应该属于废塑料（塑料制品）,"图中展示的物品是玻璃壶,根据垃圾分类的标准，应该属于可回收物
"
784,"图中展示的物品是[garbage_object],根据垃圾分类的标准，应该属于[garbage_type]","图中展示的物品是玩偶,根据垃圾分类的标准，应该属于可回收物
"
785,图中展示的物品是肉，根据垃圾分类的标准，应该属于可回收物。,"图中展示的物品是生肉,根据垃圾分类的标准，应该属于厨余垃圾
"
786,"图中展示的物品是{garbage_object},根据垃圾分类的标准，应该属于{garbage_type}","图中展示的物品是网卡,根据垃圾分类的标准，应该属于可回收物
"
787,图中展示的物品是干果，根据垃圾分类的标准，应该属于干垃圾,"图中展示的物品是花生皮,根据垃圾分类的标准，应该属于厨余垃圾
"
788,图中展示的物品是电子电路板，根据垃圾分类的标准，应该属于电子垃圾。,"图中展示的物品是电路板,根据垃圾分类的标准，应该属于可回收物
"
789,"图中展示的物品是[garbage_object],根据垃圾分类的标准，应该属于[garbage_type]","图中展示的物品是购物纸袋,根据垃圾分类的标准，应该属于可回收物
"
790,图中展示的物品是[古董]，根据垃圾分类的标准，应该属于[废金属],"图中展示的物品是钟表,根据垃圾分类的标准，应该属于可回收物
"
791,"图中展示的物品是{garbage_object},根据垃圾分类的标准，应该属于{garbage_type}垃圾。","图中展示的物品是单肩包手提包,根据垃圾分类的标准，应该属于可回收物
"
792,"图中展示的物品是{garbage_object},根据垃圾分类的标准，应该属于{garbage_type}","图中展示的物品是饼干,根据垃圾分类的标准，应该属于厨余垃圾
"
793,图中展示的物品是计算器，根据垃圾分类的标准，应该属于电子废弃物,"图中展示的物品是计算器,根据垃圾分类的标准，应该属于可回收物
"
794,图中展示的物品是面包，根据垃圾分类的标准，应该属于厨余垃圾。,"图中展示的物品是普通面包,根据垃圾分类的标准，应该属于厨余垃圾
"
795,"图中展示的物品是[hu],根据垃圾分类的标准，应该属于[厨余垃圾]","图中展示的物品是呼啦圈,根据垃圾分类的标准，应该属于可回收物
"
796,"图中展示的物品是[garbage_object],根据垃圾分类的标准，应该属于[garbage_type]","图中展示的物品是玩偶,根据垃圾分类的标准，应该属于可回收物
"
797,"图中展示的物品是电池,根据垃圾分类的标准，应该属于不可回收垃圾","图中展示的物品是蓄电池,根据垃圾分类的标准，应该属于有害垃圾
"
798,图中展示的物品是手电筒，根据垃圾分类的标准，应该属于可回收垃圾,"图中展示的物品是手电筒,根据垃圾分类的标准，应该属于可回收物
"
799,"图中展示的物品是{garbage_object},根据垃圾分类的标准，应该属于{garbage_type}","图中展示的物品是瓜子,根据垃圾分类的标准，应该属于厨余垃圾
"
800,图中展示的物品是遥控器，根据垃圾分类的标准，应该属于电子废弃物,"图中展示的物品是空调遥控器,根据垃圾分类的标准，应该属于可回收物
"
801,"图中展示的物品是{garbage_object},根据垃圾分类的标准，应该属于{garbage_type}","图中展示的物品是肠(火腿),根据垃圾分类的标准，应该属于厨余垃圾
"
802,"图中展示的物品是{garbage_object},根据垃圾分类的标准，应该属于{garbage_type}","图中展示的物品是单肩包手提包,根据垃圾分类的标准，应该属于可回收物
"
803,"图中展示的物品是{garbage_object},根据垃圾分类的标准，应该属于{garbage_type}","图中展示的物品是烤鸡烤鸭,根据垃圾分类的标准，应该属于厨余垃圾
"
804,图中展示的物品是杀虫气雾剂，根据垃圾分类的标准，应该属于{garbage_type}废弃物。,"图中展示的物品是杀虫剂,根据垃圾分类的标准，应该属于有害垃圾
"
805,图中展示的物品是麦克风，根据垃圾分类的标准，应该属于垃圾杂物,"图中展示的物品是话筒,根据垃圾分类的标准，应该属于可回收物
"
806,图中展示的物品是塑料包装，根据垃圾分类的标准，应该属于可回收物,"图中展示的物品是果冻,根据垃圾分类的标准，应该属于厨余垃圾
"
807,图中展示的物品是{cardboard_box}，根据垃圾分类的标准，应该属于{cardboard},"图中展示的物品是纸箱,根据垃圾分类的标准，应该属于可回收物
"
808,"图中展示的物品是[garbage_object], 根据垃圾分类的标准，应该属于[garbage_type]","图中展示的物品是圣女果,根据垃圾分类的标准，应该属于厨余垃圾
"
809,"图中展示的物品是{garbage_object},根据垃圾分类的标准，应该属于{garbage_type}垃圾。","图中展示的物品是创可贴,根据垃圾分类的标准，应该属于其他垃圾
"
810,"图中展示的物品是计算器,根据垃圾分类的标准，应该属于电子垃圾","图中展示的物品是计算器,根据垃圾分类的标准，应该属于可回收物
"
811,"图中展示的物品是{garbage_object},根据垃圾分类的标准，应该属于{garbage_type}垃圾。","图中展示的物品是手电筒,根据垃圾分类的标准，应该属于可回收物
"
812,"图中展示的物品是[ceramic],[glass],[glass],根据垃圾分类的标准，应该属于[recyclable],[recyclable],[recyclable]","图中展示的物品是玻璃器皿,根据垃圾分类的标准，应该属于可回收物
"
813,图中展示的物品是玻璃杯，根据垃圾分类的标准，应该属于玻璃,"图中展示的物品是玻璃器皿,根据垃圾分类的标准，应该属于可回收物
"
814,"图中展示的物品是{garbage_object},根据垃圾分类的标准，应该属于{garbage_type}","图中展示的物品是糕点,根据垃圾分类的标准，应该属于厨余垃圾
"
815,"图中展示的物品是{garbage_object},根据垃圾分类的标准，应该属于{garbage_type}厨余垃圾","图中展示的物品是青菜,根据垃圾分类的标准，应该属于厨余垃圾
"
816,"图中展示的物品是[garbage_object],根据垃圾分类的标准，应该属于[garbage_type]","图中展示的物品是单肩包手提包,根据垃圾分类的标准，应该属于可回收物
"
817,"图中展示的物品是[garbage_object],根据垃圾分类的标准，应该属于[garbage_type]","图中展示的物品是玩偶,根据垃圾分类的标准，应该属于可回收物
"
818,"图中展示的物品是[garbage_object],根据垃圾分类的标准，应该属于[garbage_type]","图中展示的物品是书,根据垃圾分类的标准，应该属于可回收物
"
819,图中展示的物品是薯条，根据垃圾分类的标准，应该属于易腐垃圾,"图中展示的物品是薯条,根据垃圾分类的标准，应该属于厨余垃圾
"
820,图中展示的物品是玻璃制品，根据垃圾分类的标准，应该属于可回收物。,"图中展示的物品是玻璃器皿,根据垃圾分类的标准，应该属于可回收物
"
821,"图中展示的物品是玩具,根据垃圾分类的标准，应该属于玩具","图中展示的物品是玩偶,根据垃圾分类的标准，应该属于可回收物
"
822,图中展示的物品是{cardboard_box}，根据垃圾分类的标准，应该属于{cardboard},"图中展示的物品是纸箱,根据垃圾分类的标准，应该属于可回收物
"
823,"图中展示的物品是{garbage_object},根据垃圾分类的标准，应该属于{garbage_type}","图中展示的物品是衣架,根据垃圾分类的标准，应该属于可回收物
"
824,图中展示的物品是垃圾，根据垃圾分类的标准，应该属于不可回收垃圾。,"图中展示的物品是枕头,根据垃圾分类的标准，应该属于可回收物
"
825,图中展示的物品是陈皮，根据垃圾分类的标准，应该属于厨余垃圾。,"图中展示的物品是陈皮,根据垃圾分类的标准，应该属于厨余垃圾
"
826,"图中展示的物品是[phone],根据垃圾分类的标准，应该属于[电子废弃物]","图中展示的物品是充电宝,根据垃圾分类的标准，应该属于可回收物
"
827,图中展示的物品是一台电脑键盘，属于电子垃圾。,"图中展示的物品是键盘,根据垃圾分类的标准，应该属于可回收物
"
828,图中展示的物品是{shoe}，根据垃圾分类的标准，应该属于{garbage_type},"图中展示的物品是鞋,根据垃圾分类的标准，应该属于可回收物
"
829,图中展示的物品是西瓜，根据垃圾分类的标准，应该属于厨余垃圾,"图中展示的物品是西瓜皮,根据垃圾分类的标准，应该属于厨余垃圾
"
830,图中展示的物品是纸巾，根据垃圾分类的标准，应该属于厨余垃圾,"图中展示的物品是普通面包,根据垃圾分类的标准，应该属于厨余垃圾
"
831,图中展示的物品是{bamboo_stick}，根据垃圾分类的标准，应该属于{recycling},"图中展示的物品是一次性棉签,根据垃圾分类的标准，应该属于其他垃圾
"
832,"图中展示的物品是{garbage_object},根据垃圾分类的标准，应该属于{garbage_type}","图中展示的物品是碘伏空瓶,根据垃圾分类的标准，应该属于有害垃圾
"
833,"图中展示的物品是{garbage_object},根据垃圾分类的标准，应该属于{garbage_type}","图中展示的物品是糕点,根据垃圾分类的标准，应该属于厨余垃圾
"
834,"图中展示的物品是[raw meat],根据垃圾分类的标准，应该属于[garbage_type]","图中展示的物品是生肉,根据垃圾分类的标准，应该属于厨余垃圾
"
835,"图中展示的物品是{garbage_object},根据垃圾分类的标准，应该属于{garbage_type}","图中展示的物品是炸鸡,根据垃圾分类的标准，应该属于厨余垃圾
"
836,图中展示的物品是饼干，根据垃圾分类的标准，应该属于可回收物,"图中展示的物品是饼干,根据垃圾分类的标准，应该属于厨余垃圾
"
837,"图中展示的物品是{garbage_object},根据垃圾分类的标准，应该属于{garbage_type}","图中展示的物品是鞋,根据垃圾分类的标准，应该属于可回收物
"
838,"图中展示的物品是{garbage_object},根据垃圾分类的标准，应该属于{garbage_type}","图中展示的物品是电动牙刷,根据垃圾分类的标准，应该属于可回收物
"
839,图中展示的物品是{green_lettuce}，根据垃圾分类的标准，应该属于{vegetable},"图中展示的物品是青菜,根据垃圾分类的标准，应该属于厨余垃圾
"
840,"图中展示的物品是{garbage_object},根据垃圾分类的标准，应该属于{garbage_type}","图中展示的物品是眼镜,根据垃圾分类的标准，应该属于其他垃圾
"
841,"图中展示的物品是{garbage_object},根据垃圾分类的标准，应该属于{garbage_type}","图中展示的物品是饼干,根据垃圾分类的标准，应该属于厨余垃圾
"
842,图中展示的物品是玻璃制品，根据垃圾分类的标准，应该属于玻璃,"图中展示的物品是玻璃器皿,根据垃圾分类的标准，应该属于可回收物
"
843,"图中展示的物品是[garbage_object],根据垃圾分类的标准，应该属于[garbage_type]","图中展示的物品是玩偶,根据垃圾分类的标准，应该属于可回收物
"
844,"图中展示的物品是[牙刷],根据垃圾分类的标准，应该属于[可回收物]","图中展示的物品是电动牙刷,根据垃圾分类的标准，应该属于可回收物
"
845,图中展示的物品是烟灰缸，根据垃圾分类的标准，应该属于其他垃圾,"图中展示的物品是烟灰缸,根据垃圾分类的标准，应该属于可回收物
"
846,"图中展示的物品是{garbage_object},根据垃圾分类的标准，应该属于{garbage_type}","图中展示的物品是鸡翅,根据垃圾分类的标准，应该属于厨余垃圾
"
847,图中展示的物品是鼠标，根据垃圾分类的标准，应该属于电子废弃物,"图中展示的物品是鼠标,根据垃圾分类的标准，应该属于可回收物
"
848,"图中展示的物品是{garbage_object},根据垃圾分类的标准，应该属于{garbage_type}","图中展示的物品是镊子,根据垃圾分类的标准，应该属于可回收物
"
849,"图中展示的物品是{garbage_object},根据垃圾分类的标准，应该属于{garbage_type}","图中展示的物品是纸牌,根据垃圾分类的标准，应该属于可回收物
"
850,图中展示的物品是尺子，根据垃圾分类的标准，应该属于可回收垃圾,"图中展示的物品是尺子,根据垃圾分类的标准，应该属于可回收物
"
851,"图中展示的物品是[garbage_object],根据垃圾分类的标准，应该属于[garbage_type]","图中展示的物品是茶叶罐,根据垃圾分类的标准，应该属于可回收物
"
852,图中展示的物品是水果，根据垃圾分类的标准，应该属于可回收物。,"图中展示的物品是果冻,根据垃圾分类的标准，应该属于厨余垃圾
"
853,图中展示的物品是[spaghetti server]，根据垃圾分类的标准，应该属于[厨余垃圾],"图中展示的物品是木质锅铲,根据垃圾分类的标准，应该属于可回收物
"
854,"图中展示的物品是[放大镜],根据垃圾分类的标准，应该属于[可回收垃圾]","图中展示的物品是放大镜,根据垃圾分类的标准，应该属于可回收物
"
855,图中展示的物品是干电池，根据垃圾分类的标准，应该属于废电池,"图中展示的物品是电池,根据垃圾分类的标准，应该属于有害垃圾
"
856,"图中展示的物品是[garbage_object],根据垃圾分类的标准，应该属于[garbage_type]","图中展示的物品是袜子,根据垃圾分类的标准，应该属于可回收物
"
857,"图中展示的物品是[lighting_object],根据垃圾分类的标准，应该属于[recyclable]","图中展示的物品是LED灯泡,根据垃圾分类的标准，应该属于有害垃圾
"
858,"图中展示的物品是[garbage_object],根据垃圾分类的标准，应该属于[garbage_type]","图中展示的物品是充电宝,根据垃圾分类的标准，应该属于可回收物
"
859,"图中展示的物品是{garbage_object},根据垃圾分类的标准，应该属于{garbage_type}垃圾。","图中展示的物品是鸡毛掸,根据垃圾分类的标准，应该属于其他垃圾
"
860,图中展示的物品是玻璃制品，应该属于垃圾类型：玻璃。,"图中展示的物品是玻璃器皿,根据垃圾分类的标准，应该属于可回收物
"
861,"图中展示的物品是[garbage_object],根据垃圾分类的标准，应该属于[garbage_type]","图中展示的物品是鞋,根据垃圾分类的标准，应该属于可回收物
"
862,图中展示的物品是玻璃瓶，根据垃圾分类的标准，应该属于可回收垃圾。,"图中展示的物品是玻璃器皿,根据垃圾分类的标准，应该属于可回收物
"
863,图中展示的物品是口罩，根据垃圾分类的标准，应该属于垃圾,"图中展示的物品是口罩,根据垃圾分类的标准，应该属于其他垃圾
"
864,图中展示的物品是炸鸡，根据垃圾分类的标准，应该属于厨余垃圾,"图中展示的物品是炸鸡,根据垃圾分类的标准，应该属于厨余垃圾
"
865,"图中展示的物品是[garbage_object],根据垃圾分类的标准，应该属于[garbage_type]","图中展示的物品是望远镜,根据垃圾分类的标准，应该属于可回收物
"
866,"图中展示的物品是汉堡包,根据垃圾分类的标准，应该属于垃圾食品","图中展示的物品是普通面包,根据垃圾分类的标准，应该属于厨余垃圾
"
867,"图中展示的物品是票证,根据垃圾分类的标准，应该属于{garbage_type}","图中展示的物品是票据,根据垃圾分类的标准，应该属于其他垃圾
"
868,"图中展示的物品是{garbage_object},根据垃圾分类的标准，应该属于{garbage_type}","图中展示的物品是木制玩具,根据垃圾分类的标准，应该属于可回收物
"
869,"图中展示的物品是纸袋,根据垃圾分类的标准，应该属于可回收物","图中展示的物品是购物纸袋,根据垃圾分类的标准，应该属于可回收物
"
870,"图中展示的物品是{garbage_object},根据垃圾分类的标准，应该属于{garbage_type}","图中展示的物品是帽子,根据垃圾分类的标准，应该属于可回收物
"
871,图中展示的物品是薯条，根据垃圾分类的标准，应该属于厨余垃圾。,"图中展示的物品是薯条,根据垃圾分类的标准，应该属于厨余垃圾
"
872,图中展示的物品是洗碗刷，根据垃圾分类的标准，应该属于其他垃圾,"图中展示的物品是钢丝球,根据垃圾分类的标准，应该属于可回收物
"
873,"图中展示的物品是{garbage_object},根据垃圾分类的标准，应该属于{garbage_type}","图中展示的物品是药品包装,根据垃圾分类的标准，应该属于有害垃圾
"
874,"图中展示的物品是{paper_object},根据垃圾分类的标准，应该属于{paper}","图中展示的物品是报纸,根据垃圾分类的标准，应该属于可回收物
"
875,"图中展示的物品是[garbage_object],根据垃圾分类的标准，应该属于[garbage_type]","图中展示的物品是玩偶,根据垃圾分类的标准，应该属于可回收物
"
876,"图中展示的物品是[garbage_object],根据垃圾分类的标准，应该属于[garbage_type]","图中展示的物品是衣架,根据垃圾分类的标准，应该属于可回收物
"
877,图中展示的物品是尺子，根据垃圾分类的标准，应该属于{garbage_type}其他垃圾。,"图中展示的物品是尺子,根据垃圾分类的标准，应该属于可回收物
"
878,图中展示的物品是[wood]，根据垃圾分类的标准，应该属于[recyclable],"图中展示的物品是木质梳子,根据垃圾分类的标准，应该属于可回收物
"
879,"图中展示的物品是{garbage_object},根据垃圾分类的标准，应该属于{garbage_type}","图中展示的物品是键盘,根据垃圾分类的标准，应该属于可回收物
"
880,"图中展示的物品是{garbage_object},根据垃圾分类的标准，应该属于{garbage_type}厨余垃圾","图中展示的物品是生肉,根据垃圾分类的标准，应该属于厨余垃圾
"
881,图中展示的物品是玻璃瓶，根据垃圾分类的标准，应该属于可回收垃圾。,"图中展示的物品是玻璃器皿,根据垃圾分类的标准，应该属于可回收物
"
882,图中展示的物品是{no garbage}，根据垃圾分类的标准，应该属于{无垃圾},"图中展示的物品是网卡,根据垃圾分类的标准，应该属于可回收物
"
883,"图中展示的物品是竹篮,根据垃圾分类的标准，应该属于{garbage_type}厨余垃圾","图中展示的物品是热水瓶,根据垃圾分类的标准，应该属于可回收物
"
884,图中展示的物品是香肠，根据垃圾分类的标准，应该属于厨余垃圾。,"图中展示的物品是肠(火腿),根据垃圾分类的标准，应该属于厨余垃圾
"
885,图中展示的物品是闹钟，根据垃圾分类的标准，应该属于废金属,"图中展示的物品是钟表,根据垃圾分类的标准，应该属于可回收物
"
886,图中展示的物品是蚊香，根据垃圾分类的标准，应该属于{garbage_type}废弃物。,"图中展示的物品是杀虫剂,根据垃圾分类的标准，应该属于有害垃圾
"
887,"图中展示的物品是[garbage_object],根据垃圾分类的标准，应该属于[garbage_type]","图中展示的物品是车钥匙,根据垃圾分类的标准，应该属于可回收物
"
888,图中展示的物品是口罩，根据垃圾分类的标准，应该属于可回收垃圾。,"图中展示的物品是口罩,根据垃圾分类的标准，应该属于其他垃圾
"
889,图中展示的物品是[orange]，根据垃圾分类的标准，应该属于[厨余垃圾]。,"图中展示的物品是橙子,根据垃圾分类的标准，应该属于厨余垃圾
"
890,"图中展示的物品是{jewelry_object},根据垃圾分类的标准，应该属于{jewelry}","图中展示的物品是手链,根据垃圾分类的标准，应该属于可回收物
"
891,"图中展示的物品是[票证],根据垃圾分类的标准，应该属于[垃圾]","图中展示的物品是登机牌,根据垃圾分类的标准，应该属于可回收物
"
892,"图中展示的物品是[garbage_object],根据垃圾分类的标准，应该属于[garbage_type]","图中展示的物品是单肩包手提包,根据垃圾分类的标准，应该属于可回收物
"
893,图中展示的物品是{food}，根据垃圾分类的标准，应该属于{food},"图中展示的物品是鸡翅,根据垃圾分类的标准，应该属于厨余垃圾
"
894,图中展示的物品是电池，根据垃圾分类的标准，应该属于有害垃圾,"图中展示的物品是电池,根据垃圾分类的标准，应该属于有害垃圾
"
895,"图中展示的物品是{garbage_object},根据垃圾分类的标准，应该属于{garbage_type}","图中展示的物品是拖鞋,根据垃圾分类的标准，应该属于可回收物
"
896,图中展示的物品是塑料瓶，根据垃圾分类的标准，应该属于可回收物,"图中展示的物品是易拉罐,根据垃圾分类的标准，应该属于可回收物
"
897,"图中展示的物品是[garbage_object],根据垃圾分类的标准，应该属于[garbage_type]","图中展示的物品是鞋,根据垃圾分类的标准，应该属于可回收物
"
898,图中展示的物品是{cardboard_box}，根据垃圾分类的标准，应该属于{cardboard},"图中展示的物品是信封,根据垃圾分类的标准，应该属于可回收物
"
899,"图中展示的物品是[garbage_object],根据垃圾分类的标准，应该属于[garbage_type]","图中展示的物品是耳钉耳环,根据垃圾分类的标准，应该属于可回收物
"
900,图中展示的物品是餐巾纸，根据垃圾分类的标准，应该属于可回收物。,"图中展示的物品是纸巾,根据垃圾分类的标准，应该属于其他垃圾
"
901,图中展示的物品是{fruit}，根据垃圾分类的标准，应该属于{food},"图中展示的物品是火龙果,根据垃圾分类的标准，应该属于厨余垃圾
"
902,图中展示的物品是薯条，根据垃圾分类的标准，应该属于可回收物,"图中展示的物品是薯条,根据垃圾分类的标准，应该属于厨余垃圾
"
903,图中展示的物品是电池，根据垃圾分类的标准，应该属于有害垃圾,"图中展示的物品是纽扣电池,根据垃圾分类的标准，应该属于有害垃圾
"
904,"图中展示的物品是[recyclable_object],根据垃圾分类的标准，应该属于[recyclable]","图中展示的物品是叉子,根据垃圾分类的标准，应该属于可回收物
"
905,图中展示的物品是牙刷，根据垃圾分类的标准，应该属于废塑料。,"图中展示的物品是电动牙刷,根据垃圾分类的标准，应该属于可回收物
"
906,"图中展示的物品是{garbage_object},根据垃圾分类的标准，应该属于{garbage_type}","图中展示的物品是钢丝球,根据垃圾分类的标准，应该属于可回收物
"
907,图中展示的物品是{no garbage object}，根据垃圾分类的标准，应该属于{no garbage type},"图中展示的物品是玩偶,根据垃圾分类的标准，应该属于可回收物
"
908,图中展示的物品是玉石，根据垃圾分类的标准，应该属于可回收垃圾。,"图中展示的物品是手链,根据垃圾分类的标准，应该属于可回收物
"
909,图中展示的物品是手表，根据垃圾分类的标准，应该属于废金属,"图中展示的物品是钟表,根据垃圾分类的标准，应该属于可回收物
"
910,图中展示的物品是[dog]，根据垃圾分类的标准，应该属于[垃圾],"图中展示的物品是订书机,根据垃圾分类的标准，应该属于可回收物
"
911,图中展示的物品是打火机，根据垃圾分类的标准，应该属于可回收物,"图中展示的物品是打火机,根据垃圾分类的标准，应该属于其他垃圾
"
912,图中展示的物品是{fruit}，根据垃圾分类的标准，应该属于{organic},"图中展示的物品是哈密瓜,根据垃圾分类的标准，应该属于厨余垃圾
"
913,"图中展示的物品是[wood_object],根据垃圾分类的标准，应该属于[wood]","图中展示的物品是木制玩具,根据垃圾分类的标准，应该属于可回收物
"
914,图中展示的物品是塑料袋，根据垃圾分类的标准，应该属于{garbage_type}其他垃圾。,"图中展示的物品是药品包装,根据垃圾分类的标准，应该属于有害垃圾
"
915,图中展示的物品是锅，根据垃圾分类的标准，应该属于厨余垃圾。,"图中展示的物品是锅,根据垃圾分类的标准，应该属于可回收物
"
916,"图中展示的物品是{garbage_object},根据垃圾分类的标准，应该属于{garbage_type}","图中展示的物品是台灯,根据垃圾分类的标准，应该属于可回收物
"
917,图中展示的物品是验孕棒，根据垃圾分类的标准，应该属于有害垃圾。,"图中展示的物品是验孕棒,根据垃圾分类的标准，应该属于其他垃圾
"
918,"图中展示的物品是{garbage_object},根据垃圾分类的标准，应该属于{garbage_type}","图中展示的物品是芭比娃娃,根据垃圾分类的标准，应该属于可回收物
"
919,图中展示的物品是[food]，根据垃圾分类的标准，应该属于[food waste],"图中展示的物品是药品包装,根据垃圾分类的标准，应该属于有害垃圾
"
920,图中展示的物品是电池，根据垃圾分类的标准，应该属于有害垃圾,"图中展示的物品是电池,根据垃圾分类的标准，应该属于有害垃圾
"
921,图中展示的物品是玻璃壶，根据垃圾分类的标准，应该属于玻璃,"图中展示的物品是玻璃壶,根据垃圾分类的标准，应该属于可回收物
"
922,"图中展示的物品是[garbage_object],根据垃圾分类的标准，应该属于[garbage_type]","图中展示的物品是手链,根据垃圾分类的标准，应该属于可回收物
"
923,图中展示的物品是透明尺子，根据垃圾分类的标准，应该属于可回收物。,"图中展示的物品是尺子,根据垃圾分类的标准，应该属于可回收物
"
924,图中展示的物品是电脑鼠标，根据垃圾分类的标准，应该属于电子废弃物。,"图中展示的物品是鼠标,根据垃圾分类的标准，应该属于可回收物
"
925,"图中展示的物品是[garbage_object],根据垃圾分类的标准，应该属于[garbage_type]","图中展示的物品是药膏,根据垃圾分类的标准，应该属于有害垃圾
"
926,图中展示的物品是{cartridge}，根据垃圾分类的标准，应该属于{toxic},"图中展示的物品是打印机墨盒,根据垃圾分类的标准，应该属于可回收物
"
927,"图中展示的物品是{garbage_object},根据垃圾分类的标准，应该属于{garbage_type}垃圾。","图中展示的物品是玻璃灯管,根据垃圾分类的标准，应该属于有害垃圾
"
928,"图中展示的物品是{garbage_object},根据垃圾分类的标准，应该属于{garbage_type}","图中展示的物品是蛋糕盒,根据垃圾分类的标准，应该属于可回收物
"
929,"图中展示的物品是{garbage_object},根据垃圾分类的标准，应该属于{garbage_type}","图中展示的物品是菠萝蜜,根据垃圾分类的标准，应该属于厨余垃圾
"
930,"图中展示的物品是{garbage_object},根据垃圾分类的标准，应该属于{garbage_type}厨余垃圾","图中展示的物品是蘑菇,根据垃圾分类的标准，应该属于厨余垃圾
"
931,图中展示的物品是饼干，根据垃圾分类的标准，应该属于垃圾食品。,"图中展示的物品是饼干,根据垃圾分类的标准，应该属于厨余垃圾
"
932,"图中展示的物品是饼干,根据垃圾分类的标准，应该属于可回收垃圾","图中展示的物品是饼干,根据垃圾分类的标准，应该属于厨余垃圾
"
933,图中展示的物品是{grass}，根据垃圾分类的标准，应该属于{grass},"图中展示的物品是青菜,根据垃圾分类的标准，应该属于厨余垃圾
"
934,"图中展示的物品是{garbage_object},根据垃圾分类的标准，应该属于{garbage_type}塑料制品","图中展示的物品是尺子,根据垃圾分类的标准，应该属于可回收物
"
935,图中展示的物品是塑料瓶，根据垃圾分类的标准，应该属于其他垃圾。,"图中展示的物品是罐头瓶,根据垃圾分类的标准，应该属于可回收物
"
936,图中展示的物品是花瓶，根据垃圾分类的标准，应该属于其他垃圾,"图中展示的物品是塑料盆,根据垃圾分类的标准，应该属于可回收物
"
937,图中展示的物品是{drugs}，根据垃圾分类的标准，应该属于{garbage_type}垃圾。,"图中展示的物品是药品包装,根据垃圾分类的标准，应该属于有害垃圾
"
938,图中展示的物品是{USB插头}，根据垃圾分类的标准，应该属于{电子垃圾},"图中展示的物品是充电线,根据垃圾分类的标准，应该属于可回收物
"
939,"图中展示的物品是{garbage_object},根据垃圾分类的标准，应该属于{garbage_type}","图中展示的物品是网卡,根据垃圾分类的标准，应该属于可回收物
"
940,图中展示的物品是杯子，根据垃圾分类的标准，应该属于可回收物。,"图中展示的物品是一次性杯子,根据垃圾分类的标准，应该属于其他垃圾
"
941,"图中展示的物品是[garbage_object],根据垃圾分类的标准，应该属于[garbage_type]","图中展示的物品是电熨斗,根据垃圾分类的标准，应该属于可回收物
"
942,"图中展示的物品是{garbage_object},根据垃圾分类的标准，应该属于{garbage_type}厨余垃圾","图中展示的物品是甘蔗,根据垃圾分类的标准，应该属于厨余垃圾
"
943,图中展示的物品是卡片，根据垃圾分类的标准，应该属于可回收物,"图中展示的物品是纸牌,根据垃圾分类的标准，应该属于可回收物
"
944,图中展示的物品是砧板，根据垃圾分类的标准，应该属于厨余垃圾,"图中展示的物品是木制切菜板,根据垃圾分类的标准，应该属于可回收物
"
945,图中展示的物品是食物，根据垃圾分类的标准，应该属于垃圾食品,"图中展示的物品是糕点,根据垃圾分类的标准，应该属于厨余垃圾
"
946,图中展示的物品是干豆，根据垃圾分类的标准，应该属于干豆,"图中展示的物品是花生皮,根据垃圾分类的标准，应该属于厨余垃圾
"
947,"图中展示的物品是[garbage_object],根据垃圾分类的标准，应该属于[garbage_type]","图中展示的物品是钟表,根据垃圾分类的标准，应该属于可回收物
"
948,"图中展示的物品是[garbage_object],根据垃圾分类的标准，应该属于[garbage_type]","图中展示的物品是拖鞋,根据垃圾分类的标准，应该属于可回收物
"
949,"图中展示的物品是{garbage_object},根据垃圾分类的标准，应该属于{garbage_type}","图中展示的物品是电池,根据垃圾分类的标准，应该属于有害垃圾
"
950,图中展示的物品是洗碗布，根据垃圾分类的标准，应该属于厨房垃圾。,"图中展示的物品是钢丝球,根据垃圾分类的标准，应该属于可回收物
"
951,"图中展示的物品是{garbage_object},根据垃圾分类的标准，应该属于{garbage_type}","图中展示的物品是纸巾,根据垃圾分类的标准，应该属于其他垃圾
"
952,图中展示的物品是垃圾，根据垃圾分类的标准，应该属于厨余垃圾,"图中展示的物品是陈皮,根据垃圾分类的标准，应该属于厨余垃圾
"
953,图中展示的物品是手套，根据垃圾分类的标准，应该属于废品,"图中展示的物品是厨房手套,根据垃圾分类的标准，应该属于其他垃圾
"
954,"图中展示的物品是[phone],根据垃圾分类的标准，应该属于[garbage_type]","图中展示的物品是手机,根据垃圾分类的标准，应该属于可回收物
"
955,"图中展示的物品是[wooden tool],根据垃圾分类的标准，应该属于[厨余垃圾]","图中展示的物品是镊子,根据垃圾分类的标准，应该属于可回收物
"
956,"图中展示的物品是{garbage_object},根据垃圾分类的标准，应该属于{garbage_type}","图中展示的物品是糕点,根据垃圾分类的标准，应该属于厨余垃圾
"
957,"图中展示的物品是{metal_object},根据垃圾分类的标准，应该属于{metal}","图中展示的物品是纽扣电池,根据垃圾分类的标准，应该属于有害垃圾
"
958,"图中展示的物品是[brick_box],[brick_box],[brick_box],[brick_box],[brick_box],[brick_box],[brick_box],[brick_box],[brick_box],[brick_box],[brick_box],[brick_box],[brick_box],[brick_box],[brick_box],[brick_box],[brick_box],[brick_box],[brick_box],[brick_box],[brick_box],[brick_box],[brick_box],[brick_box],[brick_box],[brick_box],[brick_box],[brick_box],[brick_box],[brick_box],[brick_box],[brick_box],[brick_box],[brick_box],[brick_box],[brick_box],[brick_box],[brick_box],[brick_box],[brick_box],[brick_box],[brick_box],[brick_box],[brick_box],[brick_box],[brick_box],[brick_box],[brick_box],[brick_box],[brick_box],[brick_box],[brick_box],[brick_box],[brick_box],[brick_box],[brick_box],[brick_box],[brick_box],[brick_box],[brick_box],[brick_box],[brick_box],[brick_box],[brick_box],[brick_box],[brick_box],[brick_box],[brick_box],[brick_box],[brick_box],[brick_box],[brick_box],[brick_box],[brick_box],[brick_box],[brick_box],[brick_box],[brick_box],[brick_box],[brick_box],[brick_box],[brick_box],[brick_box],[brick_box],[brick_box],[brick_box],[brick_box],[brick_box],[brick_box],[brick_box],[brick_box],[brick_box],[brick_box],[brick_box],[brick_box],[brick_box],[brick_box],[brick_box],[brick_box],[brick_box],[brick_box],[brick_box],[brick_box],[brick_box],[brick_box],[brick_box],[brick_box],[brick_box],[brick_box],[brick_box],[brick_box],[brick_box],[brick_box],[brick_box],[brick_box],[brick_box],[brick_box],[brick_box],[brick_box],[brick_box],[brick_box],[brick_box],[brick_box],[brick_box],[brick_box],[brick_box],[brick_box],[brick_box],[brick_box],[brick_box],[brick_box],[brick_box],[brick_box],[brick_box],[brick_box],[brick_box],[brick_box],[brick_box],[brick_box],[brick_box],[brick_box],[brick_box],[brick_box],[brick_box],[brick_box],[brick_box],[brick_box],[brick_box],[brick_box],[brick_box],[brick_box],[brick_box],[brick_box],[brick_box],[brick_box],[brick_box],[brick_box],[brick_box],[brick_box],[brick_box],[brick_box],[brick_box],[brick_box],[brick_box],[brick_box],[brick_box],[brick_box],[brick_box],[brick","图中展示的物品是木制玩具,根据垃圾分类的标准，应该属于可回收物
"
959,图中展示的物品是打印机，根据垃圾分类的标准，应该属于{可回收物},"图中展示的物品是打印机墨盒,根据垃圾分类的标准，应该属于可回收物
"
960,图中展示的物品是塑料盒，根据垃圾分类的标准，应该属于其他垃圾。,"图中展示的物品是保鲜盒,根据垃圾分类的标准，应该属于可回收物
"
961,"图中展示的物品是[刀子],根据垃圾分类的标准，应该属于[厨余垃圾]","图中展示的物品是刀,根据垃圾分类的标准，应该属于可回收物
"
962,图中展示的物品是木勺，根据垃圾分类的标准，应该属于可回收物。,"图中展示的物品是罐头瓶,根据垃圾分类的标准，应该属于可回收物
"
963,"图中展示的物品是{garbage_object},根据垃圾分类的标准，应该属于{garbage_type}","图中展示的物品是蛋,根据垃圾分类的标准，应该属于厨余垃圾
"
964,图中展示的物品是针，根据垃圾分类的标准，应该属于金属垃圾,"图中展示的物品是图钉,根据垃圾分类的标准，应该属于其他垃圾
"
965,"图中展示的物品是[garbage_object],根据垃圾分类的标准，应该属于[garbage_type]","图中展示的物品是碘伏空瓶,根据垃圾分类的标准，应该属于有害垃圾
"
966,"图中展示的物品是[电热水壶],根据垃圾分类的标准，应该属于[有害垃圾]","图中展示的物品是烧水壶,根据垃圾分类的标准，应该属于可回收物
"
967,图中展示的物品是{pillow}，根据垃圾分类的标准，应该属于{garbage_type},"图中展示的物品是玩偶,根据垃圾分类的标准，应该属于可回收物
"
968,图中展示的物品是[wood]，根据垃圾分类的标准，应该属于[recycling],"图中展示的物品是乒乓球拍,根据垃圾分类的标准，应该属于可回收物
"
969,"图中展示的物品是{garbage_object},根据垃圾分类的标准，应该属于{garbage_type}垃圾。","图中展示的物品是创可贴,根据垃圾分类的标准，应该属于其他垃圾
"
970,"图中展示的物品是[garbage_object],根据垃圾分类的标准，应该属于[garbage_type]","图中展示的物品是搓衣板,根据垃圾分类的标准，应该属于可回收物
"
971,图中展示的物品是网格曲面，根据垃圾分类的标准，应该属于可回收物,"图中展示的物品是吹风机,根据垃圾分类的标准，应该属于可回收物
"
972,图中展示的物品是{shoe}，根据垃圾分类的标准，应该属于{garbage_type}垃圾。,"图中展示的物品是拖鞋,根据垃圾分类的标准，应该属于可回收物
"
973,"图中展示的物品是[garbage_object],根据垃圾分类的标准，应该属于[garbage_type]","图中展示的物品是钟表,根据垃圾分类的标准，应该属于可回收物
"
974,图中展示的物品是纸张，根据垃圾分类的标准，应该属于可回收垃圾。,"图中展示的物品是书,根据垃圾分类的标准，应该属于可回收物
"
975,图中展示的物品是塑料瓶，根据垃圾分类的标准，应该属于可回收物。,"图中展示的物品是滴眼液瓶,根据垃圾分类的标准，应该属于有害垃圾
"
976,"坚果{garbage_object},垃圾食品","图中展示的物品是巴旦木,根据垃圾分类的标准，应该属于厨余垃圾
"
977,图中展示的物品是枕头，根据垃圾分类的标准，应该属于可回收物,"图中展示的物品是枕头,根据垃圾分类的标准，应该属于可回收物
"
978,"图中展示的物品是[garbage_object],根据垃圾分类的标准，应该属于[garbage_type]","图中展示的物品是肠(火腿),根据垃圾分类的标准，应该属于厨余垃圾
"
979,图中展示的物品是烧烤，根据垃圾分类的标准，应该属于厨余垃圾。,"图中展示的物品是肠(火腿),根据垃圾分类的标准，应该属于厨余垃圾
"
980,"图中展示的物品是[garbage_object],根据垃圾分类的标准，应该属于[garbage_type]","图中展示的物品是罐头瓶,根据垃圾分类的标准，应该属于可回收物
"
981,"图中展示的物品是{garbage_object},根据垃圾分类的标准，应该属于{garbage_type}","图中展示的物品是蛋挞,根据垃圾分类的标准，应该属于厨余垃圾
"
982,图中展示的物品是茶杯，根据垃圾分类的标准，应该属于可回收物。,"图中展示的物品是热水瓶,根据垃圾分类的标准，应该属于可回收物
"
983,图中展示的物品是{meat}，根据垃圾分类的标准，应该属于{meat},"图中展示的物品是生肉,根据垃圾分类的标准，应该属于厨余垃圾
"
984,"图中展示的物品是{garbage_object},根据垃圾分类的标准，应该属于{garbage_type}垃圾。","图中展示的物品是车钥匙,根据垃圾分类的标准，应该属于可回收物
"
985,图中展示的物品是树枝，根据垃圾分类的标准，应该属于其他垃圾。,"图中展示的物品是蛋,根据垃圾分类的标准，应该属于厨余垃圾
"
986,图中展示的物品是糖果，根据垃圾分类的标准，应该属于垃圾食品,"图中展示的物品是饼干,根据垃圾分类的标准，应该属于厨余垃圾
"
987,图中展示的物品是玻璃杯，根据垃圾分类的标准，应该属于可回收垃圾。,"图中展示的物品是玻璃器皿,根据垃圾分类的标准，应该属于可回收物
"
988,图中展示的物品是薯条，根据垃圾分类的标准，应该属于可回收垃圾。,"图中展示的物品是薯条,根据垃圾分类的标准，应该属于厨余垃圾
"
989,"图中展示的物品是{garbage_object},根据垃圾分类的标准，应该属于{garbage_type}垃圾。","图中展示的物品是玩偶,根据垃圾分类的标准，应该属于可回收物
"
990,图中展示的物品是蔬菜，根据垃圾分类的标准，应该属于厨余垃圾,"图中展示的物品是白菜,根据垃圾分类的标准，应该属于厨余垃圾
"
991,图中展示的物品是塑料瓶，根据垃圾分类的标准，应该属于可回收物,"图中展示的物品是滴眼液瓶,根据垃圾分类的标准，应该属于有害垃圾
"
992,"图中展示的物品是{garbage_object},根据垃圾分类的标准，应该属于{garbage_type}垃圾。","图中展示的物品是药品包装,根据垃圾分类的标准，应该属于有害垃圾
"
993,图中展示的物品是键盘，根据垃圾分类的标准，应该属于{电子废弃物},"图中展示的物品是键盘,根据垃圾分类的标准，应该属于可回收物
"
994,"图中展示的物品是{garbage_object},根据垃圾分类的标准，应该属于{garbage_type}","图中展示的物品是衣架,根据垃圾分类的标准，应该属于可回收物
"
995,"图中展示的物品是{garbage_object},根据垃圾分类的标准，应该属于{garbage_type}","图中展示的物品是报纸,根据垃圾分类的标准，应该属于可回收物
"
996,图中展示的物品是塑料制品，根据垃圾分类的标准，应该属于塑料,"图中展示的物品是笔及笔芯,根据垃圾分类的标准，应该属于其他垃圾
"
997,图中展示的物品是钥匙，根据垃圾分类的标准，应该属于可回收垃圾。,"图中展示的物品是车钥匙,根据垃圾分类的标准，应该属于可回收物
"
998,图中展示的物品是钉子，根据垃圾分类的标准，应该属于金属垃圾。,"图中展示的物品是钉子,根据垃圾分类的标准，应该属于可回收物
"
999,图中展示的物品是湿纸巾，属于可回收垃圾。,"图中展示的物品是湿纸巾,根据垃圾分类的标准，应该属于其他垃圾
"
1000,图中展示的物品是[okra]，根据垃圾分类的标准，应该属于[厨余垃圾],"图中展示的物品是残渣剩饭,根据垃圾分类的标准，应该属于厨余垃圾
"
1001,"图中展示的物品是{garbage_object},根据垃圾分类的标准，应该属于{garbage_type}","图中展示的物品是一次性棉签,根据垃圾分类的标准，应该属于其他垃圾
"
1002,"图中展示的物品是{garbage_object},根据垃圾分类的标准，应该属于{garbage_type}废弃物","图中展示的物品是鞋,根据垃圾分类的标准，应该属于可回收物
"
1003,图中展示的物品是插座，根据垃圾分类的标准，应该属于电子废弃物。,"图中展示的物品是插线板,根据垃圾分类的标准，应该属于可回收物
"
1004,图中展示的物品是肉类，根据垃圾分类的标准，应该属于厨余垃圾。,"图中展示的物品是生肉,根据垃圾分类的标准，应该属于厨余垃圾
"
1005,图中展示的物品是{medicine_package}，根据垃圾分类的标准，应该属于{garbage_type}垃圾。,"图中展示的物品是药品包装,根据垃圾分类的标准，应该属于有害垃圾
"
1006,"图中展示的物品是[plate, mint]，根据垃圾分类的标准，应该属于[厨余垃圾]","图中展示的物品是糕点,根据垃圾分类的标准，应该属于厨余垃圾
"
1007,"图中展示的物品是{garbage_object},根据垃圾分类的标准，应该属于{garbage_type}","图中展示的物品是胶水,根据垃圾分类的标准，应该属于有害垃圾
"
1008,图中展示的物品是闹钟，根据垃圾分类的标准，应该属于垃圾。,"图中展示的物品是钟表,根据垃圾分类的标准，应该属于可回收物
"
1009,"图中展示的物品是{backpack_object},根据垃圾分类的标准，应该属于{waste}","图中展示的物品是手提包,根据垃圾分类的标准，应该属于可回收物
"
1010,图中展示的物品是化妆品，根据垃圾分类的标准，应该属于有害垃圾,"图中展示的物品是护肤品空瓶,根据垃圾分类的标准，应该属于可回收物
"
1011,图中展示的物品是玻璃瓶，根据垃圾分类的标准，应该属于可回收垃圾。,"图中展示的物品是罐头瓶,根据垃圾分类的标准，应该属于可回收物
"
1012,图中展示的物品是[fruit]，根据垃圾分类的标准，应该属于[厨余垃圾]。,"图中展示的物品是火龙果,根据垃圾分类的标准，应该属于厨余垃圾
"
1013,"图中展示的物品是[garbage_object],根据垃圾分类的标准，应该属于[garbage_type]","图中展示的物品是手链,根据垃圾分类的标准，应该属于可回收物
"
1014,"图中展示的物品是[shoestring],根据垃圾分类的标准，应该属于[厨余垃圾]","图中展示的物品是蘑菇,根据垃圾分类的标准，应该属于厨余垃圾
"
1015,"图中展示的物品是[garbage_object],根据垃圾分类的标准，应该属于[garbage_type]","图中展示的物品是圣女果,根据垃圾分类的标准，应该属于厨余垃圾
"
1016,图中展示的物品是辣椒，根据垃圾分类的标准，应该属于可回收垃圾。,"图中展示的物品是生肉,根据垃圾分类的标准，应该属于厨余垃圾
"
1017,玻璃杯,"图中展示的物品是玻璃器皿,根据垃圾分类的标准，应该属于可回收物
"
1018,图中展示的物品是针织帽，根据垃圾分类的标准，应该属于其他垃圾,"图中展示的物品是帽子,根据垃圾分类的标准，应该属于可回收物
"
1019,图中展示的物品是西瓜，根据垃圾分类的标准，应该属于厨余垃圾。,"图中展示的物品是西瓜皮,根据垃圾分类的标准，应该属于厨余垃圾
"
1020,图中展示的物品是豆腐，根据垃圾分类的标准，应该属于厨余垃圾。,"图中展示的物品是残渣剩饭,根据垃圾分类的标准，应该属于厨余垃圾
"
1021,"图中展示的物品是{garbage_object},根据垃圾分类的标准，应该属于{garbage_type}","图中展示的物品是PE塑料袋,根据垃圾分类的标准，应该属于其他垃圾
"
1022,"图中展示的物品是{garbage_object},根据垃圾分类的标准，应该属于{garbage_type}","图中展示的物品是手链,根据垃圾分类的标准，应该属于可回收物
"
1023,"图中展示的物品是{garbage_object},根据垃圾分类的标准，应该属于{garbage_type}","图中展示的物品是尺子,根据垃圾分类的标准，应该属于可回收物
"
1024,"图中展示的物品是[garbage_object],根据垃圾分类的标准，应该属于[garbage_type]","图中展示的物品是一次性棉签,根据垃圾分类的标准，应该属于其他垃圾
"
1025,"图中展示的物品是{garbage_object},根据垃圾分类的标准，应该属于{garbage_type}","图中展示的物品是碘伏空瓶,根据垃圾分类的标准，应该属于有害垃圾
"
1026,"图中展示的物品是{garbage_object},根据垃圾分类的标准，应该属于{garbage_type}厨余垃圾。","图中展示的物品是木制切菜板,根据垃圾分类的标准，应该属于可回收物
"
1027,"图中展示的物品是[hand],根据垃圾分类的标准，应该属于[厨余垃圾]","图中展示的物品是放大镜,根据垃圾分类的标准，应该属于可回收物
"
1028,图中展示的物品是塑料袋，根据垃圾分类的标准，应该属于其他垃圾。,"图中展示的物品是药品包装,根据垃圾分类的标准，应该属于有害垃圾
"
1029,图中展示的物品是塑料，根据垃圾分类的标准，应该属于塑料,"图中展示的物品是保健品瓶,根据垃圾分类的标准，应该属于有害垃圾
"
1030,图中展示的物品是计算器，根据垃圾分类的标准，应该属于电子废弃物,"图中展示的物品是计算器,根据垃圾分类的标准，应该属于可回收物
"
1031,图中展示的物品是蛋糕，根据垃圾分类的标准，应该属于可回收垃圾。,"图中展示的物品是糕点,根据垃圾分类的标准，应该属于厨余垃圾
"
1032,"图中展示的物品是[red object],根据垃圾分类的标准，应该属于[red object]","图中展示的物品是火龙果,根据垃圾分类的标准，应该属于厨余垃圾
"
1033,图中展示的物品是药品，根据垃圾分类的标准，应该属于垃圾,"图中展示的物品是药品包装,根据垃圾分类的标准，应该属于有害垃圾
"
1034,图中展示的物品是纸袋，根据垃圾分类的标准，应该属于可回收物。,"图中展示的物品是购物纸袋,根据垃圾分类的标准，应该属于可回收物
"
1035,"图中展示的物品是{garbage_object},根据垃圾分类的标准，应该属于{garbage_type}","图中展示的物品是火龙果,根据垃圾分类的标准，应该属于厨余垃圾
"
1036,图中展示的物品是碗，根据垃圾分类的标准，应该属于厨余垃圾,"图中展示的物品是青菜,根据垃圾分类的标准，应该属于厨余垃圾
"
1037,图中展示的物品是糖果，根据垃圾分类的标准，应该属于可回收垃圾。,"图中展示的物品是饼干,根据垃圾分类的标准，应该属于厨余垃圾
"
1038,图中展示的物品是勺子，根据垃圾分类的标准，应该属于废金属,"图中展示的物品是勺子,根据垃圾分类的标准，应该属于可回收物
"
1039,图中展示的物品是[怀孕条]，根据垃圾分类的标准，应该属于[有害垃圾]。,"图中展示的物品是验孕棒,根据垃圾分类的标准，应该属于其他垃圾
"
1040,图中展示的物品是{no Garbage},"图中展示的物品是报纸,根据垃圾分类的标准，应该属于可回收物
"
1041,图中展示的物品是蘑菇，根据垃圾分类的标准，应该属于可回收物。,"图中展示的物品是蘑菇,根据垃圾分类的标准，应该属于厨余垃圾
"
1042,图中展示的物品是瓷器，根据垃圾分类的标准，应该属于废品,"图中展示的物品是茶壶碎片,根据垃圾分类的标准，应该属于其他垃圾
"
1043,图中展示的物品是玻璃杯，根据垃圾分类的标准，应该属于可回收物。,"图中展示的物品是保温杯,根据垃圾分类的标准，应该属于可回收物
"
1044,图中展示的物品是玻璃杯，根据垃圾分类的标准，应该属于可回收物,"图中展示的物品是碗,根据垃圾分类的标准，应该属于可回收物
"
1045,图中展示的物品是{pill}，根据垃圾分类的标准，应该属于{medical},"图中展示的物品是药片,根据垃圾分类的标准，应该属于有害垃圾
"
1046,"图中展示的物品是{glass_object},根据垃圾分类的标准，应该属于{garbage_type}","图中展示的物品是量杯,根据垃圾分类的标准，应该属于可回收物
"
1047,图中展示的物品是面包，根据垃圾分类的标准，应该属于可回收物,"图中展示的物品是贝果,根据垃圾分类的标准，应该属于厨余垃圾
"
1048,图中展示的物品是灯管，根据垃圾分类的标准，应该属于有害垃圾,"图中展示的物品是玻璃灯管,根据垃圾分类的标准，应该属于有害垃圾
"
1049,图中展示的物品是瓶子，根据垃圾分类的标准，应该属于可回收物。,"图中展示的物品是护肤品空瓶,根据垃圾分类的标准，应该属于可回收物
"
1050,图中展示的物品是白菜，根据垃圾分类的标准，应该属于可回收物。,"图中展示的物品是白菜,根据垃圾分类的标准，应该属于厨余垃圾
"
1051,"图中展示的物品是[garbage_object],根据垃圾分类的标准，应该属于[garbage_type]","图中展示的物品是购物纸袋,根据垃圾分类的标准，应该属于可回收物
"
1052,图中展示的物品是{computer_keyboard}，根据垃圾分类的标准，应该属于{recycle},"图中展示的物品是键盘,根据垃圾分类的标准，应该属于可回收物
"
1053,图中展示的物品是垃圾，根据垃圾分类的标准，应该属于厨余垃圾,"图中展示的物品是烤鸡烤鸭,根据垃圾分类的标准，应该属于厨余垃圾
"
1054,"图中展示的物品是{garbage_object},根据垃圾分类的标准，应该属于{garbage_type}","图中展示的物品是瓜子,根据垃圾分类的标准，应该属于厨余垃圾
"
1055,"图中展示的物品是{garbage_object},根据垃圾分类的标准，应该属于{garbage_type}","图中展示的物品是电池板,根据垃圾分类的标准，应该属于有害垃圾
"
1056,"图中展示的物品是{garbage_object},根据垃圾分类的标准，应该属于{garbage_type}","图中展示的物品是蚕豆,根据垃圾分类的标准，应该属于厨余垃圾
"
1057,"图中展示的物品是[fruit],根据垃圾分类的标准，应该属于[food]","图中展示的物品是菠萝蜜,根据垃圾分类的标准，应该属于厨余垃圾
"
1058,图中展示的物品是塑料瓶，根据垃圾分类的标准，应该属于其他垃圾。,"图中展示的物品是滴眼液瓶,根据垃圾分类的标准，应该属于有害垃圾
"
1059,"图中展示的物品是{garbage_object},根据垃圾分类的标准，应该属于{garbage_type}","图中展示的物品是核桃,根据垃圾分类的标准，应该属于厨余垃圾
"
1060,"图中展示的物品是{garbage_object},根据垃圾分类的标准，应该属于{garbage_type}","图中展示的物品是板栗,根据垃圾分类的标准，应该属于厨余垃圾
"
1061,"图中展示的物品是[garbage_object],根据垃圾分类的标准，应该属于[garbage_type]","图中展示的物品是鞋,根据垃圾分类的标准，应该属于可回收物
"
1062,图中展示的物品是糕点，根据垃圾分类的标准，应该属于厨余垃圾。,"图中展示的物品是糕点,根据垃圾分类的标准，应该属于厨余垃圾
"
1063,图中展示的物品是{card}，根据垃圾分类的标准，应该属于{recyclable},"图中展示的物品是纸牌,根据垃圾分类的标准，应该属于可回收物
"
1064,"图中展示的物品是玻璃瓶,根据垃圾分类的标准，应该属于玻璃","图中展示的物品是玻璃器皿,根据垃圾分类的标准，应该属于可回收物
"
1065,"图中展示的物品是{garbage_object},根据垃圾分类的标准，应该属于{garbage_type}垃圾。","图中展示的物品是生肉,根据垃圾分类的标准，应该属于厨余垃圾
"
1066,"图中展示的物品是{garbage_object},根据垃圾分类的标准，应该属于{garbage_type}垃圾。","图中展示的物品是木制玩具,根据垃圾分类的标准，应该属于可回收物
"
1067,"图中展示的物品是{garbage_object},根据垃圾分类的标准，应该属于{garbage_type}垃圾。","图中展示的物品是登机牌,根据垃圾分类的标准，应该属于可回收物
"
1068,图中展示的物品是玉米，根据垃圾分类的标准，应该属于可回收物,"图中展示的物品是胡萝卜,根据垃圾分类的标准，应该属于厨余垃圾
"
1069,图中展示的物品是玻璃制品，根据垃圾分类的标准，应该属于可回收物。,"图中展示的物品是锅盖,根据垃圾分类的标准，应该属于可回收物
"
1070,图中展示的物品是{no garbage},"图中展示的物品是电路板,根据垃圾分类的标准，应该属于可回收物
"
1071,图中展示的物品是{bowl}，根据垃圾分类的标准，应该属于{tableware},"图中展示的物品是塑料盆,根据垃圾分类的标准，应该属于可回收物
"
1072,"图中展示的物品是{glass_object},根据垃圾分类的标准，应该属于{glass}","图中展示的物品是玻璃壶,根据垃圾分类的标准，应该属于可回收物
"
1073,图中展示的物品是[fruit]，根据垃圾分类的标准，应该属于[其他垃圾],"图中展示的物品是火龙果,根据垃圾分类的标准，应该属于厨余垃圾
"
1074,"图中展示的物品是[garbage_object],根据垃圾分类的标准，应该属于[garbage_type]","图中展示的物品是车钥匙,根据垃圾分类的标准，应该属于可回收物
"
1075,图中展示的物品是汤，根据垃圾分类的标准，应该属于厨余垃圾,"图中展示的物品是生肉,根据垃圾分类的标准，应该属于厨余垃圾
"
1076,"图中展示的物品是{garbage_object},根据垃圾分类的标准，应该属于{garbage_type}","图中展示的物品是单肩包手提包,根据垃圾分类的标准，应该属于可回收物
"
1077,图中展示的物品是调料，根据垃圾分类的标准，应该属于可回收垃圾,"图中展示的物品是烤鸡烤鸭,根据垃圾分类的标准，应该属于厨余垃圾
"
1078,"图中展示的物品是[carbonated_drink],根据垃圾分类的标准，应该属于[garbage_type]","图中展示的物品是玻璃器皿,根据垃圾分类的标准，应该属于可回收物
"
1079,"图中展示的物品是[garbage_object],根据垃圾分类的标准，应该属于[garbage_type]","图中展示的物品是罐头瓶,根据垃圾分类的标准，应该属于可回收物
"
1080,图中展示的物品是纸箱，根据垃圾分类的标准，应该属于纸制品,"图中展示的物品是泡沫盒子,根据垃圾分类的标准，应该属于可回收物
"
1081,"图中展示的物品是{garbage_object},根据垃圾分类的标准，应该属于{garbage_type}电子废弃物","图中展示的物品是电路板,根据垃圾分类的标准，应该属于可回收物
"
1082,"图中展示的物品是{garbage_object},根据垃圾分类的标准，应该属于{garbage_type}垃圾。","图中展示的物品是耳机,根据垃圾分类的标准，应该属于可回收物
"
1083,图中展示的物品是吹风机，根据垃圾分类的标准，应该属于可回收物,"图中展示的物品是吹风机,根据垃圾分类的标准，应该属于可回收物
"
1084,图中展示的物品是薯条，根据垃圾分类的标准，应该属于厨余垃圾。,"图中展示的物品是薯条,根据垃圾分类的标准，应该属于厨余垃圾
"
1085,"图中展示的物品是{garbage_object},根据垃圾分类的标准，应该属于{garbage_type}","图中展示的物品是残渣剩饭,根据垃圾分类的标准，应该属于厨余垃圾
"
1086,图中展示的物品是玻璃保鲜盒，根据垃圾分类的标准，应该属于厨余垃圾。,"图中展示的物品是保鲜盒,根据垃圾分类的标准，应该属于可回收物
"
1087,"图中展示的物品是{garbage_object},根据垃圾分类的标准，应该属于{garbage_type}","图中展示的物品是信封,根据垃圾分类的标准，应该属于可回收物
"
1088,图中展示的物品是[ping pong paddle]，根据垃圾分类的标准，应该属于[有害垃圾],"图中展示的物品是乒乓球拍,根据垃圾分类的标准，应该属于可回收物
"
1089,"图中展示的物品是{garbage_object},根据垃圾分类的标准，应该属于{garbage_type}","图中展示的物品是百洁布,根据垃圾分类的标准，应该属于其他垃圾
"
1090,"图中展示的物品是[garbage_object],根据垃圾分类的标准，应该属于[garbage_type]","图中展示的物品是手电筒,根据垃圾分类的标准，应该属于可回收物
"
1091,"图中展示的物品是{garbage_object},根据垃圾分类的标准，应该属于{garbage_type}垃圾。","图中展示的物品是笔及笔芯,根据垃圾分类的标准，应该属于其他垃圾
"
1092,图中展示的物品是玻璃杯，根据垃圾分类的标准，应该属于可回收物,"图中展示的物品是烟灰缸,根据垃圾分类的标准，应该属于可回收物
"
1093,"图中展示的物品是[garbage_object],根据垃圾分类的标准，应该属于[garbage_type]","图中展示的物品是车钥匙,根据垃圾分类的标准，应该属于可回收物
"
1094,图中展示的物品是锅，根据垃圾分类的标准，应该属于厨余垃圾,"图中展示的物品是锅,根据垃圾分类的标准，应该属于可回收物
"
1095,图中展示的物品是{no garbage},"图中展示的物品是玻璃灯管,根据垃圾分类的标准，应该属于有害垃圾
"
1096,"图中展示的物品是[garbage_object],根据垃圾分类的标准，应该属于[garbage_type]","图中展示的物品是肠(火腿),根据垃圾分类的标准，应该属于厨余垃圾
"
1097,"图中展示的物品是玩具,根据垃圾分类的标准，应该属于垃圾玩具","图中展示的物品是玩偶,根据垃圾分类的标准，应该属于可回收物
"
1098,图中展示的物品是{handbag}，根据垃圾分类的标准，应该属于{recycle},"图中展示的物品是单肩包手提包,根据垃圾分类的标准，应该属于可回收物
"
1099,"图中展示的物品是[fruit],根据垃圾分类的标准，应该属于[fruit]","图中展示的物品是菠萝,根据垃圾分类的标准，应该属于厨余垃圾
"
1100,"图中展示的物品是玻璃杯,根据垃圾分类的标准，应该属于可回收物","图中展示的物品是玻璃壶,根据垃圾分类的标准，应该属于可回收物
"
1101,图中展示的物品是泡菜，根据垃圾分类的标准，应该属于厨余垃圾,"图中展示的物品是白萝卜,根据垃圾分类的标准，应该属于厨余垃圾
"
1102,"图中展示的物品是[wood_object],根据垃圾分类的标准，应该属于[wood]","图中展示的物品是玩偶,根据垃圾分类的标准，应该属于可回收物
"
1103,图中展示的物品是薯条，根据垃圾分类的标准，应该属于可回收垃圾。,"图中展示的物品是薯条,根据垃圾分类的标准，应该属于厨余垃圾
"
1104,"图中展示的物品是{backpack_object},根据垃圾分类的标准，应该属于{waste_or_not}","图中展示的物品是手提包,根据垃圾分类的标准，应该属于可回收物
"
1105,图中展示的物品是汉堡，根据垃圾分类的标准，应该属于垃圾食品,"图中展示的物品是汉堡,根据垃圾分类的标准，应该属于厨余垃圾
"
1106,"图中展示的物品是[book],根据垃圾分类的标准，应该属于[garbage_type]书籍","图中展示的物品是药品包装,根据垃圾分类的标准，应该属于有害垃圾
"
1107,图中展示的物品是塑料瓶，根据垃圾分类的标准，应该属于可回收物。,"图中展示的物品是塑料瓶,根据垃圾分类的标准，应该属于可回收物
"
1108,图中展示的物品是莲蓬，根据垃圾分类的标准，应该属于可回收垃圾。,"图中展示的物品是手链,根据垃圾分类的标准，应该属于可回收物
"
1109,"图中展示的物品是[garbage_object],根据垃圾分类的标准，应该属于[garbage_type]","图中展示的物品是玻璃器皿,根据垃圾分类的标准，应该属于可回收物
"
1110,图中展示的物品是{toy}，根据垃圾分类的标准，应该属于{toy waste},"图中展示的物品是芭比娃娃,根据垃圾分类的标准，应该属于可回收物
"
1111,"图中展示的物品是[garbage_object], 根据垃圾分类的标准，应该属于[garbage_type]","图中展示的物品是西瓜皮,根据垃圾分类的标准，应该属于厨余垃圾
"
1112,图中展示的物品是毛巾，根据垃圾分类的标准，应该属于可回收物,"图中展示的物品是毛巾,根据垃圾分类的标准，应该属于其他垃圾
"
1113,图中展示的物品是{vegetable}，根据垃圾分类的标准，应该属于{vegetable},"图中展示的物品是白菜,根据垃圾分类的标准，应该属于厨余垃圾
"
1114,图中展示的物品是尺子，根据垃圾分类的标准，应该属于{garbage_type},"图中展示的物品是尺子,根据垃圾分类的标准，应该属于可回收物
"
1115,坚果 电子产品,"图中展示的物品是巴旦木,根据垃圾分类的标准，应该属于厨余垃圾
"
1116,"图中展示的物品是{drum},根据垃圾分类的标准，应该属于{有害垃圾}","图中展示的物品是打印机墨盒,根据垃圾分类的标准，应该属于可回收物
"
1117,"图中展示的物品是[garbage_object],根据垃圾分类的标准，应该属于[garbage_type]","图中展示的物品是拖鞋,根据垃圾分类的标准，应该属于可回收物
"
1118,图中展示的物品是[wooden_tool]，根据垃圾分类的标准，应该属于[recyclable]。,"图中展示的物品是木质锅铲,根据垃圾分类的标准，应该属于可回收物
"
1119,图中展示的物品是塑料制品，根据垃圾分类的标准，应该属于可回收物,"图中展示的物品是呼啦圈,根据垃圾分类的标准，应该属于可回收物
"
1120,图中展示的物品是电池，根据垃圾分类的标准，应该属于电子废弃物。,"图中展示的物品是蓄电池,根据垃圾分类的标准，应该属于有害垃圾
"
1121,"图中展示的物品是[band-aid],根据垃圾分类的标准，应该属于[垃圾]","图中展示的物品是创可贴,根据垃圾分类的标准，应该属于其他垃圾
"
1122,"图中展示的物品是[garbage_object],根据垃圾分类的标准，应该属于[garbage_type]","图中展示的物品是地铁票,根据垃圾分类的标准，应该属于可回收物
"
1123,图中展示的物品是香肠，根据垃圾分类的标准，应该属于厨余垃圾。,"图中展示的物品是肠(火腿),根据垃圾分类的标准，应该属于厨余垃圾
"
1124,图中展示的物品是包装袋，根据垃圾分类的标准，应该属于可回收物,"图中展示的物品是购物纸袋,根据垃圾分类的标准，应该属于可回收物
"
1125,图中展示的物品是[none]，根据垃圾分类的标准，应该属于[none],"图中展示的物品是勺子,根据垃圾分类的标准，应该属于可回收物
"
1126,图中展示的物品是塑料盒，根据垃圾分类的标准，应该属于厨余垃圾,"图中展示的物品是餐盒,根据垃圾分类的标准，应该属于其他垃圾
"
1127,"图中展示的物品是{garbage_object},根据垃圾分类的标准，应该属于{garbage_type}垃圾。","图中展示的物品是碘伏空瓶,根据垃圾分类的标准，应该属于有害垃圾
"
1128,图中展示的物品是手提袋，根据垃圾分类的标准，应该属于可回收垃圾。,"图中展示的物品是购物纸袋,根据垃圾分类的标准，应该属于可回收物
"
1129,"图中展示的物品是{garbage_object},根据垃圾分类的标准，应该属于{garbage_type}电子废弃物","图中展示的物品是蓄电池,根据垃圾分类的标准，应该属于有害垃圾
"
1130,"图中展示的物品是{garbage_object},根据垃圾分类的标准，应该属于{garbage_type}塑料袋","图中展示的物品是购物纸袋,根据垃圾分类的标准，应该属于可回收物
"
1131,"图中展示的物品是{garbage_object},根据垃圾分类的标准，应该属于{garbage_type}","图中展示的物品是纸箱,根据垃圾分类的标准，应该属于可回收物
"
1132,"图中展示的物品是[cpu,ram,processor,chipset,cpu,ram,processor,chipset,cpu,ram,processor,chipset,cpu,ram,processor,chipset,cpu,ram,processor,chipset,cpu,ram,processor,chipset,cpu,ram,processor,chipset,cpu,ram,processor,chipset,cpu,ram,processor,chipset,cpu,ram,processor,chipset,cpu,ram,processor,chipset,cpu,ram,processor,chipset,cpu,ram,processor,chipset,cpu,ram,processor,chipset,cpu,ram,processor,chipset,cpu,ram,processor,chipset,cpu,ram,processor,chipset,cpu,ram,processor,chipset,cpu,ram,processor,chipset,cpu,ram,processor,chipset,cpu,ram,processor,chipset,cpu,ram,processor,chipset,cpu,ram,processor,chipset,cpu,ram,processor,chipset,cpu,ram,processor,chipset,cpu,ram,processor,chipset,cpu,ram,processor,chipset,cpu,ram,processor,chipset,cpu,ram,processor,chipset,cpu,ram,processor,chipset,cpu,ram,processor,chipset,cpu,ram,processor,chipset,cpu,ram,processor,chipset,cpu,ram,processor,chipset,cpu,ram,processor,chipset,cpu,ram,processor,chipset,cpu,ram,processor,chipset,cpu,ram,processor,chipset,cpu,ram,processor,chipset,cpu,ram,processor,chipset,cpu,ram,processor,chipset,cpu,ram,processor,chipset,cpu,ram,processor,chipset,cpu,ram,processor,chipset,cpu,ram,processor,chipset,cpu,ram,processor,chipset,cpu,ram,processor,chipset,cpu,ram,processor,chipset,cpu,ram,processor,chipset,cpu,ram,processor,chipset,cpu,ram,processor,chipset,cpu,ram,processor,chipset,cpu,ram,processor,chipset,cpu,ram,processor,chipset,cpu,ram,processor,chipset,cpu,ram,processor,chipset,cpu","图中展示的物品是网卡,根据垃圾分类的标准，应该属于可回收物
"
1133,图中展示的物品是{food}，根据垃圾分类的标准，应该属于{food},"图中展示的物品是牛肉干,根据垃圾分类的标准，应该属于厨余垃圾
"
1134,"图中展示的物品是{garbage_object},根据垃圾分类的标准，应该属于{garbage_type}","图中展示的物品是玻璃球,根据垃圾分类的标准，应该属于可回收物
"
1135,图中展示的物品是{vase}，根据垃圾分类的标准，应该属于{recyclable},"图中展示的物品是茶叶罐,根据垃圾分类的标准，应该属于可回收物
"
1136,图中展示的物品是{food_container}，根据垃圾分类的标准，应该属于{recyclable}。,"图中展示的物品是碗,根据垃圾分类的标准，应该属于可回收物
"
1137,"图中展示的物品是{garbage_object},根据垃圾分类的标准，应该属于{garbage_type}","图中展示的物品是骨肉相连,根据垃圾分类的标准，应该属于厨余垃圾
"
1138,"图中展示的物品是{garbage_object},根据垃圾分类的标准，应该属于{garbage_type}电子废弃物","图中展示的物品是充电线,根据垃圾分类的标准，应该属于可回收物
"
1139,"图中展示的物品是{garbage_object},根据垃圾分类的标准，应该属于{garbage_type}垃圾。","图中展示的物品是芭比娃娃,根据垃圾分类的标准，应该属于可回收物
"
1140,图中展示的物品是地毯，根据垃圾分类的标准，应该属于其他垃圾。,"图中展示的物品是垫子,根据垃圾分类的标准，应该属于可回收物
"
1141,"图中展示的物品是[garbage_object],根据垃圾分类的标准，应该属于[garbage_type]","图中展示的物品是水杯,根据垃圾分类的标准，应该属于可回收物
"
1142,"图中展示的物品是[garbage_object],根据垃圾分类的标准，应该属于[garbage_type]","图中展示的物品是蛋,根据垃圾分类的标准，应该属于厨余垃圾
"
1143,图中展示的物品是塑料碗，根据垃圾分类的标准，应该属于可回收物,"图中展示的物品是塑料盆,根据垃圾分类的标准，应该属于可回收物
"
1144,图中展示的物品是竹签，根据垃圾分类的标准，应该属于可回收物。,"图中展示的物品是串串竹签,根据垃圾分类的标准，应该属于其他垃圾
"
1145,图中展示的物品是[玻璃瓶]，根据垃圾分类的标准，应该属于[玻璃],"图中展示的物品是玻璃器皿,根据垃圾分类的标准，应该属于可回收物
"
1146,"图中展示的物品是{garbage_object},根据垃圾分类的标准，应该属于{garbage_type}","图中展示的物品是青菜,根据垃圾分类的标准，应该属于厨余垃圾
"
1147,图中展示的物品是电池，根据垃圾分类的标准，应该属于有害垃圾,"图中展示的物品是蓄电池,根据垃圾分类的标准，应该属于有害垃圾
"
1148,图中展示的物品是塑料，根据垃圾分类的标准，应该属于可回收物,"图中展示的物品是电动卷发棒,根据垃圾分类的标准，应该属于可回收物
"
1149,图中展示的物品是{razor blade}，根据垃圾分类的标准，应该属于{trash},"图中展示的物品是剃须刀片,根据垃圾分类的标准，应该属于可回收物
"
1150,"图中展示的物品是{garbage_object},根据垃圾分类的标准，应该属于{garbage_type}","图中展示的物品是帽子,根据垃圾分类的标准，应该属于可回收物
"
1151,"图中展示的物品是{garbage_object},根据垃圾分类的标准，应该属于{garbage_type}","图中展示的物品是耳钉耳环,根据垃圾分类的标准，应该属于可回收物
"
1152,图中展示的物品是{paper_tape}，根据垃圾分类的标准，应该属于{paper},"图中展示的物品是胶带,根据垃圾分类的标准，应该属于其他垃圾
"
1153,图中展示的物品是胶带，根据垃圾分类的标准，应该属于可回收物。,"图中展示的物品是胶带,根据垃圾分类的标准，应该属于其他垃圾
"
1154,图中展示的物品是干草，根据垃圾分类的标准，应该属于干垃圾。,"图中展示的物品是瓜子,根据垃圾分类的标准，应该属于厨余垃圾
"
1155,"图中展示的物品是{garbage_object},根据垃圾分类的标准，应该属于{garbage_type}垃圾。","图中展示的物品是蓄电池,根据垃圾分类的标准，应该属于有害垃圾
"
1156,"图中展示的物品是{garbage_object},根据垃圾分类的标准，应该属于{garbage_type}","图中展示的物品是烟蒂,根据垃圾分类的标准，应该属于其他垃圾
"
1157,图中展示的物品是面包，根据垃圾分类的标准，应该属于可回收物。,"图中展示的物品是糕点,根据垃圾分类的标准，应该属于厨余垃圾
"
1158,图中展示的物品是剪刀，根据垃圾分类的标准，应该属于厨余垃圾。,"图中展示的物品是剪刀,根据垃圾分类的标准，应该属于可回收物
"
1159,图中展示的物品是农药，根据垃圾分类的标准，应该属于有害垃圾,"图中展示的物品是杀虫剂,根据垃圾分类的标准，应该属于有害垃圾
"
1160,图中展示的物品是裤子，根据垃圾分类的标准，应该属于其他垃圾,"图中展示的物品是裤子,根据垃圾分类的标准，应该属于可回收物
"
1161,图中展示的物品是饮料，根据垃圾分类的标准，应该属于{garbage_type}废弃物,"图中展示的物品是红花油,根据垃圾分类的标准，应该属于有害垃圾
"
1162,图中展示的物品是塑料刀，根据垃圾分类的标准，应该属于其他垃圾。,"图中展示的物品是刀,根据垃圾分类的标准，应该属于可回收物
"
1163,图中展示的物品是玻璃制品，根据垃圾分类的标准，应该属于可回收物,"图中展示的物品是量杯,根据垃圾分类的标准，应该属于可回收物
"
1164,"图中展示的物品是{garbage_object},根据垃圾分类的标准，应该属于{garbage_type}电子废弃物","图中展示的物品是打印机墨盒,根据垃圾分类的标准，应该属于可回收物
"
1165,图中展示的物品是衣架，根据垃圾分类的标准，应该属于可回收物。,"图中展示的物品是衣架,根据垃圾分类的标准，应该属于可回收物
"
1166,"图中展示的物品是{remote_control_object},根据垃圾分类的标准，应该属于{electronics}","图中展示的物品是空调遥控器,根据垃圾分类的标准，应该属于可回收物
"
1167,图中展示的物品是{no garbage},"图中展示的物品是骨肉相连,根据垃圾分类的标准，应该属于厨余垃圾
"
1168,"图中展示的物品是{garbage_object},根据垃圾分类的标准，应该属于{garbage_type}","图中展示的物品是PE塑料袋,根据垃圾分类的标准，应该属于其他垃圾
"
1169,"图中展示的物品是[garbage_object],根据垃圾分类的标准，应该属于[garbage_type]","图中展示的物品是陈皮,根据垃圾分类的标准，应该属于厨余垃圾
"
1170,"图中展示的物品是{garbage_object},根据垃圾分类的标准，应该属于{garbage_type}","图中展示的物品是鞋,根据垃圾分类的标准，应该属于可回收物
"
1171,图中展示的物品是蔬菜，根据垃圾分类的标准，应该属于可回收物,"图中展示的物品是肠(火腿),根据垃圾分类的标准，应该属于厨余垃圾
"
1172,图中展示的物品是{toy}，根据垃圾分类的标准，应该属于{furniture},"图中展示的物品是玩偶,根据垃圾分类的标准，应该属于可回收物
"
1173,"图中展示的物品是{garbage_object},根据垃圾分类的标准，应该属于{garbage_type}电子设备","图中展示的物品是空气加湿器,根据垃圾分类的标准，应该属于可回收物
"
1174,"图中展示的物品是[handbag],[magazine],根据垃圾分类的标准，应该属于[garbage_type]","图中展示的物品是单肩包手提包,根据垃圾分类的标准，应该属于可回收物
"
1175,图中展示的物品是音响，根据垃圾分类的标准，应该属于可回收物,"图中展示的物品是废弃扩声器,根据垃圾分类的标准，应该属于可回收物
"
1176,"图中展示的物品是[wood_object],根据垃圾分类的标准，应该属于[wood]","图中展示的物品是木质梳子,根据垃圾分类的标准，应该属于可回收物
"
1177,图中展示的物品是灯泡，根据垃圾分类的标准，应该属于可回收垃圾。,"图中展示的物品是LED灯泡,根据垃圾分类的标准，应该属于有害垃圾
"
1178,图中展示的物品是塑料瓶，根据垃圾分类的标准，应该属于其他垃圾。,"图中展示的物品是滴眼液瓶,根据垃圾分类的标准，应该属于有害垃圾
"
1179,图中展示的物品是萝卜，根据垃圾分类的标准，应该属于厨余垃圾。,"图中展示的物品是白萝卜,根据垃圾分类的标准，应该属于厨余垃圾
"
1180,图中展示的物品是荧光灯管，根据垃圾分类的标准，应该属于有害垃圾,"图中展示的物品是玻璃灯管,根据垃圾分类的标准，应该属于有害垃圾
"
1181,图中展示的物品是面包，根据垃圾分类的标准，应该属于可回收物,"图中展示的物品是糕点,根据垃圾分类的标准，应该属于厨余垃圾
"
1182,计算器{garbage_object}，有害垃圾,"图中展示的物品是计算器,根据垃圾分类的标准，应该属于可回收物
"
1183,"图中展示的物品是{garbage_object},根据垃圾分类的标准，应该属于{garbage_type}垃圾。","图中展示的物品是创可贴,根据垃圾分类的标准，应该属于其他垃圾
"
1184,"图中展示的物品是[无垃圾],根据垃圾分类的标准，应该属于[无垃圾]","图中展示的物品是烧水壶,根据垃圾分类的标准，应该属于可回收物
"
1185,图中展示的物品是抹布，根据垃圾分类的标准，应该属于厨余垃圾,"图中展示的物品是鸡毛掸,根据垃圾分类的标准，应该属于其他垃圾
"
1186,"图中展示的物品是{garbage_object},根据垃圾分类的标准，应该属于{garbage_type}垃圾。","图中展示的物品是玻璃器皿,根据垃圾分类的标准，应该属于可回收物
"
1187,图中展示的物品是{paper}，根据垃圾分类的标准，应该属于{paper},"图中展示的物品是档案袋,根据垃圾分类的标准，应该属于可回收物
"
1188,图中展示的物品是电子插件板，根据垃圾分类的标准，应该属于电子垃圾,"图中展示的物品是网卡,根据垃圾分类的标准，应该属于可回收物
"
1189,图中展示的物品是剃须刀，根据垃圾分类的标准，应该属于家用电器。,"图中展示的物品是电动剃须刀,根据垃圾分类的标准，应该属于可回收物
"
1190,图中展示的物品是台灯，根据垃圾分类的标准，应该属于可回收物,"图中展示的物品是台灯,根据垃圾分类的标准，应该属于可回收物
"
1191,图中展示的物品是{shoe}，根据垃圾分类的标准，应该属于{garbage_type}。,"图中展示的物品是鞋,根据垃圾分类的标准，应该属于可回收物
"
1192,图中展示的物品是钳子，根据垃圾分类的标准，应该属于{garbage_type}废金属,"图中展示的物品是镊子,根据垃圾分类的标准，应该属于可回收物
"
1193,图中展示的物品是玻璃瓶，根据垃圾分类的标准，应该属于可回收物。,"图中展示的物品是玻璃器皿,根据垃圾分类的标准，应该属于可回收物
"
1194,图中展示的物品是电脑插卡，根据垃圾分类的标准，应该属于电子垃圾,"图中展示的物品是网卡,根据垃圾分类的标准，应该属于可回收物
"
1195,"图中展示的物品是{garbage_object},根据垃圾分类的标准，应该属于{garbage_type}","图中展示的物品是报纸,根据垃圾分类的标准，应该属于可回收物
"
1196,图中展示的物品是{garden_scissors}，根据垃圾分类的标准，应该属于{hazardous_material}。,"图中展示的物品是剪刀,根据垃圾分类的标准，应该属于可回收物
"
1197,"图中展示的物品是[handbag, perfume, shoes, paper]，根据垃圾分类的标准，应该属于[废纸]","图中展示的物品是单肩包手提包,根据垃圾分类的标准，应该属于可回收物
"
1198,图中展示的物品是吹风机，根据垃圾分类的标准，应该属于电子废弃物,"图中展示的物品是吹风机,根据垃圾分类的标准，应该属于可回收物
"
1199,图中展示的物品是薯条，根据垃圾分类的标准，应该属于可回收物。,"图中展示的物品是薯条,根据垃圾分类的标准，应该属于厨余垃圾
"
1200,图中展示的物品是玩具积木，根据垃圾分类的标准，应该属于可回收物。,"图中展示的物品是木制玩具,根据垃圾分类的标准，应该属于可回收物
"
1201,图中展示的物品是铲子，根据垃圾分类的标准，应该属于其他垃圾,"图中展示的物品是木质锅铲,根据垃圾分类的标准，应该属于可回收物
"
1202,"图中展示的物品是{garbage_object},根据垃圾分类的标准，应该属于{garbage_type}","图中展示的物品是网卡,根据垃圾分类的标准，应该属于可回收物
"
1203,图中展示的物品是键盘，根据垃圾分类的标准，应该属于垃圾电子产品,"图中展示的物品是键盘,根据垃圾分类的标准，应该属于可回收物
"
1204,图中展示的物品是{cloth}，根据垃圾分类的标准，应该属于{可回收垃圾},"图中展示的物品是百洁布,根据垃圾分类的标准，应该属于其他垃圾
"
1205,"图中展示的物品是{garbage_object},根据垃圾分类的标准，应该属于{garbage_type}","图中展示的物品是玩偶,根据垃圾分类的标准，应该属于可回收物
"
1206,图中展示的物品是蔬菜，根据垃圾分类的标准，应该属于可回收物,"图中展示的物品是肠(火腿),根据垃圾分类的标准，应该属于厨余垃圾
"
1207,图中展示的物品是垃圾食品，根据垃圾分类的标准，应该属于垃圾食品,"图中展示的物品是肠(火腿),根据垃圾分类的标准，应该属于厨余垃圾
"
1208,图中展示的物品是纸箱，根据垃圾分类的标准，应该属于{garbage_type}可回收物。,"图中展示的物品是纸箱,根据垃圾分类的标准，应该属于可回收物
"
1209,图中展示的物品是塑料杯，根据垃圾分类的标准，应该属于塑料垃圾。,"图中展示的物品是炸鸡,根据垃圾分类的标准，应该属于厨余垃圾
"
1210,图中展示的物品是{fruit}，根据垃圾分类的标准，应该属于{fruit},"图中展示的物品是哈密瓜,根据垃圾分类的标准，应该属于厨余垃圾
"
1211,图中展示的物品是铲子，根据垃圾分类的标准，应该属于厨余垃圾。,"图中展示的物品是木质锅铲,根据垃圾分类的标准，应该属于可回收物
"
1212,图中展示的物品是绳子，根据垃圾分类的标准，应该属于可回收垃圾。,"图中展示的物品是手链,根据垃圾分类的标准，应该属于可回收物
"
1213,图中展示的物品是电池，根据垃圾分类的标准，应该属于可回收物。,"图中展示的物品是电池,根据垃圾分类的标准，应该属于有害垃圾
"
1214,图中展示的物品是{no garbage}，根据垃圾分类的标准，应该属于{no garbage},"图中展示的物品是药片,根据垃圾分类的标准，应该属于有害垃圾
"
1215,图中展示的物品是杯子，根据垃圾分类的标准，应该属于厨余垃圾,"图中展示的物品是热水瓶,根据垃圾分类的标准，应该属于可回收物
"
1216,图中展示的物品是垃圾，根据垃圾分类的标准，应该属于厨余垃圾,"图中展示的物品是粉条,根据垃圾分类的标准，应该属于厨余垃圾
"
1217,图中展示的物品是灯，根据垃圾分类的标准，应该属于有害垃圾,"图中展示的物品是台灯,根据垃圾分类的标准，应该属于可回收物
"
1218,"图中展示的物品是饼干,根据垃圾分类的标准，应该属于可回收物","图中展示的物品是饼干,根据垃圾分类的标准，应该属于厨余垃圾
"
1219,图中展示的物品是玻璃制品，根据垃圾分类的标准，应该属于可回收垃圾。,"图中展示的物品是玻璃器皿,根据垃圾分类的标准，应该属于可回收物
"
1220,图中展示的物品是烟蒂，根据垃圾分类的标准，应该属于垃圾,"图中展示的物品是烟蒂,根据垃圾分类的标准，应该属于其他垃圾
"
1221,"图中展示的物品是tomato,根据垃圾分类的标准，应该属于food","图中展示的物品是圣女果,根据垃圾分类的标准，应该属于厨余垃圾
"
1222,"图中展示的物品是{garbage_object},根据垃圾分类的标准，应该属于{garbage_type}","图中展示的物品是茶叶,根据垃圾分类的标准，应该属于厨余垃圾
"
1223,"图中展示的物品是{garbage_object},根据垃圾分类的标准，应该属于{garbage_type}","图中展示的物品是菠萝包,根据垃圾分类的标准，应该属于厨余垃圾
"
1224,图中展示的物品是[玻璃瓶]，根据垃圾分类的标准，应该属于[可回收垃圾],"图中展示的物品是玻璃器皿,根据垃圾分类的标准，应该属于可回收物
"
1225,图中展示的物品是塑料袋，根据垃圾分类的标准，应该属于其他垃圾。,"图中展示的物品是PE塑料袋,根据垃圾分类的标准，应该属于其他垃圾
"
1226,"图中展示的物品是[garbage_object],根据垃圾分类的标准，应该属于[garbage_type]","图中展示的物品是U型回形针,根据垃圾分类的标准，应该属于其他垃圾
"
1227,图中展示的物品是手机充电宝，根据垃圾分类的标准，应该属于电子垃圾。,"图中展示的物品是充电宝,根据垃圾分类的标准，应该属于可回收物
"
1228,图中展示的物品是{commodity}，根据垃圾分类的标准，应该属于{commodity},"图中展示的物品是木质梳子,根据垃圾分类的标准，应该属于可回收物
"
1229,图中展示的物品是[almond]，根据垃圾分类的标准，应该属于[可回收物],"图中展示的物品是巴旦木,根据垃圾分类的标准，应该属于厨余垃圾
"
1230,图中展示的物品是塑料袋，根据垃圾分类的标准，应该属于其他垃圾。,"图中展示的物品是PE塑料袋,根据垃圾分类的标准，应该属于其他垃圾
"
1231,图中展示的物品是电池，根据垃圾分类的标准，应该属于有害垃圾,"图中展示的物品是电池,根据垃圾分类的标准，应该属于有害垃圾
"
1232,图中展示的物品是{fruit}，根据垃圾分类的标准，应该属于{fruit},"图中展示的物品是菠萝蜜,根据垃圾分类的标准，应该属于厨余垃圾
"
1233,图中展示的物品是{plug}，根据垃圾分类的标准，应该属于{trash},"图中展示的物品是插线板,根据垃圾分类的标准，应该属于可回收物
"
1234,图中展示的物品是玻璃杯垫，根据垃圾分类的标准，应该属于可回收物,"图中展示的物品是碗,根据垃圾分类的标准，应该属于可回收物
"
1235,图中展示的物品是{car_key_case}，根据垃圾分类的标准，应该属于{garbage_type},"图中展示的物品是车钥匙,根据垃圾分类的标准，应该属于可回收物
"
1236,"图中展示的物品是[garbage_object],根据垃圾分类的标准，应该属于[garbage_type]","图中展示的物品是核桃,根据垃圾分类的标准，应该属于厨余垃圾
"
1237,"图中展示的物品是[cardboard_box],根据垃圾分类的标准，应该属于[garbage_type]","图中展示的物品是纸牌,根据垃圾分类的标准，应该属于可回收物
"
1238,图中展示的物品是钳子，根据垃圾分类的标准，应该属于可回收垃圾,"图中展示的物品是镊子,根据垃圾分类的标准，应该属于可回收物
"
1239,"图中展示的物品是{garbage_object},根据垃圾分类的标准，应该属于{garbage_type}","图中展示的物品是肠(火腿),根据垃圾分类的标准，应该属于厨余垃圾
"
1240,"图中展示的物品是{garbage_object},根据垃圾分类的标准，应该属于{garbage_type}","图中展示的物品是单肩包手提包,根据垃圾分类的标准，应该属于可回收物
"
1241,图中展示的物品是{no garbage}，根据垃圾分类的标准，应该属于{other},"图中展示的物品是车钥匙,根据垃圾分类的标准，应该属于可回收物
"
1242,"图中展示的物品是[garbage_object],根据垃圾分类的标准，应该属于[garbage_type]","图中展示的物品是玩偶,根据垃圾分类的标准，应该属于可回收物
"
1243,图中展示的物品是笔筒，根据垃圾分类的标准，应该属于其他垃圾。,"图中展示的物品是罐头瓶,根据垃圾分类的标准，应该属于可回收物
"
1244,"图中展示的物品是[garbage_object],根据垃圾分类的标准，应该属于[garbage_type]","图中展示的物品是手链,根据垃圾分类的标准，应该属于可回收物
"
1245,图中展示的物品是花盆，根据垃圾分类的标准，应该属于可回收物,"图中展示的物品是玻璃球,根据垃圾分类的标准，应该属于可回收物
"
1246,"图中展示的物品是{garbage_object},根据垃圾分类的标准，应该属于{garbage_type}","图中展示的物品是玻璃球,根据垃圾分类的标准，应该属于可回收物
"
1247,"图中展示的物品是[garbage_object],根据垃圾分类的标准，应该属于[garbage_type]","图中展示的物品是盘子,根据垃圾分类的标准，应该属于可回收物
"
1248,"图中展示的物品是[garbage_object],根据垃圾分类的标准，应该属于[garbage_type]","图中展示的物品是纸牌,根据垃圾分类的标准，应该属于可回收物
"
1249,图中展示的物品是食品，根据垃圾分类的标准，应该属于可回收物,"图中展示的物品是蛋糕盒,根据垃圾分类的标准，应该属于可回收物
"
1250,图中展示的物品是{noGarbage}，根据垃圾分类的标准，应该属于{noGarbage},"图中展示的物品是电动剃须刀,根据垃圾分类的标准，应该属于可回收物
"
1251,裤子,"图中展示的物品是裤子,根据垃圾分类的标准，应该属于可回收物
"
1252,图中展示的物品是香肠，根据垃圾分类的标准，应该属于厨余垃圾。,"图中展示的物品是肠(火腿),根据垃圾分类的标准，应该属于厨余垃圾
"
1253,图中展示的物品是杏仁，根据垃圾分类的标准，应该属于厨余垃圾。,"图中展示的物品是巴旦木,根据垃圾分类的标准，应该属于厨余垃圾
"
1254,图中展示的物品是[钢笔]，根据垃圾分类的标准，应该属于[金属],"图中展示的物品是笔及笔芯,根据垃圾分类的标准，应该属于其他垃圾
"
1255,图中展示的物品是玻璃瓶，根据垃圾分类的标准，应该属于其他垃圾。,"图中展示的物品是玻璃器皿,根据垃圾分类的标准，应该属于可回收物
"
1256,"图中展示的物品是干果,根据垃圾分类的标准，应该属于干垃圾","图中展示的物品是牛肉干,根据垃圾分类的标准，应该属于厨余垃圾
"
1257,"图中展示的物品是{garbage_object},根据垃圾分类的标准，应该属于{garbage_type}","图中展示的物品是干果壳,根据垃圾分类的标准，应该属于其他垃圾
"
1258,"图中展示的物品是[文具],根据垃圾分类的标准，应该属于[其他]","图中展示的物品是笔及笔芯,根据垃圾分类的标准，应该属于其他垃圾
"
1259,"图中展示的物品是{garbage_object},根据垃圾分类的标准，应该属于{garbage_type}塑料玩具","图中展示的物品是玩偶,根据垃圾分类的标准，应该属于可回收物
"
1260,"图中展示的物品是{garbage_object},根据垃圾分类的标准，应该属于{garbage_type}","图中展示的物品是眼镜,根据垃圾分类的标准，应该属于其他垃圾
"
1261,图中展示的物品是{pillow}，根据垃圾分类的标准，应该属于{furniture},"图中展示的物品是枕头,根据垃圾分类的标准，应该属于可回收物
"
1262,图中展示的物品是{plant}，根据垃圾分类的标准，应该属于{recyclable}。,"图中展示的物品是白菜,根据垃圾分类的标准，应该属于厨余垃圾
"
1263,图中展示的物品是[card]，根据垃圾分类的标准，应该属于[垃圾],"图中展示的物品是纸牌,根据垃圾分类的标准，应该属于可回收物
"
1264,图中展示的物品是灯泡，根据垃圾分类的标准，应该属于可回收垃圾。,"图中展示的物品是LED灯泡,根据垃圾分类的标准，应该属于有害垃圾
"
1265,"图中展示的物品是[garbage_object],根据垃圾分类的标准，应该属于[garbage_type]","图中展示的物品是望远镜,根据垃圾分类的标准，应该属于可回收物
"
1266,图中展示的物品是{cap}，根据垃圾分类的标准，应该属于{garbage_type},"图中展示的物品是帽子,根据垃圾分类的标准，应该属于可回收物
"
1267,图中展示的物品是[postcard]，根据垃圾分类的标准，应该属于[garbage_type],"图中展示的物品是登机牌,根据垃圾分类的标准，应该属于可回收物
"
1268,"图中展示的物品是{garbage_object},根据垃圾分类的标准，应该属于{garbage_type}","图中展示的物品是变形玩具,根据垃圾分类的标准，应该属于可回收物
"
1269,"图中展示的物品是[garbage_object],根据垃圾分类的标准，应该属于[garbage_type]","图中展示的物品是充电线,根据垃圾分类的标准，应该属于可回收物
"
1270,图中展示的物品是[cotton]，根据垃圾分类的标准，应该属于[garbage_type],"图中展示的物品是餐垫,根据垃圾分类的标准，应该属于可回收物
"
1271,图中展示的物品是温度计，根据垃圾分类的标准，应该属于可回收垃圾。,"图中展示的物品是温度计,根据垃圾分类的标准，应该属于有害垃圾
"
1272,"图中展示的物品是{iron},根据垃圾分类的标准，应该属于{household}","图中展示的物品是电熨斗,根据垃圾分类的标准，应该属于可回收物
"
1273,图中展示的物品是饼干，根据垃圾分类的标准，应该属于垃圾食品,"图中展示的物品是饼干,根据垃圾分类的标准，应该属于厨余垃圾
"
1274,图中展示的物品是垃圾食品,"图中展示的物品是瓜子,根据垃圾分类的标准，应该属于厨余垃圾
"
1275,图中展示的物品是垃圾，根据垃圾分类的标准，应该属于可回收垃圾,"图中展示的物品是纸巾,根据垃圾分类的标准，应该属于其他垃圾
"
1276,图中展示的物品是塑料凉拖鞋，根据垃圾分类的标准，应该属于可回收物,"图中展示的物品是拖鞋,根据垃圾分类的标准，应该属于可回收物
"
1277,"图中展示的物品是[garbage_object],根据垃圾分类的标准，应该属于[garbage_type]","图中展示的物品是图钉,根据垃圾分类的标准，应该属于其他垃圾
"
1278,图中展示的物品是面包，根据垃圾分类的标准，应该属于食品类垃圾,"图中展示的物品是糕点,根据垃圾分类的标准，应该属于厨余垃圾
"
1279,图中展示的物品是显卡，根据垃圾分类的标准，应该属于电子垃圾。,"图中展示的物品是电路板,根据垃圾分类的标准，应该属于可回收物
"
1280,"图中展示的物品是玩具,根据垃圾分类的标准，应该属于可回收物","图中展示的物品是玩偶,根据垃圾分类的标准，应该属于可回收物
"
1281,"图中展示的物品是{garbage_object},根据垃圾分类的标准，应该属于{garbage_type}","图中展示的物品是薯条,根据垃圾分类的标准，应该属于厨余垃圾
"
1282,"图中展示的物品是{garbage_object},根据垃圾分类的标准，应该属于{garbage_type}","图中展示的物品是烤鸡烤鸭,根据垃圾分类的标准，应该属于厨余垃圾
"
1283,"图中展示的物品是烟蒂,根据垃圾分类的标准，应该属于烟蒂","图中展示的物品是烟蒂,根据垃圾分类的标准，应该属于其他垃圾
"
1284,"图中展示的物品是{garbage_object},根据垃圾分类的标准，应该属于{garbage_type}塑料袋","图中展示的物品是单肩包手提包,根据垃圾分类的标准，应该属于可回收物
"
1285,图中展示的物品是{garbage_box}，根据垃圾分类的标准，应该属于{garbage_type}垃圾。,"图中展示的物品是纸箱,根据垃圾分类的标准，应该属于可回收物
"
1286,图中展示的物品是塑料瓶，根据垃圾分类的标准，应该属于可回收物。,"图中展示的物品是滴眼液瓶,根据垃圾分类的标准，应该属于有害垃圾
"
1287,图中展示的物品是红豆粥，根据垃圾分类的标准，应该属于厨余垃圾。,"图中展示的物品是八宝粥,根据垃圾分类的标准，应该属于厨余垃圾
"
1288,图中展示的物品是洗衣液，根据垃圾分类的标准，应该属于其他垃圾。,"图中展示的物品是果冻,根据垃圾分类的标准，应该属于厨余垃圾
"
1289,"图中展示的物品是{inflatable_object},根据垃圾分类的标准，应该属于{inflatable}","图中展示的物品是奶粉罐,根据垃圾分类的标准，应该属于可回收物
"
1290,垃圾物品: 鸡蛋，地瓜，米饭，香肠,"图中展示的物品是残渣剩饭,根据垃圾分类的标准，应该属于厨余垃圾
"
1291,"图中展示的物品是[garbage_object],根据垃圾分类的标准，应该属于[garbage_type]","图中展示的物品是玻璃球,根据垃圾分类的标准，应该属于可回收物
"
1292,图中展示的物品是太阳能板，根据垃圾分类的标准，应该属于可回收物。,"图中展示的物品是电池板,根据垃圾分类的标准，应该属于有害垃圾
"
1293,"图中展示的物品是[garbage_object],根据垃圾分类的标准，应该属于[garbage_type]","图中展示的物品是塑料盆,根据垃圾分类的标准，应该属于可回收物
"
1294,图中展示的物品是[food]，根据垃圾分类的标准，应该属于[food],"图中展示的物品是糕点,根据垃圾分类的标准，应该属于厨余垃圾
"
1295,图中展示的物品是{food}，根据垃圾分类的标准，应该属于{food},"图中展示的物品是肠(火腿),根据垃圾分类的标准，应该属于厨余垃圾
"
1296,图中展示的物品是{no garbage}，根据垃圾分类的标准，应该属于{no garbage},"图中展示的物品是尺子,根据垃圾分类的标准，应该属于可回收物
"
1297,"图中展示的物品是{garbage_object},根据垃圾分类的标准，应该属于{garbage_type}","图中展示的物品是地球仪,根据垃圾分类的标准，应该属于可回收物
"
1298,图中展示的物品是米饭，根据垃圾分类的标准，应该属于厨余垃圾。,"图中展示的物品是白菜,根据垃圾分类的标准，应该属于厨余垃圾
"
1299,"图中展示的物品是{garbage_object},根据垃圾分类的标准，应该属于{garbage_type}","图中展示的物品是肠(火腿),根据垃圾分类的标准，应该属于厨余垃圾
"
1300,图中展示的物品是药品，根据垃圾分类的标准，应该属于垃圾,"图中展示的物品是药品包装,根据垃圾分类的标准，应该属于有害垃圾
"
1301,"图中展示的物品是[garbage_object],根据垃圾分类的标准，应该属于[garbage_type]","图中展示的物品是辣椒,根据垃圾分类的标准，应该属于厨余垃圾
"
1302,"图中展示的物品是[garbage_object],根据垃圾分类的标准，应该属于[garbage_type]","图中展示的物品是手链,根据垃圾分类的标准，应该属于可回收物
"
1303,图中展示的物品是{apple}，根据垃圾分类的标准，应该属于{apple},"图中展示的物品是哈密瓜,根据垃圾分类的标准，应该属于厨余垃圾
"
1304,"图中展示的物品是{garbage_object},根据垃圾分类的标准，应该属于{garbage_type}","图中展示的物品是纸巾,根据垃圾分类的标准，应该属于其他垃圾
"
1305,"图中展示的物品是塑料袋,根据垃圾分类的标准，应该属于可回收垃圾","图中展示的物品是药品包装,根据垃圾分类的标准，应该属于有害垃圾
"
1306,"图中展示的物品是[garbage_object],根据垃圾分类的标准，应该属于[garbage_type]","图中展示的物品是木质梳子,根据垃圾分类的标准，应该属于可回收物
"
1307,"图中展示的物品是[garbage_object],根据垃圾分类的标准，应该属于[garbage_type]","图中展示的物品是木制切菜板,根据垃圾分类的标准，应该属于可回收物
"
1308,"图中展示的物品是{garbage_object},根据垃圾分类的标准，应该属于{garbage_type}","图中展示的物品是车钥匙,根据垃圾分类的标准，应该属于可回收物
"
1309,"图中展示的物品是{wooden spoon},根据垃圾分类的标准，应该属于{recyclable}","图中展示的物品是木质锅铲,根据垃圾分类的标准，应该属于可回收物
"
1310,"图中展示的物品是{garbage_object},根据垃圾分类的标准，应该属于{garbage_type}","图中展示的物品是烤鸡烤鸭,根据垃圾分类的标准，应该属于厨余垃圾
"
1311,"图中展示的物品是[spoon],根据垃圾分类的标准，应该属于[metal]","图中展示的物品是勺子,根据垃圾分类的标准，应该属于可回收物
"
1312,图中展示的物品是盆,"图中展示的物品是塑料盆,根据垃圾分类的标准，应该属于可回收物
"
1313,"图中展示的物品是{garbage_object},根据垃圾分类的标准，应该属于{garbage_type}","图中展示的物品是青菜,根据垃圾分类的标准，应该属于厨余垃圾
"
1314,图中展示的物品是面包，根据垃圾分类的标准，应该属于可回收垃圾。,"图中展示的物品是普通面包,根据垃圾分类的标准，应该属于厨余垃圾
"
1315,图中展示的物品是塑料袋，根据垃圾分类的标准，应该属于其他垃圾。,"图中展示的物品是纸巾,根据垃圾分类的标准，应该属于其他垃圾
"
1316,"图中展示的物品是{garbage_object},根据垃圾分类的标准，应该属于{garbage_type}垃圾。","图中展示的物品是鞋,根据垃圾分类的标准，应该属于可回收物
"
1317,图中展示的物品是饼干，根据垃圾分类的标准，应该属于垃圾食品。,"图中展示的物品是饼干,根据垃圾分类的标准，应该属于厨余垃圾
"
1318,图中展示的物品是一次性使用换药盒，根据垃圾分类的标准，应该属于垃圾,"图中展示的物品是一次性棉签,根据垃圾分类的标准，应该属于其他垃圾
"
1319,图中展示的物品是芹菜，根据垃圾分类的标准，应该属于可回收物,"图中展示的物品是西瓜皮,根据垃圾分类的标准，应该属于厨余垃圾
"
1320,图中展示的物品是透明塑料尺,"图中展示的物品是尺子,根据垃圾分类的标准，应该属于可回收物
"
1321,"图中展示的物品是{garbage_object},根据垃圾分类的标准，应该属于{garbage_type}","图中展示的物品是草莓,根据垃圾分类的标准，应该属于厨余垃圾
"
1322,图中展示的物品是玩具，根据垃圾分类的标准，应该属于垃圾,"图中展示的物品是玩偶,根据垃圾分类的标准，应该属于可回收物
"
1323,图中展示的物品是{brush}，根据垃圾分类的标准，应该属于{recyclable},"图中展示的物品是木质梳子,根据垃圾分类的标准，应该属于可回收物
"
1324,图中展示的物品是扬声器，根据垃圾分类的标准，应该属于电子垃圾,"图中展示的物品是话筒,根据垃圾分类的标准，应该属于可回收物
"
1325,"图中展示的物品是杯子,根据垃圾分类的标准，应该属于可回收垃圾","图中展示的物品是水杯,根据垃圾分类的标准，应该属于可回收物
"
1326,图中展示的物品是芹菜，根据垃圾分类的标准，应该属于可回收物,"图中展示的物品是青菜,根据垃圾分类的标准，应该属于厨余垃圾
"
1327,"图中展示的物品是{apple_object},根据垃圾分类的标准，应该属于{apple}","图中展示的物品是苹果,根据垃圾分类的标准，应该属于厨余垃圾
"
1328,图中展示的物品是计算器，根据垃圾分类的标准，应该属于电子废弃物。,"图中展示的物品是计算器,根据垃圾分类的标准，应该属于可回收物
"
1329,图中展示的物品是{food_item}，根据垃圾分类的标准，应该属于{food},"图中展示的物品是蛋糕盒,根据垃圾分类的标准，应该属于可回收物
"
1330,图中展示的物品是保温壶，根据垃圾分类的标准，应该属于废塑料。,"图中展示的物品是热水瓶,根据垃圾分类的标准，应该属于可回收物
"
1331,图中展示的物品是塑料条，根据垃圾分类的标准，应该属于可回收物,"图中展示的物品是验孕棒,根据垃圾分类的标准，应该属于其他垃圾
"
1332,图中展示的物品是卷发棒，根据垃圾分类的标准，应该属于可回收垃圾。,"图中展示的物品是电动卷发棒,根据垃圾分类的标准，应该属于可回收物
"
1333,图中展示的物品是{toy}，根据垃圾分类的标准，应该属于{garbage_type},"图中展示的物品是玩偶,根据垃圾分类的标准，应该属于可回收物
"
1334,图中展示的物品是纸箱，根据垃圾分类的标准，应该属于废纸,"图中展示的物品是纸箱,根据垃圾分类的标准，应该属于可回收物
"
1335,"图中展示的物品是{garbage_object},根据垃圾分类的标准，应该属于{garbage_type}","图中展示的物品是贝果,根据垃圾分类的标准，应该属于厨余垃圾
"
1336,"图中展示的物品是{garbage_object},根据垃圾分类的标准，应该属于{garbage_type}垃圾。","图中展示的物品是暖宝宝,根据垃圾分类的标准，应该属于可回收物
"
1337,图中展示的物品是塑料盒，根据垃圾分类的标准，应该属于可回收垃圾。,"图中展示的物品是保鲜盒,根据垃圾分类的标准，应该属于可回收物
"
1338,"图中展示的物品是{garbage_object},根据垃圾分类的标准，应该属于{garbage_type}","图中展示的物品是咖啡渣,根据垃圾分类的标准，应该属于厨余垃圾
"
1339,"图中展示的物品是[garbage_object],根据垃圾分类的标准，应该属于[garbage_type]","图中展示的物品是耳钉耳环,根据垃圾分类的标准，应该属于可回收物
"
1340,"图中展示的物品是{garbage_object},根据垃圾分类的标准，应该属于{garbage_type}","图中展示的物品是尺子,根据垃圾分类的标准，应该属于可回收物
"
1341,"图中展示的物品是{garbage_object},根据垃圾分类的标准，应该属于{garbage_type}垃圾。","图中展示的物品是红花油,根据垃圾分类的标准，应该属于有害垃圾
"
1342,图中展示的物品是勺子，根据垃圾分类的标准，应该属于其他垃圾。,"图中展示的物品是勺子,根据垃圾分类的标准，应该属于可回收物
"
1343,图中展示的物品是口罩，根据垃圾分类的标准，应该属于可回收垃圾。,"图中展示的物品是口罩,根据垃圾分类的标准，应该属于其他垃圾
"
1344,"图中展示的物品是{garbage_object},根据垃圾分类的标准，应该属于{garbage_type}","图中展示的物品是鞋,根据垃圾分类的标准，应该属于可回收物
"
1345,"图中展示的物品是{garbage_object},根据垃圾分类的标准，应该属于{garbage_type}","图中展示的物品是蚕豆,根据垃圾分类的标准，应该属于厨余垃圾
"
1346,"图中展示的物品是{garbage_object},根据垃圾分类的标准，应该属于{garbage_type}","图中展示的物品是手机,根据垃圾分类的标准，应该属于可回收物
"
1347,图中展示的物品是咖啡豆，根据垃圾分类的标准，应该属于可回收垃圾。,"图中展示的物品是咖啡渣,根据垃圾分类的标准，应该属于厨余垃圾
"
1348,"图中展示的物品是[garbage_object],根据垃圾分类的标准，应该属于[garbage_type]","图中展示的物品是车钥匙,根据垃圾分类的标准，应该属于可回收物
"
1349,图中展示的物品是食物，根据垃圾分类的标准，应该属于垃圾食品,"图中展示的物品是肠(火腿),根据垃圾分类的标准，应该属于厨余垃圾
"
1350,图中展示的物品是食物残渣，根据垃圾分类的标准，应该属于厨余垃圾。,"图中展示的物品是糕点,根据垃圾分类的标准，应该属于厨余垃圾
"
1351,图中展示的物品是白菜，根据垃圾分类的标准，应该属于厨余垃圾。,"图中展示的物品是白菜,根据垃圾分类的标准，应该属于厨余垃圾
"
1352,图中展示的物品是刀具，根据垃圾分类的标准，应该属于{厨余垃圾},"图中展示的物品是刀,根据垃圾分类的标准，应该属于可回收物
"
1353,"图中展示的物品是{garbage_object},根据垃圾分类的标准，应该属于{garbage_type}","图中展示的物品是生肉,根据垃圾分类的标准，应该属于厨余垃圾
"
1354,图中展示的物品是塑料袋，根据垃圾分类的标准，应该属于其他垃圾。,"图中展示的物品是PE塑料袋,根据垃圾分类的标准，应该属于其他垃圾
"
1355,图中展示的物品是泡沫盒，根据垃圾分类的标准，应该属于可回收物,"图中展示的物品是泡沫盒子,根据垃圾分类的标准，应该属于可回收物
"
1356,图中展示的物品是香蕉，根据垃圾分类的标准，应该属于可回收垃圾。,"图中展示的物品是白萝卜,根据垃圾分类的标准，应该属于厨余垃圾
"
1357,"图中展示的物品是{action_figure},根据垃圾分类的标准，应该属于{garbage_type}","图中展示的物品是玩偶,根据垃圾分类的标准，应该属于可回收物
"
1358,"图中展示的物品是[blanket],[pillow],[toy],根据垃圾分类的标准，应该属于[garbage_type]","图中展示的物品是枕头,根据垃圾分类的标准，应该属于可回收物
"
1359,图中展示的物品是玻璃杯，根据垃圾分类的标准，应该属于可回收物,"图中展示的物品是量杯,根据垃圾分类的标准，应该属于可回收物
"
1360,图中展示的物品是剩饭剩菜，根据垃圾分类的标准，应该属于厨余垃圾。,"图中展示的物品是蛋,根据垃圾分类的标准，应该属于厨余垃圾
"
1361,图中展示的物品是耳机，根据垃圾分类的标准，应该属于电子废弃物,"图中展示的物品是耳机,根据垃圾分类的标准，应该属于可回收物
"
1362,"图中展示的物品是饼干,根据垃圾分类的标准，应该属于垃圾食品","图中展示的物品是饼干,根据垃圾分类的标准，应该属于厨余垃圾
"
1363,图中展示的物品是台历，根据垃圾分类的标准，应该属于可回收物。,"图中展示的物品是台历,根据垃圾分类的标准，应该属于可回收物
"
1364,"图中展示的物品是{garbage_object},根据垃圾分类的标准，应该属于{garbage_type}","图中展示的物品是钟表,根据垃圾分类的标准，应该属于可回收物
"
1365,图中展示的物品是玻璃制品，根据垃圾分类的标准，应该属于可回收物。,"图中展示的物品是碗,根据垃圾分类的标准，应该属于可回收物
"
1366,"图中展示的物品是{garbage_object},根据垃圾分类的标准，应该属于{garbage_type}","图中展示的物品是果冻,根据垃圾分类的标准，应该属于厨余垃圾
"
1367,图中展示的物品是玻璃制品，根据垃圾分类的标准，应该属于可回收物。,"图中展示的物品是量杯,根据垃圾分类的标准，应该属于可回收物
"
1368,"图中展示的物品是[garbage_object],根据垃圾分类的标准，应该属于[garbage_type]","图中展示的物品是八宝粥罐,根据垃圾分类的标准，应该属于可回收物
"
1369,图中展示的物品是食物，根据垃圾分类的标准，应该属于可回收物,"图中展示的物品是骨肉相连,根据垃圾分类的标准，应该属于厨余垃圾
"
1370,"图中展示的物品是[electricity_object],根据垃圾分类的标准，应该属于[有害垃圾]","图中展示的物品是手电筒,根据垃圾分类的标准，应该属于可回收物
"
1371,"图中展示的物品是保温瓶,根据垃圾分类的标准，应该属于其他垃圾","图中展示的物品是热水瓶,根据垃圾分类的标准，应该属于可回收物
"
1372,"图中展示的物品是{garbage_object},根据垃圾分类的标准，应该属于{garbage_type}","图中展示的物品是鸡毛掸,根据垃圾分类的标准，应该属于其他垃圾
"
1373,"图中展示的物品是[garbage_object],根据垃圾分类的标准，应该属于[garbage_type]","图中展示的物品是药品包装,根据垃圾分类的标准，应该属于有害垃圾
"
1374,图中展示的物品是干电池，根据垃圾分类的标准，应该属于有害垃圾,"图中展示的物品是电池,根据垃圾分类的标准，应该属于有害垃圾
"
1375,"图中展示的物品是书包,根据垃圾分类的标准，应该属于可回收垃圾","图中展示的物品是手提包,根据垃圾分类的标准，应该属于可回收物
"
1376,"图中展示的物品是[草莓],根据垃圾分类的标准，应该属于[可回收物]","图中展示的物品是草莓,根据垃圾分类的标准，应该属于厨余垃圾
"
1377,"图中展示的物品是毛巾架,根据垃圾分类的标准，应该属于可回收物","图中展示的物品是衣架,根据垃圾分类的标准，应该属于可回收物
"
1378,"图中展示的物品是{garbage_object},根据垃圾分类的标准，应该属于{garbage_type}电子垃圾。","图中展示的物品是网卡,根据垃圾分类的标准，应该属于可回收物
"
1379,"图中展示的物品是{garbage_object},根据垃圾分类的标准，应该属于{garbage_type}","图中展示的物品是充电线,根据垃圾分类的标准，应该属于可回收物
"
1380,"图中展示的物品是餐具,根据垃圾分类的标准，应该属于厨余垃圾","图中展示的物品是勺子,根据垃圾分类的标准，应该属于可回收物
"
1381,"图中展示的物品是[garbage_object],根据垃圾分类的标准，应该属于[garbage_type]","图中展示的物品是肠(火腿),根据垃圾分类的标准，应该属于厨余垃圾
"
1382,"图中展示的物品是{garbage_object},根据垃圾分类的标准，应该属于{garbage_type}","图中展示的物品是地铁票,根据垃圾分类的标准，应该属于可回收物
"
1383,"图中展示的物品是{garbage_object},根据垃圾分类的标准，应该属于{garbage_type}","图中展示的物品是档案袋,根据垃圾分类的标准，应该属于可回收物
"
1384,图中展示的物品是票，根据垃圾分类的标准，应该属于垃圾,"图中展示的物品是登机牌,根据垃圾分类的标准，应该属于可回收物
"
1385,图中展示的物品是豆制品，根据垃圾分类的标准，应该属于厨余垃圾,"图中展示的物品是蚕豆,根据垃圾分类的标准，应该属于厨余垃圾
"
1386,图中展示的物品是保温壶，根据垃圾分类的标准，应该属于废金属（Garbage Type：Metal waste）,"图中展示的物品是热水瓶,根据垃圾分类的标准，应该属于可回收物
"
1387,图中展示的物品是{toys}，根据垃圾分类的标准，应该属于{garbage_type},"图中展示的物品是玩偶,根据垃圾分类的标准，应该属于可回收物
"
1388,图中展示的物品是蔬菜，根据垃圾分类的标准，应该属于可回收物,"图中展示的物品是青菜,根据垃圾分类的标准，应该属于厨余垃圾
"
1389,图中展示的物品是塑料，根据垃圾分类的标准，应该属于其他垃圾。,"图中展示的物品是苍蝇拍,根据垃圾分类的标准，应该属于其他垃圾
"
1390,"图中展示的物品是[garbage_object],根据垃圾分类的标准，应该属于[garbage_type]","图中展示的物品是车钥匙,根据垃圾分类的标准，应该属于可回收物
"
1391,"图中展示的物品是{garbage_object},根据垃圾分类的标准，应该属于{garbage_type}厨余垃圾","图中展示的物品是肠(火腿),根据垃圾分类的标准，应该属于厨余垃圾
"
1392,"图中展示的物品是[garbage_object],根据垃圾分类的标准，应该属于[garbage_type]","图中展示的物品是蘑菇,根据垃圾分类的标准，应该属于厨余垃圾
"
1393,"图中展示的物品是{garbage_object},根据垃圾分类的标准，应该属于{garbage_type}废电池","图中展示的物品是蓄电池,根据垃圾分类的标准，应该属于有害垃圾
"
1394,图中展示的物品是{food_container}，根据垃圾分类的标准，应该属于{food},"图中展示的物品是碗,根据垃圾分类的标准，应该属于可回收物
"
1395,"图中展示的物品是{garbage_object},根据垃圾分类的标准，应该属于{garbage_type}","图中展示的物品是书,根据垃圾分类的标准，应该属于可回收物
"
1396,"图中展示的物品是{garbage_object},根据垃圾分类的标准，应该属于{garbage_type}","图中展示的物品是茶叶罐,根据垃圾分类的标准，应该属于可回收物
"
1397,图中展示的物品是台灯，根据垃圾分类的标准，应该属于废品,"图中展示的物品是台灯,根据垃圾分类的标准，应该属于可回收物
"
1398,"图中展示的物品是[garbage_object],根据垃圾分类的标准，应该属于[garbage_type]","图中展示的物品是八宝粥,根据垃圾分类的标准，应该属于厨余垃圾
"
1399,图中展示的物品是剃须刀，根据垃圾分类的标准，应该属于电子废弃物,"图中展示的物品是电动剃须刀,根据垃圾分类的标准，应该属于可回收物
"
1400,"图中展示的物品是{garbage_object},根据垃圾分类的标准，应该属于{garbage_type}","图中展示的物品是普通面包,根据垃圾分类的标准，应该属于厨余垃圾
"
1401,图中展示的物品是栗子，根据垃圾分类的标准，应该属于可回收物,"图中展示的物品是板栗,根据垃圾分类的标准，应该属于厨余垃圾
"
1402,图中展示的物品是黄金饰品，根据垃圾分类的标准，应该属于可回收物。,"图中展示的物品是手链,根据垃圾分类的标准，应该属于可回收物
"
1403,图中展示的物品是粉色帽子，根据垃圾分类的标准，应该属于可回收垃圾。,"图中展示的物品是玩偶,根据垃圾分类的标准，应该属于可回收物
"
1404,"图中展示的物品是[garbage_object],根据垃圾分类的标准，应该属于[garbage_type]","图中展示的物品是烤鸡烤鸭,根据垃圾分类的标准，应该属于厨余垃圾
"
1405,"图中展示的物品是{garbage_object},根据垃圾分类的标准，应该属于{garbage_type}","图中展示的物品是蛋,根据垃圾分类的标准，应该属于厨余垃圾
"
1406,"图中展示的物品是{garbage_object},根据垃圾分类的标准，应该属于{garbage_type}","图中展示的物品是档案袋,根据垃圾分类的标准，应该属于可回收物
"
1407,图中展示的物品是刀具，根据垃圾分类的标准，应该属于厨余垃圾。,"图中展示的物品是刀,根据垃圾分类的标准，应该属于可回收物
"
1408,图中展示的物品是饼干，根据垃圾分类的标准，应该属于垃圾食品,"图中展示的物品是饼干,根据垃圾分类的标准，应该属于厨余垃圾
"
1409,图中展示的物品是香肠，根据垃圾分类的标准，应该属于可回收物,"图中展示的物品是肠(火腿),根据垃圾分类的标准，应该属于厨余垃圾
"
1410,图中展示的物品是验孕棒，根据垃圾分类的标准，应该属于有害垃圾,"图中展示的物品是验孕棒,根据垃圾分类的标准，应该属于其他垃圾
"
1411,"图中展示的物品是{kettle_object},根据垃圾分类的标准，应该属于{trash}","图中展示的物品是烧水壶,根据垃圾分类的标准，应该属于可回收物
"
1412,图中展示的物品是牙膏，根据垃圾分类的标准，应该属于废电池,"图中展示的物品是药膏,根据垃圾分类的标准，应该属于有害垃圾
"
1413,图中展示的物品是烟蒂，根据垃圾分类的标准，应该属于垃圾,"图中展示的物品是烟蒂,根据垃圾分类的标准，应该属于其他垃圾
"
1414,"图中展示的物品是{garbage_object},根据垃圾分类的标准，应该属于{garbage_type}","图中展示的物品是糕点,根据垃圾分类的标准，应该属于厨余垃圾
"
1415,图中展示的物品是玻璃杯，根据垃圾分类的标准，应该属于可回收物,"图中展示的物品是量杯,根据垃圾分类的标准，应该属于可回收物
"
1416,"图中展示的物品是[fork],根据垃圾分类的标准，应该属于[厨余垃圾]","图中展示的物品是叉子,根据垃圾分类的标准，应该属于可回收物
"
1417,"图中展示的物品是玻璃瓶,根据垃圾分类的标准，应该属于废玻璃","图中展示的物品是罐头瓶,根据垃圾分类的标准，应该属于可回收物
"
1418,"图中展示的物品是毛绒玩具,根据垃圾分类的标准，应该属于其他垃圾","图中展示的物品是果冻,根据垃圾分类的标准，应该属于厨余垃圾
"
1419,图中展示的物品是智能手机，根据垃圾分类的标准，应该属于电子废弃物。,"图中展示的物品是手机,根据垃圾分类的标准，应该属于可回收物
"
1420,玻璃碗{garbage_type},"图中展示的物品是碗,根据垃圾分类的标准，应该属于可回收物
"
1421,"图中展示的物品是{garbage_object},根据垃圾分类的标准，应该属于{garbage_type}","图中展示的物品是蛋,根据垃圾分类的标准，应该属于厨余垃圾
"
1422,图中展示的物品是遥控器，根据垃圾分类的标准，应该属于{电子废弃物},"图中展示的物品是空调遥控器,根据垃圾分类的标准，应该属于可回收物
"
1423,"图中展示的物品是[card],根据垃圾分类的标准，应该属于[垃圾]","图中展示的物品是地铁票,根据垃圾分类的标准，应该属于可回收物
"
1424,图中展示的物品是玻璃杯，根据垃圾分类的标准，应该属于玻璃,"图中展示的物品是玻璃壶,根据垃圾分类的标准，应该属于可回收物
"
1425,"图中展示的物品是[vegetable],根据垃圾分类的标准，应该属于[vegetable]","图中展示的物品是青菜,根据垃圾分类的标准，应该属于厨余垃圾
"
1426,图中展示的物品是手套，根据垃圾分类的标准，应该属于可回收物,"图中展示的物品是厨房手套,根据垃圾分类的标准，应该属于其他垃圾
"
1427,图中展示的物品是[handbag]，根据垃圾分类的标准，应该属于[可回收垃圾],"图中展示的物品是单肩包手提包,根据垃圾分类的标准，应该属于可回收物
"
1428,"图中展示的物品是{garbage_object},根据垃圾分类的标准，应该属于{garbage_type}","图中展示的物品是购物纸袋,根据垃圾分类的标准，应该属于可回收物
"
1429,"图中展示的物品是[grass_object],根据垃圾分类的标准，应该属于[grass]","图中展示的物品是望远镜,根据垃圾分类的标准，应该属于可回收物
"
1430,"图中展示的物品是塑料袋,根据垃圾分类的标准，应该属于其他垃圾","图中展示的物品是一次性棉签,根据垃圾分类的标准，应该属于其他垃圾
"
1431,图中展示的物品是白菜，根据垃圾分类的标准，应该属于厨余垃圾,"图中展示的物品是白菜,根据垃圾分类的标准，应该属于厨余垃圾
"
1432,"图中展示的物品是书籍,根据垃圾分类的标准，应该属于废纸","图中展示的物品是书,根据垃圾分类的标准，应该属于可回收物
"
1433,图中展示的物品是玻璃杯，根据垃圾分类的标准，应该属于玻璃垃圾,"图中展示的物品是玻璃壶,根据垃圾分类的标准，应该属于可回收物
"
1434,图中展示的物品是[fruit]，根据垃圾分类的标准，应该属于[可回收物]。,"图中展示的物品是橙子,根据垃圾分类的标准，应该属于厨余垃圾
"
1435,图中展示的物品是玻璃瓶，根据垃圾分类的标准，应该属于废玻璃,"图中展示的物品是玻璃器皿,根据垃圾分类的标准，应该属于可回收物
"
1436,图中展示的物品是{glass_box}，根据垃圾分类的标准，应该属于{recyclable},"图中展示的物品是碗,根据垃圾分类的标准，应该属于可回收物
"
1437,图中展示的物品是衣架，根据垃圾分类的标准，应该属于可回收物,"图中展示的物品是衣架,根据垃圾分类的标准，应该属于可回收物
"
1438,图中展示的物品是塑料瓶，根据垃圾分类的标准，应该属于其他垃圾。,"图中展示的物品是滴眼液瓶,根据垃圾分类的标准，应该属于有害垃圾
"
1439,"图中展示的物品是{garbage_object},根据垃圾分类的标准，应该属于{garbage_type}厨余垃圾","图中展示的物品是生肉,根据垃圾分类的标准，应该属于厨余垃圾
"
1440,图中展示的物品是耳塞，根据垃圾分类的标准，应该属于可回收物。,"图中展示的物品是耳机,根据垃圾分类的标准，应该属于可回收物
"
1441,"图中展示的物品是{garbage_object},根据垃圾分类的标准，应该属于{garbage_type}垃圾。","图中展示的物品是打印机墨盒,根据垃圾分类的标准，应该属于可回收物
"
1442,图中展示的物品是{food}，根据垃圾分类的标准，应该属于{food},"图中展示的物品是生肉,根据垃圾分类的标准，应该属于厨余垃圾
"
1443,"图中展示的物品是{garbage_object},根据垃圾分类的标准，应该属于{garbage_type}垃圾。","图中展示的物品是车钥匙,根据垃圾分类的标准，应该属于可回收物
"
1444,"图中展示的物品是[garbage_object],根据垃圾分类的标准，应该属于[garbage_type]","图中展示的物品是橙子,根据垃圾分类的标准，应该属于厨余垃圾
"
1445,"图中展示的物品是钢丝球,根据垃圾分类的标准，应该属于其他垃圾","图中展示的物品是钢丝球,根据垃圾分类的标准，应该属于可回收物
"
1446,图中展示的物品是锅，根据垃圾分类的标准，应该属于厨余垃圾,"图中展示的物品是锅,根据垃圾分类的标准，应该属于可回收物
"
1447,图中展示的物品是垃圾，根据垃圾分类的标准，应该属于垃圾,"图中展示的物品是纸巾,根据垃圾分类的标准，应该属于其他垃圾
"
1448,图中展示的物品是{glass}，根据垃圾分类的标准，应该属于{glass},"图中展示的物品是放大镜,根据垃圾分类的标准，应该属于其他垃圾
"
1449,图中展示的物品是扬声器，根据垃圾分类的标准，应该属于电子垃圾。,"图中展示的物品是废弃扩声器,根据垃圾分类的标准，应该属于可回收物
"
1450,"图中展示的物品是[garbage_object],根据垃圾分类的标准，应该属于[garbage_type]","图中展示的物品是糕点,根据垃圾分类的标准，应该属于厨余垃圾
"
1451,"图中展示的物品是{garbage_object},根据垃圾分类的标准，应该属于{garbage_type}","图中展示的物品是残渣剩饭,根据垃圾分类的标准，应该属于厨余垃圾
"
1452,图中展示的物品是樱桃，根据垃圾分类的标准，应该属于可回收物。,"图中展示的物品是冰糖葫芦,根据垃圾分类的标准，应该属于厨余垃圾
"
1453,"图中展示的物品是{garbage_object},根据垃圾分类的标准，应该属于{garbage_type}","图中展示的物品是蛋糕盒,根据垃圾分类的标准，应该属于可回收物
"
1454,"图中展示的物品是[fruit],根据垃圾分类的标准，应该属于[food]","图中展示的物品是火龙果,根据垃圾分类的标准，应该属于厨余垃圾
"
1455,图中展示的物品是[vegetable]，根据垃圾分类的标准，应该属于[vegetable],"图中展示的物品是圣女果,根据垃圾分类的标准，应该属于厨余垃圾
"
1456,图中展示的物品是收音机，根据垃圾分类的标准，应该属于电子废弃物。,"图中展示的物品是收音机,根据垃圾分类的标准，应该属于可回收物
"
1457,"图中展示的物品是[pen],根据垃圾分类的标准，应该属于[可回收垃圾]","图中展示的物品是勺子,根据垃圾分类的标准，应该属于可回收物
"
1458,"图中展示的物品是[garbage_object],根据垃圾分类的标准，应该属于[garbage_type]","图中展示的物品是毛巾,根据垃圾分类的标准，应该属于其他垃圾
"
1459,"图中展示的物品是{garbage_object},根据垃圾分类的标准，应该属于{garbage_type}","图中展示的物品是耳钉耳环,根据垃圾分类的标准，应该属于可回收物
"
1460,"图中展示的物品是[garbage_object],根据垃圾分类的标准，应该属于[garbage_type]","图中展示的物品是剪刀,根据垃圾分类的标准，应该属于可回收物
"
1461,图中展示的物品是玻璃器皿，根据垃圾分类的标准，应该属于其他垃圾,"图中展示的物品是碗,根据垃圾分类的标准，应该属于可回收物
"
1462,图中展示的物品是[刀具]，根据垃圾分类的标准，应该属于[厨余垃圾],"图中展示的物品是刀,根据垃圾分类的标准，应该属于可回收物
"
1463,图中展示的物品是手机壳，根据垃圾分类的标准，应该属于可回收物。,"图中展示的物品是手机,根据垃圾分类的标准，应该属于可回收物
"
1464,"图中展示的物品是{garbage_object},根据垃圾分类的标准，应该属于{garbage_type}","图中展示的物品是地铁票,根据垃圾分类的标准，应该属于可回收物
"
1465,图中展示的物品是面包，根据垃圾分类的标准，应该属于可回收垃圾。,"图中展示的物品是普通面包,根据垃圾分类的标准，应该属于厨余垃圾
"
1466,"图中展示的物品是{garbage_object},根据垃圾分类的标准，应该属于{garbage_type}厨余垃圾","图中展示的物品是蘑菇,根据垃圾分类的标准，应该属于厨余垃圾
"
1467,"图中展示的物品是衣架,根据垃圾分类的标准，应该属于可回收垃圾","图中展示的物品是衣架,根据垃圾分类的标准，应该属于可回收物
"
1468,"图中展示的物品是花瓶,根据垃圾分类的标准，应该属于其他垃圾","图中展示的物品是玻璃器皿,根据垃圾分类的标准，应该属于可回收物
"
1469,图中展示的物品是玻璃杯，根据垃圾分类的标准，应该属于玻璃,"图中展示的物品是量杯,根据垃圾分类的标准，应该属于可回收物
"
1470,图中展示的物品是{food}，根据垃圾分类的标准，应该属于{food},"图中展示的物品是饼干,根据垃圾分类的标准，应该属于厨余垃圾
"
1471,"图中展示的物品是{garbage_object},根据垃圾分类的标准，应该属于{garbage_type}垃圾。","图中展示的物品是书,根据垃圾分类的标准，应该属于可回收物
"
1472,图中展示的物品是玻璃制品，根据垃圾分类的标准，应该属于可回收垃圾。,"图中展示的物品是灯罩,根据垃圾分类的标准，应该属于可回收物
"
1473,"图中展示的物品是[garbage_object],根据垃圾分类的标准，应该属于[garbage_type]","图中展示的物品是手电筒,根据垃圾分类的标准，应该属于可回收物
"
1474,图中展示的物品是[塑料瓶]，根据垃圾分类的标准，应该属于[可回收垃圾],"图中展示的物品是塑料瓶,根据垃圾分类的标准，应该属于可回收物
"
1475,图中展示的物品是瓶，根据垃圾分类的标准，应该属于{garbage_type}塑料,"图中展示的物品是保健品瓶,根据垃圾分类的标准，应该属于有害垃圾
"
1476,图中展示的物品是日历,"图中展示的物品是台历,根据垃圾分类的标准，应该属于可回收物
"
1477,"图中展示的物品是[信件],根据垃圾分类的标准，应该属于[可回收物]","图中展示的物品是信封,根据垃圾分类的标准，应该属于可回收物
"
1478,"图中展示的物品是{garbage_object},根据垃圾分类的标准，应该属于{garbage_type}","图中展示的物品是肠(火腿),根据垃圾分类的标准，应该属于厨余垃圾
"
1479,图中展示的物品是袜子，根据垃圾分类的标准，应该属于{garbage_type}垃圾。,"图中展示的物品是衣架,根据垃圾分类的标准，应该属于可回收物
"
1480,"图中展示的物品是{garbage_object},根据垃圾分类的标准，应该属于{garbage_type}","图中展示的物品是乒乓球拍,根据垃圾分类的标准，应该属于可回收物
"
1481,"图中展示的物品是[garbage_object],根据垃圾分类的标准，应该属于[garbage_type]","图中展示的物品是蛋糕盒,根据垃圾分类的标准，应该属于可回收物
"
1482,图中展示的物品是袜子，根据垃圾分类的标准，应该属于其他垃圾。,"图中展示的物品是袜子,根据垃圾分类的标准，应该属于可回收物
"
1483,"图中展示的物品是{garbage_object},根据垃圾分类的标准，应该属于{garbage_type}","图中展示的物品是枕头,根据垃圾分类的标准，应该属于可回收物
"
1484,图中展示的物品是圆头练字专用笔芯，图中的垃圾物品是圆头练字专用笔芯，根据垃圾分类的标准，应该属于{有害垃圾},"图中展示的物品是笔及笔芯,根据垃圾分类的标准，应该属于其他垃圾
"
1485,图中展示的物品是花瓶，根据垃圾分类的标准，应该属于可回收垃圾。,"图中展示的物品是茶叶罐,根据垃圾分类的标准，应该属于可回收物
"
1486,图中展示的物品是垃圾，根据垃圾分类的标准，应该属于厨余垃圾。,"图中展示的物品是烤鸡烤鸭,根据垃圾分类的标准，应该属于厨余垃圾
"
1487,"图中展示的物品是[wood_object],根据垃圾分类的标准，应该属于[recyclable]","图中展示的物品是台灯,根据垃圾分类的标准，应该属于可回收物
"
1488,"图中展示的物品是[garbage_object],根据垃圾分类的标准，应该属于[garbage_type]","图中展示的物品是玻璃器皿,根据垃圾分类的标准，应该属于可回收物
"
1489,图中展示的物品是袜子，根据垃圾分类的标准，应该属于可回收垃圾,"图中展示的物品是袜子,根据垃圾分类的标准，应该属于可回收物
"
1490,"图中展示的物品是{garbage_object},根据垃圾分类的标准，应该属于{garbage_type}其他垃圾","图中展示的物品是泡沫盒子,根据垃圾分类的标准，应该属于可回收物
"
1491,图中展示的物品是帽子、衣服、太阳镜、包装盒、纸盒，根据垃圾分类的标准，应该属于可回收物。,"图中展示的物品是帽子,根据垃圾分类的标准，应该属于可回收物
"
1492,"图中展示的物品是[garbage_object],根据垃圾分类的标准，应该属于[garbage_type]","图中展示的物品是书,根据垃圾分类的标准，应该属于可回收物
"
1493,"图中展示的物品是{garbage_object},根据垃圾分类的标准，应该属于{garbage_type}","图中展示的物品是保温杯,根据垃圾分类的标准，应该属于可回收物
"
1494,"图中展示的物品是{garbage_object},根据垃圾分类的标准，应该属于{garbage_type}","图中展示的物品是单肩包手提包,根据垃圾分类的标准，应该属于可回收物
"
1495,图中展示的物品是砧板，根据垃圾分类的标准，应该属于{厨余垃圾},"图中展示的物品是木制切菜板,根据垃圾分类的标准，应该属于可回收物
"
1496,图中展示的物品是杯子，根据垃圾分类的标准，应该属于可回收垃圾。,"图中展示的物品是保温杯,根据垃圾分类的标准，应该属于可回收物
"
1497,"图中展示的物品是{garbage_object},根据垃圾分类的标准，应该属于{garbage_type}厨余垃圾","图中展示的物品是蛋,根据垃圾分类的标准，应该属于厨余垃圾
"
1498,图中展示的物品是玻璃杯，根据垃圾分类的标准，应该属于玻璃。,"图中展示的物品是水杯,根据垃圾分类的标准，应该属于可回收物
"
1499,"图中展示的物品是胶水,根据垃圾分类的标准，应该属于{garbage_type}其他垃圾","图中展示的物品是涂改带,根据垃圾分类的标准，应该属于其他垃圾
"
1500,图中展示的物品是电池，根据垃圾分类的标准，应该属于有害垃圾,"图中展示的物品是电池,根据垃圾分类的标准，应该属于有害垃圾
"
1501,图中展示的物品是键盘，根据垃圾分类的标准，应该属于电子废弃物。,"图中展示的物品是键盘,根据垃圾分类的标准，应该属于可回收物
"
1502,图中展示的物品是蔬菜，根据垃圾分类的标准，应该属于厨余垃圾。,"图中展示的物品是白萝卜,根据垃圾分类的标准，应该属于厨余垃圾
"
1503,"图中展示的物品是{garbage_object},根据垃圾分类的标准，应该属于{garbage_type}厨余垃圾","图中展示的物品是白菜,根据垃圾分类的标准，应该属于厨余垃圾
"
1504,图中展示的物品是塑料瓶，根据垃圾分类的标准，应该属于{garbage_type}其他垃圾。,"图中展示的物品是滴眼液瓶,根据垃圾分类的标准，应该属于有害垃圾
"
1505,"图中展示的物品是{garbage_object},根据垃圾分类的标准，应该属于{garbage_type}","图中展示的物品是裤子,根据垃圾分类的标准，应该属于可回收物
"
1506,图中展示的物品是手机壳，根据垃圾分类的标准，应该属于塑料垃圾,"图中展示的物品是手机,根据垃圾分类的标准，应该属于可回收物
"
1507,图中展示的物品是湿巾，根据垃圾分类的标准，应该属于可回收物。,"图中展示的物品是湿纸巾,根据垃圾分类的标准，应该属于其他垃圾
"
1508,"图中展示的物品是[钟表],根据垃圾分类的标准，应该属于[有害垃圾]","图中展示的物品是钟表,根据垃圾分类的标准，应该属于可回收物
"
1509,"图中展示的物品是{garbage_object},根据垃圾分类的标准，应该属于{garbage_type}","图中展示的物品是手机,根据垃圾分类的标准，应该属于可回收物
"
1510,图中展示的物品是玻璃瓶,"图中展示的物品是玻璃器皿,根据垃圾分类的标准，应该属于可回收物
"
1511,图中展示的物品是蛋糕，根据垃圾分类的标准，应该属于可回收垃圾。,"图中展示的物品是糕点,根据垃圾分类的标准，应该属于厨余垃圾
"
1512,图中展示的物品是西瓜，根据垃圾分类的标准，应该属于厨余垃圾。,"图中展示的物品是西瓜皮,根据垃圾分类的标准，应该属于厨余垃圾
"
1513,图中展示的物品是纸袋，根据垃圾分类的标准，应该属于可回收垃圾。,"图中展示的物品是PE塑料袋,根据垃圾分类的标准，应该属于其他垃圾
"
1514,图中展示的物品是电子闹钟，根据垃圾分类的标准，应该属于其他垃圾,"图中展示的物品是钟表,根据垃圾分类的标准，应该属于可回收物
"
1515,"图中展示的物品是玻璃杯,根据垃圾分类的标准，应该属于玻璃","图中展示的物品是罐头瓶,根据垃圾分类的标准，应该属于可回收物
"
1516,"图中展示的物品是{garbage_object},根据垃圾分类的标准，应该属于{garbage_type}","图中展示的物品是木制玩具,根据垃圾分类的标准，应该属于可回收物
"
1517,"图中展示的物品是[玻璃容器],根据垃圾分类的标准，应该属于[可回收垃圾]","图中展示的物品是碗,根据垃圾分类的标准，应该属于可回收物
"
1518,"图中展示的物品是[wood],根据垃圾分类的标准，应该属于[recyclable]","图中展示的物品是台灯,根据垃圾分类的标准，应该属于可回收物
"
1519,图中展示的物品是电子产品，根据垃圾分类的标准，应该属于电子垃圾。,"图中展示的物品是网卡,根据垃圾分类的标准，应该属于可回收物
"
1520,"图中展示的物品是[刀],[垃圾]","图中展示的物品是刀,根据垃圾分类的标准，应该属于可回收物
"
1521,图中展示的物品是太阳能板，根据垃圾分类的标准，应该属于其他垃圾,"图中展示的物品是电池板,根据垃圾分类的标准，应该属于有害垃圾
"
1522,"图中展示的物品是玻璃杯,根据垃圾分类的标准，应该属于玻璃","图中展示的物品是玻璃壶,根据垃圾分类的标准，应该属于可回收物
"
1523,"图中展示的物品是[garbage_object],根据垃圾分类的标准，应该属于[garbage_type]","图中展示的物品是手链,根据垃圾分类的标准，应该属于可回收物
"
1524,"图中展示的物品是[garbage_object],根据垃圾分类的标准，应该属于[garbage_type]固体废弃物。","图中展示的物品是碘伏空瓶,根据垃圾分类的标准，应该属于有害垃圾
"
1525,图中展示的物品是玻璃容器，根据垃圾分类的标准，应该属于可回收物。,"图中展示的物品是碗,根据垃圾分类的标准，应该属于可回收物
"
1526,"图中展示的物品是{garbage_object},根据垃圾分类的标准，应该属于{garbage_type}塑料袋","图中展示的物品是药品包装,根据垃圾分类的标准，应该属于有害垃圾
"
1527,图中展示的物品是[wood]，根据垃圾分类的标准，应该属于[wood],"图中展示的物品是木质锅铲,根据垃圾分类的标准，应该属于可回收物
"
1528,图中展示的物品是玻璃，根据垃圾分类的标准，应该属于可回收垃圾,"图中展示的物品是烟灰缸,根据垃圾分类的标准，应该属于可回收物
"
1529,图中展示的物品是梳子，根据垃圾分类的标准，应该属于废塑料。,"图中展示的物品是木质梳子,根据垃圾分类的标准，应该属于可回收物
"
1530,"图中展示的物品是{garbage_object},根据垃圾分类的标准，应该属于{garbage_type}","图中展示的物品是手链,根据垃圾分类的标准，应该属于可回收物
"
1531,图中展示的物品是汉堡包，根据垃圾分类的标准，应该属于可回收物,"图中展示的物品是汉堡,根据垃圾分类的标准，应该属于厨余垃圾
"
1532,图中展示的物品是电池，根据垃圾分类的标准，应该属于{garbage_type}电子废弃物。,"图中展示的物品是电池,根据垃圾分类的标准，应该属于有害垃圾
"
1533,图中展示的物品是锅盖，根据垃圾分类的标准，应该属于厨余垃圾。,"图中展示的物品是锅盖,根据垃圾分类的标准，应该属于可回收物
"
1534,图中展示的物品是[computer_equipment]，根据垃圾分类的标准，应该属于[电子废弃物],"图中展示的物品是键盘,根据垃圾分类的标准，应该属于可回收物
"
1535,"图中展示的物品是{garbage_object},根据垃圾分类的标准，应该属于{garbage_type}","图中展示的物品是购物纸袋,根据垃圾分类的标准，应该属于可回收物
"
1536,"图中展示的物品是[apple],根据垃圾分类的标准，应该属于[厨余垃圾]","图中展示的物品是玻璃器皿,根据垃圾分类的标准，应该属于可回收物
"
1537,"图中展示的物品是[garbage_object],根据垃圾分类的标准，应该属于[garbage_type]","图中展示的物品是塑料盆,根据垃圾分类的标准，应该属于可回收物
"
1538,"图中展示的物品是[garbage_object],根据垃圾分类的标准，应该属于[garbage_type]","图中展示的物品是单肩包手提包,根据垃圾分类的标准，应该属于可回收物
"
1539,图中展示的物品是刀具，根据垃圾分类的标准，应该属于厨余垃圾,"图中展示的物品是刀,根据垃圾分类的标准，应该属于可回收物
"
1540,"图中展示的物品是[pen],根据垃圾分类的标准，应该属于[有害垃圾]","图中展示的物品是笔及笔芯,根据垃圾分类的标准，应该属于其他垃圾
"
1541,图中展示的物品是化妆品，根据垃圾分类的标准，应该属于可回收垃圾。,"图中展示的物品是护肤品空瓶,根据垃圾分类的标准，应该属于可回收物
"
1542,"图中展示的物品是[garbage_object],根据垃圾分类的标准，应该属于[garbage_type]","图中展示的物品是购物纸袋,根据垃圾分类的标准，应该属于可回收物
"
1543,"图中展示的物品是{garbage_object},根据垃圾分类的标准，应该属于{garbage_type}","图中展示的物品是地球仪,根据垃圾分类的标准，应该属于可回收物
"
1544,"图中展示的物品是{garbage_object},根据垃圾分类的标准，应该属于{garbage_type}","图中展示的物品是书,根据垃圾分类的标准，应该属于可回收物
"
1545,图中展示的物品是豆子，根据垃圾分类的标准，应该属于厨余垃圾,"图中展示的物品是红豆,根据垃圾分类的标准，应该属于厨余垃圾
"
1546,"图中展示的物品是{garbage_object},根据垃圾分类的标准，应该属于{garbage_type}","图中展示的物品是易拉罐,根据垃圾分类的标准，应该属于可回收物
"
1547,图中展示的物品是{food_container}，根据垃圾分类的标准，应该属于{recyclable}。,"图中展示的物品是碗,根据垃圾分类的标准，应该属于可回收物
"
1548,"图中展示的物品是[garbage_object],根据垃圾分类的标准，应该属于[garbage_type]","图中展示的物品是暖宝宝,根据垃圾分类的标准，应该属于可回收物
"
1549,"图中展示的物品是{garbage_object},根据垃圾分类的标准，应该属于{garbage_type}","图中展示的物品是辣椒,根据垃圾分类的标准，应该属于厨余垃圾
"
1550,图中展示的物品是卫生棉棒，属于垃圾物品，按照垃圾分类的标准，应该属于可回收物。,"图中展示的物品是一次性棉签,根据垃圾分类的标准，应该属于其他垃圾
"
1551,图中展示的物品是玻璃杯，根据垃圾分类的标准，应该属于可回收物。,"图中展示的物品是玻璃器皿,根据垃圾分类的标准，应该属于可回收物
"
1552,图中展示的物品是{pill}，根据垃圾分类的标准，应该属于{garbage_type}废药品类。,"图中展示的物品是保健品瓶,根据垃圾分类的标准，应该属于有害垃圾
"
1553,图中展示的物品是瓶子，根据垃圾分类的标准，应该属于可回收物。,"图中展示的物品是护肤品空瓶,根据垃圾分类的标准，应该属于可回收物
"
1554,"图中展示的物品是铲子,根据垃圾分类的标准，应该属于厨余垃圾","图中展示的物品是木质锅铲,根据垃圾分类的标准，应该属于可回收物
"
1555,图中展示的物品是玻璃，根据垃圾分类的标准，应该属于玻璃,"图中展示的物品是玻璃壶,根据垃圾分类的标准，应该属于可回收物
"
1556,"图中展示的物品是{garbage_object},根据垃圾分类的标准，应该属于{garbage_type}","图中展示的物品是地铁票,根据垃圾分类的标准，应该属于可回收物
"
1557,图中展示的物品是瓷器，根据垃圾分类的标准，应该属于可回收物,"图中展示的物品是茶叶罐,根据垃圾分类的标准，应该属于可回收物
"
1558,"图中展示的物品是{garbage_object},根据垃圾分类的标准，应该属于{garbage_type}","图中展示的物品是烤鸡烤鸭,根据垃圾分类的标准，应该属于厨余垃圾
"
1559,"图中展示的物品是{garbage_object},根据垃圾分类的标准，应该属于{garbage_type}","图中展示的物品是蘑菇,根据垃圾分类的标准，应该属于厨余垃圾
"
1560,图中展示的物品是蔬菜，根据垃圾分类的标准，应该属于厨余垃圾,"图中展示的物品是生肉,根据垃圾分类的标准，应该属于厨余垃圾
"
1561,图中展示的物品是食物，根据垃圾分类的标准，应该属于厨余垃圾。,"图中展示的物品是残渣剩饭,根据垃圾分类的标准，应该属于厨余垃圾
"
1562,"图中展示的物品是{garbage_object},根据垃圾分类的标准，应该属于{garbage_type}厨余垃圾","图中展示的物品是生肉,根据垃圾分类的标准，应该属于厨余垃圾
"
1563,图中展示的物品是{pill_box}，根据垃圾分类的标准，应该属于{garbage_type}垃圾。,"图中展示的物品是药膏,根据垃圾分类的标准，应该属于有害垃圾
"
1564,图中展示的物品是玻璃容器，根据垃圾分类的标准，应该属于可回收垃圾。,"图中展示的物品是水杯,根据垃圾分类的标准，应该属于可回收物
"
1565,图中展示的物品是牙刷，根据垃圾分类的标准，应该属于厨余垃圾,"图中展示的物品是电动牙刷,根据垃圾分类的标准，应该属于可回收物
"
1566,图中展示的物品是电池，根据垃圾分类的标准，应该属于有害垃圾,"图中展示的物品是电池,根据垃圾分类的标准，应该属于有害垃圾
"
1567,"图中展示的物品是{garbage_object},根据垃圾分类的标准，应该属于{garbage_type}","图中展示的物品是登机牌,根据垃圾分类的标准，应该属于可回收物
"
1568,"图中展示的物品是{garbage_object},根据垃圾分类的标准，应该属于{garbage_type}厨余垃圾","图中展示的物品是草莓,根据垃圾分类的标准，应该属于厨余垃圾
"
1569,"图中展示的物品是{garbage_object},根据垃圾分类的标准，应该属于{garbage_type}","图中展示的物品是手提包,根据垃圾分类的标准，应该属于可回收物
"
1570,"图中展示的物品是{garbage_object},根据垃圾分类的标准，应该属于{garbage_type}厨余垃圾","图中展示的物品是生肉,根据垃圾分类的标准，应该属于厨余垃圾
"
1571,图中展示的物品是尺子，根据垃圾分类的标准，应该属于可回收垃圾。,"图中展示的物品是尺子,根据垃圾分类的标准，应该属于可回收物
"
1572,图中展示的物品是{snack}，根据垃圾分类的标准，应该属于{garbage_type}垃圾。,"图中展示的物品是糕点,根据垃圾分类的标准，应该属于厨余垃圾
"
1573,图中展示的物品是牙膏，根据垃圾分类的标准，应该属于废塑料。,"图中展示的物品是打泡网,根据垃圾分类的标准，应该属于其他垃圾
"
1574,"图中展示的物品是[garbage_object],根据垃圾分类的标准，应该属于[garbage_type]","图中展示的物品是手链,根据垃圾分类的标准，应该属于可回收物
"
1575,"图中展示的物品是{garbage_object},根据垃圾分类的标准，应该属于{garbage_type}","图中展示的物品是糕点,根据垃圾分类的标准，应该属于厨余垃圾
"
1576,图中展示的物品是{purse}，根据垃圾分类的标准，应该属于{waste_bags},"图中展示的物品是单肩包手提包,根据垃圾分类的标准，应该属于可回收物
"
1577,"图中展示的物品是玻璃杯,根据垃圾分类的标准，应该属于玻璃","图中展示的物品是玻璃器皿,根据垃圾分类的标准，应该属于可回收物
"
1578,图中展示的物品是手机壳，根据垃圾分类的标准，应该属于其他垃圾。,"图中展示的物品是手机,根据垃圾分类的标准，应该属于可回收物
"
1579,图中展示的物品是蔬菜，根据垃圾分类的标准，应该属于可回收物,"图中展示的物品是青菜,根据垃圾分类的标准，应该属于厨余垃圾
"
1580,图中展示的物品是蔬菜，根据垃圾分类的标准，应该属于厨余垃圾,"图中展示的物品是白菜,根据垃圾分类的标准，应该属于厨余垃圾
"
1581,图中展示的物品是水果，根据垃圾分类的标准，应该属于可回收物,"图中展示的物品是冰糖葫芦,根据垃圾分类的标准，应该属于厨余垃圾
"
1582,图中展示的物品是充电线，根据垃圾分类的标准，应该属于{garbage_type}电子产品废弃线缆。,"图中展示的物品是充电线,根据垃圾分类的标准，应该属于可回收物
"
1583,"图中展示的物品是{garbage_object},根据垃圾分类的标准，应该属于{garbage_type}垃圾。","图中展示的物品是蛋挞,根据垃圾分类的标准，应该属于厨余垃圾
"
1584,图中展示的物品是米饭，根据垃圾分类的标准，应该属于厨余垃圾,"图中展示的物品是炸鸡,根据垃圾分类的标准，应该属于厨余垃圾
"
1585,图中展示的物品是{apple}，根据垃圾分类的标准，应该属于{food},"图中展示的物品是罐头瓶,根据垃圾分类的标准，应该属于可回收物
"
1586,图中展示的物品是电子元件，根据垃圾分类的标准，应该属于垃圾类型。,"图中展示的物品是电路板,根据垃圾分类的标准，应该属于可回收物
"
1587,"图中展示的物品是[garbage_object], 根据垃圾分类的标准，应该属于[garbage_type]","图中展示的物品是便利贴,根据垃圾分类的标准，应该属于其他垃圾
"
1588,图中展示的物品是牙刷，根据垃圾分类的标准，应该属于有害垃圾,"图中展示的物品是电动牙刷,根据垃圾分类的标准，应该属于可回收物
"
1589,图中展示的物品是[塑料容器]，根据垃圾分类的标准，应该属于[厨余垃圾],"图中展示的物品是保鲜盒,根据垃圾分类的标准，应该属于可回收物
"
1590,"图中展示的物品是{garbage_object},根据垃圾分类的标准，应该属于{garbage_type}电子废弃物","图中展示的物品是插线板,根据垃圾分类的标准，应该属于可回收物
"
1591,"图中展示的物品是塑料瓶,根据垃圾分类的标准，应该属于塑料垃圾","图中展示的物品是滴眼液瓶,根据垃圾分类的标准，应该属于有害垃圾
"
1592,图中展示的物品是牙膏，根据垃圾分类的标准，应该属于废药品、废化学试剂,"图中展示的物品是药膏,根据垃圾分类的标准，应该属于有害垃圾
"
1593,图中展示的物品是{backpack}，根据垃圾分类的标准，应该属于{recyclable},"图中展示的物品是手提包,根据垃圾分类的标准，应该属于可回收物
"
1594,"图中展示的物品是{garbage_object},根据垃圾分类的标准，应该属于{garbage_type}","图中展示的物品是核桃,根据垃圾分类的标准，应该属于厨余垃圾
"
1595,"图中展示的物品是药品,根据垃圾分类的标准，应该属于垃圾食品","图中展示的物品是杀虫剂,根据垃圾分类的标准，应该属于有害垃圾
"
1596,"图中展示的物品是{garbage_object},根据垃圾分类的标准，应该属于{garbage_type}","图中展示的物品是糕点,根据垃圾分类的标准，应该属于厨余垃圾
"
1597,图中展示的物品是饼干，根据垃圾分类的标准，应该属于可回收垃圾。,"图中展示的物品是饼干,根据垃圾分类的标准，应该属于厨余垃圾
"
1598,图中展示的物品是{no garbage},"图中展示的物品是望远镜,根据垃圾分类的标准，应该属于可回收物
"
1599,"图中展示的物品是{garbage_object},根据垃圾分类的标准，应该属于{garbage_type}","图中展示的物品是糕点,根据垃圾分类的标准，应该属于厨余垃圾
"
1600,"图中展示的物品是{garbage_object},根据垃圾分类的标准，应该属于{garbage_type}","图中展示的物品是鸡翅,根据垃圾分类的标准，应该属于厨余垃圾
"
1601,"图中展示的物品是[garbage_object],根据垃圾分类的标准，应该属于[garbage_type]","图中展示的物品是易拉罐,根据垃圾分类的标准，应该属于可回收物
"
1602,"图中展示的物品是[wooden_beads],根据垃圾分类的标准，应该属于[wood]","图中展示的物品是核桃,根据垃圾分类的标准，应该属于厨余垃圾
"
1603,图中展示的物品是饼干，根据垃圾分类的标准，应该属于垃圾食品,"图中展示的物品是饼干,根据垃圾分类的标准，应该属于厨余垃圾
"
1604,"图中展示的物品是{garbage_object},根据垃圾分类的标准，应该属于{garbage_type}垃圾。","图中展示的物品是耳钉耳环,根据垃圾分类的标准，应该属于可回收物
"
1605,"图中展示的物品是{garbage_object},根据垃圾分类的标准，应该属于{garbage_type}","图中展示的物品是耳套,根据垃圾分类的标准，应该属于可回收物
"
1606,图中展示的物品是干果，根据垃圾分类的标准，应该属于干垃圾。,"图中展示的物品是干果壳,根据垃圾分类的标准，应该属于其他垃圾
"
1607,图中展示的物品是玻璃杯，根据垃圾分类的标准，应该属于可回收垃圾,"图中展示的物品是水杯,根据垃圾分类的标准，应该属于可回收物
"
1608,"图中展示的物品是[garbage_object],根据垃圾分类的标准，应该属于[garbage_type]","图中展示的物品是鞋,根据垃圾分类的标准，应该属于可回收物
"
1609,"图中展示的物品是[笔],根据垃圾分类的标准，应该属于[其他垃圾]","图中展示的物品是笔及笔芯,根据垃圾分类的标准，应该属于其他垃圾
"
1610,图中展示的物品是地球仪，根据垃圾分类的标准，应该属于可回收物。,"图中展示的物品是地球仪,根据垃圾分类的标准，应该属于可回收物
"
1611,图中展示的物品是一次性棉签，根据垃圾分类的标准，应该属于有害垃圾,"图中展示的物品是一次性棉签,根据垃圾分类的标准，应该属于其他垃圾
"
1612,图中展示的物品是纸袋，根据垃圾分类的标准，应该属于可回收物。,"图中展示的物品是购物纸袋,根据垃圾分类的标准，应该属于可回收物
"
1613,图中展示的物品是{glass}，根据垃圾分类的标准，应该属于{glass},"图中展示的物品是拖鞋,根据垃圾分类的标准，应该属于可回收物
"
1614,"图中展示的物品是{garbage_object},根据垃圾分类的标准，应该属于{garbage_type}","图中展示的物品是烤鸡烤鸭,根据垃圾分类的标准，应该属于厨余垃圾
"
1615,图中展示的物品是手提包，根据垃圾分类的标准，应该属于可回收物。,"图中展示的物品是单肩包手提包,根据垃圾分类的标准，应该属于可回收物
"
1616,图中展示的物品是玻璃杯，根据垃圾分类的标准，应该属于玻璃,"图中展示的物品是水杯,根据垃圾分类的标准，应该属于可回收物
"
1617,"图中展示的物品是{bag_object},根据垃圾分类的标准，应该属于{garbage_type}","图中展示的物品是单肩包手提包,根据垃圾分类的标准，应该属于可回收物
"
1618,图中展示的物品是电熨斗，根据垃圾分类的标准，应该属于电子垃圾,"图中展示的物品是电熨斗,根据垃圾分类的标准，应该属于可回收物
"
1619,图中展示的物品是芹菜，根据垃圾分类的标准，应该属于厨余垃圾,"图中展示的物品是青菜,根据垃圾分类的标准，应该属于厨余垃圾
"
1620,图中展示的物品是汉堡包，根据垃圾分类的标准，应该属于垃圾食品,"图中展示的物品是汉堡,根据垃圾分类的标准，应该属于厨余垃圾
"
1621,图中展示的物品是塑料袋，根据垃圾分类的标准，应该属于其他垃圾。,"图中展示的物品是PE塑料袋,根据垃圾分类的标准，应该属于其他垃圾
"
1622,"图中展示的物品是{garbage_object},根据垃圾分类的标准，应该属于{garbage_type}","图中展示的物品是耳钉耳环,根据垃圾分类的标准，应该属于可回收物
"
1623,图中展示的物品是纸巾，根据垃圾分类的标准，应该属于纸类垃圾。,"图中展示的物品是创可贴,根据垃圾分类的标准，应该属于其他垃圾
"
1624,"图中展示的物品是{garbage_object},根据垃圾分类的标准，应该属于{garbage_type}","图中展示的物品是玩偶,根据垃圾分类的标准，应该属于可回收物
"
1625,"垃圾物品：辣条
垃圾类型：垃圾食品","图中展示的物品是牛肉干,根据垃圾分类的标准，应该属于厨余垃圾
"
1626,图中展示的物品是线缆，根据垃圾分类的标准，应该属于电子废弃物。,"图中展示的物品是充电线,根据垃圾分类的标准，应该属于可回收物
"
1627,图中展示的物品是鞋子，根据垃圾分类的标准，应该属于垃圾,"图中展示的物品是鞋,根据垃圾分类的标准，应该属于可回收物
"
1628,"图中展示的物品是[watch],根据垃圾分类的标准，应该属于[电子废弃物]","图中展示的物品是钟表,根据垃圾分类的标准，应该属于可回收物
"
1629,图中展示的物品是{paper_box}，根据垃圾分类的标准，应该属于{paper},"图中展示的物品是创可贴,根据垃圾分类的标准，应该属于其他垃圾
"
1630,"图中展示的物品是[garbage_object],根据垃圾分类的标准，应该属于[garbage_type]","图中展示的物品是毛巾,根据垃圾分类的标准，应该属于其他垃圾
"
1631,图中展示的物品是{no garbage}，根据垃圾分类的标准，应该属于{no garbage},"图中展示的物品是枕头,根据垃圾分类的标准，应该属于可回收物
"
1632,"图中展示的物品是{garbage_object},根据垃圾分类的标准，应该属于{garbage_type}厨余垃圾","图中展示的物品是塑料盆,根据垃圾分类的标准，应该属于可回收物
"
1633,"图中展示的物品是{garbage_object},根据垃圾分类的标准，应该属于{garbage_type}","图中展示的物品是咖啡渣,根据垃圾分类的标准，应该属于厨余垃圾
"
1634,"图中展示的物品是{garbage_object},根据垃圾分类的标准，应该属于{garbage_type}","图中展示的物品是车钥匙,根据垃圾分类的标准，应该属于可回收物
"
1635,"图中展示的物品是{garbage_object},根据垃圾分类的标准，应该属于{garbage_type}","图中展示的物品是蚕豆,根据垃圾分类的标准，应该属于厨余垃圾
"
1636,"图中展示的物品是{garbage_object},根据垃圾分类的标准，应该属于{garbage_type}","图中展示的物品是生肉,根据垃圾分类的标准，应该属于厨余垃圾
"
1637,图中展示的物品是{raw_food}，根据垃圾分类的标准，应该属于{raw_food},"图中展示的物品是肠(火腿),根据垃圾分类的标准，应该属于厨余垃圾
"
1638,"图中展示的物品是{garbage_object},根据垃圾分类的标准，应该属于{garbage_type}","图中展示的物品是玩偶,根据垃圾分类的标准，应该属于可回收物
"
1639,"图中展示的物品是{garbage_object},根据垃圾分类的标准，应该属于{garbage_type}垃圾。","图中展示的物品是充电线,根据垃圾分类的标准，应该属于可回收物
"
1640,图中展示的物品是放大镜，根据垃圾分类的标准，应该属于{recyclable},"图中展示的物品是放大镜,根据垃圾分类的标准，应该属于可回收物
"
1641,"图中展示的物品是{garbage_object},根据垃圾分类的标准，应该属于{garbage_type}","图中展示的物品是残渣剩饭,根据垃圾分类的标准，应该属于厨余垃圾
"
1642,图中展示的物品是档案袋，根据垃圾分类的标准，应该属于不可回收垃圾。,"图中展示的物品是档案袋,根据垃圾分类的标准，应该属于可回收物
"
1643,图中展示的物品是[钳子]，根据垃圾分类的标准，应该属于[金属],"图中展示的物品是镊子,根据垃圾分类的标准，应该属于可回收物
"
1644,"图中展示的物品是{garbage_object},根据垃圾分类的标准，应该属于{garbage_type}","图中展示的物品是车钥匙,根据垃圾分类的标准，应该属于可回收物
"
1645,图中展示的物品是计算器，属于电子垃圾,"图中展示的物品是计算器,根据垃圾分类的标准，应该属于可回收物
"
1646,图中展示的物品是计算器，根据垃圾分类的标准，应该属于电子废弃物,"图中展示的物品是计算器,根据垃圾分类的标准，应该属于可回收物
"
1647,"图中展示的物品是[card], 根据垃圾分类的标准，应该属于[garbage_type]","图中展示的物品是地铁票,根据垃圾分类的标准，应该属于可回收物
"
1648,"图中展示的物品是{garbage_object},根据垃圾分类的标准，应该属于{garbage_type}","图中展示的物品是保温杯,根据垃圾分类的标准，应该属于可回收物
"
1649,图中展示的物品是面包，根据垃圾分类的标准，应该属于可回收物,"图中展示的物品是糕点,根据垃圾分类的标准，应该属于厨余垃圾
"
1650,图中展示的物品是玻璃茶壶，根据垃圾分类的标准，应该属于{有害垃圾},"图中展示的物品是烧水壶,根据垃圾分类的标准，应该属于可回收物
"
1651,图中展示的物品是[玻璃瓶]，根据垃圾分类的标准，应该属于[可回收物],"图中展示的物品是玻璃壶,根据垃圾分类的标准，应该属于可回收物
"
1652,图中展示的物品是塑料制品，根据垃圾分类的标准，应该属于塑料垃圾,"图中展示的物品是打气筒,根据垃圾分类的标准，应该属于可回收物
"
1653,图中展示的物品是{empty_box}，根据垃圾分类的标准，应该属于{recycle},"图中展示的物品是护肤品空瓶,根据垃圾分类的标准，应该属于可回收物
"
1654,"图中展示的物品是[garbage_object],根据垃圾分类的标准，应该属于[garbage_type]","图中展示的物品是书,根据垃圾分类的标准，应该属于可回收物
"
1655,"图中展示的物品是{garbage_object},根据垃圾分类的标准，应该属于{garbage_type}","图中展示的物品是车钥匙,根据垃圾分类的标准，应该属于可回收物
"
1656,图中展示的物品是喷雾剂，根据垃圾分类的标准，应该属于有害垃圾,"图中展示的物品是杀虫剂,根据垃圾分类的标准，应该属于有害垃圾
"
1657,图中展示的物品是{bean_curd}，根据垃圾分类的标准，应该属于{food},"图中展示的物品是粉条,根据垃圾分类的标准，应该属于厨余垃圾
"
1658,图中展示的物品是面包，根据垃圾分类的标准，应该属于厨余垃圾。,"图中展示的物品是普通面包,根据垃圾分类的标准，应该属于厨余垃圾
"
1659,"图中展示的物品是[garbage_object],根据垃圾分类的标准，应该属于[garbage_type]","图中展示的物品是玩偶,根据垃圾分类的标准，应该属于可回收物
"
1660,图中展示的物品是木盘，根据垃圾分类的标准，应该属于可回收物,"图中展示的物品是木制切菜板,根据垃圾分类的标准，应该属于可回收物
"
1661,图中展示的物品是芹菜，根据垃圾分类的标准，应该属于绿色垃圾,"图中展示的物品是青菜,根据垃圾分类的标准，应该属于厨余垃圾
"
1662,"图中展示的物品是{garbage_object},根据垃圾分类的标准，应该属于{garbage_type}垃圾。","图中展示的物品是保健品瓶,根据垃圾分类的标准，应该属于有害垃圾
"
1663,"图中展示的物品是[药品, 医疗器械], 根据垃圾分类的标准，应该属于[有害垃圾]","图中展示的物品是药品包装,根据垃圾分类的标准，应该属于有害垃圾
"
1664,图中展示的物品是充电宝，根据垃圾分类的标准，应该属于可回收物,"图中展示的物品是充电宝,根据垃圾分类的标准，应该属于可回收物
"
1665,"图中展示的物品是[garbage_object],根据垃圾分类的标准，应该属于[garbage_type]","图中展示的物品是滴眼液瓶,根据垃圾分类的标准，应该属于有害垃圾
"
1666,图中展示的物品是面包，根据垃圾分类的标准，应该属于可回收物。,"图中展示的物品是普通面包,根据垃圾分类的标准，应该属于厨余垃圾
"
1667,玻璃杯,"图中展示的物品是玻璃器皿,根据垃圾分类的标准，应该属于可回收物
"
1668,图中展示的物品是胶带，根据垃圾分类的标准，应该属于{garbage_type}。,"图中展示的物品是涂改带,根据垃圾分类的标准，应该属于其他垃圾
"
1669,"图中展示的物品是[wooden_spatula],根据垃圾分类的标准，应该属于[recyclable]","图中展示的物品是木质锅铲,根据垃圾分类的标准，应该属于可回收物
"
1670,"图中展示的物品是杯子,根据垃圾分类的标准，应该属于可回收物","图中展示的物品是水杯,根据垃圾分类的标准，应该属于可回收物
"
1671,图中展示的物品是塑料杯，根据垃圾分类的标准，应该属于厨余垃圾,"图中展示的物品是一次性杯子,根据垃圾分类的标准，应该属于其他垃圾
"
1672,图中展示的物品是毛绒玩具，根据垃圾分类的标准，应该属于可回收物。,"图中展示的物品是暖宝宝,根据垃圾分类的标准，应该属于可回收物
"
1673,图中展示的物品是{wire}，根据垃圾分类的标准，应该属于{waste electronic and electrical equipment},"图中展示的物品是充电线,根据垃圾分类的标准，应该属于可回收物
"
1674,"图中展示的物品是{garbage_object},根据垃圾分类的标准，应该属于{garbage_type}厨余垃圾。","图中展示的物品是奶粉罐铝盖,根据垃圾分类的标准，应该属于可回收物
"
1675,"图中展示的物品是{garbage_object},根据垃圾分类的标准，应该属于{garbage_type}垃圾。","图中展示的物品是卡,根据垃圾分类的标准，应该属于可回收物
"
1676,"图中展示的物品是{garbage_object},根据垃圾分类的标准，应该属于{garbage_type}","图中展示的物品是车钥匙,根据垃圾分类的标准，应该属于可回收物
"
1677,"图中展示的物品是铅笔,根据垃圾分类的标准，应该属于其他垃圾","图中展示的物品是笔及笔芯,根据垃圾分类的标准，应该属于其他垃圾
"
1678,图中展示的物品是钢丝球，根据垃圾分类的标准，应该属于厨余垃圾。,"图中展示的物品是钢丝球,根据垃圾分类的标准，应该属于可回收物
"
1679,"图中展示的物品是[garbage_object],根据垃圾分类的标准，应该属于[garbage_type]","图中展示的物品是车钥匙,根据垃圾分类的标准，应该属于可回收物
"
1680,图中展示的物品是[fruit]，根据垃圾分类的标准，应该属于[可回收物],"图中展示的物品是草莓,根据垃圾分类的标准，应该属于厨余垃圾
"
1681,图中展示的物品是橙子，根据垃圾分类的标准，应该属于有机垃圾,"图中展示的物品是糕点,根据垃圾分类的标准，应该属于厨余垃圾
"
1682,"图中展示的物品是[knife],根据垃圾分类的标准，应该属于[厨余垃圾]","图中展示的物品是刀,根据垃圾分类的标准，应该属于可回收物
"
1683,"图中展示的物品是{garbage_object},根据垃圾分类的标准，应该属于{garbage_type}","图中展示的物品是购物纸袋,根据垃圾分类的标准，应该属于可回收物
"
1684,图中展示的物品是衣架，根据垃圾分类的标准，应该属于可回收物。,"图中展示的物品是衣架,根据垃圾分类的标准，应该属于可回收物
"
1685,图中展示的物品是{garbage_box}，根据垃圾分类的标准，应该属于{garbage_type},"图中展示的物品是泡沫盒子,根据垃圾分类的标准，应该属于可回收物
"
1686,"图中展示的物品是[garbage_object],根据垃圾分类的标准，应该属于[garbage_type]","图中展示的物品是果冻,根据垃圾分类的标准，应该属于厨余垃圾
"
1687,"图中展示的物品是[garbage_object],根据垃圾分类的标准，应该属于[garbage_type]","图中展示的物品是衣架,根据垃圾分类的标准，应该属于可回收物
"
1688,"图中展示的物品是[wood],根据垃圾分类的标准，应该属于[wood]","图中展示的物品是乒乓球拍,根据垃圾分类的标准，应该属于可回收物
"
1689,图中展示的物品是纸巾，根据垃圾分类的标准，应该属于厨余垃圾。,"图中展示的物品是果冻,根据垃圾分类的标准，应该属于厨余垃圾
"
1690,"图中展示的物品是{garbage_object},根据垃圾分类的标准，应该属于{garbage_type}","图中展示的物品是地球仪,根据垃圾分类的标准，应该属于可回收物
"
1691,图中展示的物品是[wooden_spatula]，根据垃圾分类的标准，应该属于[wood],"图中展示的物品是木质锅铲,根据垃圾分类的标准，应该属于可回收物
"
1692,图中展示的物品是尺子，根据垃圾分类的标准，应该属于废品,"图中展示的物品是笔及笔芯,根据垃圾分类的标准，应该属于其他垃圾
"
1693,图中展示的物品是线缆，根据垃圾分类的标准，应该属于废品,"图中展示的物品是充电线,根据垃圾分类的标准，应该属于可回收物
"
1694,"图中展示的物品是{garbage_object},根据垃圾分类的标准，应该属于{garbage_type}","图中展示的物品是玩偶,根据垃圾分类的标准，应该属于可回收物
"
1695,"图中展示的物品是{garbage_object},根据垃圾分类的标准，应该属于{garbage_type}","图中展示的物品是拖鞋,根据垃圾分类的标准，应该属于可回收物
"
1696,图中展示的物品是核桃，根据垃圾分类的标准，应该属于可回收物。,"图中展示的物品是核桃,根据垃圾分类的标准，应该属于厨余垃圾
"
1697,图中展示的物品是{plastic_bandage}，根据垃圾分类的标准，应该属于{plastic},"图中展示的物品是创可贴,根据垃圾分类的标准，应该属于其他垃圾
"
1698,图中展示的物品是空气净化器，根据垃圾分类的标准，应该属于{gadget},"图中展示的物品是空气加湿器,根据垃圾分类的标准，应该属于可回收物
"
1699,图中展示的物品是袜子，根据垃圾分类的标准，应该属于可回收垃圾,"图中展示的物品是袜子,根据垃圾分类的标准，应该属于可回收物
"
1700,图中展示的物品是卫生湿巾，根据垃圾分类的标准，应该属于{garbage_type}垃圾。,"图中展示的物品是湿纸巾,根据垃圾分类的标准，应该属于其他垃圾
"
1701,图中展示的物品是无垃圾，根据垃圾分类的标准，应该属于无垃圾,"图中展示的物品是蛋,根据垃圾分类的标准，应该属于厨余垃圾
"
1702,"图中展示的物品是{garbage_object},根据垃圾分类的标准，应该属于{garbage_type}垃圾。","图中展示的物品是玩偶,根据垃圾分类的标准，应该属于可回收物
"
1703,图中展示的物品是手机，根据垃圾分类的标准，应该属于电子废弃物。,"图中展示的物品是手机,根据垃圾分类的标准，应该属于可回收物
"
1704,图中展示的物品是金属尺，根据垃圾分类的标准，应该属于金属制品,"图中展示的物品是尺子,根据垃圾分类的标准，应该属于可回收物
"
1705,图中展示的物品是蔬菜，根据垃圾分类的标准，应该属于可回收物。,"图中展示的物品是肠(火腿),根据垃圾分类的标准，应该属于厨余垃圾
"
1706,图中展示的物品是{green}，根据垃圾分类的标准，应该属于{green},"图中展示的物品是青菜,根据垃圾分类的标准，应该属于厨余垃圾
"
1707,图中展示的物品是玻璃制品，根据垃圾分类的标准，应该属于可回收垃圾。,"图中展示的物品是罐头瓶,根据垃圾分类的标准，应该属于可回收物
"
1708,图中展示的物品是杯子，根据垃圾分类的标准，应该属于可回收物,"图中展示的物品是保温杯,根据垃圾分类的标准，应该属于可回收物
"
1709,图中展示的物品是玻璃瓶，根据垃圾分类的标准，应该属于可回收物,"图中展示的物品是罐头瓶,根据垃圾分类的标准，应该属于可回收物
"
1710,"图中展示的物品是{garbage_object},根据垃圾分类的标准，应该属于{garbage_type}电子垃圾。","图中展示的物品是网卡,根据垃圾分类的标准，应该属于可回收物
"
1711,"图中展示的物品是{garbage_object},根据垃圾分类的标准，应该属于{garbage_type}","图中展示的物品是电动卷发棒,根据垃圾分类的标准，应该属于可回收物
"
1712,"图中展示的物品是[garbage_object],根据垃圾分类的标准，应该属于[garbage_type]","图中展示的物品是肠(火腿),根据垃圾分类的标准，应该属于厨余垃圾
"
1713,图中展示的物品是蛋糕，根据垃圾分类的标准，应该属于垃圾食品,"图中展示的物品是糕点,根据垃圾分类的标准，应该属于厨余垃圾
"
1714,图中展示的物品是钳子，根据垃圾分类的标准，应该属于金属垃圾,"图中展示的物品是镊子,根据垃圾分类的标准，应该属于可回收物
"
1715,图中展示的物品是{tablet_box}，根据垃圾分类的标准，应该属于{recyclable},"图中展示的物品是药品包装,根据垃圾分类的标准，应该属于有害垃圾
"
1716,图中展示的物品是蔬菜，根据垃圾分类的标准，应该属于厨余垃圾,"图中展示的物品是青菜,根据垃圾分类的标准，应该属于厨余垃圾
"
1717,图中展示的物品是{no garbage}，根据垃圾分类的标准，不应该属于{garbage_type}。,"图中展示的物品是单肩包手提包,根据垃圾分类的标准，应该属于可回收物
"
1718,"图中展示的物品是{garbage_object},根据垃圾分类的标准，应该属于{garbage_type}","图中展示的物品是奶盒,根据垃圾分类的标准，应该属于可回收物
"
1719,"图中展示的物品是{pen_object},根据垃圾分类的标准，应该属于{recycling}","图中展示的物品是笔及笔芯,根据垃圾分类的标准，应该属于其他垃圾
"
1720,"图中展示的物品是{garbage_object},根据垃圾分类的标准，应该属于{garbage_type}","图中展示的物品是拖鞋,根据垃圾分类的标准，应该属于可回收物
"
1721,"图中展示的物品是{chestnut},根据垃圾分类的标准，应该属于{garbage_type}","图中展示的物品是板栗,根据垃圾分类的标准，应该属于厨余垃圾
"
1722,图中展示的物品是验孕棒，根据垃圾分类的标准，应该属于有害垃圾。,"图中展示的物品是验孕棒,根据垃圾分类的标准，应该属于其他垃圾
"
1723,"图中展示的物品是{pillow_object},根据垃圾分类的标准，应该属于{garbage_type}","图中展示的物品是枕头,根据垃圾分类的标准，应该属于可回收物
"
1724,图中展示的物品是苹果树，根据垃圾分类的标准，应该属于其他垃圾。,"图中展示的物品是苹果,根据垃圾分类的标准，应该属于厨余垃圾
"
1725,图中展示的物品是面团，根据垃圾分类的标准，应该属于厨余垃圾。,"图中展示的物品是普通面包,根据垃圾分类的标准，应该属于厨余垃圾
"
1726,图中展示的物品是3D眼镜，根据垃圾分类的标准，应该属于其他垃圾。,"图中展示的物品是眼镜,根据垃圾分类的标准，应该属于其他垃圾
"
1727,图中展示的物品是{backpack}，根据垃圾分类的标准，应该属于{waste},"图中展示的物品是手提包,根据垃圾分类的标准，应该属于可回收物
"
1728,图中展示的物品是{toy}，根据垃圾分类的标准，应该属于{toy},"图中展示的物品是涂改带,根据垃圾分类的标准，应该属于其他垃圾
"
1729,"图中展示的物品是{garbage_object},根据垃圾分类的标准，应该属于{garbage_type}","图中展示的物品是碗,根据垃圾分类的标准，应该属于可回收物
"
1730,图中展示的物品是{egg}，根据垃圾分类的标准，应该属于{厨余垃圾},"图中展示的物品是蛋,根据垃圾分类的标准，应该属于厨余垃圾
"
1731,"图中展示的物品是[swatter],根据垃圾分类的标准，应该属于[其他垃圾]","图中展示的物品是苍蝇拍,根据垃圾分类的标准，应该属于其他垃圾
"
1732,图中展示的物品是钳子，根据垃圾分类的标准，应该属于金属垃圾。,"图中展示的物品是镊子,根据垃圾分类的标准，应该属于可回收物
"
1733,"图中展示的物品是{garbage_object},根据垃圾分类的标准，应该属于{garbage_type}","图中展示的物品是手链,根据垃圾分类的标准，应该属于可回收物
"
1734,"图中展示的物品是[garbage_object],根据垃圾分类的标准，应该属于[garbage_type]","图中展示的物品是呼啦圈,根据垃圾分类的标准，应该属于可回收物
"
1735,图中展示的物品是台灯，根据垃圾分类的标准，应该属于废品,"图中展示的物品是台灯,根据垃圾分类的标准，应该属于可回收物
"
1736,图中展示的物品是塑料瓶，根据垃圾分类的标准，应该属于其他垃圾。,"图中展示的物品是护肤品空瓶,根据垃圾分类的标准，应该属于可回收物
"
1737,图中展示的物品是玩具，根据垃圾分类的标准，应该属于可回收物。,"图中展示的物品是玩偶,根据垃圾分类的标准，应该属于可回收物
"
1738,"图中展示的物品是{garbage_object},根据垃圾分类的标准，应该属于{garbage_type}","图中展示的物品是胶水,根据垃圾分类的标准，应该属于有害垃圾
"
1739,图中展示的物品是菠萝，根据垃圾分类的标准，应该属于厨余垃圾,"图中展示的物品是菠萝,根据垃圾分类的标准，应该属于厨余垃圾
"
1740,"图中展示的物品是{garbage_object},根据垃圾分类的标准，应该属于{garbage_type}","图中展示的物品是核桃,根据垃圾分类的标准，应该属于厨余垃圾
"
1741,图中展示的物品是{food_product}，根据垃圾分类的标准，应该属于{garbage_type},"图中展示的物品是药品包装,根据垃圾分类的标准，应该属于有害垃圾
"
1742,"图中展示的物品是[sausage],根据垃圾分类的标准，应该属于[厨余垃圾]","图中展示的物品是肠(火腿),根据垃圾分类的标准，应该属于厨余垃圾
"
1743,"图中展示的物品是{garbage_object},根据垃圾分类的标准，应该属于{garbage_type}","图中展示的物品是鞋,根据垃圾分类的标准，应该属于可回收物
"
1744,图中展示的物品是{food}，根据垃圾分类的标准，应该属于{food waste},"图中展示的物品是肠(火腿),根据垃圾分类的标准，应该属于厨余垃圾
"
1745,"图中展示的物品是[garbage_object],根据垃圾分类的标准，应该属于[garbage_type]","图中展示的物品是地球仪,根据垃圾分类的标准，应该属于可回收物
"
1746,"图中展示的物品是{garbage_object},根据垃圾分类的标准，应该属于{garbage_type}电子废弃物","图中展示的物品是蓄电池,根据垃圾分类的标准，应该属于有害垃圾
"
1747,"图中展示的物品是水果,根据垃圾分类的标准，应该属于可回收物","图中展示的物品是哈密瓜,根据垃圾分类的标准，应该属于厨余垃圾
"
1748,图中展示的物品是键盘，根据垃圾分类的标准，应该属于电子废弃物。,"图中展示的物品是键盘,根据垃圾分类的标准，应该属于可回收物
"
1749,图中展示的物品是{toy}，根据垃圾分类的标准，应该属于{plastic},"图中展示的物品是玩偶,根据垃圾分类的标准，应该属于可回收物
"
1750,"图中展示的物品是玩具,根据垃圾分类的标准，应该属于玩具","图中展示的物品是玩偶,根据垃圾分类的标准，应该属于可回收物
"
1751,"图中展示的物品是{garbage_object},根据垃圾分类的标准，应该属于{garbage_type}","图中展示的物品是电路板,根据垃圾分类的标准，应该属于可回收物
"
1752,图中展示的物品是{vegetable}，根据垃圾分类的标准，应该属于{vegetable},"图中展示的物品是西瓜皮,根据垃圾分类的标准，应该属于厨余垃圾
"
1753,"图中展示的物品是[garbage_object],根据垃圾分类的标准，应该属于[garbage_type]","图中展示的物品是蘑菇,根据垃圾分类的标准，应该属于厨余垃圾
"
1754,"图中展示的物品是{garbage_object},根据垃圾分类的标准，应该属于{garbage_type}","图中展示的物品是粉条,根据垃圾分类的标准，应该属于厨余垃圾
"
1755,图中展示的物品是梳子，根据垃圾分类的标准，应该属于废金属,"图中展示的物品是木质梳子,根据垃圾分类的标准，应该属于可回收物
"
1756,"图中展示的物品是{garbage_object},根据垃圾分类的标准，应该属于{garbage_type}","图中展示的物品是茶壶碎片,根据垃圾分类的标准，应该属于其他垃圾
"
1757,"图中展示的物品是{garbage_object},根据垃圾分类的标准，应该属于{garbage_type}","图中展示的物品是板栗,根据垃圾分类的标准，应该属于厨余垃圾
"
1758,图中展示的物品是面包，根据垃圾分类的标准，应该属于垃圾食品。,"图中展示的物品是菠萝蜜,根据垃圾分类的标准，应该属于厨余垃圾
"
1759,图中展示的物品是{shoes}，根据垃圾分类的标准，应该属于{garbage_type}鞋子。,"图中展示的物品是拖鞋,根据垃圾分类的标准，应该属于可回收物
"
1760,图中展示的物品是电池，根据垃圾分类的标准，应该属于有害垃圾,"图中展示的物品是纽扣电池,根据垃圾分类的标准，应该属于有害垃圾
"
1761,"图中展示的物品是{garbage_object},根据垃圾分类的标准，应该属于{garbage_type}厨余垃圾。","图中展示的物品是白菜,根据垃圾分类的标准，应该属于厨余垃圾
"
1762,图中展示的物品是肉制品，根据垃圾分类的标准，应该属于垃圾食品,"图中展示的物品是肠(火腿),根据垃圾分类的标准，应该属于厨余垃圾
"
1763,图中展示的物品是甜点，根据垃圾分类的标准，应该属于垃圾食品,"图中展示的物品是饼干,根据垃圾分类的标准，应该属于厨余垃圾
"
1764,"图中展示的物品是[garbage_object],根据垃圾分类的标准，应该属于[garbage_type]","图中展示的物品是巴旦木,根据垃圾分类的标准，应该属于厨余垃圾
"
1765,图中展示的物品是[钟表]，根据垃圾分类的标准，应该属于[其他垃圾],"图中展示的物品是钟表,根据垃圾分类的标准，应该属于可回收物
"
1766,图中展示的物品是牛肉干，根据垃圾分类的标准，应该属于可回收物。,"图中展示的物品是牛肉干,根据垃圾分类的标准，应该属于厨余垃圾
"
1767,图中展示的物品是玻璃杯,"图中展示的物品是玻璃器皿,根据垃圾分类的标准，应该属于可回收物
"
1768,图中展示的物品是{none}，根据垃圾分类的标准，应该属于{none},"图中展示的物品是护肤品空瓶,根据垃圾分类的标准，应该属于可回收物
"
1769,"图中展示的物品是{garbage_object},根据垃圾分类的标准，应该属于{garbage_type}","图中展示的物品是报纸,根据垃圾分类的标准，应该属于可回收物
"
1770,"图中展示的物品是{garbage_object},根据垃圾分类的标准，应该属于{garbage_type}","图中展示的物品是胡萝卜,根据垃圾分类的标准，应该属于厨余垃圾
"
1771,"图中展示的物品是[garbage_object],根据垃圾分类的标准，应该属于[garbage_type]","图中展示的物品是药品包装,根据垃圾分类的标准，应该属于有害垃圾
"
1772,"图中展示的物品是{garbage_object},根据垃圾分类的标准，应该属于{garbage_type}厨余垃圾","图中展示的物品是百洁布,根据垃圾分类的标准，应该属于其他垃圾
"
1773,图中展示的物品是玻璃盖，根据垃圾分类的标准，应该属于可回收物。,"图中展示的物品是锅盖,根据垃圾分类的标准，应该属于可回收物
"
1774,图中展示的物品是电池，根据垃圾分类的标准，应该属于有害垃圾,"图中展示的物品是蓄电池,根据垃圾分类的标准，应该属于有害垃圾
"
1775,"图中展示的物品是[酒类],根据垃圾分类的标准，应该属于[饮品]","图中展示的物品是红花油,根据垃圾分类的标准，应该属于有害垃圾
"
1776,"图中展示的物品是[garbage_object],根据垃圾分类的标准，应该属于[garbage_type]","图中展示的物品是毛巾,根据垃圾分类的标准，应该属于其他垃圾
"
1777,"图中展示的物品是蔬菜,根据垃圾分类的标准，应该属于可回收物","图中展示的物品是青菜,根据垃圾分类的标准，应该属于厨余垃圾
"
1778,"图中展示的物品是[garbage_object],根据垃圾分类的标准，应该属于[garbage_type]","图中展示的物品是核桃,根据垃圾分类的标准，应该属于厨余垃圾
"
1779,图中展示的物品是塑料瓶，根据垃圾分类的标准，应该属于其他垃圾。,"图中展示的物品是塑料瓶,根据垃圾分类的标准，应该属于可回收物
"
1780,图中展示的物品是剃须刀，根据垃圾分类的标准，应该属于废品,"图中展示的物品是电动剃须刀,根据垃圾分类的标准，应该属于可回收物
"
1781,图中展示的物品是线缆，根据垃圾分类的标准，应该属于{garbage_type}线缆,"图中展示的物品是插线板,根据垃圾分类的标准，应该属于可回收物
"
1782,"图中展示的物品是毛绒玩具,根据垃圾分类的标准，应该属于废品","图中展示的物品是暖宝宝,根据垃圾分类的标准，应该属于可回收物
"
1783,图中展示的物品是纸板箱，根据垃圾分类的标准，应该属于可回收物,"图中展示的物品是纸箱,根据垃圾分类的标准，应该属于可回收物
"
1784,图中展示的物品是空调遥控器，根据垃圾分类的标准，应该属于电子废弃物。,"图中展示的物品是空调遥控器,根据垃圾分类的标准，应该属于可回收物
"
1785,图中展示的物品是乒乓球拍，根据垃圾分类的标准，应该属于其他垃圾。,"图中展示的物品是乒乓球拍,根据垃圾分类的标准，应该属于可回收物
"
1786,图中展示的物品是银行卡，根据垃圾分类的标准，应该属于{garbage_type}其他垃圾。,"图中展示的物品是卡,根据垃圾分类的标准，应该属于可回收物
"
1787,"图中展示的物品是{garbage_object},根据垃圾分类的标准，应该属于{garbage_type}","图中展示的物品是键盘,根据垃圾分类的标准，应该属于可回收物
"
1788,图中展示的物品是毛绒玩具，根据垃圾分类的标准，应该属于可回收物,"图中展示的物品是玩偶,根据垃圾分类的标准，应该属于可回收物
"
1789,图中展示的物品是电池，根据垃圾分类的标准，应该属于有害垃圾。,"图中展示的物品是电池,根据垃圾分类的标准，应该属于有害垃圾
"
1790,图中展示的物品是饼干，根据垃圾分类的标准，应该属于垃圾食品,"图中展示的物品是饼干,根据垃圾分类的标准，应该属于厨余垃圾
"
1791,"图中展示的物品是[garbage_object],根据垃圾分类的标准，应该属于[garbage_type]","图中展示的物品是玻璃器皿,根据垃圾分类的标准，应该属于可回收物
"
1792,图中展示的物品是叉子，根据垃圾分类的标准，应该属于厨余垃圾,"图中展示的物品是叉子,根据垃圾分类的标准，应该属于可回收物
"
1793,图中展示的物品是茶壶，根据垃圾分类的标准，应该属于可回收物,"图中展示的物品是茶叶罐,根据垃圾分类的标准，应该属于可回收物
"
1794,图中展示的物品是键盘，根据垃圾分类的标准，应该属于电子废弃物。,"图中展示的物品是键盘,根据垃圾分类的标准，应该属于可回收物
"
1795,"图中展示的物品是{almonds},根据垃圾分类的标准，应该属于{compostable}","图中展示的物品是巴旦木,根据垃圾分类的标准，应该属于厨余垃圾
"
1796,"图中展示的物品是{garbage_object},根据垃圾分类的标准，应该属于{garbage_type}","图中展示的物品是蛋挞,根据垃圾分类的标准，应该属于厨余垃圾
"
1797,图中展示的物品是护肤品，根据垃圾分类的标准，应该属于可回收垃圾。,"图中展示的物品是护肤品空瓶,根据垃圾分类的标准，应该属于可回收物
"
1798,"图中展示的物品是{garbage_object},根据垃圾分类的标准，应该属于{garbage_type}","图中展示的物品是薯条,根据垃圾分类的标准，应该属于厨余垃圾
"
1799,"图中展示的物品是[garbage_object],根据垃圾分类的标准，应该属于[garbage_type]","图中展示的物品是口服液瓶,根据垃圾分类的标准，应该属于有害垃圾
"
1800,图中展示的物品是香肠，根据垃圾分类的标准，应该属于厨余垃圾。,"图中展示的物品是肠(火腿),根据垃圾分类的标准，应该属于厨余垃圾
"
1801,图中展示的物品是{bag}，根据垃圾分类的标准，应该属于{recyclable}。,"图中展示的物品是购物纸袋,根据垃圾分类的标准，应该属于可回收物
"
1802,图中展示的物品是{lettuce}，根据垃圾分类的标准，应该属于{vegetable},"图中展示的物品是青菜,根据垃圾分类的标准，应该属于厨余垃圾
"
1803,"图中展示的物品是报纸,根据垃圾分类的标准，应该属于废纸","图中展示的物品是报纸,根据垃圾分类的标准，应该属于可回收物
"
1804,图中展示的物品是{clear}，根据垃圾分类的标准，应该属于{clear},"图中展示的物品是胶带,根据垃圾分类的标准，应该属于其他垃圾
"
1805,"图中展示的物品是{toy_object},根据垃圾分类的标准，应该属于{toy}","图中展示的物品是帽子,根据垃圾分类的标准，应该属于可回收物
"
1806,"图中展示的物品是{garbage_object},根据垃圾分类的标准，应该属于{garbage_type}","图中展示的物品是青菜,根据垃圾分类的标准，应该属于厨余垃圾
"
1807,图中展示的物品是塑料袋，根据垃圾分类的标准，应该属于可回收垃圾。,"图中展示的物品是PE塑料袋,根据垃圾分类的标准，应该属于其他垃圾
"
1808,图中展示的物品是垃圾，根据垃圾分类的标准，应该属于垃圾,"图中展示的物品是烤鸡烤鸭,根据垃圾分类的标准，应该属于厨余垃圾
"
1809,图中展示的物品是[food]，根据垃圾分类的标准，应该属于[food]。,"图中展示的物品是生肉,根据垃圾分类的标准，应该属于厨余垃圾
"
1810,图中展示的物品是纸杯，根据垃圾分类的标准，应该属于可回收物,"图中展示的物品是一次性杯子,根据垃圾分类的标准，应该属于其他垃圾
"
1811,图中展示的物品是垃圾食品，根据垃圾分类的标准，应该属于垃圾食品,"图中展示的物品是药品包装,根据垃圾分类的标准，应该属于有害垃圾
"
1812,"图中展示的物品是{garbage_object},根据垃圾分类的标准，应该属于{garbage_type}垃圾。","图中展示的物品是糕点,根据垃圾分类的标准，应该属于厨余垃圾
"
1813,"图中展示的物品是{garbage_object},根据垃圾分类的标准，应该属于{garbage_type}","图中展示的物品是拖鞋,根据垃圾分类的标准，应该属于可回收物
"
1814,图中展示的物品是剃须刀，根据垃圾分类的标准，应该属于可回收物,"图中展示的物品是电动剃须刀,根据垃圾分类的标准，应该属于可回收物
"
1815,图中展示的物品是毛巾，根据垃圾分类的标准，应该属于可回收物。,"图中展示的物品是毛巾,根据垃圾分类的标准，应该属于其他垃圾
"
1816,"图中展示的物品是[garbage_object],根据垃圾分类的标准，应该属于[garbage_type]","图中展示的物品是红花油,根据垃圾分类的标准，应该属于有害垃圾
"
1817,"图中展示的物品是[吹风机],根据垃圾分类的标准，应该属于[家用电器]","图中展示的物品是吹风机,根据垃圾分类的标准，应该属于可回收物
"
1818,图中展示的物品是电池，根据垃圾分类的标准，应该属于有害垃圾,"图中展示的物品是电池,根据垃圾分类的标准，应该属于有害垃圾
"
1819,"图中展示的物品是[铁],[铁],[铁],[铁],[铁],[铁],[铁],[铁],[铁],[铁],[铁],[铁],[铁],[铁],[铁],[铁],[铁],[铁],[铁],[铁],[铁],[铁],[铁],[铁],[铁],[铁],[铁],[铁],[铁],[铁],[铁],[铁],[铁],[铁],[铁],[铁],[铁],[铁],[铁],[铁],[铁],[铁],[铁],[铁],[铁],[铁],[铁],[铁],[铁],[铁],[铁],[铁],[铁],[铁],[铁],[铁],[铁],[铁],[铁],[铁],[铁],[铁],[铁],[铁],[铁],[铁],[铁],[铁],[铁],[铁],[铁],[铁],[铁],[铁],[铁],[铁],[铁],[铁],[铁],[铁],[铁],[铁],[铁],[铁],[铁],[铁],[铁],[铁],[铁],[铁],[铁],[铁],[铁],[铁],[铁],[铁],[铁],[铁],[铁],[铁],[铁],[铁],[铁],[铁],[铁],[铁],[铁],[铁],[铁],[铁],[铁],[铁],[铁],[铁],[铁],[铁],[铁],[铁],[铁],[铁],[铁],[铁],[铁],[铁],[铁],[铁],[铁],[铁],[铁],[铁],[铁],[铁],[铁],[铁],[铁],[铁],[铁],[铁],[铁],[铁],[铁],[铁],[铁],[铁],[铁],[铁],[铁],[铁],[铁],[铁],[铁],[铁],[铁],[铁],[铁],[铁],[铁],[铁],[铁],[铁],[铁],[铁],[铁],[铁],[铁],[铁],[铁],[铁],[铁],[铁],[铁],[铁],[铁],[铁],[铁],[铁],[铁],[铁],[铁],[铁],[铁],[铁],[铁],[铁],[铁],[铁],[铁],[铁],[铁],[铁],[铁],[铁],[铁],[铁],[铁],[铁],[铁],[铁],[铁],[铁],[铁],[铁],[铁],[铁],[铁],[铁],[铁],[铁],[铁],[铁],[铁],[铁],[铁],[铁],[铁],[铁],[铁],[铁],[铁],[铁],[铁],[铁],[铁],[铁],[铁],[铁],[铁],[铁],[铁],[铁],[铁],[铁],[铁],[铁],[铁],[铁],[铁],[铁],[铁],[铁],[铁],[铁],[铁],[铁],[铁],[铁],[铁],[铁],[铁],[铁],[铁],[铁],[铁","图中展示的物品是电熨斗,根据垃圾分类的标准，应该属于可回收物
"
1820,"图中展示的物品是{garbage_object},根据垃圾分类的标准，应该属于{garbage_type}","图中展示的物品是购物纸袋,根据垃圾分类的标准，应该属于可回收物
"
1821,图中展示的物品是{food}，根据垃圾分类的标准，应该属于{food},"图中展示的物品是牛肉干,根据垃圾分类的标准，应该属于厨余垃圾
"
1822,图中展示的物品是{battery}，根据垃圾分类的标准，应该属于{电子废弃物},"图中展示的物品是蓄电池,根据垃圾分类的标准，应该属于有害垃圾
"
1823,"图中展示的物品是{garbage_object},根据垃圾分类的标准，应该属于{garbage_type}","图中展示的物品是单肩包手提包,根据垃圾分类的标准，应该属于可回收物
"
1824,"图中展示的物品是[garbage_object],根据垃圾分类的标准，应该属于[garbage_type]","图中展示的物品是裤子,根据垃圾分类的标准，应该属于可回收物
"
1825,图中展示的物品是塑料袋，根据垃圾分类的标准，应该属于可回收物,"图中展示的物品是药品包装,根据垃圾分类的标准，应该属于有害垃圾
"
1826,"图中展示的物品是[garbage_object],根据垃圾分类的标准，应该属于[garbage_type]","图中展示的物品是杀虫剂,根据垃圾分类的标准，应该属于有害垃圾
"
1827,图中展示的物品是眼镜，根据垃圾分类的标准，应该属于电子废弃物。,"图中展示的物品是眼镜,根据垃圾分类的标准，应该属于其他垃圾
"
1828,"图中展示的物品是{garbage_object},根据垃圾分类的标准，应该属于{garbage_type}","图中展示的物品是白菜,根据垃圾分类的标准，应该属于厨余垃圾
"
1829,图中展示的物品是遥控器，根据垃圾分类的标准，应该属于电子废弃物。,"图中展示的物品是空调遥控器,根据垃圾分类的标准，应该属于可回收物
"
1830,"图中展示的物品是{garbage_object},根据垃圾分类的标准，应该属于{garbage_type}","图中展示的物品是纸箱,根据垃圾分类的标准，应该属于可回收物
"
1831,"图中展示的物品是[ceramic_object],根据垃圾分类的标准，应该属于[garbage_type]","图中展示的物品是茶叶罐,根据垃圾分类的标准，应该属于可回收物
"
1832,"图中展示的物品是[scissors, scissors, scissors, tweezers, tweezers, tweezers, tweezers, tweezers, tweezers, tweezers, tweezers, tweezers, tweezers, tweezers, tweezers, tweezers, tweezers, tweezers, tweezers, tweezers, tweezers, tweezers, tweezers, tweezers, tweezers, tweezers, tweezers, tweezers, tweezers, tweezers, tweezers, tweezers, tweezers, tweezers, tweezers, tweezers, tweezers, tweezers, tweezers, tweezers, tweezers, tweezers, tweezers, tweezers, tweezers, tweezers, tweezers, tweezers, tweezers, tweezers, tweezers, tweezers, tweezers, tweezers, tweezers, tweezers, tweezers, tweezers, tweezers, tweezers, tweezers, tweezers, tweezers, tweezers, tweezers, tweezers, tweezers, tweezers, tweezers, tweezers, tweezers, tweezers, tweezers, tweezers, tweezers, tweezers, tweezers, tweezers, tweezers, tweezers, tweezers, tweezers, tweezers, tweezers, tweezers, tweezers, tweezers, tweezers, tweezers, tweezers, tweezers, tweezers, tweezers, tweezers, tweezers, tweezers, tweezers, tweezers, tweezers, tweezers, tweezers, tweezers, tweezers, tweezers, tweezers, tweezers, tweezers, tweezers, tweezers, tweezers, tweezers, tweezers, tweezers, tweezers, tweezers, tweezers, tweezers, tweezers, tweezers, tweezers, tweezers, tweezers, tweezers, tweezers, tweezers, tweezers, tweezers, tweez","图中展示的物品是镊子,根据垃圾分类的标准，应该属于可回收物
"
1833,"图中展示的物品是{garbage_object},根据垃圾分类的标准，应该属于{garbage_type}垃圾。","图中展示的物品是空气加湿器,根据垃圾分类的标准，应该属于可回收物
"
1834,图中展示的物品是豆芽，根据垃圾分类的标准，应该属于厨余垃圾。,"图中展示的物品是粉条,根据垃圾分类的标准，应该属于厨余垃圾
"
1835,图中展示的物品是杯子，根据垃圾分类的标准，应该属于可回收物。,"图中展示的物品是保温杯,根据垃圾分类的标准，应该属于可回收物
"
1836,图中展示的物品是砧板，根据垃圾分类的标准，应该属于厨余垃圾。,"图中展示的物品是木制切菜板,根据垃圾分类的标准，应该属于可回收物
"
1837,图中展示的物品是手提包，根据垃圾分类的标准，应该属于可回收垃圾,"图中展示的物品是单肩包手提包,根据垃圾分类的标准，应该属于可回收物
"
1838,"图中展示的物品是[grass],根据垃圾分类的标准，应该属于[可回收物]","图中展示的物品是档案袋,根据垃圾分类的标准，应该属于可回收物
"
1839,图中展示的物品是玻璃杯，根据垃圾分类的标准，应该属于玻璃垃圾。,"图中展示的物品是玻璃器皿,根据垃圾分类的标准，应该属于可回收物
"
1840,图中展示的物品是灯泡，根据垃圾分类的标准，应该属于可回收垃圾。,"图中展示的物品是LED灯泡,根据垃圾分类的标准，应该属于有害垃圾
"
1841,图中展示的物品是塑料杯垫，根据垃圾分类的标准，应该属于其他垃圾,"图中展示的物品是餐垫,根据垃圾分类的标准，应该属于可回收物
"
1842,"图中展示的物品是[文具],根据垃圾分类的标准，应该属于[其他垃圾]","图中展示的物品是笔及笔芯,根据垃圾分类的标准，应该属于其他垃圾
"
1843,图中展示的物品是杯子，根据垃圾分类的标准，应该属于可回收物,"图中展示的物品是玻璃器皿,根据垃圾分类的标准，应该属于可回收物
"
1844,"图中展示的物品是{garbage_object},根据垃圾分类的标准，应该属于{garbage_type}","图中展示的物品是蛋,根据垃圾分类的标准，应该属于厨余垃圾
"
1845,图中展示的物品是豆类，根据垃圾分类的标准，应该属于厨余垃圾,"图中展示的物品是蚕豆,根据垃圾分类的标准，应该属于厨余垃圾
"
1846,"图中展示的物品是{garbage_object},根据垃圾分类的标准，应该属于{garbage_type}","图中展示的物品是板栗,根据垃圾分类的标准，应该属于厨余垃圾
"
1847,图中展示的物品是可乐罐，根据垃圾分类的标准，应该属于易拉罐,"图中展示的物品是易拉罐,根据垃圾分类的标准，应该属于可回收物
"
1848,"图中展示的物品是花瓶,根据垃圾分类的标准，应该属于其他垃圾","图中展示的物品是灯罩,根据垃圾分类的标准，应该属于可回收物
"
1849,图中展示的物品是[knife]，根据垃圾分类的标准，应该属于[厨余垃圾],"图中展示的物品是叉子,根据垃圾分类的标准，应该属于可回收物
"
1850,图中展示的物品是萝卜，根据垃圾分类的标准，应该属于厨余垃圾,"图中展示的物品是白萝卜,根据垃圾分类的标准，应该属于厨余垃圾
"
1851,图中展示的物品是塑料杆，根据垃圾分类的标准，应该属于其他垃圾,"图中展示的物品是苍蝇拍,根据垃圾分类的标准，应该属于其他垃圾
"
1852,"图中展示的物品是[garbage_object],根据垃圾分类的标准，应该属于[garbage_type]","图中展示的物品是荷包蛋,根据垃圾分类的标准，应该属于厨余垃圾
"
1853,"图中展示的物品是{garbage_object},根据垃圾分类的标准，应该属于{garbage_type}垃圾。","图中展示的物品是碘伏空瓶,根据垃圾分类的标准，应该属于有害垃圾
"
1854,图中展示的物品是南瓜，根据垃圾分类的标准，应该属于厨余垃圾,"图中展示的物品是胡萝卜,根据垃圾分类的标准，应该属于厨余垃圾
"
1855,图中展示的物品是纸袋，根据垃圾分类的标准，应该属于可回收垃圾,"图中展示的物品是购物纸袋,根据垃圾分类的标准，应该属于可回收物
"
1856,图中展示的物品是杯子，根据垃圾分类的标准，应该属于{garbage_type}厨余垃圾。,"图中展示的物品是玻璃器皿,根据垃圾分类的标准，应该属于可回收物
"
1857,"图中展示的物品是[garbage_object],根据垃圾分类的标准，应该属于[garbage_type]","图中展示的物品是玻璃壶,根据垃圾分类的标准，应该属于可回收物
"
1858,"图中展示的物品是[thermos bottle],根据垃圾分类的标准，应该属于[recyclable material]","图中展示的物品是保温杯,根据垃圾分类的标准，应该属于可回收物
"
1859,图中展示的物品是扬声器，根据垃圾分类的标准，应该属于电子垃圾。,"图中展示的物品是废弃扩声器,根据垃圾分类的标准，应该属于可回收物
"
1860,"图中展示的物品是{garbage_object},根据垃圾分类的标准，应该属于{garbage_type}","图中展示的物品是糕点,根据垃圾分类的标准，应该属于厨余垃圾
"
1861,图中展示的物品是扫把，根据垃圾分类的标准，应该属于其他垃圾,"图中展示的物品是鸡毛掸,根据垃圾分类的标准，应该属于其他垃圾
"
1862,"图中展示的物品是{garbage_object},根据垃圾分类的标准，应该属于{garbage_type}","图中展示的物品是耳机,根据垃圾分类的标准，应该属于可回收物
"
1863,图中展示的物品是订书机，根据垃圾分类的标准，应该属于其他垃圾。,"图中展示的物品是订书机,根据垃圾分类的标准，应该属于可回收物
"
1864,"图中展示的物品是{garbage_object},根据垃圾分类的标准，应该属于{garbage_type}塑料","图中展示的物品是胶水,根据垃圾分类的标准，应该属于有害垃圾
"
1865,"图中展示的物品是{garbage_object},根据垃圾分类的标准，应该属于{garbage_type}","图中展示的物品是玩偶,根据垃圾分类的标准，应该属于可回收物
"
1866,图中展示的物品是菠萝，根据垃圾分类的标准，应该属于厨余垃圾。,"图中展示的物品是菠萝,根据垃圾分类的标准，应该属于厨余垃圾
"
1867,图中展示的物品是栗子，根据垃圾分类的标准，应该属于可回收物,"图中展示的物品是板栗,根据垃圾分类的标准，应该属于厨余垃圾
"
1868,"图中展示的物品是{kettle_object},根据垃圾分类的标准，应该属于{recyclable_object}","图中展示的物品是烧水壶,根据垃圾分类的标准，应该属于可回收物
"
1869,"图中展示的物品是{garbage_object},根据垃圾分类的标准，应该属于{garbage_type}垃圾","图中展示的物品是蛋糕盒,根据垃圾分类的标准，应该属于可回收物
"
1870,图中展示的物品是碗，根据垃圾分类的标准，应该属于厨余垃圾,"图中展示的物品是保鲜盒,根据垃圾分类的标准，应该属于可回收物
"
1871,"图中展示的物品是{garbage_object},根据垃圾分类的标准，应该属于{garbage_type}其他垃圾","图中展示的物品是热水瓶,根据垃圾分类的标准，应该属于可回收物
"
1872,图中展示的物品是一插板，根据垃圾分类的标准，应该属于电子垃圾。,"图中展示的物品是插线板,根据垃圾分类的标准，应该属于可回收物
"
1873,"图中展示的物品是{garbage_object},根据垃圾分类的标准，应该属于{garbage_type}","图中展示的物品是菠萝包,根据垃圾分类的标准，应该属于厨余垃圾
"
1874,图中展示的物品是登机牌，根据垃圾分类的标准，应该属于垃圾,"图中展示的物品是登机牌,根据垃圾分类的标准，应该属于可回收物
"
1875,"图中展示的物品是[apple],根据垃圾分类的标准，应该属于[厨余垃圾]","图中展示的物品是西瓜皮,根据垃圾分类的标准，应该属于厨余垃圾
"
1876,"图中展示的物品是{garbage_object},根据垃圾分类的标准，应该属于{garbage_type}","图中展示的物品是青菜,根据垃圾分类的标准，应该属于厨余垃圾
"
1877,图中展示的物品是锅铲，根据垃圾分类的标准，应该属于厨余垃圾,"图中展示的物品是木质锅铲,根据垃圾分类的标准，应该属于可回收物
"
1878,"图中展示的物品是{garbage_object},根据垃圾分类的标准，应该属于{garbage_type}","图中展示的物品是手链,根据垃圾分类的标准，应该属于可回收物
"
1879,"图中展示的物品是{garbage_object},根据垃圾分类的标准，应该属于{garbage_type}","图中展示的物品是药品包装,根据垃圾分类的标准，应该属于有害垃圾
"
1880,图中展示的物品是蓄电池，根据垃圾分类的标准，应该属于不可回收物。,"图中展示的物品是蓄电池,根据垃圾分类的标准，应该属于有害垃圾
"
1881,图中展示的物品是[玻璃容器]，根据垃圾分类的标准，应该属于[其他垃圾],"图中展示的物品是水杯,根据垃圾分类的标准，应该属于可回收物
"
1882,图中展示的物品是[food]，根据垃圾分类的标准，应该属于[food]。,"图中展示的物品是冰糖葫芦,根据垃圾分类的标准，应该属于厨余垃圾
"
1883,图中展示的物品是饰品，根据垃圾分类的标准，应该属于可回收物,"图中展示的物品是耳钉耳环,根据垃圾分类的标准，应该属于可回收物
"
1884,"图中展示的物品是[wood_object],根据垃圾分类的标准，应该属于[wood]","图中展示的物品是订书机,根据垃圾分类的标准，应该属于可回收物
"
1885,图中展示的物品是瓜子，根据垃圾分类的标准，应该属于其他垃圾。,"图中展示的物品是瓜子,根据垃圾分类的标准，应该属于厨余垃圾
"
1886,图中展示的物品是电子线路板，根据垃圾分类的标准，应该属于可回收物。,"图中展示的物品是电路板,根据垃圾分类的标准，应该属于可回收物
"
1887,"图中展示的物品是{garbage_object},根据垃圾分类的标准，应该属于{garbage_type}","图中展示的物品是木制切菜板,根据垃圾分类的标准，应该属于可回收物
"
1888,"图中展示的物品是[food_object],根据垃圾分类的标准，应该属于[food]","图中展示的物品是普通面包,根据垃圾分类的标准，应该属于厨余垃圾
"
1889,图中展示的物品是[none]，根据垃圾分类的标准，应该属于[none],"图中展示的物品是木制玩具,根据垃圾分类的标准，应该属于可回收物
"
1890,"图中展示的物品是{garbage_object},根据垃圾分类的标准，应该属于{garbage_type}","图中展示的物品是奶盒,根据垃圾分类的标准，应该属于可回收物
"
1891,图中展示的物品是{food}，根据垃圾分类的标准，应该属于{food},"图中展示的物品是番茄,根据垃圾分类的标准，应该属于厨余垃圾
"
1892,图中展示的物品是电子设备，根据垃圾分类的标准，应该属于其他垃圾。,"图中展示的物品是空气加湿器,根据垃圾分类的标准，应该属于可回收物
"
1893,"图中展示的物品是[peanut],根据垃圾分类的标准，应该属于[garbage]","图中展示的物品是板栗,根据垃圾分类的标准，应该属于厨余垃圾
"
1894,"图中展示的物品是{garbage_object},根据垃圾分类的标准，应该属于{garbage_type}","图中展示的物品是肠(火腿),根据垃圾分类的标准，应该属于厨余垃圾
"
1895,"图中展示的物品是[garbage_object],根据垃圾分类的标准，应该属于[garbage_type]","图中展示的物品是菠萝包,根据垃圾分类的标准，应该属于厨余垃圾
"
1896,"图中展示的物品是{green_object},根据垃圾分类的标准，应该属于{vegetable}","图中展示的物品是青菜,根据垃圾分类的标准，应该属于厨余垃圾
"
1897,"图中展示的物品是手提包,根据垃圾分类的标准，应该属于可回收物","图中展示的物品是单肩包手提包,根据垃圾分类的标准，应该属于可回收物
"
1898,图中展示的物品是[fruit]，根据垃圾分类的标准，应该属于[fruit],"图中展示的物品是菠萝蜜,根据垃圾分类的标准，应该属于厨余垃圾
"
1899,图中展示的物品是玩具，根据垃圾分类的标准，应该属于可回收物。,"图中展示的物品是木制玩具,根据垃圾分类的标准，应该属于可回收物
"
1900,"图中展示的物品是{garbage_object},根据垃圾分类的标准，应该属于{garbage_type}电子废弃物","图中展示的物品是车钥匙,根据垃圾分类的标准，应该属于可回收物
"
1901,图中展示的物品是食品，根据垃圾分类的标准，应该属于垃圾食品,"图中展示的物品是糕点,根据垃圾分类的标准，应该属于厨余垃圾
"
1902,"图中展示的物品是{garbage_object},根据垃圾分类的标准，应该属于{garbage_type}","图中展示的物品是锅盖,根据垃圾分类的标准，应该属于可回收物
"
1903,图中展示的物品是麦克风，根据垃圾分类的标准，应该属于可回收垃圾。,"图中展示的物品是充电线,根据垃圾分类的标准，应该属于可回收物
"
1904,图中展示的物品是菠萝蜜，根据垃圾分类的标准，应该属于其他垃圾。,"图中展示的物品是菠萝蜜,根据垃圾分类的标准，应该属于厨余垃圾
"
1905,图中展示的物品是木板，根据垃圾分类的标准，应该属于可回收物。,"图中展示的物品是木制切菜板,根据垃圾分类的标准，应该属于可回收物
"
1906,图中展示的物品是食品，根据垃圾分类的标准，应该属于垃圾食品,"图中展示的物品是糕点,根据垃圾分类的标准，应该属于厨余垃圾
"
1907,图中展示的物品是胶带，根据垃圾分类的标准，应该属于可回收物。,"图中展示的物品是胶带,根据垃圾分类的标准，应该属于其他垃圾
"
1908,"图中展示的物品是{soap},根据垃圾分类的标准，应该属于{有害垃圾}","图中展示的物品是玻璃器皿,根据垃圾分类的标准，应该属于可回收物
"
1909,图中展示的物品是毛巾，根据垃圾分类的标准，应该属于可回收垃圾,"图中展示的物品是百洁布,根据垃圾分类的标准，应该属于其他垃圾
"
1910,"图中展示的物品是{garbage_object},根据垃圾分类的标准，应该属于{garbage_type}","图中展示的物品是核桃,根据垃圾分类的标准，应该属于厨余垃圾
"
1911,"图中展示的物品是{garbage_object},根据垃圾分类的标准，应该属于{garbage_type}","图中展示的物品是变形玩具,根据垃圾分类的标准，应该属于可回收物
"
1912,"图中展示的物品是[garbage_object],根据垃圾分类的标准，应该属于[garbage_type]","图中展示的物品是车钥匙,根据垃圾分类的标准，应该属于可回收物
"
1913,"图中展示的物品是[garbage_object],根据垃圾分类的标准，应该属于[garbage_type]","图中展示的物品是烟灰缸,根据垃圾分类的标准，应该属于可回收物
"
1914,图中展示的物品是鸡肉，根据垃圾分类的标准，应该属于厨余垃圾,"图中展示的物品是烤鸡烤鸭,根据垃圾分类的标准，应该属于厨余垃圾
"
1915,图中展示的物品是闹钟，根据垃圾分类的标准，应该属于可回收物,"图中展示的物品是钟表,根据垃圾分类的标准，应该属于可回收物
"
1916,图中展示的物品是袋子，根据垃圾分类的标准，应该属于可回收垃圾。,"图中展示的物品是保鲜盒,根据垃圾分类的标准，应该属于可回收物
"
1917,图中展示的物品是菠萝,"图中展示的物品是残渣剩饭,根据垃圾分类的标准，应该属于厨余垃圾
"
1918,"图中展示的物品是{garbage_object},根据垃圾分类的标准，应该属于{garbage_type}垃圾。","图中展示的物品是电动牙刷,根据垃圾分类的标准，应该属于可回收物
"
1919,"图中展示的物品是[garbage_object],根据垃圾分类的标准，应该属于[garbage_type]","图中展示的物品是哈密瓜,根据垃圾分类的标准，应该属于厨余垃圾
"
1920,"图中展示的物品是[garbage_object],根据垃圾分类的标准，应该属于[garbage_type]","图中展示的物品是充电线,根据垃圾分类的标准，应该属于可回收物
"
1921,图中展示的物品是羽毛掸子，根据垃圾分类的标准，应该属于可回收物。,"图中展示的物品是鸡毛掸,根据垃圾分类的标准，应该属于其他垃圾
"
1922,图中展示的物品是灯泡，根据垃圾分类的标准，应该属于可回收物,"图中展示的物品是LED灯泡,根据垃圾分类的标准，应该属于有害垃圾
"
1923,图中展示的物品是电池，根据垃圾分类的标准，应该属于有害垃圾,"图中展示的物品是电池,根据垃圾分类的标准，应该属于有害垃圾
"
1924,"图中展示的物品是{garbage_object},根据垃圾分类的标准，应该属于{garbage_type}垃圾。","图中展示的物品是糕点,根据垃圾分类的标准，应该属于厨余垃圾
"
1925,"图中展示的物品是[watch], 根据垃圾分类的标准，应该属于[garbage]","图中展示的物品是钟表,根据垃圾分类的标准，应该属于可回收物
"
1926,图中展示的物品是塑料瓶，根据垃圾分类的标准，应该属于其他垃圾。,"图中展示的物品是塑料瓶,根据垃圾分类的标准，应该属于可回收物
"
1927,"图中展示的物品是{garbage_object},根据垃圾分类的标准，应该属于{garbage_type}","图中展示的物品是拖鞋,根据垃圾分类的标准，应该属于可回收物
"
1928,图中展示的物品是胶水，根据垃圾分类的标准，应该属于有害垃圾,"图中展示的物品是胶水,根据垃圾分类的标准，应该属于有害垃圾
"
1929,"图中展示的物品是[garbage_object],根据垃圾分类的标准，应该属于[garbage_type]","图中展示的物品是手机,根据垃圾分类的标准，应该属于可回收物
"
1930,图中展示的物品是尺子，根据垃圾分类的标准，应该属于可回收垃圾。,"图中展示的物品是尺子,根据垃圾分类的标准，应该属于可回收物
"
1931,"图中展示的物品是{garbage_object},根据垃圾分类的标准，应该属于{garbage_type}","图中展示的物品是纸巾,根据垃圾分类的标准，应该属于其他垃圾
"
1932,"图中展示的物品是[food_object],根据垃圾分类的标准，应该属于[food]","图中展示的物品是贝果,根据垃圾分类的标准，应该属于厨余垃圾
"
1933,"图中展示的物品是[玻璃瓶],根据垃圾分类的标准，应该属于[可回收物]","图中展示的物品是易拉罐,根据垃圾分类的标准，应该属于可回收物
"
1934,"图中展示的物品是{garbage_object},根据垃圾分类的标准，应该属于{garbage_type}","图中展示的物品是板栗,根据垃圾分类的标准，应该属于厨余垃圾
"
1935,"图中展示的物品是{garbage_object},根据垃圾分类的标准，应该属于{garbage_type}","图中展示的物品是袜子,根据垃圾分类的标准，应该属于可回收物
"
1936,"图中展示的物品是{garbage_object},根据垃圾分类的标准，应该属于{garbage_type}","图中展示的物品是芭比娃娃,根据垃圾分类的标准，应该属于可回收物
"
1937,图中展示的物品是{carrot}，根据垃圾分类的标准，应该属于{vegetable},"图中展示的物品是肠(火腿),根据垃圾分类的标准，应该属于厨余垃圾
"
1938,"图中展示的物品是{garbage_object},根据垃圾分类的标准，应该属于{garbage_type}","图中展示的物品是果冻,根据垃圾分类的标准，应该属于厨余垃圾
"
1939,图中展示的物品是{cotton_rolls}，根据垃圾分类的标准，应该属于{trash},"图中展示的物品是一次性棉签,根据垃圾分类的标准，应该属于其他垃圾
"
1940,"图中展示的物品是{garbage_object},根据垃圾分类的标准，应该属于{garbage_type}","图中展示的物品是鸡翅,根据垃圾分类的标准，应该属于厨余垃圾
"
1941,"图中展示的物品是[electric kettle],根据垃圾分类的标准，应该属于[有害垃圾]","图中展示的物品是烧水壶,根据垃圾分类的标准，应该属于可回收物
"
1942,"图中展示的物品是[iron],[glass],[plastic],[metal],[plastic],[plastic],[glass],[plastic],[plastic],[glass],[plastic],[plastic],[plastic],[plastic],[glass],[plastic],[glass],[plastic],[glass],[glass],[glass],[plastic],[plastic],[plastic],[plastic],[plastic],[glass],[glass],[glass],[glass],[glass],[glass],[glass],[glass],[glass],[glass],[glass],[glass],[glass],[glass],[glass],[glass],[glass],[glass],[glass],[glass],[glass],[glass],[glass],[glass],[glass],[glass],[glass],[glass],[glass],[glass],[glass],[glass],[glass],[glass],[glass],[glass],[glass],[glass],[glass],[glass],[glass],[glass],[glass],[glass],[glass],[glass],[glass],[glass],[glass],[glass],[glass],[glass],[glass],[glass],[glass],[glass],[glass],[glass],[glass],[glass],[glass],[glass],[glass],[glass],[glass],[glass],[glass],[glass],[glass],[glass],[glass],[glass],[glass],[glass],[glass],[glass],[glass],[glass],[glass],[glass],[glass],[glass],[glass],[glass],[glass],[glass],[glass],[glass],[glass],[glass],[glass],[glass],[glass],[glass],[glass],[glass],[glass],[glass],[glass],[glass],[glass],[glass],[glass],[glass],[glass],[glass],[glass],[glass],[glass],[glass],[glass],[glass],[glass],[glass],[glass],[glass],[glass],[glass],[glass],[glass],[glass],[glass],[glass],[glass],[glass],[glass],[glass],[glass],[glass],[glass],[glass],[glass],[glass],[glass],[glass],[glass],[glass],[glass],[glass],[glass],[glass],[glass],[glass],[glass],[glass],[glass],[glass],[glass],[glass],[glass],[glass],[glass],[glass],[glass],[glass],[glass],[glass],[glass],[glass],[glass],[glass],[glass],[glass],[glass],[glass],[glass],[glass],[glass],[glass],[glass],[glass],[glass],[glass],[glass],[glass],[glass],[glass],[glass],[glass],[glass],[glass],[glass],[glass],[glass],[glass],[glass],[glass],[glass],[glass],[glass],[glass],[glass],[glass],[glass],[glass],[glass],[glass],[glass],[glass],[glass],[glass],[glass],[glass],[glass],[glass],[glass],[glass],[glass],[glass],[glass],[glass],[glass],[glass],[glass],[glass],[glass],[glass],[glass],[glass","图中展示的物品是电熨斗,根据垃圾分类的标准，应该属于可回收物
"
1943,图中展示的物品是毛绒玩具，根据垃圾分类的标准，应该属于可回收物。,"图中展示的物品是玩偶,根据垃圾分类的标准，应该属于可回收物
"
1944,"图中展示的物品是{garbage_object},根据垃圾分类的标准，应该属于{garbage_type}垃圾。","图中展示的物品是耳钉耳环,根据垃圾分类的标准，应该属于可回收物
"
1945,图中展示的物品是{no garbage}，根据垃圾分类的标准，应该属于{no garbage type},"图中展示的物品是药膏,根据垃圾分类的标准，应该属于有害垃圾
"
1946,"图中展示的物品是{garbage_object},根据垃圾分类的标准，应该属于{garbage_type}","图中展示的物品是单肩包手提包,根据垃圾分类的标准，应该属于可回收物
"
1947,"图中展示的物品是[garbage_object],根据垃圾分类的标准，应该属于[garbage_type]","图中展示的物品是笔及笔芯,根据垃圾分类的标准，应该属于其他垃圾
"
1948,图中展示的物品是塑料吸管，根据垃圾分类的标准，应该属于可回收垃圾。,"图中展示的物品是钉子,根据垃圾分类的标准，应该属于可回收物
"
1949,"图中展示的物品是[garbage_object],根据垃圾分类的标准，应该属于[garbage_type]","图中展示的物品是血压计,根据垃圾分类的标准，应该属于有害垃圾
"
1950,"图中展示的物品是[garbage_object],根据垃圾分类的标准，应该属于[garbage_type]","图中展示的物品是书,根据垃圾分类的标准，应该属于可回收物
"
1951,图中展示的物品是废纸,"图中展示的物品是便利贴,根据垃圾分类的标准，应该属于其他垃圾
"
1952,图中展示的物品是烟蒂，根据垃圾分类的标准，应该属于烟蒂,"图中展示的物品是烟蒂,根据垃圾分类的标准，应该属于其他垃圾
"
1953,图中展示的物品是路由器，根据垃圾分类的标准，应该属于电子废弃物。,"图中展示的物品是路由器,根据垃圾分类的标准，应该属于可回收物
"
1954,图中展示的物品是薯条，根据垃圾分类的标准，应该属于厨余垃圾,"图中展示的物品是薯条,根据垃圾分类的标准，应该属于厨余垃圾
"
1955,图中展示的物品是蘑菇，根据垃圾分类的标准，应该属于厨余垃圾。,"图中展示的物品是蘑菇,根据垃圾分类的标准，应该属于厨余垃圾
"
1956,"图中展示的物品是{garbage_object},根据垃圾分类的标准，应该属于{garbage_type}","图中展示的物品是耳钉耳环,根据垃圾分类的标准，应该属于可回收物
"
1957,图中展示的物品是机票，根据垃圾分类的标准，应该属于垃圾,"图中展示的物品是登机牌,根据垃圾分类的标准，应该属于可回收物
"
1958,图中展示的物品是食物，根据垃圾分类的标准，应该属于厨余垃圾,"图中展示的物品是骨肉相连,根据垃圾分类的标准，应该属于厨余垃圾
"
1959,图中展示的物品是烟蒂，根据垃圾分类的标准，应该属于烟蒂。,"图中展示的物品是烟蒂,根据垃圾分类的标准，应该属于其他垃圾
"
1960,图中展示的物品是薯条，根据垃圾分类的标准，应该属于厨余垃圾。,"图中展示的物品是薯条,根据垃圾分类的标准，应该属于厨余垃圾
"
1961,"图中展示的物品是[light_bulb],根据垃圾分类的标准，应该属于[recyclable]","图中展示的物品是空气加湿器,根据垃圾分类的标准，应该属于可回收物
"
1962,图中展示的物品是[玻璃容器]，根据垃圾分类的标准，应该属于[其他垃圾]。,"图中展示的物品是玻璃壶,根据垃圾分类的标准，应该属于可回收物
"
1963,图中展示的物品是无垃圾，根据垃圾分类的标准，应该属于可回收垃圾,"图中展示的物品是耳钉耳环,根据垃圾分类的标准，应该属于可回收物
"
1964,图中展示的物品是胶带，根据垃圾分类的标准，应该属于{recycle},"图中展示的物品是胶带,根据垃圾分类的标准，应该属于其他垃圾
"
1965,"图中展示的物品是{garbage_object},根据垃圾分类的标准，应该属于{garbage_type}塑料袋","图中展示的物品是购物纸袋,根据垃圾分类的标准，应该属于可回收物
"
1966,图中展示的物品是纸杯，根据垃圾分类的标准，应该属于可回收物,"图中展示的物品是一次性杯子,根据垃圾分类的标准，应该属于其他垃圾
"
1967,图中展示的物品是纸袋，根据垃圾分类的标准，应该属于可回收垃圾,"图中展示的物品是购物纸袋,根据垃圾分类的标准，应该属于可回收物
"
1968,"图中展示的物品是{food_object},根据垃圾分类的标准，应该属于{garbage_type}垃圾。","图中展示的物品是薯条,根据垃圾分类的标准，应该属于厨余垃圾
"
1969,"图中展示的物品是[garbage_object],根据垃圾分类的标准，应该属于[garbage_type]","图中展示的物品是贝果,根据垃圾分类的标准，应该属于厨余垃圾
"
1970,"图中展示的物品是[garbage_object],根据垃圾分类的标准，应该属于[garbage_type]","图中展示的物品是八宝粥,根据垃圾分类的标准，应该属于厨余垃圾
"
1971,图中展示的物品是萝卜,"图中展示的物品是白萝卜,根据垃圾分类的标准，应该属于厨余垃圾
"
1972,图中展示的物品是[garbage]，根据垃圾分类的标准，应该属于[garbage],"图中展示的物品是茶叶罐,根据垃圾分类的标准，应该属于可回收物
"
1973,图中展示的物品是砧板和菜刀，根据垃圾分类的标准，应该属于厨余垃圾,"图中展示的物品是木制切菜板,根据垃圾分类的标准，应该属于可回收物
"
1974,图中展示的物品是[food]，根据垃圾分类的标准，应该属于[food],"图中展示的物品是糕点,根据垃圾分类的标准，应该属于厨余垃圾
"
1975,"图中展示的物品是键盘,根据垃圾分类的标准，应该属于电子废弃物","图中展示的物品是键盘,根据垃圾分类的标准，应该属于可回收物
"
1976,图中展示的物品是饼干，根据垃圾分类的标准，应该属于厨余垃圾。,"图中展示的物品是饼干,根据垃圾分类的标准，应该属于厨余垃圾
"
1977,"图中展示的物品是{garbage_object},根据垃圾分类的标准，应该属于{garbage_type}","图中展示的物品是单肩包手提包,根据垃圾分类的标准，应该属于可回收物
"
1978,"图中展示的物品是[garbage_object],根据垃圾分类的标准，应该属于[garbage_type]","图中展示的物品是蛋糕盒,根据垃圾分类的标准，应该属于可回收物
"
1979,"图中展示的物品是[garbage_object],根据垃圾分类的标准，应该属于[garbage_type]","图中展示的物品是梨,根据垃圾分类的标准，应该属于厨余垃圾
"
1980,图中展示的物品是杯子，根据垃圾分类的标准，应该属于其他垃圾。,"图中展示的物品是保温杯,根据垃圾分类的标准，应该属于可回收物
"
1981,图中展示的物品是{no garbage}，根据垃圾分类的标准，应该属于{none},"图中展示的物品是电动剃须刀,根据垃圾分类的标准，应该属于可回收物
"
1982,"图中展示的物品是{garbage_object},根据垃圾分类的标准，应该属于{garbage_type}","图中展示的物品是购物纸袋,根据垃圾分类的标准，应该属于可回收物
"
1983,"图中展示的物品是{glass_object},根据垃圾分类的标准，应该属于{glass}","图中展示的物品是玻璃球,根据垃圾分类的标准，应该属于可回收物
"
1984,"图中展示的物品是玻璃杯,根据垃圾分类的标准，应该属于可回收物","图中展示的物品是玻璃壶,根据垃圾分类的标准，应该属于可回收物
"
1985,"图中展示的物品是{garbage_object},根据垃圾分类的标准，应该属于{garbage_type}","图中展示的物品是蚕豆,根据垃圾分类的标准，应该属于厨余垃圾
"
1986,图中展示的物品是{none}，根据垃圾分类的标准，应该属于{none},"图中展示的物品是充电线,根据垃圾分类的标准，应该属于可回收物
"
1987,"图中展示的物品是{garbage_object},根据垃圾分类的标准，应该属于{garbage_type}","图中展示的物品是PE塑料袋,根据垃圾分类的标准，应该属于其他垃圾
"
1988,图中展示的物品是烟蒂，根据垃圾分类的标准，应该属于烟蒂。,"图中展示的物品是烟蒂,根据垃圾分类的标准，应该属于其他垃圾
"
1989,"图中展示的物品是[眼镜],根据垃圾分类的标准，应该属于[废品]","图中展示的物品是眼镜,根据垃圾分类的标准，应该属于其他垃圾
"
1990,图中展示的物品是茶壶，根据垃圾分类的标准，应该属于可回收垃圾。,"图中展示的物品是玻璃壶,根据垃圾分类的标准，应该属于可回收物
"
1991,图中展示的物品是薯条，根据垃圾分类的标准，应该属于可回收物。,"图中展示的物品是薯条,根据垃圾分类的标准，应该属于厨余垃圾
"
1992,图中展示的物品是毛巾，根据垃圾分类的标准，应该属于其他垃圾。,"图中展示的物品是毛巾,根据垃圾分类的标准，应该属于其他垃圾
"
1993,"图中展示的物品是{garbage_object},根据垃圾分类的标准，应该属于{garbage_type}","图中展示的物品是炸鸡,根据垃圾分类的标准，应该属于厨余垃圾
"
1994,"图中展示的物品是[garbage_object],根据垃圾分类的标准，应该属于[garbage_type]","图中展示的物品是餐垫,根据垃圾分类的标准，应该属于可回收物
"
1995,图中展示的物品是羽毛掸子，根据垃圾分类的标准，应该属于其他垃圾。,"图中展示的物品是鸡毛掸,根据垃圾分类的标准，应该属于其他垃圾
"
1996,"图中展示的物品是{garbage_object},根据垃圾分类的标准，应该属于{garbage_type}","图中展示的物品是鞋,根据垃圾分类的标准，应该属于可回收物
"
1997,图中展示的物品是[玻璃][玻璃]，根据垃圾分类的标准，应该属于[其他垃圾]。,"图中展示的物品是烟灰缸,根据垃圾分类的标准，应该属于可回收物
"
1998,图中展示的物品是食物，根据垃圾分类的标准，应该属于厨余垃圾。,"图中展示的物品是白菜,根据垃圾分类的标准，应该属于厨余垃圾
"
1999,"图中展示的物品是[wood_object],根据垃圾分类的标准，应该属于[recyclable]","图中展示的物品是木制切菜板,根据垃圾分类的标准，应该属于可回收物
"
2000,"图中展示的物品是{garbage_object},根据垃圾分类的标准，应该属于{garbage_type}","图中展示的物品是鞋,根据垃圾分类的标准，应该属于可回收物
"
2001,"图中展示的物品是{garbage_object},根据垃圾分类的标准，应该属于{garbage_type}废纸","图中展示的物品是信封,根据垃圾分类的标准，应该属于可回收物
"
2002,"图中展示的物品是{garbage_object},根据垃圾分类的标准，应该属于{garbage_type}其他垃圾","图中展示的物品是塑料盆,根据垃圾分类的标准，应该属于可回收物
"
2003,"图中展示的物品是[台灯],根据垃圾分类的标准，应该属于[其他垃圾]","图中展示的物品是空气加湿器,根据垃圾分类的标准，应该属于可回收物
"
2004,图中展示的物品是线缆，根据垃圾分类的标准，应该属于可回收垃圾,"图中展示的物品是充电线,根据垃圾分类的标准，应该属于可回收物
"
2005,图中展示的物品是{noGarbage}，根据垃圾分类的标准，应该属于{noGarbage_type},"图中展示的物品是骨肉相连,根据垃圾分类的标准，应该属于厨余垃圾
"
2006,"图中展示的物品是甜点,根据垃圾分类的标准，应该属于垃圾食品","图中展示的物品是八宝粥,根据垃圾分类的标准，应该属于厨余垃圾
"
2007,图中展示的物品是塑料，根据垃圾分类的标准，应该属于其他垃圾,"图中展示的物品是玻璃球,根据垃圾分类的标准，应该属于可回收物
"
2008,图中展示的物品是玻璃瓶，根据垃圾分类的标准，应该属于可回收垃圾。,"图中展示的物品是玻璃器皿,根据垃圾分类的标准，应该属于可回收物
"
2009,"图中展示的物品是[garbage_object],根据垃圾分类的标准，应该属于[garbage_type]","图中展示的物品是单肩包手提包,根据垃圾分类的标准，应该属于可回收物
"
2010,"图中展示的物品是[garbage_object],根据垃圾分类的标准，应该属于[garbage_type]","图中展示的物品是红花油,根据垃圾分类的标准，应该属于有害垃圾
"
2011,"图中展示的物品是{garbage_object},根据垃圾分类的标准，应该属于{garbage_type}","图中展示的物品是耳套,根据垃圾分类的标准，应该属于可回收物
"
2012,"图中展示的物品是[garbage_object],根据垃圾分类的标准，应该属于[garbage_type]","图中展示的物品是板栗,根据垃圾分类的标准，应该属于厨余垃圾
"
2013,"图中展示的物品是{garbage_object},根据垃圾分类的标准，应该属于{garbage_type}垃圾。","图中展示的物品是鞋,根据垃圾分类的标准，应该属于可回收物
"
2014,"图中展示的物品是{garbage_object},根据垃圾分类的标准，应该属于{garbage_type}垃圾。","图中展示的物品是鞋,根据垃圾分类的标准，应该属于可回收物
"
2015,图中展示的物品是食物，根据垃圾分类的标准，应该属于食物,"图中展示的物品是肠(火腿),根据垃圾分类的标准，应该属于厨余垃圾
"
2016,"图中展示的物品是{metal_object},根据垃圾分类的标准，应该属于{metal}","图中展示的物品是烧水壶,根据垃圾分类的标准，应该属于可回收物
"
2017,图中展示的物品是玩具，根据垃圾分类的标准，应该属于垃圾玩具,"图中展示的物品是玩偶,根据垃圾分类的标准，应该属于可回收物
"
2018,"图中展示的物品是{paper_bag_object},根据垃圾分类的标准，应该属于{paper_bag}","图中展示的物品是购物纸袋,根据垃圾分类的标准，应该属于可回收物
"
2019,"图中展示的物品是衣架,根据垃圾分类的标准，应该属于可回收垃圾","图中展示的物品是衣架,根据垃圾分类的标准，应该属于可回收物
"
2020,图中展示的物品是玩具，根据垃圾分类的标准，应该属于可回收物。,"图中展示的物品是玩偶,根据垃圾分类的标准，应该属于可回收物
"
2021,"图中展示的物品是[watch], 根据垃圾分类的标准，应该属于[garbage_type]","图中展示的物品是钟表,根据垃圾分类的标准，应该属于可回收物
"
2022,图中展示的物品是竹签，根据垃圾分类的标准，应该属于可回收物,"图中展示的物品是串串竹签,根据垃圾分类的标准，应该属于其他垃圾
"
2023,"图中展示的物品是[garbage_object],根据垃圾分类的标准，应该属于[garbage_type]","图中展示的物品是保温杯,根据垃圾分类的标准，应该属于可回收物
"
2024,"图中展示的物品是{garbage_object},根据垃圾分类的标准，应该属于{garbage_type}","图中展示的物品是药片,根据垃圾分类的标准，应该属于有害垃圾
"
2025,图中展示的物品是玻璃杯，根据垃圾分类的标准，应该属于其他垃圾。,"图中展示的物品是玻璃器皿,根据垃圾分类的标准，应该属于可回收物
"
2026,图中展示的物品是望远镜，根据垃圾分类的标准，应该属于废弃物品。,"图中展示的物品是望远镜,根据垃圾分类的标准，应该属于可回收物
"
2027,"图中展示的物品是{garbage_object},根据垃圾分类的标准，应该属于{garbage_type}","图中展示的物品是圣女果,根据垃圾分类的标准，应该属于厨余垃圾
"
2028,"图中展示的物品是{iron_ironing},根据垃圾分类的标准，应该属于{hazardous}","图中展示的物品是电熨斗,根据垃圾分类的标准，应该属于可回收物
"
2029,图中展示的物品是薯条，根据垃圾分类的标准，应该属于厨余垃圾,"图中展示的物品是薯条,根据垃圾分类的标准，应该属于厨余垃圾
"
2030,"图中展示的物品是{garbage_object},根据垃圾分类的标准，应该属于{garbage_type}","图中展示的物品是耳钉耳环,根据垃圾分类的标准，应该属于可回收物
"
2031,"图中展示的物品是[garbage_object],根据垃圾分类的标准，应该属于[garbage_type]","图中展示的物品是打气筒,根据垃圾分类的标准，应该属于可回收物
"
2032,图中展示的物品是饼干，根据垃圾分类的标准，应该属于垃圾食品,"图中展示的物品是饼干,根据垃圾分类的标准，应该属于厨余垃圾
"
2033,"图中展示的物品是[garbage_object],根据垃圾分类的标准，应该属于[garbage_type]","图中展示的物品是玻璃器皿,根据垃圾分类的标准，应该属于可回收物
"
2034,图中展示的物品是塑料棒，根据垃圾分类的标准，应该属于塑料垃圾,"图中展示的物品是呼啦圈,根据垃圾分类的标准，应该属于可回收物
"
2035,图中展示的物品是饼干，根据垃圾分类的标准，应该属于可回收垃圾,"图中展示的物品是饼干,根据垃圾分类的标准，应该属于厨余垃圾
"
2036,图中展示的物品是牙膏、牙刷、牙刷杯、毛巾、浴盆、浴盆、毛巾、浴盆、浴盆、浴盆、浴盆、浴盆、浴盆、浴盆、浴盆、浴盆、浴盆、浴盆、浴盆、浴盆、浴盆、浴盆、浴盆、浴盆、浴盆、浴盆、浴盆、浴盆、浴盆、浴盆、浴盆、浴盆、浴盆、浴盆、浴盆、浴盆、浴盆、浴盆、浴盆、浴盆、浴盆、浴盆、浴盆、浴盆、浴盆、浴盆、浴盆、浴盆、浴盆、浴盆、浴盆、浴盆、浴盆、浴盆、浴盆、浴盆、浴盆、浴盆、浴盆、浴盆、浴盆、浴盆、浴盆、浴盆、浴盆、浴盆、浴盆、浴盆、浴盆、浴盆、浴盆、浴盆、浴盆、浴盆、浴盆、浴盆、浴盆、浴盆、浴盆、浴盆、浴盆、浴盆、浴盆、浴盆、浴盆、浴盆、浴盆、浴盆、浴盆、浴盆、浴盆、浴盆、浴盆、浴盆、浴盆、浴盆、浴盆、浴盆、浴盆、浴盆、浴盆、浴盆、浴盆、浴盆、浴盆、浴盆、浴盆、浴盆、浴盆、浴盆、浴盆、浴盆、浴盆、浴盆、浴盆、浴盆、浴盆、浴盆、浴盆、浴盆、浴盆、浴盆、浴盆、浴盆、浴盆、浴盆、浴盆、浴盆、浴盆、浴盆、浴盆、浴盆、浴盆、浴盆、浴盆、浴盆、浴盆、浴盆、浴盆、浴盆、浴盆、浴盆、浴盆、浴盆、浴盆、浴盆、浴盆、浴盆、浴盆、浴盆、浴盆、浴盆、浴盆、浴盆、浴盆、浴盆、浴盆、浴盆、浴盆、浴盆、浴盆、浴盆、浴盆、浴盆、浴盆、浴盆、浴盆、浴盆、浴盆、,"图中展示的物品是塑料盆,根据垃圾分类的标准，应该属于可回收物
"
2037,图中展示的物品是碗，根据垃圾分类的标准，应该属于厨余垃圾。,"图中展示的物品是塑料盆,根据垃圾分类的标准，应该属于可回收物
"
2038,"图中展示的物品是[garbage_object],根据垃圾分类的标准，应该属于[garbage_type]","图中展示的物品是鞋,根据垃圾分类的标准，应该属于可回收物
"
2039,图中展示的物品是吹风机，根据垃圾分类的标准，应该属于可回收物,"图中展示的物品是吹风机,根据垃圾分类的标准，应该属于可回收物
"
2040,"图中展示的物品是{garbage_object},根据垃圾分类的标准，应该属于{garbage_type}","图中展示的物品是青菜,根据垃圾分类的标准，应该属于厨余垃圾
"
2041,图中展示的物品是杀虫气雾剂，根据垃圾分类的标准，应该属于有害垃圾。,"图中展示的物品是杀虫剂,根据垃圾分类的标准，应该属于有害垃圾
"
2042,"图中展示的物品是{garbage_object},根据垃圾分类的标准，应该属于{garbage_type}","图中展示的物品是充电线,根据垃圾分类的标准，应该属于可回收物
"
2043,"图中展示的物品是[garbage_object],根据垃圾分类的标准，应该属于[garbage_type]","图中展示的物品是碘伏空瓶,根据垃圾分类的标准，应该属于有害垃圾
"
2044,"图中展示的物品是{garbage_object},根据垃圾分类的标准，应该属于{garbage_type}","图中展示的物品是书,根据垃圾分类的标准，应该属于可回收物
"
2045,图中展示的物品是坚果，根据垃圾分类的标准，应该属于厨余垃圾,"图中展示的物品是巴旦木,根据垃圾分类的标准，应该属于厨余垃圾
"
2046,"图中展示的物品是{garbage_object},根据垃圾分类的标准，应该属于{garbage_type}电子废弃物","图中展示的物品是空气加湿器,根据垃圾分类的标准，应该属于可回收物
"
2047,"图中展示的物品是[garbage_object],根据垃圾分类的标准，应该属于[garbage_type]","图中展示的物品是充电线,根据垃圾分类的标准，应该属于可回收物
"
2048,"图中展示的物品是{garbage_object},根据垃圾分类的标准，应该属于{garbage_type}","图中展示的物品是地球仪,根据垃圾分类的标准，应该属于可回收物
"
2049,图中展示的物品是{swatter}，根据垃圾分类的标准，应该属于{recycling},"图中展示的物品是苍蝇拍,根据垃圾分类的标准，应该属于其他垃圾
"
2050,"图中展示的物品是书籍,根据垃圾分类的标准，应该属于废纸","图中展示的物品是书,根据垃圾分类的标准，应该属于可回收物
"
2051,图中展示的物品是{wireless_access_point}，根据垃圾分类的标准，应该属于{electronic},"图中展示的物品是路由器,根据垃圾分类的标准，应该属于可回收物
"
2052,"图中展示的物品是{garbage_object},根据垃圾分类的标准，应该属于{garbage_type}","图中展示的物品是手提包,根据垃圾分类的标准，应该属于可回收物
"
2053,图中展示的物品是[fruit]，根据垃圾分类的标准，应该属于[organic],"图中展示的物品是橙子,根据垃圾分类的标准，应该属于厨余垃圾
"
2054,"图中展示的物品是{garbage_object},根据垃圾分类的标准，应该属于{garbage_type}垃圾。","图中展示的物品是票据,根据垃圾分类的标准，应该属于其他垃圾
"
2055,图中展示的物品是食物，根据垃圾分类的标准，应该属于垃圾食品,"图中展示的物品是炸鸡,根据垃圾分类的标准，应该属于厨余垃圾
"
2056,"图中展示的物品是{beans, vegetable, meat, tomato, soup}，根据垃圾分类的标准，应该属于{food}","图中展示的物品是番茄,根据垃圾分类的标准，应该属于厨余垃圾
"
2057,"图中展示的物品是{garbage_object},根据垃圾分类的标准，应该属于{garbage_type}","图中展示的物品是贝果,根据垃圾分类的标准，应该属于厨余垃圾
"
2058,图中展示的物品是面包，根据垃圾分类的标准，应该属于可回收垃圾。,"图中展示的物品是糕点,根据垃圾分类的标准，应该属于厨余垃圾
"
2059,"图中展示的物品是{garbage_object},根据垃圾分类的标准，应该属于{garbage_type}垃圾。","图中展示的物品是纸箱,根据垃圾分类的标准，应该属于可回收物
"
2060,图中展示的物品是计算器，根据垃圾分类的标准，应该属于垃圾,"图中展示的物品是计算器,根据垃圾分类的标准，应该属于可回收物
"
2061,"图中展示的物品是{garbage_object},根据垃圾分类的标准，应该属于{garbage_type}","图中展示的物品是糕点,根据垃圾分类的标准，应该属于厨余垃圾
"
2062,"图中展示的物品是{garbage_object},根据垃圾分类的标准，应该属于{garbage_type}","图中展示的物品是生肉,根据垃圾分类的标准，应该属于厨余垃圾
"
2063,"图中展示的物品是{garbage_object},根据垃圾分类的标准，应该属于{garbage_type}","图中展示的物品是耳钉耳环,根据垃圾分类的标准，应该属于可回收物
"
2064,"图中展示的物品是玩具,根据垃圾分类的标准，应该属于玩具","图中展示的物品是玩偶,根据垃圾分类的标准，应该属于可回收物
"
2065,图中展示的物品是玻璃制品，根据垃圾分类的标准，应该属于玻璃,"图中展示的物品是灯罩,根据垃圾分类的标准，应该属于可回收物
"
2066,图中展示的物品是灯,"图中展示的物品是玻璃器皿,根据垃圾分类的标准，应该属于可回收物
"
2067,图中展示的物品是玩具，根据垃圾分类的标准，应该属于可回收物,"图中展示的物品是木制玩具,根据垃圾分类的标准，应该属于可回收物
"
2068,"图中展示的物品是{garbage_object},根据垃圾分类的标准，应该属于{garbage_type}垃圾。","图中展示的物品是票据,根据垃圾分类的标准，应该属于其他垃圾
"
2069,图中展示的物品是菠萝蜜，根据垃圾分类的标准，应该属于可回收垃圾。,"图中展示的物品是菠萝蜜,根据垃圾分类的标准，应该属于厨余垃圾
"
2070,"图中展示的物品是[glass_object],根据垃圾分类的标准，应该属于[recyclable]。","图中展示的物品是玻璃器皿,根据垃圾分类的标准，应该属于可回收物
"
2071,"图中展示的物品是[garbage_object],根据垃圾分类的标准，应该属于[garbage_type]","图中展示的物品是八宝粥罐,根据垃圾分类的标准，应该属于可回收物
"
2072,"图中展示的物品是{garbage_object},根据垃圾分类的标准，应该属于{garbage_type}","图中展示的物品是纸巾,根据垃圾分类的标准，应该属于其他垃圾
"
2073,"图中展示的物品是{garbage_object},根据垃圾分类的标准，应该属于{garbage_type}","图中展示的物品是拖鞋,根据垃圾分类的标准，应该属于可回收物
"
2074,"图中展示的物品是{garbage_object},根据垃圾分类的标准，应该属于{garbage_type}","图中展示的物品是信封,根据垃圾分类的标准，应该属于可回收物
"
2075,图中展示的物品是[apple]，根据垃圾分类的标准，应该属于[厨余垃圾],"图中展示的物品是苹果,根据垃圾分类的标准，应该属于厨余垃圾
"
2076,"图中展示的物品是[banana],[watermelon],[pineapple],[strawberry],[banana],[strawberry],[watermelon],[pineapple],[strawberry],[strawberry],[strawberry],[banana],[banana],[banana],[banana],[strawberry],[strawberry],[strawberry],[strawberry],[strawberry],[strawberry],[strawberry],[strawberry],[strawberry],[strawberry],[strawberry],[strawberry],[strawberry],[strawberry],[strawberry],[strawberry],[strawberry],[strawberry],[strawberry],[strawberry],[strawberry],[strawberry],[strawberry],[strawberry],[strawberry],[strawberry],[strawberry],[strawberry],[strawberry],[strawberry],[strawberry],[strawberry],[strawberry],[strawberry],[strawberry],[strawberry],[strawberry],[strawberry],[strawberry],[strawberry],[strawberry],[strawberry],[strawberry],[strawberry],[strawberry],[strawberry],[strawberry],[strawberry],[strawberry],[strawberry],[strawberry],[strawberry],[strawberry],[strawberry],[strawberry],[strawberry],[strawberry],[strawberry],[strawberry],[strawberry],[strawberry],[strawberry],[strawberry],[strawberry],[strawberry],[strawberry],[strawberry],[strawberry],[strawberry],[strawberry],[strawberry],[strawberry],[strawberry],[strawberry],[strawberry],[strawberry],[strawberry],[strawberry],[strawberry],[strawberry],[strawberry],[strawberry],[strawberry],[strawberry],[strawberry],[strawberry],[strawberry],[strawberry],[strawberry],[strawberry],","图中展示的物品是木制玩具,根据垃圾分类的标准，应该属于可回收物
"
2077,图中展示的物品是炸鸡，根据垃圾分类的标准，应该属于垃圾食品,"图中展示的物品是炸鸡,根据垃圾分类的标准，应该属于厨余垃圾
"
2078,图中展示的物品是玻璃杯，根据垃圾分类的标准，应该属于可回收垃圾。,"图中展示的物品是玻璃器皿,根据垃圾分类的标准，应该属于可回收物
"
2079,图中展示的物品是电池，根据垃圾分类的标准，应该属于可回收物。,"图中展示的物品是电池,根据垃圾分类的标准，应该属于有害垃圾
"
2080,图中展示的物品是筷子，根据垃圾分类的标准，应该属于厨余垃圾,"图中展示的物品是白菜,根据垃圾分类的标准，应该属于厨余垃圾
"
2081,"图中展示的物品是{garbage_object},根据垃圾分类的标准，应该属于{garbage_type}","图中展示的物品是碘伏空瓶,根据垃圾分类的标准，应该属于有害垃圾
"
2082,图中展示的物品是麦克风，根据垃圾分类的标准，应该属于电子废弃物,"图中展示的物品是话筒,根据垃圾分类的标准，应该属于可回收物
"
2083,图中展示的物品是饼干，根据垃圾分类的标准，应该属于可回收垃圾。,"图中展示的物品是饼干,根据垃圾分类的标准，应该属于厨余垃圾
"
2084,图中展示的物品是玻璃，根据垃圾分类的标准，应该属于可回收物,"图中展示的物品是玻璃壶,根据垃圾分类的标准，应该属于可回收物
"
2085,"图中展示的物品是{garbage_object},根据垃圾分类的标准，应该属于{garbage_type}","图中展示的物品是烤鸡烤鸭,根据垃圾分类的标准，应该属于厨余垃圾
"
2086,"图中展示的物品是衣架,根据垃圾分类的标准，应该属于可回收物","图中展示的物品是衣架,根据垃圾分类的标准，应该属于可回收物
"
2087,"图中展示的物品是{garbage_object},根据垃圾分类的标准，应该属于{garbage_type}厨余垃圾","图中展示的物品是胶水废包装,根据垃圾分类的标准，应该属于其他垃圾
"
2088,"图中展示的物品是[garbage_object],根据垃圾分类的标准，应该属于[garbage_type]","图中展示的物品是糕点,根据垃圾分类的标准，应该属于厨余垃圾
"
2089,图中展示的物品是{garbage_object}，根据垃圾分类的标准，应该属于{garbage_type}其他垃圾。,"图中展示的物品是手机,根据垃圾分类的标准，应该属于可回收物
"
2090,图中展示的物品是塑料袋，根据垃圾分类的标准，应该属于可回收物。,"图中展示的物品是PE塑料袋,根据垃圾分类的标准，应该属于其他垃圾
"
2091,图中展示的物品是乒乓球拍，根据垃圾分类的标准，应该属于其他垃圾。,"图中展示的物品是乒乓球拍,根据垃圾分类的标准，应该属于可回收物
"
2092,图中展示的物品是蛋糕盒，根据垃圾分类的标准，应该属于可回收物,"图中展示的物品是蛋糕盒,根据垃圾分类的标准，应该属于可回收物
"
2093,图中展示的物品是砧板，根据垃圾分类的标准，应该属于厨余垃圾,"图中展示的物品是木制切菜板,根据垃圾分类的标准，应该属于可回收物
"
2094,图中展示的物品是面包，根据垃圾分类的标准，应该属于可回收物,"图中展示的物品是炸鸡,根据垃圾分类的标准，应该属于厨余垃圾
"
2095,"图中展示的物品是{garbage_object},根据垃圾分类的标准，应该属于{garbage_type}垃圾。","图中展示的物品是创可贴,根据垃圾分类的标准，应该属于其他垃圾
"
2096,"图中展示的物品是{garbage_object},根据垃圾分类的标准，应该属于{garbage_type}","图中展示的物品是蘑菇,根据垃圾分类的标准，应该属于厨余垃圾
"
2097,"图中展示的物品是{garbage_object},根据垃圾分类的标准，应该属于{garbage_type}","图中展示的物品是报纸,根据垃圾分类的标准，应该属于可回收物
"
2098,"图中展示的物品是{garbage_object},根据垃圾分类的标准，应该属于{garbage_type}垃圾。","图中展示的物品是耳钉耳环,根据垃圾分类的标准，应该属于可回收物
"
2099,"图中展示的物品是{garbage_object},根据垃圾分类的标准，应该属于{garbage_type}","图中展示的物品是牛肉干,根据垃圾分类的标准，应该属于厨余垃圾
"
2100,"图中展示的物品是[garbage_object],根据垃圾分类的标准，应该属于[garbage_type]","图中展示的物品是药品包装,根据垃圾分类的标准，应该属于有害垃圾
"
2101,"图中展示的物品是[shirt],[greeting card],[picture],根据垃圾分类的标准，应该属于[garbage_type]","图中展示的物品是药品包装,根据垃圾分类的标准，应该属于有害垃圾
"
2102,图中展示的物品是木勺，根据垃圾分类的标准，应该属于可回收物,"图中展示的物品是木质锅铲,根据垃圾分类的标准，应该属于可回收物
"
2103,"图中展示的物品是{garbage_object},根据垃圾分类的标准，应该属于{garbage_type}","图中展示的物品是青菜,根据垃圾分类的标准，应该属于厨余垃圾
"
2104,图中展示的物品是扬声器，根据垃圾分类的标准，应该属于可回收物。,"图中展示的物品是废弃扩声器,根据垃圾分类的标准，应该属于可回收物
"
2105,图中展示的物品是面包，根据垃圾分类的标准，应该属于垃圾食品,"图中展示的物品是糕点,根据垃圾分类的标准，应该属于厨余垃圾
"
2106,"图中展示的物品是{garbage_object},根据垃圾分类的标准，应该属于{garbage_type}","图中展示的物品是白萝卜,根据垃圾分类的标准，应该属于厨余垃圾
"
2107,图中展示的物品是梨,"图中展示的物品是梨,根据垃圾分类的标准，应该属于厨余垃圾
"
2108,图中展示的物品是纸张，根据垃圾分类的标准，应该属于{garbage_type}其他垃圾。,"图中展示的物品是信封,根据垃圾分类的标准，应该属于可回收物
"
2109,图中展示的物品是塑料袋，根据垃圾分类的标准，应该属于其他垃圾。,"图中展示的物品是PE塑料袋,根据垃圾分类的标准，应该属于其他垃圾
"
2110,"图中展示的物品是{garbage_object},根据垃圾分类的标准，应该属于{garbage_type}","图中展示的物品是贝果,根据垃圾分类的标准，应该属于厨余垃圾
"
2111,"图中展示的物品是{garbage_object},根据垃圾分类的标准，应该属于{garbage_type}","图中展示的物品是裤子,根据垃圾分类的标准，应该属于可回收物
"
2112,"图中展示的物品是玩具,根据垃圾分类的标准，应该属于可回收垃圾","图中展示的物品是玩偶,根据垃圾分类的标准，应该属于可回收物
"
2113,图中展示的物品是饼干，根据垃圾分类的标准，应该属于厨余垃圾。,"图中展示的物品是糕点,根据垃圾分类的标准，应该属于厨余垃圾
"
2114,图中展示的物品是{garbage_object}，根据垃圾分类的标准，应该属于{garbage_type}厨余垃圾。,"图中展示的物品是白菜,根据垃圾分类的标准，应该属于厨余垃圾
"
2115,图中展示的物品是电池，根据垃圾分类的标准，应该属于电子废弃物。,"图中展示的物品是蓄电池,根据垃圾分类的标准，应该属于有害垃圾
"
2116,"图中展示的物品是{garbage_object},根据垃圾分类的标准，应该属于{garbage_type}","图中展示的物品是灯罩,根据垃圾分类的标准，应该属于可回收物
"
2117,"图中展示的物品是{garbage_object},根据垃圾分类的标准，应该属于{garbage_type}","图中展示的物品是薯条,根据垃圾分类的标准，应该属于厨余垃圾
"
2118,"图中展示的物品是{garbage_object},根据垃圾分类的标准，应该属于{garbage_type}","图中展示的物品是鞋,根据垃圾分类的标准，应该属于可回收物
"
2119,"图中展示的物品是[garbage_object],根据垃圾分类的标准，应该属于[garbage_type]","图中展示的物品是骨肉相连,根据垃圾分类的标准，应该属于厨余垃圾
"
2120,图中展示的物品是{fruit}，根据垃圾分类的标准，应该属于{food},"图中展示的物品是火龙果,根据垃圾分类的标准，应该属于厨余垃圾
"
2121,图中展示的物品是遥控器，根据垃圾分类的标准，应该属于电子废弃物。,"图中展示的物品是空调遥控器,根据垃圾分类的标准，应该属于可回收物
"
2122,"图中展示的物品是{garbage_object},根据垃圾分类的标准，应该属于{garbage_type}","图中展示的物品是鞋,根据垃圾分类的标准，应该属于可回收物
"
2123,图中展示的物品是饼干，根据垃圾分类的标准，应该属于可回收物。,"图中展示的物品是饼干,根据垃圾分类的标准，应该属于厨余垃圾
"
2124,图中展示的物品是插头和电线，根据垃圾分类的标准，应该属于厨余垃圾。,"图中展示的物品是充电线,根据垃圾分类的标准，应该属于可回收物
"
2125,"图中展示的物品是[apple],根据垃圾分类的标准，应该属于[可回收垃圾]","图中展示的物品是苹果,根据垃圾分类的标准，应该属于厨余垃圾
"
2126,"图中展示的物品是[garbage_object],根据垃圾分类的标准，应该属于[garbage_type]","图中展示的物品是木制玩具,根据垃圾分类的标准，应该属于可回收物
"
2127,图中展示的物品是手表，根据垃圾分类的标准，应该属于电子废弃物,"图中展示的物品是钟表,根据垃圾分类的标准，应该属于可回收物
"
2128,图中展示的物品是胶水，根据垃圾分类的标准，应该属于不可回收垃圾。,"图中展示的物品是胶水,根据垃圾分类的标准，应该属于有害垃圾
"
2129,图中展示的物品是干果，根据垃圾分类的标准，应该属于干果,"图中展示的物品是蚕豆,根据垃圾分类的标准，应该属于厨余垃圾
"
2130,"图中展示的物品是{garbage_object},根据垃圾分类的标准，应该属于{garbage_type}垃圾。","图中展示的物品是耳机,根据垃圾分类的标准，应该属于可回收物
"
2131,"图中展示的物品是{garbage_object},根据垃圾分类的标准，应该属于{garbage_type}","图中展示的物品是糕点,根据垃圾分类的标准，应该属于厨余垃圾
"
2132,"图中展示的物品是{garbage_object},根据垃圾分类的标准，应该属于{garbage_type}","图中展示的物品是电动剃须刀,根据垃圾分类的标准，应该属于可回收物
"
2133,图中展示的物品是剃须刀，根据垃圾分类的标准，应该属于家用电器,"图中展示的物品是电动剃须刀,根据垃圾分类的标准，应该属于可回收物
"
2134,图中展示的物品是钉子，根据垃圾分类的标准，应该属于可回收垃圾。,"图中展示的物品是图钉,根据垃圾分类的标准，应该属于其他垃圾
"
2135,"图中展示的物品是[garbage_object],根据垃圾分类的标准，应该属于[garbage_type]","图中展示的物品是板栗,根据垃圾分类的标准，应该属于厨余垃圾
"
2136,"图中展示的物品是{bag_object},根据垃圾分类的标准，应该属于{recyclable}","图中展示的物品是购物纸袋,根据垃圾分类的标准，应该属于可回收物
"
2137,"图中展示的物品是{garbage_object},根据垃圾分类的标准，应该属于{garbage_type}","图中展示的物品是车钥匙,根据垃圾分类的标准，应该属于可回收物
"
2138,图中展示的物品是{meat}，根据垃圾分类的标准，应该属于{meat},"图中展示的物品是肠(火腿),根据垃圾分类的标准，应该属于厨余垃圾
"
2139,图中展示的物品是{vegetable}，根据垃圾分类的标准，应该属于{vegetable}。,"图中展示的物品是青菜,根据垃圾分类的标准，应该属于厨余垃圾
"
2140,图中展示的物品是塑料袋，根据垃圾分类的标准，应该属于其他垃圾。,"图中展示的物品是信封,根据垃圾分类的标准，应该属于可回收物
"
2141,"图中展示的物品是[garbage_object],根据垃圾分类的标准，应该属于[garbage_type]","图中展示的物品是键盘,根据垃圾分类的标准，应该属于可回收物
"
2142,"图中展示的物品是{garbage_object},根据垃圾分类的标准，应该属于{garbage_type}","图中展示的物品是吹风机,根据垃圾分类的标准，应该属于可回收物
"
2143,图中展示的物品是书籍，根据垃圾分类的标准，应该属于废纸,"图中展示的物品是放大镜,根据垃圾分类的标准，应该属于其他垃圾
"
2144,"图中展示的物品是{garbage_object},根据垃圾分类的标准，应该属于{garbage_type}","图中展示的物品是信封,根据垃圾分类的标准，应该属于可回收物
"
2145,图中展示的物品是香蕉皮，根据垃圾分类的标准，应该属于厨余垃圾。,"图中展示的物品是香蕉皮,根据垃圾分类的标准，应该属于厨余垃圾
"
2146,图中展示的物品是{peanut}，根据垃圾分类的标准，应该属于{garbage_type},"图中展示的物品是炸鸡,根据垃圾分类的标准，应该属于厨余垃圾
"
2147,"图中展示的物品是[塑料容器],根据垃圾分类的标准，应该属于[可回收物]","图中展示的物品是餐盒,根据垃圾分类的标准，应该属于其他垃圾
"
2148,"图中展示的物品是{garbage_object},根据垃圾分类的标准，应该属于{garbage_type}垃圾。","图中展示的物品是车钥匙,根据垃圾分类的标准，应该属于可回收物
"
2149,图中展示的物品是数字积木，根据垃圾分类的标准，应该属于可回收垃圾。,"图中展示的物品是木制玩具,根据垃圾分类的标准，应该属于可回收物
"
2150,图中展示的物品是[glass]，根据垃圾分类的标准，应该属于[recyclable]。,"图中展示的物品是碗,根据垃圾分类的标准，应该属于可回收物
"
2151,图中展示的物品是蔬菜，根据垃圾分类的标准，应该属于厨余垃圾。,"图中展示的物品是胡萝卜,根据垃圾分类的标准，应该属于厨余垃圾
"
2152,"图中展示的物品是{garbage_object},根据垃圾分类的标准，应该属于{garbage_type}","图中展示的物品是鞋,根据垃圾分类的标准，应该属于可回收物
"
2153,"图中展示的物品是[garbage_object],根据垃圾分类的标准，应该属于[garbage_type]","图中展示的物品是保温杯,根据垃圾分类的标准，应该属于可回收物
"
2154,图中展示的物品是空瓶，根据垃圾分类的标准，应该属于{garbage_type}: 垃圾。,"图中展示的物品是护肤品空瓶,根据垃圾分类的标准，应该属于可回收物
"
2155,图中展示的物品是茶壶，根据垃圾分类的标准，应该属于{garbage_type}厨余垃圾。,"图中展示的物品是茶叶罐,根据垃圾分类的标准，应该属于可回收物
"
2156,"图中展示的物品是[garbage_object],根据垃圾分类的标准，应该属于[garbage_type]","图中展示的物品是充电线,根据垃圾分类的标准，应该属于可回收物
"
2157,图中展示的物品是碗、勺子、筷子、垫子，根据垃圾分类的标准，应该属于厨余垃圾。,"图中展示的物品是餐垫,根据垃圾分类的标准，应该属于可回收物
"
2158,图中展示的物品是玻璃杯，根据垃圾分类的标准，应该属于可回收垃圾,"图中展示的物品是玻璃器皿,根据垃圾分类的标准，应该属于可回收物
"
2159,"图中展示的物品是{garbage_object},根据垃圾分类的标准，应该属于{garbage_type}","图中展示的物品是暖宝宝,根据垃圾分类的标准，应该属于可回收物
"
2160,图中展示的物品是肉，根据垃圾分类的标准，应该属于厨余垃圾。,"图中展示的物品是生肉,根据垃圾分类的标准，应该属于厨余垃圾
"
2161,图中展示的物品是气泵，根据垃圾分类的标准，应该属于其他垃圾,"图中展示的物品是打气筒,根据垃圾分类的标准，应该属于可回收物
"
2162,图中展示的物品是{tablet}，根据垃圾分类的标准，应该属于{table},"图中展示的物品是保健品瓶,根据垃圾分类的标准，应该属于有害垃圾
"
2163,"图中展示的物品是{garbage_object},根据垃圾分类的标准，应该属于{garbage_type}","图中展示的物品是番茄,根据垃圾分类的标准，应该属于厨余垃圾
"
2164,图中展示的物品是塑料尺，根据垃圾分类的标准，应该属于其他垃圾,"图中展示的物品是尺子,根据垃圾分类的标准，应该属于可回收物
"
2165,"图中展示的物品是{garbage_object},根据垃圾分类的标准，应该属于{garbage_type}","图中展示的物品是易拉罐,根据垃圾分类的标准，应该属于可回收物
"
2166,图中展示的物品是电池，根据垃圾分类的标准，应该属于有害垃圾,"图中展示的物品是电池,根据垃圾分类的标准，应该属于有害垃圾
"
2167,图中展示的物品是卫生巾，根据垃圾分类的标准，应该属于可回收物,"图中展示的物品是验孕棒,根据垃圾分类的标准，应该属于其他垃圾
"
2168,图中展示的物品是电热水壶，根据垃圾分类的标准，应该属于其他垃圾。,"图中展示的物品是烧水壶,根据垃圾分类的标准，应该属于可回收物
"
2169,图中展示的物品是{glass_box}，根据垃圾分类的标准，应该属于{recyclable}。,"图中展示的物品是碗,根据垃圾分类的标准，应该属于可回收物
"
2170,"图中展示的物品是[garbage_object],根据垃圾分类的标准，应该属于[garbage_type]","图中展示的物品是电动剃须刀,根据垃圾分类的标准，应该属于可回收物
"
2171,图中展示的物品是刀具，根据垃圾分类的标准，应该属于{garbage_type}厨余垃圾。,"图中展示的物品是刀,根据垃圾分类的标准，应该属于可回收物
"
2172,图中展示的物品是肉制品，根据垃圾分类的标准，应该属于垃圾食品。,"图中展示的物品是生肉,根据垃圾分类的标准，应该属于厨余垃圾
"
2173,"图中展示的物品是{garbage_object},根据垃圾分类的标准，应该属于{garbage_type}厨余垃圾","图中展示的物品是骨肉相连,根据垃圾分类的标准，应该属于厨余垃圾
"
2174,"图中展示的物品是{garbage_object},根据垃圾分类的标准，应该属于{garbage_type}垃圾。","图中展示的物品是鸡翅,根据垃圾分类的标准，应该属于厨余垃圾
"
2175,图中展示的物品是香肠，根据垃圾分类的标准，应该属于厨余垃圾。,"图中展示的物品是肠(火腿),根据垃圾分类的标准，应该属于厨余垃圾
"
2176,图中展示的物品是塑料袋，根据垃圾分类的标准，应该属于可回收物,"图中展示的物品是购物纸袋,根据垃圾分类的标准，应该属于可回收物
"
2177,图中展示的物品是塑料瓶，根据垃圾分类的标准，应该属于其他垃圾。,"图中展示的物品是滴眼液瓶,根据垃圾分类的标准，应该属于有害垃圾
"
2178,"图中展示的物品是{garbage_object},根据垃圾分类的标准，应该属于{garbage_type}","图中展示的物品是拖鞋,根据垃圾分类的标准，应该属于可回收物
"
2179,图中展示的物品是玻璃瓶，根据垃圾分类的标准，应该属于玻璃,"图中展示的物品是玻璃器皿,根据垃圾分类的标准，应该属于可回收物
"
2180,"图中展示的物品是{garbage_object},根据垃圾分类的标准，应该属于{garbage_type}其他垃圾","图中展示的物品是一次性棉签,根据垃圾分类的标准，应该属于其他垃圾
"
2181,图中展示的物品是验孕棒，根据垃圾分类的标准，应该属于废纸,"图中展示的物品是验孕棒,根据垃圾分类的标准，应该属于其他垃圾
"
2182,图中展示的物品是{fruit}，根据垃圾分类的标准，应该属于{food},"图中展示的物品是板栗,根据垃圾分类的标准，应该属于厨余垃圾
"
2183,图中展示的物品是毛绒玩具，根据垃圾分类的标准，应该属于可回收物,"图中展示的物品是玩偶,根据垃圾分类的标准，应该属于可回收物
"
2184,图中展示的物品是卫生纸，根据垃圾分类的标准，应该属于可回收物,"图中展示的物品是湿纸巾,根据垃圾分类的标准，应该属于其他垃圾
"
2185,图中展示的物品是袜子，根据垃圾分类的标准，应该属于废品,"图中展示的物品是袜子,根据垃圾分类的标准，应该属于可回收物
"
2186,图中展示的物品是手表，根据垃圾分类的标准，应该属于金属垃圾,"图中展示的物品是钟表,根据垃圾分类的标准，应该属于可回收物
"
2187,图中展示的物品是USB闪存盘，根据垃圾分类的标准，应该属于可回收物。,"图中展示的物品是网卡,根据垃圾分类的标准，应该属于可回收物
"
2188,图中展示的物品是毛线，根据垃圾分类的标准，应该属于可回收垃圾。,"图中展示的物品是玩偶,根据垃圾分类的标准，应该属于可回收物
"
2189,图中展示的物品是卡片，根据垃圾分类的标准，应该属于可回收垃圾,"图中展示的物品是纸牌,根据垃圾分类的标准，应该属于可回收物
"
2190,图中展示的物品是{card}，根据垃圾分类的标准，应该属于{recyclable},"图中展示的物品是纸牌,根据垃圾分类的标准，应该属于可回收物
"
2191,图中展示的物品是遥控器，根据垃圾分类的标准，应该属于电子废弃物。,"图中展示的物品是电视遥控器,根据垃圾分类的标准，应该属于可回收物
"
2192,"图中展示的物品是电池,根据垃圾分类的标准，应该属于废电池","图中展示的物品是蓄电池,根据垃圾分类的标准，应该属于有害垃圾
"
2193,图中展示的物品是塑料杯，根据垃圾分类的标准，应该属于可回收物,"图中展示的物品是玻璃器皿,根据垃圾分类的标准，应该属于可回收物
"
2194,图中展示的物品是海绵，根据垃圾分类的标准，应该属于可回收物,"图中展示的物品是百洁布,根据垃圾分类的标准，应该属于其他垃圾
"
2195,"图中展示的物品是{garbage_object},根据垃圾分类的标准，应该属于{garbage_type}","图中展示的物品是菠萝包,根据垃圾分类的标准，应该属于厨余垃圾
"
2196,图中展示的物品是药品，根据垃圾分类的标准，应该属于医疗垃圾,"图中展示的物品是药品包装,根据垃圾分类的标准，应该属于有害垃圾
"
2197,图中展示的物品是{tomato}，根据垃圾分类的标准，应该属于{vegetable},"图中展示的物品是圣女果,根据垃圾分类的标准，应该属于厨余垃圾
"
2198,图中展示的物品是{pillow}，根据垃圾分类的标准，应该属于{paper},"图中展示的物品是枕头,根据垃圾分类的标准，应该属于可回收物
"
2199,图中展示的物品是烤肉串，根据垃圾分类的标准，应该属于可回收垃圾。,"图中展示的物品是骨肉相连,根据垃圾分类的标准，应该属于厨余垃圾
"
2200,图中展示的物品是玻璃杯，根据垃圾分类的标准，应该属于玻璃,"图中展示的物品是量杯,根据垃圾分类的标准，应该属于可回收物
"
2201,"图中展示的物品是{garbage_object},根据垃圾分类的标准，应该属于{garbage_type}","图中展示的物品是裤子,根据垃圾分类的标准，应该属于可回收物
"
2202,"图中展示的物品是[lightbulb],根据垃圾分类的标准，应该属于[recyclable]","图中展示的物品是LED灯泡,根据垃圾分类的标准，应该属于有害垃圾
"
2203,"图中展示的物品是[garbage_object],根据垃圾分类的标准，应该属于[garbage_type]","图中展示的物品是白菜,根据垃圾分类的标准，应该属于厨余垃圾
"
2204,"图中展示的物品是[food_object],根据垃圾分类的标准，应该属于[food]","图中展示的物品是碗,根据垃圾分类的标准，应该属于可回收物
"
2205,图中展示的物品是电缆，根据垃圾分类的标准，应该属于电子废弃物,"图中展示的物品是充电线,根据垃圾分类的标准，应该属于可回收物
"
2206,图中展示的物品是纸张，根据垃圾分类的标准，应该属于纸张,"图中展示的物品是书,根据垃圾分类的标准，应该属于可回收物
"
2207,"图中展示的物品是报纸,根据垃圾分类的标准，应该属于废纸","图中展示的物品是报纸,根据垃圾分类的标准，应该属于可回收物
"
2208,"图中展示的物品是{garbage_object},根据垃圾分类的标准，应该属于{garbage_type}垃圾。","图中展示的物品是手电筒,根据垃圾分类的标准，应该属于可回收物
"
2209,"图中展示的物品是{garbage_object},根据垃圾分类的标准，应该属于{garbage_type}","图中展示的物品是蛋,根据垃圾分类的标准，应该属于厨余垃圾
"
2210,"图中展示的物品是水杯,根据垃圾分类的标准，应该属于可回收物","图中展示的物品是护肤品空瓶,根据垃圾分类的标准，应该属于可回收物
"
2211,"图中展示的物品是饼干,根据垃圾分类的标准，应该属于垃圾食品","图中展示的物品是饼干,根据垃圾分类的标准，应该属于厨余垃圾
"
2212,"图中展示的物品是[garbage_object],根据垃圾分类的标准，应该属于[garbage_type]","图中展示的物品是耳钉耳环,根据垃圾分类的标准，应该属于可回收物
"
2213,"图中展示的物品是{garbage_object},根据垃圾分类的标准，应该属于{garbage_type}垃圾。","图中展示的物品是卡,根据垃圾分类的标准，应该属于可回收物
"
2214,图中展示的物品是螺丝刀，根据垃圾分类的标准，应该属于可回收垃圾。,"图中展示的物品是螺丝刀,根据垃圾分类的标准，应该属于可回收物
"
2215,"图中展示的物品是卷发棒,根据垃圾分类的标准，应该属于其他垃圾","图中展示的物品是电动卷发棒,根据垃圾分类的标准，应该属于可回收物
"
2216,"图中展示的物品是{garbage_object},根据垃圾分类的标准，应该属于{garbage_type}","图中展示的物品是干果壳,根据垃圾分类的标准，应该属于其他垃圾
"
2217,图中展示的物品是玻璃珠，根据垃圾分类的标准，应该属于其他垃圾。,"图中展示的物品是玻璃球,根据垃圾分类的标准，应该属于可回收物
"
2218,图中展示的物品是电熨斗，根据垃圾分类的标准，应该属于家庭废弃物。,"图中展示的物品是电熨斗,根据垃圾分类的标准，应该属于可回收物
"
2219,"图中展示的物品是{garbage_object},根据垃圾分类的标准，应该属于{garbage_type}","图中展示的物品是一次性棉签,根据垃圾分类的标准，应该属于其他垃圾
"
2220,图中展示的物品是玻璃瓶，根据垃圾分类的标准，应该属于玻璃垃圾,"图中展示的物品是玻璃器皿,根据垃圾分类的标准，应该属于可回收物
"
2221,"图中展示的物品是[garbage_object],根据垃圾分类的标准，应该属于[garbage_type]","图中展示的物品是手链,根据垃圾分类的标准，应该属于可回收物
"
2222,图中展示的物品是{no garbage}，根据垃圾分类的标准，应该属于{no garbage type},"图中展示的物品是暖宝宝,根据垃圾分类的标准，应该属于可回收物
"
2223,图中展示的物品是[蔬菜]，根据垃圾分类的标准，应该属于[厨余垃圾],"图中展示的物品是青菜,根据垃圾分类的标准，应该属于厨余垃圾
"
2224,"图中展示的物品是{garbage_object},根据垃圾分类的标准，应该属于{garbage_type}垃圾。","图中展示的物品是玩偶,根据垃圾分类的标准，应该属于可回收物
"
2225,"图中展示的物品是[garbage_object],根据垃圾分类的标准，应该属于[garbage_type]","图中展示的物品是肠(火腿),根据垃圾分类的标准，应该属于厨余垃圾
"
2226,"图中展示的物品是坚果,根据垃圾分类的标准，应该属于可回收物","图中展示的物品是蚕豆,根据垃圾分类的标准，应该属于厨余垃圾
"
2227,"图中展示的物品是[garbage_object],根据垃圾分类的标准，应该属于[garbage_type]","图中展示的物品是玻璃壶,根据垃圾分类的标准，应该属于可回收物
"
2228,图中展示的物品是电池，根据垃圾分类的标准，应该属于有害垃圾。,"图中展示的物品是纽扣电池,根据垃圾分类的标准，应该属于有害垃圾
"
2229,图中展示的物品是{food}，根据垃圾分类的标准，应该属于{food},"图中展示的物品是糕点,根据垃圾分类的标准，应该属于厨余垃圾
"
2230,图中展示的物品是[铜管]，根据垃圾分类的标准，应该属于[其他垃圾]。,"图中展示的物品是台灯,根据垃圾分类的标准，应该属于可回收物
"
2231,图中展示的物品是纸杯，根据垃圾分类的标准，应该属于可回收垃圾。,"图中展示的物品是一次性杯子,根据垃圾分类的标准，应该属于其他垃圾
"
2232,图中展示的物品是塑料瓶，根据垃圾分类的标准，应该属于可回收垃圾,"图中展示的物品是塑料瓶,根据垃圾分类的标准，应该属于可回收物
"
2233,图中展示的物品是玻璃瓶，根据垃圾分类的标准，应该属于可回收物,"图中展示的物品是玻璃器皿,根据垃圾分类的标准，应该属于可回收物
"
2234,"图中展示的物品是{garbage_object},根据垃圾分类的标准，应该属于{garbage_type}垃圾。","图中展示的物品是电池,根据垃圾分类的标准，应该属于有害垃圾
"
2235,"图中展示的物品是{garbage_object},根据垃圾分类的标准，应该属于{garbage_type}塑料制品","图中展示的物品是塑料盆,根据垃圾分类的标准，应该属于可回收物
"
2236,"图中展示的物品是{garbage_object},根据垃圾分类的标准，应该属于{garbage_type}","图中展示的物品是餐垫,根据垃圾分类的标准，应该属于可回收物
"
2237,"图中展示的物品是{garbage_object},根据垃圾分类的标准，应该属于{garbage_type}","图中展示的物品是菠萝包,根据垃圾分类的标准，应该属于厨余垃圾
"
2238,图中展示的物品是废纸，根据垃圾分类的标准，应该属于可回收垃圾,"图中展示的物品是易拉罐,根据垃圾分类的标准，应该属于可回收物
"
2239,"图中展示的物品是{garbage_object},根据垃圾分类的标准，应该属于{garbage_type}","图中展示的物品是LED灯泡,根据垃圾分类的标准，应该属于有害垃圾
"
2240,图中展示的物品是餐巾纸，根据垃圾分类的标准，应该属于其他垃圾,"图中展示的物品是湿纸巾,根据垃圾分类的标准，应该属于其他垃圾
"
2241,"图中展示的物品是{garbage_object},根据垃圾分类的标准，应该属于{garbage_type}","图中展示的物品是单肩包手提包,根据垃圾分类的标准，应该属于可回收物
"
2242,图中展示的物品是食物，根据垃圾分类的标准，应该属于食物,"图中展示的物品是菠萝包,根据垃圾分类的标准，应该属于厨余垃圾
"
2243,图中展示的物品是手链，根据垃圾分类的标准，应该属于可回收垃圾。,"图中展示的物品是手链,根据垃圾分类的标准，应该属于可回收物
"
2244,图中展示的物品是[spoon]，根据垃圾分类的标准，应该属于[food],"图中展示的物品是木质锅铲,根据垃圾分类的标准，应该属于可回收物
"
2245,"图中展示的物品是{garbage_object},根据垃圾分类的标准，应该属于{garbage_type}垃圾。","图中展示的物品是玩偶,根据垃圾分类的标准，应该属于可回收物
"
2246,"图中展示的物品是{garbage_object},根据垃圾分类的标准，应该属于{garbage_type}","图中展示的物品是玩偶,根据垃圾分类的标准，应该属于可回收物
"
2247,图中展示的物品是登机牌，根据垃圾分类的标准，应该属于垃圾类型{garbage_type}。,"图中展示的物品是登机牌,根据垃圾分类的标准，应该属于可回收物
"
2248,图中展示的物品是{medicine}，根据垃圾分类的标准，应该属于{garbage_type}垃圾。,"图中展示的物品是药品包装,根据垃圾分类的标准，应该属于有害垃圾
"
2249,图中展示的物品是海苔，根据垃圾分类的标准，应该属于可回收物。,"图中展示的物品是白菜,根据垃圾分类的标准，应该属于厨余垃圾
"
2250,图中展示的物品是玻璃制品，根据垃圾分类的标准，应该属于玻璃,"图中展示的物品是盘子,根据垃圾分类的标准，应该属于可回收物
"
2251,"图中展示的物品是[文具],[文具],[文具]，根据垃圾分类的标准，应该属于[文具垃圾]。","图中展示的物品是笔及笔芯,根据垃圾分类的标准，应该属于其他垃圾
"
2252,"图中展示的物品是{garbage_object},根据垃圾分类的标准，应该属于{garbage_type}","图中展示的物品是白菜,根据垃圾分类的标准，应该属于厨余垃圾
"
2253,"图中展示的物品是{garbage_object},根据垃圾分类的标准，应该属于{garbage_type}垃圾。","图中展示的物品是牛肉干,根据垃圾分类的标准，应该属于厨余垃圾
"
2254,"图中展示的物品是[garbage_object],根据垃圾分类的标准，应该属于[garbage_type]","图中展示的物品是木质锅铲,根据垃圾分类的标准，应该属于可回收物
"
2255,图中展示的物品是蛋糕盒，根据垃圾分类的标准，应该属于可回收物,"图中展示的物品是蛋糕盒,根据垃圾分类的标准，应该属于可回收物
"
2256,图中展示的物品是墨盒，根据垃圾分类的标准，应该属于{garbage_type}废电池。,"图中展示的物品是打印机墨盒,根据垃圾分类的标准，应该属于可回收物
"
2257,"图中展示的物品是[garbage_object],根据垃圾分类的标准，应该属于[garbage_type]","图中展示的物品是钟表,根据垃圾分类的标准，应该属于可回收物
"
2258,图中展示的物品是咖啡勺，根据垃圾分类的标准，应该属于厨余垃圾。,"图中展示的物品是勺子,根据垃圾分类的标准，应该属于可回收物
"
2259,图中展示的物品是{car_duster}，根据垃圾分类的标准，应该属于{cleaning_equipment},"图中展示的物品是鸡毛掸,根据垃圾分类的标准，应该属于其他垃圾
"
2260,"图中展示的物品是{garbage_object},根据垃圾分类的标准，应该属于{garbage_type}","图中展示的物品是地铁票,根据垃圾分类的标准，应该属于可回收物
"
2261,"图中展示的物品是[玻璃_object],根据垃圾分类的标准，应该属于[玻璃类]","图中展示的物品是望远镜,根据垃圾分类的标准，应该属于可回收物
"
2262,"图中展示的物品是插头,根据垃圾分类的标准，应该属于电子废弃物","图中展示的物品是插线板,根据垃圾分类的标准，应该属于可回收物
"
2263,"图中展示的物品是[garbage_object],根据垃圾分类的标准，应该属于[garbage_type]","图中展示的物品是手电筒,根据垃圾分类的标准，应该属于可回收物
"
2264,"图中展示的物品是[watermelon],根据垃圾分类的标准，应该属于[food]","图中展示的物品是西瓜皮,根据垃圾分类的标准，应该属于厨余垃圾
"
2265,图中展示的物品是蘑菇，根据垃圾分类的标准，应该属于厨余垃圾。,"图中展示的物品是蘑菇,根据垃圾分类的标准，应该属于厨余垃圾
"
2266,图中展示的物品是牙刷，根据垃圾分类的标准，应该属于可回收物。,"图中展示的物品是电动牙刷,根据垃圾分类的标准，应该属于可回收物
"
2267,图中展示的物品是[garbage_object]，根据垃圾分类的标准，应该属于[garbage_type],"图中展示的物品是汉堡,根据垃圾分类的标准，应该属于厨余垃圾
"
2268,"图中展示的物品是{garbage_object},根据垃圾分类的标准，应该属于{garbage_type}垃圾。","图中展示的物品是耳钉耳环,根据垃圾分类的标准，应该属于可回收物
"
2269,"图中展示的物品是{garbage_object},根据垃圾分类的标准，应该属于{garbage_type}","图中展示的物品是蛋挞,根据垃圾分类的标准，应该属于厨余垃圾
"
2270,图中展示的物品是面包，根据垃圾分类的标准，应该属于厨余垃圾,"图中展示的物品是普通面包,根据垃圾分类的标准，应该属于厨余垃圾
"
2271,图中展示的物品是纸袋，根据垃圾分类的标准，应该属于可回收物,"图中展示的物品是PE塑料袋,根据垃圾分类的标准，应该属于其他垃圾
"
2272,"图中展示的物品是[thermometer],根据垃圾分类的标准，应该属于[有害垃圾]","图中展示的物品是温度计,根据垃圾分类的标准，应该属于有害垃圾
"
2273,图中展示的物品是海绵，根据垃圾分类的标准，应该属于可回收垃圾。,"图中展示的物品是百洁布,根据垃圾分类的标准，应该属于其他垃圾
"
2274,图中展示的物品是{coffee_grain}，根据垃圾分类的标准，应该属于{coffee},"图中展示的物品是咖啡渣,根据垃圾分类的标准，应该属于厨余垃圾
"
2275,图中展示的物品是[fruit]，根据垃圾分类的标准，应该属于[food],"图中展示的物品是冰糖葫芦,根据垃圾分类的标准，应该属于厨余垃圾
"
2276,图中展示的物品是{egg}，根据垃圾分类的标准，应该属于{food},"图中展示的物品是荷包蛋,根据垃圾分类的标准，应该属于厨余垃圾
"
2277,"图中展示的物品是木雕,根据垃圾分类的标准，应该属于可回收垃圾","图中展示的物品是枕头,根据垃圾分类的标准，应该属于可回收物
"
2278,图中展示的物品是玻璃瓶，根据垃圾分类的标准，应该属于玻璃,"图中展示的物品是塑料瓶,根据垃圾分类的标准，应该属于可回收物
"
2279,"图中展示的物品是{garbage_object},根据垃圾分类的标准，应该属于{garbage_type}","图中展示的物品是拖鞋,根据垃圾分类的标准，应该属于可回收物
"
2280,图中展示的物品是雪球，根据垃圾分类的标准，应该属于垃圾,"图中展示的物品是玻璃球,根据垃圾分类的标准，应该属于可回收物
"
2281,"图中展示的物品是{garbage_object},根据垃圾分类的标准，应该属于{garbage_type}","图中展示的物品是裤子,根据垃圾分类的标准，应该属于可回收物
"
2282,"图中展示的物品是{garbage_object},根据垃圾分类的标准，应该属于{garbage_type}","图中展示的物品是车钥匙,根据垃圾分类的标准，应该属于可回收物
"
2283,"图中展示的物品是[文具],根据垃圾分类的标准，应该属于[废纸]","图中展示的物品是笔及笔芯,根据垃圾分类的标准，应该属于其他垃圾
"
2284,"图中展示的物品是钱包,根据垃圾分类的标准，应该属于其他垃圾","图中展示的物品是车钥匙,根据垃圾分类的标准，应该属于可回收物
"
2285,图中展示的物品是饼干包装盒，根据垃圾分类的标准，应该属于{garbage_type}塑料制品。,"图中展示的物品是纸箱,根据垃圾分类的标准，应该属于可回收物
"
2286,图中展示的物品是眼镜，根据垃圾分类的标准，应该属于其他垃圾。,"图中展示的物品是眼镜,根据垃圾分类的标准，应该属于其他垃圾
"
2287,图中展示的物品是晾衣架，根据垃圾分类的标准，应该属于其他垃圾。,"图中展示的物品是衣架,根据垃圾分类的标准，应该属于可回收物
"
2288,"图中展示的物品是{garbage_object},根据垃圾分类的标准，应该属于{garbage_type}垃圾。","图中展示的物品是冰糖葫芦,根据垃圾分类的标准，应该属于厨余垃圾
"
2289,图中展示的物品是鸡蛋，根据垃圾分类的标准，应该属于厨余垃圾,"图中展示的物品是蛋,根据垃圾分类的标准，应该属于厨余垃圾
"
2290,"图中展示的物品是[纸袋],[纸袋],[纸袋],根据垃圾分类的标准，应该属于[废纸]","图中展示的物品是购物纸袋,根据垃圾分类的标准，应该属于可回收物
"
2291,图中展示的物品是纸袋，根据垃圾分类的标准，应该属于废纸,"图中展示的物品是信封,根据垃圾分类的标准，应该属于可回收物
"
2292,"图中展示的物品是{garbage_object},根据垃圾分类的标准，应该属于{garbage_type}","图中展示的物品是档案袋,根据垃圾分类的标准，应该属于可回收物
"
2293,图中展示的物品是塑料盆，根据垃圾分类的标准，应该属于其他垃圾。,"图中展示的物品是塑料盆,根据垃圾分类的标准，应该属于可回收物
"
2294,"图中展示的物品是{garbage_object},根据垃圾分类的标准，应该属于{garbage_type}","图中展示的物品是鼠标,根据垃圾分类的标准，应该属于可回收物
"
2295,"图中展示的物品是筷子,根据垃圾分类的标准，应该属于厨余垃圾","图中展示的物品是木质锅铲,根据垃圾分类的标准，应该属于可回收物
"
2296,"图中展示的物品是[garbage_object],根据垃圾分类的标准，应该属于[garbage_type]","图中展示的物品是火龙果,根据垃圾分类的标准，应该属于厨余垃圾
"
2297,图中展示的物品是药品，根据垃圾分类的标准，应该属于有害垃圾,"图中展示的物品是药品包装,根据垃圾分类的标准，应该属于有害垃圾
"
2298,图中展示的物品是砧板，根据垃圾分类的标准，应该属于厨余垃圾。,"图中展示的物品是木制切菜板,根据垃圾分类的标准，应该属于可回收物
"
2299,"图中展示的物品是{garbage_object},根据垃圾分类的标准，应该属于{garbage_type}","图中展示的物品是青菜,根据垃圾分类的标准，应该属于厨余垃圾
"
2300,图中展示的物品是{food}，根据垃圾分类的标准，应该属于{food},"图中展示的物品是汉堡,根据垃圾分类的标准，应该属于厨余垃圾
"
2301,"图中展示的物品是[garbage_object],根据垃圾分类的标准，应该属于[garbage_type]","图中展示的物品是红花油,根据垃圾分类的标准，应该属于有害垃圾
"
2302,"图中展示的物品是{garbage_object},根据垃圾分类的标准，应该属于{garbage_type}","图中展示的物品是纸巾,根据垃圾分类的标准，应该属于其他垃圾
"
2303,"图中展示的物品是{garbage_object},根据垃圾分类的标准，应该属于{garbage_type}","图中展示的物品是纸巾,根据垃圾分类的标准，应该属于其他垃圾
"
2304,"图中展示的物品是花瓶,根据垃圾分类的标准，应该属于废塑料","图中展示的物品是玻璃壶,根据垃圾分类的标准，应该属于可回收物
"
2305,图中展示的物品是充电手电筒，根据垃圾分类的标准，应该属于有害垃圾。,"图中展示的物品是手电筒,根据垃圾分类的标准，应该属于可回收物
"
2306,图中展示的物品是面包，根据垃圾分类的标准，应该属于垃圾食品,"图中展示的物品是锅盖,根据垃圾分类的标准，应该属于可回收物
"
2307,"图中展示的物品是[garbage_object],根据垃圾分类的标准，应该属于[garbage_type]","图中展示的物品是菠萝蜜,根据垃圾分类的标准，应该属于厨余垃圾
"
2308,图中展示的物品是大白巾，根据垃圾分类的标准，应该属于厨余垃圾。,"图中展示的物品是毛巾,根据垃圾分类的标准，应该属于其他垃圾
"
2309,"图中展示的物品是面粉,根据垃圾分类的标准，应该属于厨余垃圾","图中展示的物品是普通面包,根据垃圾分类的标准，应该属于厨余垃圾
"
2310,图中展示的物品是毛绒玩具，根据垃圾分类的标准，应该属于可回收垃圾,"图中展示的物品是玩偶,根据垃圾分类的标准，应该属于可回收物
"
2311,"图中展示的物品是[文具],根据垃圾分类的标准，应该属于[可回收垃圾]","图中展示的物品是笔及笔芯,根据垃圾分类的标准，应该属于其他垃圾
"
2312,图中展示的物品是[food]，根据垃圾分类的标准，应该属于[food waste],"图中展示的物品是瓜子,根据垃圾分类的标准，应该属于厨余垃圾
"
2313,图中展示的物品是电池，根据垃圾分类的标准，应该属于有害垃圾,"图中展示的物品是电池,根据垃圾分类的标准，应该属于有害垃圾
"
2314,图中展示的物品是盆,"图中展示的物品是塑料盆,根据垃圾分类的标准，应该属于可回收物
"
2315,"图中展示的物品是[garbage_object],根据垃圾分类的标准，应该属于[garbage_type]","图中展示的物品是番茄,根据垃圾分类的标准，应该属于厨余垃圾
"
2316,图中展示的物品是杏仁，根据垃圾分类的标准，应该属于干果坚果。,"图中展示的物品是巴旦木,根据垃圾分类的标准，应该属于厨余垃圾
"
2317,图中展示的物品是木勺，根据垃圾分类的标准，应该属于厨余垃圾。,"图中展示的物品是木质锅铲,根据垃圾分类的标准，应该属于可回收物
"
2318,图中展示的物品是烟灰缸，根据垃圾分类的标准，应该属于其他垃圾。,"图中展示的物品是烟灰缸,根据垃圾分类的标准，应该属于可回收物
"
2319,图中展示的物品是玻璃瓶，根据垃圾分类的标准，应该属于可回收物。,"图中展示的物品是玻璃器皿,根据垃圾分类的标准，应该属于可回收物
"
2320,"图中展示的物品是[glass_object],根据垃圾分类的标准，应该属于[recyclable]","图中展示的物品是锅盖,根据垃圾分类的标准，应该属于可回收物
"
2321,图中展示的物品是塑料袋，根据垃圾分类的标准，应该属于可回收物,"图中展示的物品是PE塑料袋,根据垃圾分类的标准，应该属于其他垃圾
"
2322,"图中展示的物品是{garbage_object},根据垃圾分类的标准，应该属于{garbage_type}","图中展示的物品是贝果,根据垃圾分类的标准，应该属于厨余垃圾
"
2323,图中展示的物品是充电器，根据垃圾分类的标准，应该属于有害垃圾。,"图中展示的物品是充电线,根据垃圾分类的标准，应该属于可回收物
"
2324,"图中展示的物品是[手机壳],[垃圾],根据垃圾分类的标准，应该属于[塑料]","图中展示的物品是网卡,根据垃圾分类的标准，应该属于可回收物
"
2325,图中展示的物品是保温杯，根据垃圾分类的标准，应该属于废金属,"图中展示的物品是热水瓶,根据垃圾分类的标准，应该属于可回收物
"
2326,图中展示的物品是金属尺，根据垃圾分类的标准，应该属于金属垃圾。,"图中展示的物品是尺子,根据垃圾分类的标准，应该属于可回收物
"
2327,图中展示的物品是[thermos bottle]，根据垃圾分类的标准，应该属于[recyclable material]。,"图中展示的物品是热水瓶,根据垃圾分类的标准，应该属于可回收物
"
2328,图中展示的物品是遥控器，根据垃圾分类的标准，应该属于电子废弃物。,"图中展示的物品是空调遥控器,根据垃圾分类的标准，应该属于可回收物
"
2329,图中展示的物品是浴巾，根据垃圾分类的标准，应该属于废品,"图中展示的物品是毛巾,根据垃圾分类的标准，应该属于其他垃圾
"
2330,计算器,"图中展示的物品是计算器,根据垃圾分类的标准，应该属于可回收物
"
2331,图中展示的物品是[玻璃容器]，根据垃圾分类的标准，应该属于[其他垃圾]。,"图中展示的物品是碗,根据垃圾分类的标准，应该属于可回收物
"
2332,"图中展示的物品是[garbage_object],根据垃圾分类的标准，应该属于[garbage_type]","图中展示的物品是青菜,根据垃圾分类的标准，应该属于厨余垃圾
"
2333,图中展示的物品是汽车钥匙，根据垃圾分类的标准，应该属于金属类垃圾。,"图中展示的物品是车钥匙,根据垃圾分类的标准，应该属于可回收物
"
2334,图中展示的物品是米饭，根据垃圾分类的标准，应该属于厨余垃圾。,"图中展示的物品是八宝粥,根据垃圾分类的标准，应该属于厨余垃圾
"
2335,"图中展示的物品是[garbage_object],根据垃圾分类的标准，应该属于[garbage_type]","图中展示的物品是保温杯,根据垃圾分类的标准，应该属于可回收物
"
2336,图中展示的物品是塑料，根据垃圾分类的标准，应该属于其他垃圾,"图中展示的物品是糕点,根据垃圾分类的标准，应该属于厨余垃圾
"
2337,图中展示的物品是白菜，根据垃圾分类的标准，应该属于可回收物,"图中展示的物品是白菜,根据垃圾分类的标准，应该属于厨余垃圾
"
2338,图中展示的物品是蛋糕，根据垃圾分类的标准，应该属于垃圾食品。,"图中展示的物品是糕点,根据垃圾分类的标准，应该属于厨余垃圾
"
2339,"图中展示的物品是[garbage_object],根据垃圾分类的标准，应该属于[garbage_type]","图中展示的物品是手提包,根据垃圾分类的标准，应该属于可回收物
"
2340,"图中展示的物品是waffle,根据垃圾分类的标准，应该属于garbage_type","图中展示的物品是饼干,根据垃圾分类的标准，应该属于厨余垃圾
"
2341,"图中展示的物品是{garbage_object},根据垃圾分类的标准，应该属于{garbage_type}","图中展示的物品是废弃扩声器,根据垃圾分类的标准，应该属于可回收物
"
2342,"图中展示的物品是[spoon],根据垃圾分类的标准，应该属于[厨余垃圾]","图中展示的物品是勺子,根据垃圾分类的标准，应该属于可回收物
"
2343,图中展示的物品是鞋，根据垃圾分类的标准，应该属于可回收垃圾,"图中展示的物品是鞋,根据垃圾分类的标准，应该属于可回收物
"
2344,图中展示的物品是电池，根据垃圾分类的标准，应该属于有害垃圾,"图中展示的物品是纽扣电池,根据垃圾分类的标准，应该属于有害垃圾
"
2345,图中展示的物品是{book}，根据垃圾分类的标准，应该属于{recycle},"图中展示的物品是书,根据垃圾分类的标准，应该属于可回收物
"
2346,"图中展示的物品是{garbage_object},根据垃圾分类的标准，应该属于{garbage_type}垃圾。","图中展示的物品是台灯,根据垃圾分类的标准，应该属于可回收物
"
2347,图中展示的物品是小腊肠，根据垃圾分类的标准，应该属于厨余垃圾。,"图中展示的物品是肠(火腿),根据垃圾分类的标准，应该属于厨余垃圾
"
2348,图中展示的物品是面包，根据垃圾分类的标准，应该属于可回收垃圾。,"图中展示的物品是贝果,根据垃圾分类的标准，应该属于厨余垃圾
"
2349,图中展示的物品是纸张，根据垃圾分类的标准，应该属于可回收物。,"图中展示的物品是信封,根据垃圾分类的标准，应该属于可回收物
"
2350,图中展示的物品是塑料袋，根据垃圾分类的标准，应该属于可回收垃圾。,"图中展示的物品是PE塑料袋,根据垃圾分类的标准，应该属于其他垃圾
"
2351,图中展示的物品是食品，根据垃圾分类的标准，应该属于可回收物。,"图中展示的物品是糕点,根据垃圾分类的标准，应该属于厨余垃圾
"
2352,"图中展示的物品是[蔬菜],[绿色],[杂草],[植物],[植物],[绿色],[蔬菜],[绿色],[杂草],[植物],[植物],[绿色],[蔬菜],[绿色],[杂草],[植物],[植物],[绿色],[蔬菜],[绿色],[杂草],[植物],[植物],[绿色],[蔬菜],[绿色],[杂草],[植物],[植物],[绿色],[蔬菜],[绿色],[杂草],[植物],[植物],[绿色],[蔬菜],[绿色],[杂草],[植物],[植物],[绿色],[蔬菜],[绿色],[杂草],[植物],[植物],[绿色],[蔬菜],[绿色],[杂草],[植物],[植物],[绿色],[蔬菜],[绿色],[杂草],[植物],[植物],[绿色],[蔬菜],[绿色],[杂草],[植物],[植物],[绿色],[蔬菜],[绿色],[杂草],[植物],[植物],[绿色],[蔬菜],[绿色],[杂草],[植物],[植物],[绿色],[蔬菜],[绿色],[杂草],[植物],[植物],[绿色],[蔬菜],[绿色],[杂草],[植物],[植物],[绿色],[蔬菜],[绿色],[杂草],[植物],[植物],[绿色],[蔬菜],[绿色],[杂草],[植物],[植物],[绿色],[蔬菜],[绿色],[杂草],[植物],[植物],[绿色],[蔬菜],[绿色],[杂草],[植物],[植物],[绿色],[蔬菜],[绿色],[杂草],[植物],[植物],[绿色],[蔬菜],[绿色],[杂草],[植物],[植物],[绿色],[蔬菜],[绿色],[杂草],[植物],[植物],[绿色],[蔬菜],[绿色],[杂草],[植物],[植物],[绿色],[蔬菜],[绿色],[杂草],[植物],[植物],[绿色],[蔬菜],[绿色],[杂草],[植物],[植物],[绿色],[蔬菜],[绿色],[杂草],[植物],[植物],[绿色],[蔬菜],[绿色],[杂草],[植物],[植物],[绿色],[蔬菜],[绿色],[杂草],[植物],[植物],[绿色],[蔬菜],[绿色],[杂草],[植物],[植物],[绿色],[蔬菜],[绿色],[杂草],[植物],[植物],[绿色],[蔬菜],[绿色],[杂草],[植物],[植物],[绿色],[蔬菜],[绿色],[杂草],[植物],[植物],[绿色],[蔬菜],[绿色],[杂草],[植物],[植物],[绿色],[蔬菜],[绿色],[杂草],[植物],[植物],[绿色],[蔬菜],[绿色],[杂草],[植物],[植物],[绿色],[蔬菜],[绿色],[杂草],[植物],[植物],[绿色],[蔬菜],[绿色],[杂草],[植物],[植物],[绿色],[蔬菜],[绿色],[杂草],[植物],[植物],[绿色],[蔬菜],[绿色],[杂草],[植物],[植物],[","图中展示的物品是青菜,根据垃圾分类的标准，应该属于厨余垃圾
"
2353,图中展示的物品是面团，根据垃圾分类的标准，应该属于厨余垃圾。,"图中展示的物品是贝果,根据垃圾分类的标准，应该属于厨余垃圾
"
2354,"图中展示的物品是[garbage_object],根据垃圾分类的标准，应该属于[garbage_type]","图中展示的物品是玩偶,根据垃圾分类的标准，应该属于可回收物
"
2355,"图中展示的物品是{garbage_object},根据垃圾分类的标准，应该属于{garbage_type}","图中展示的物品是白菜,根据垃圾分类的标准，应该属于厨余垃圾
"
2356,"图中展示的物品是[spoon],根据垃圾分类的标准，应该属于[厨余垃圾]","图中展示的物品是木质锅铲,根据垃圾分类的标准，应该属于可回收物
"
2357,"图中展示的物品是{garbage_object},根据垃圾分类的标准，应该属于{garbage_type}","图中展示的物品是薯条,根据垃圾分类的标准，应该属于厨余垃圾
"
2358,图中展示的物品是计算器，根据垃圾分类的标准，应该属于电子垃圾,"图中展示的物品是计算器,根据垃圾分类的标准，应该属于可回收物
"
2359,图中展示的物品是电熨斗，根据垃圾分类的标准，应该属于可回收物。,"图中展示的物品是电熨斗,根据垃圾分类的标准，应该属于可回收物
"
2360,图中展示的物品是玩具，根据垃圾分类的标准，应该属于可回收物,"图中展示的物品是玩偶,根据垃圾分类的标准，应该属于可回收物
"
2361,"图中展示的物品是{garbage_object},根据垃圾分类的标准，应该属于{garbage_type}","图中展示的物品是裤子,根据垃圾分类的标准，应该属于可回收物
"
2362,"图中展示的物品是[garbage_object],根据垃圾分类的标准，应该属于[garbage_type]","图中展示的物品是蘑菇,根据垃圾分类的标准，应该属于厨余垃圾
"
2363,"图中展示的物品是{toy_object},根据垃圾分类的标准，应该属于{toy}","图中展示的物品是杀虫剂,根据垃圾分类的标准，应该属于有害垃圾
"
2364,图中展示的物品是咖啡豆，根据垃圾分类的标准，应该属于垃圾食品。,"图中展示的物品是咖啡渣,根据垃圾分类的标准，应该属于厨余垃圾
"
2365,"图中展示的物品是[spoon],根据垃圾分类的标准，应该属于[厨余垃圾]","图中展示的物品是勺子,根据垃圾分类的标准，应该属于可回收物
"
2366,图中展示的物品是面包，根据垃圾分类的标准，应该属于垃圾食品,"图中展示的物品是菠萝包,根据垃圾分类的标准，应该属于厨余垃圾
"
2367,图中展示的物品是双肩包，根据垃圾分类的标准，应该属于可回收垃圾。,"图中展示的物品是手提包,根据垃圾分类的标准，应该属于可回收物
"
2368,"图中展示的物品是{garbage_object},根据垃圾分类的标准，应该属于{garbage_type}","图中展示的物品是糕点,根据垃圾分类的标准，应该属于厨余垃圾
"
2369,图中展示的物品是{food_box}，根据垃圾分类的标准，应该属于{garbage_type}垃圾。,"图中展示的物品是蛋糕盒,根据垃圾分类的标准，应该属于可回收物
"
2370,图中展示的物品是玩具，根据垃圾分类的标准，应该属于可回收垃圾,"图中展示的物品是玩偶,根据垃圾分类的标准，应该属于可回收物
"
2371,图中展示的物品是{fruit}，根据垃圾分类的标准，应该属于{fruit},"图中展示的物品是冰糖葫芦,根据垃圾分类的标准，应该属于厨余垃圾
"
2372,图中展示的物品是羽毛掸子，根据垃圾分类的标准，应该属于其他垃圾。,"图中展示的物品是鸡毛掸,根据垃圾分类的标准，应该属于其他垃圾
"
2373,图中展示的物品是{green\_lettuce\_leaf}，根据垃圾分类的标准，应该属于{green\_vegetable},"图中展示的物品是白菜,根据垃圾分类的标准，应该属于厨余垃圾
"
2374,"图中展示的物品是{garbage_object},根据垃圾分类的标准，应该属于{garbage_type}","图中展示的物品是暖宝宝,根据垃圾分类的标准，应该属于可回收物
"
2375,"图中展示的物品是[garbage_object],根据垃圾分类的标准，应该属于[garbage_type]","图中展示的物品是蘑菇,根据垃圾分类的标准，应该属于厨余垃圾
"
2376,"图中展示的物品是{toy_object},根据垃圾分类的标准，应该属于{toy}","图中展示的物品是玩偶,根据垃圾分类的标准，应该属于可回收物
"
2377,图中展示的物品是塑料瓶，根据垃圾分类的标准，应该属于可回收垃圾。,"图中展示的物品是塑料瓶,根据垃圾分类的标准，应该属于可回收物
"
2378,图中展示的物品是{food}，根据垃圾分类的标准，应该属于{food},"图中展示的物品是骨肉相连,根据垃圾分类的标准，应该属于厨余垃圾
"
2379,图中展示的物品是玻璃杯，根据垃圾分类的标准，应该属于其他垃圾,"图中展示的物品是灯罩,根据垃圾分类的标准，应该属于可回收物
"
2380,"图中展示的物品是{garbage_object},根据垃圾分类的标准，应该属于{garbage_type}","图中展示的物品是芭比娃娃,根据垃圾分类的标准，应该属于可回收物
"
2381,图中展示的物品是遥控器，根据垃圾分类的标准，应该属于{garbage_type}其他垃圾。,"图中展示的物品是空调遥控器,根据垃圾分类的标准，应该属于可回收物
"
2382,图中展示的物品是食物，根据垃圾分类的标准，应该属于垃圾食品,"图中展示的物品是白萝卜,根据垃圾分类的标准，应该属于厨余垃圾
"
2383,"图中展示的物品是[garbage_object],根据垃圾分类的标准，应该属于[garbage_type]","图中展示的物品是耳钉耳环,根据垃圾分类的标准，应该属于可回收物
"
2384,图中展示的物品是玩具，根据垃圾分类的标准，应该属于可回收物,"图中展示的物品是木制玩具,根据垃圾分类的标准，应该属于可回收物
"
2385,"图中展示的物品是{garbage_object},根据垃圾分类的标准，应该属于{garbage_type}塑料","图中展示的物品是保健品瓶,根据垃圾分类的标准，应该属于有害垃圾
"
2386,图中展示的物品是[food]，根据垃圾分类的标准，应该属于[厨余垃圾]。,"图中展示的物品是白菜,根据垃圾分类的标准，应该属于厨余垃圾
"
2387,"图中展示的物品是{garbage_object},根据垃圾分类的标准，应该属于{garbage_type}","图中展示的物品是购物纸袋,根据垃圾分类的标准，应该属于可回收物
"
2388,图中展示的物品是{cable}，根据垃圾分类的标准，应该属于{wire},"图中展示的物品是充电线,根据垃圾分类的标准，应该属于可回收物
"
2389,图中展示的物品是纸张，根据垃圾分类的标准，应该属于可回收物。,"图中展示的物品是档案袋,根据垃圾分类的标准，应该属于可回收物
"
2390,图中展示的物品是烟盒，根据垃圾分类的标准，应该属于废纸,"图中展示的物品是烟蒂,根据垃圾分类的标准，应该属于其他垃圾
"
2391,"图中展示的物品是{garbage_object},根据垃圾分类的标准，应该属于{garbage_type}","图中展示的物品是单肩包手提包,根据垃圾分类的标准，应该属于可回收物
"
2392,图中展示的物品是蔬菜，根据垃圾分类的标准，应该属于厨余垃圾。,"图中展示的物品是残渣剩饭,根据垃圾分类的标准，应该属于厨余垃圾
"
2393,"图中展示的物品是[garbage_object],根据垃圾分类的标准，应该属于[garbage_type]","图中展示的物品是望远镜,根据垃圾分类的标准，应该属于可回收物
"
2394,"图中展示的物品是{garbage_object},根据垃圾分类的标准，应该属于{garbage_type}","图中展示的物品是普通面包,根据垃圾分类的标准，应该属于厨余垃圾
"
2395,"图中展示的物品是{garbage_object},根据垃圾分类的标准，应该属于{garbage_type}厨余垃圾","图中展示的物品是蛋,根据垃圾分类的标准，应该属于厨余垃圾
"
2396,"图中展示的物品是{garbage_object},根据垃圾分类的标准，应该属于{garbage_type}","图中展示的物品是肠(火腿),根据垃圾分类的标准，应该属于厨余垃圾
"
2397,"图中展示的物品是{garbage_object},根据垃圾分类的标准，应该属于{garbage_type}","图中展示的物品是残渣剩饭,根据垃圾分类的标准，应该属于厨余垃圾
"
2398,"图中展示的物品是{garbage_object},根据垃圾分类的标准，应该属于{garbage_type}垃圾。","图中展示的物品是手电筒,根据垃圾分类的标准，应该属于可回收物
"
2399,"图中展示的物品是{garbage_object},根据垃圾分类的标准，应该属于{garbage_type}","图中展示的物品是废弃扩声器,根据垃圾分类的标准，应该属于可回收物
"
2400,"图中展示的物品是[garbage_object],根据垃圾分类的标准，应该属于[garbage_type]","图中展示的物品是蛋挞,根据垃圾分类的标准，应该属于厨余垃圾
"
2401,图中展示的物品是{pencil}，根据垃圾分类的标准，应该属于{recyclable},"图中展示的物品是笔及笔芯,根据垃圾分类的标准，应该属于其他垃圾
"
2402,图中展示的物品是杀虫气雾剂，根据垃圾分类的标准，应该属于{有害垃圾},"图中展示的物品是杀虫剂,根据垃圾分类的标准，应该属于有害垃圾
"
2403,图中展示的物品是羽毛，根据垃圾分类的标准，应该属于可回收垃圾。,"图中展示的物品是耳钉耳环,根据垃圾分类的标准，应该属于可回收物
"
2404,图中展示的物品是背包，根据垃圾分类的标准，应该属于可回收垃圾,"图中展示的物品是手提包,根据垃圾分类的标准，应该属于可回收物
"
2405,图中展示的物品是{microphone}，根据垃圾分类的标准，应该属于{audio_equipment},"图中展示的物品是话筒,根据垃圾分类的标准，应该属于可回收物
"
2406,图中展示的物品是{toy}，根据垃圾分类的标准，应该属于{toy},"图中展示的物品是木制玩具,根据垃圾分类的标准，应该属于可回收物
"
2407,"图中展示的物品是[garbage_object],根据垃圾分类的标准，应该属于[garbage_type]","图中展示的物品是手链,根据垃圾分类的标准，应该属于可回收物
"
2408,图中展示的物品是胶带，根据垃圾分类的标准，应该属于可回收垃圾。,"图中展示的物品是胶带,根据垃圾分类的标准，应该属于其他垃圾
"
2409,图中展示的物品是塑料袋，根据垃圾分类的标准，应该属于其他垃圾。,"图中展示的物品是药品包装,根据垃圾分类的标准，应该属于有害垃圾
"
2410,"图中展示的物品是{glass_object},根据垃圾分类的标准，应该属于{glass}","图中展示的物品是奶粉罐铝盖,根据垃圾分类的标准，应该属于可回收物
"
2411,图中展示的物品是玩具，根据垃圾分类的标准，应该属于可回收物,"图中展示的物品是木制玩具,根据垃圾分类的标准，应该属于可回收物
"
2412,"图中展示的物品是[garbage_object],根据垃圾分类的标准，应该属于[garbage_type]","图中展示的物品是蛋挞,根据垃圾分类的标准，应该属于厨余垃圾
"
2413,图中展示的物品是玻璃碗，根据垃圾分类的标准，应该属于可回收物。,"图中展示的物品是碗,根据垃圾分类的标准，应该属于可回收物
"
2414,图中展示的物品是毛绒玩具，根据垃圾分类的标准，应该属于可回收物,"图中展示的物品是玩偶,根据垃圾分类的标准，应该属于可回收物
"
2415,图中展示的物品是[vegetable]，根据垃圾分类的标准，应该属于[vegetable],"图中展示的物品是胡萝卜,根据垃圾分类的标准，应该属于厨余垃圾
"
2416,图中展示的物品是药品，根据垃圾分类的标准，应该属于垃圾类型1（其他垃圾）,"图中展示的物品是药膏,根据垃圾分类的标准，应该属于有害垃圾
"
2417,图中展示的物品是罐头，根据垃圾分类的标准，应该属于可回收物,"图中展示的物品是奶粉罐,根据垃圾分类的标准，应该属于可回收物
"
2418,"图中展示的物品是{toy_object},根据垃圾分类的标准，应该属于{toy}","图中展示的物品是玩偶,根据垃圾分类的标准，应该属于可回收物
"
2419,图中展示的物品是{glass}，根据垃圾分类的标准，应该属于{recyclable},"图中展示的物品是护肤品空瓶,根据垃圾分类的标准，应该属于可回收物
"
2420,图中展示的物品是茶壶，根据垃圾分类的标准，应该属于可回收垃圾。,"图中展示的物品是茶壶碎片,根据垃圾分类的标准，应该属于其他垃圾
"
2421,图中展示的物品是{knife}，根据垃圾分类的标准，应该属于{garbage_type}。,"图中展示的物品是刀,根据垃圾分类的标准，应该属于可回收物
"
2422,图中展示的物品是水杯，根据垃圾分类的标准，应该属于其他垃圾。,"图中展示的物品是保温杯,根据垃圾分类的标准，应该属于可回收物
"
2423,图中展示的物品是饼干，根据垃圾分类的标准，应该属于垃圾食品。,"图中展示的物品是饼干,根据垃圾分类的标准，应该属于厨余垃圾
"
2424,"图中展示的物品是{garbage_object},根据垃圾分类的标准，应该属于{garbage_type}","图中展示的物品是购物纸袋,根据垃圾分类的标准，应该属于可回收物
"
2425,"图中展示的物品是{garbage_object},根据垃圾分类的标准，应该属于{garbage_type}","图中展示的物品是贝果,根据垃圾分类的标准，应该属于厨余垃圾
"
2426,"图中展示的物品是{garbage_object},根据垃圾分类的标准，应该属于{garbage_type}","图中展示的物品是普通面包,根据垃圾分类的标准，应该属于厨余垃圾
"
2427,图中展示的物品是电热水壶，根据垃圾分类的标准，应该属于可回收物。,"图中展示的物品是烧水壶,根据垃圾分类的标准，应该属于可回收物
"
2428,图中展示的物品是卫生纸，根据垃圾分类的标准，应该属于可回收物。,"图中展示的物品是书,根据垃圾分类的标准，应该属于可回收物
"
2429,图中展示的物品是[fruit]，根据垃圾分类的标准，应该属于[厨余垃圾],"图中展示的物品是火龙果,根据垃圾分类的标准，应该属于厨余垃圾
"
2430,图中展示的物品是纸箱，根据垃圾分类的标准，应该属于可回收物。,"图中展示的物品是奶盒,根据垃圾分类的标准，应该属于可回收物
"
2431,图中展示的物品是口罩，根据垃圾分类的标准，应该属于可回收垃圾。,"图中展示的物品是口罩,根据垃圾分类的标准，应该属于其他垃圾
"
2432,"图中展示的物品是[garbage_object],根据垃圾分类的标准，应该属于[garbage_type]","图中展示的物品是白萝卜,根据垃圾分类的标准，应该属于厨余垃圾
"
2433,"图中展示的物品是[garbage_object],根据垃圾分类的标准，应该属于[garbage_type]","图中展示的物品是火龙果,根据垃圾分类的标准，应该属于厨余垃圾
"
2434,图中展示的物品是{fish}，根据垃圾分类的标准，应该属于{fish},"图中展示的物品是厨房手套,根据垃圾分类的标准，应该属于其他垃圾
"
2435,图中展示的物品是玻璃杯，根据垃圾分类的标准，应该属于玻璃,"图中展示的物品是保鲜盒,根据垃圾分类的标准，应该属于可回收物
"
2436,图中展示的物品是衣架，根据垃圾分类的标准，应该属于{garbage_type}其他垃圾。,"图中展示的物品是衣架,根据垃圾分类的标准，应该属于可回收物
"
2437,图中展示的物品是面包，根据垃圾分类的标准，应该属于可回收物。,"图中展示的物品是普通面包,根据垃圾分类的标准，应该属于厨余垃圾
"
2438,图中展示的物品是[文具]，根据垃圾分类的标准，应该属于[废纸],"图中展示的物品是尺子,根据垃圾分类的标准，应该属于可回收物
"
2439,"图中展示的物品是{garbage_object},根据垃圾分类的标准，应该属于{garbage_type}厨余垃圾","图中展示的物品是玩偶,根据垃圾分类的标准，应该属于可回收物
"
2440,"图中展示的物品是[battery],根据垃圾分类的标准，应该属于[recycle]","图中展示的物品是电池,根据垃圾分类的标准，应该属于有害垃圾
"
2441,饼干,"图中展示的物品是饼干,根据垃圾分类的标准，应该属于厨余垃圾
"
2442,图中展示的物品是{toy}，根据垃圾分类的标准，应该属于{garbage_type}垃圾。,"图中展示的物品是变形玩具,根据垃圾分类的标准，应该属于可回收物
"
2443,图中展示的物品是玻璃杯，根据垃圾分类的标准，应该属于可回收物。,"图中展示的物品是水杯,根据垃圾分类的标准，应该属于可回收物
"
2444,图中展示的物品是瓶子，根据垃圾分类的标准，应该属于可回收物,"图中展示的物品是护肤品空瓶,根据垃圾分类的标准，应该属于可回收物
"
2445,"图中展示的物品是{garbage_object},根据垃圾分类的标准，应该属于{garbage_type}","图中展示的物品是耳钉耳环,根据垃圾分类的标准，应该属于可回收物
"
2446,图中展示的物品是地毯，根据垃圾分类的标准，应该属于可回收物,"图中展示的物品是垫子,根据垃圾分类的标准，应该属于可回收物
"
2447,图中展示的物品是坚果，根据垃圾分类的标准，应该属于垃圾食品,"图中展示的物品是核桃,根据垃圾分类的标准，应该属于厨余垃圾
"
2448,图中展示的物品是盘子，根据垃圾分类的标准，应该属于厨余垃圾。,"图中展示的物品是盘子,根据垃圾分类的标准，应该属于可回收物
"
2449,"图中展示的物品是{garbage_object},根据垃圾分类的标准，应该属于{garbage_type}","图中展示的物品是青菜,根据垃圾分类的标准，应该属于厨余垃圾
"
2450,图中展示的物品是纸杯，根据垃圾分类的标准，应该属于可回收物。,"图中展示的物品是一次性杯子,根据垃圾分类的标准，应该属于其他垃圾
"
2451,图中展示的物品是香肠，根据垃圾分类的标准，应该属于垃圾食品,"图中展示的物品是肠(火腿),根据垃圾分类的标准，应该属于厨余垃圾
"
2452,"图中展示的物品是[watch], 根据垃圾分类的标准，应该属于[garbage_type]","图中展示的物品是钟表,根据垃圾分类的标准，应该属于可回收物
"
2453,"图中展示的物品是{food_object},根据垃圾分类的标准，应该属于{food}","图中展示的物品是西瓜皮,根据垃圾分类的标准，应该属于厨余垃圾
"
2454,"图中展示的物品是{garbage_object},根据垃圾分类的标准，应该属于{garbage_type}","图中展示的物品是玩偶,根据垃圾分类的标准，应该属于可回收物
"
2455,图中展示的物品是西瓜，根据垃圾分类的标准，应该属于可回收物。,"图中展示的物品是果冻,根据垃圾分类的标准，应该属于厨余垃圾
"
2456,"图中展示的物品是{garbage_object},根据垃圾分类的标准，应该属于{garbage_type}","图中展示的物品是咖啡渣,根据垃圾分类的标准，应该属于厨余垃圾
"
2457,"图中展示的物品是[wooden_object],根据垃圾分类的标准，应该属于[wood]","图中展示的物品是木制玩具,根据垃圾分类的标准，应该属于可回收物
"
2458,图中展示的物品是塑料，根据垃圾分类的标准，应该属于可回收物,"图中展示的物品是镊子,根据垃圾分类的标准，应该属于可回收物
"
2459,图中展示的物品是面包，根据垃圾分类的标准，应该属于可回收物。,"图中展示的物品是普通面包,根据垃圾分类的标准，应该属于厨余垃圾
"
2460,图中展示的物品是{jewelry}，根据垃圾分类的标准，应该属于{garbage_type}垃圾。,"图中展示的物品是车钥匙,根据垃圾分类的标准，应该属于可回收物
"
2461,图中展示的物品是锅盖，根据垃圾分类的标准，应该属于厨余垃圾。,"图中展示的物品是锅盖,根据垃圾分类的标准，应该属于可回收物
"
2462,图中展示的物品是报纸，根据垃圾分类的标准，应该属于垃圾,"图中展示的物品是报纸,根据垃圾分类的标准，应该属于可回收物
"
2463,图中展示的物品是玻璃制品，根据垃圾分类的标准，应该属于玻璃制品。,"图中展示的物品是碗,根据垃圾分类的标准，应该属于可回收物
"
2464,"图中展示的物品是{garbage_object},根据垃圾分类的标准，应该属于{garbage_type}","图中展示的物品是玩偶,根据垃圾分类的标准，应该属于可回收物
"
2465,"图中展示的物品是{garbage_object},根据垃圾分类的标准，应该属于{garbage_type}","图中展示的物品是蛋,根据垃圾分类的标准，应该属于厨余垃圾
"
2466,图中展示的物品是电源插座，根据垃圾分类的标准，应该属于{电子废弃物},"图中展示的物品是插线板,根据垃圾分类的标准，应该属于可回收物
"
2467,图中展示的物品是{toy}，根据垃圾分类的标准，应该属于{toy},"图中展示的物品是玩偶,根据垃圾分类的标准，应该属于可回收物
"
2468,图中展示的物品是电池，根据垃圾分类的标准，应该属于可回收垃圾。,"图中展示的物品是纽扣电池,根据垃圾分类的标准，应该属于有害垃圾
"
2469,"图中展示的物品是[garbage_object],根据垃圾分类的标准，应该属于[garbage_type]","图中展示的物品是八宝粥罐,根据垃圾分类的标准，应该属于可回收物
"
2470,图中展示的物品是音响设备，根据垃圾分类的标准，应该属于{garbage_type}垃圾。,"图中展示的物品是废弃扩声器,根据垃圾分类的标准，应该属于可回收物
"
2471,图中展示的物品是麦克风，根据垃圾分类的标准，应该属于其他垃圾。,"图中展示的物品是话筒,根据垃圾分类的标准，应该属于可回收物
"
2472,图中展示的物品是垃圾食品，根据垃圾分类的标准，应该属于垃圾食品。,"图中展示的物品是骨肉相连,根据垃圾分类的标准，应该属于厨余垃圾
"
2473,"图中展示的物品是{garbage_object},根据垃圾分类的标准，应该属于{garbage_type}","图中展示的物品是咖啡渣,根据垃圾分类的标准，应该属于厨余垃圾
"
2474,"图中展示的物品是玻璃杯,根据垃圾分类的标准，应该属于玻璃","图中展示的物品是玻璃壶,根据垃圾分类的标准，应该属于可回收物
"
2475,"图中展示的物品是[garbage_object],根据垃圾分类的标准，应该属于[garbage_type]","图中展示的物品是果冻,根据垃圾分类的标准，应该属于厨余垃圾
"
2476,图中展示的物品是电池，根据垃圾分类的标准，应该属于有害垃圾,"图中展示的物品是电池,根据垃圾分类的标准，应该属于有害垃圾
"
2477,"图中展示的物品是{garbage_object},根据垃圾分类的标准，应该属于{garbage_type}","图中展示的物品是纸箱,根据垃圾分类的标准，应该属于可回收物
"
2478,"图中展示的物品是{garbage_object},根据垃圾分类的标准，应该属于{garbage_type}","图中展示的物品是烤鸡烤鸭,根据垃圾分类的标准，应该属于厨余垃圾
"
2479,"图中展示的物品是[ceramic_box],根据垃圾分类的标准，应该属于[recyclable]","图中展示的物品是茶叶罐,根据垃圾分类的标准，应该属于可回收物
"
2480,"图中展示的物品是{garbage_object},根据垃圾分类的标准，应该属于{garbage_type}","图中展示的物品是购物纸袋,根据垃圾分类的标准，应该属于可回收物
"
2481,"图中展示的物品是信封,根据垃圾分类的标准，应该属于废纸","图中展示的物品是档案袋,根据垃圾分类的标准，应该属于可回收物
"
2482,"图中展示的物品是[文具_object],根据垃圾分类的标准，应该属于[可回收物]","图中展示的物品是笔及笔芯,根据垃圾分类的标准，应该属于其他垃圾
"
2483,"图中展示的物品是{garbage_object},根据垃圾分类的标准，应该属于{garbage_type}","图中展示的物品是车钥匙,根据垃圾分类的标准，应该属于可回收物
"
2484,图中展示的物品是玻璃杯，根据垃圾分类的标准，应该属于玻璃,"图中展示的物品是烟灰缸,根据垃圾分类的标准，应该属于可回收物
"
2485,图中展示的物品是面包，根据垃圾分类的标准，应该属于可回收垃圾。,"图中展示的物品是普通面包,根据垃圾分类的标准，应该属于厨余垃圾
"
2486,图中展示的物品是剃须刀，根据垃圾分类的标准，应该属于{sharps},"图中展示的物品是电动剃须刀,根据垃圾分类的标准，应该属于可回收物
"
2487,图中展示的物品是{food}，根据垃圾分类的标准，应该属于{food},"图中展示的物品是肠(火腿),根据垃圾分类的标准，应该属于厨余垃圾
"
2488,"图中展示的物品是{garbage_object},根据垃圾分类的标准，应该属于{garbage_type}","图中展示的物品是鞋,根据垃圾分类的标准，应该属于可回收物
"
2489,图中展示的物品是铝箔纸，根据垃圾分类的标准，应该属于可回收物,"图中展示的物品是餐盒,根据垃圾分类的标准，应该属于其他垃圾
"
2490,图中展示的物品是电池，根据垃圾分类的标准，应该属于废电池,"图中展示的物品是电池,根据垃圾分类的标准，应该属于有害垃圾
"
2491,图中展示的物品是{food}，根据垃圾分类的标准，应该属于{food},"图中展示的物品是菠萝包,根据垃圾分类的标准，应该属于厨余垃圾
"
2492,"图中展示的物品是[fruit, vegetable, fruit, fruit, fruit, fruit, fruit, fruit, fruit, fruit, fruit, fruit, fruit, fruit, fruit, fruit, fruit, fruit, fruit, fruit, fruit, fruit, fruit, fruit, fruit, fruit, fruit, fruit, fruit, fruit, fruit, fruit, fruit, fruit, fruit, fruit, fruit, fruit, fruit, fruit, fruit, fruit, fruit, fruit, fruit, fruit, fruit, fruit, fruit, fruit, fruit, fruit, fruit, fruit, fruit, fruit, fruit, fruit, fruit, fruit, fruit, fruit, fruit, fruit, fruit, fruit, fruit, fruit, fruit, fruit, fruit, fruit, fruit, fruit, fruit, fruit, fruit, fruit, fruit, fruit, fruit, fruit, fruit, fruit, fruit, fruit, fruit, fruit, fruit, fruit, fruit, fruit, fruit, fruit, fruit, fruit, fruit, fruit, fruit, fruit, fruit, fruit, fruit, fruit, fruit, fruit, fruit, fruit, fruit, fruit, fruit, fruit, fruit, fruit, fruit, fruit, fruit, fruit, fruit, fruit, fruit, fruit, fruit, fruit, fruit, fruit, fruit, fruit, fruit, fruit, fruit, fruit, fruit, fruit, fruit, fruit, fruit, fruit, fruit, fruit, fruit, fruit, fruit, fruit, fruit, fruit, fruit, fruit, fruit, fruit, fruit, fruit, fruit, fruit, fruit, fruit, fruit, fruit, fruit, fruit, fruit, fruit, fruit, fruit, fruit, fruit, fruit, fruit, fruit, fruit, fruit, fruit, fruit, fruit, fruit, fruit, fruit, fruit, fruit, fruit, fruit, fruit, fruit, fruit, fruit, fruit, fruit, fruit, fruit, fruit, fruit, fruit, fruit, fruit, fruit, fruit, fruit, fruit, fruit, fruit, fruit, fruit, fruit, fruit, fruit, fruit, fruit, fruit, fruit, fruit, fruit, fruit, fruit, fruit, fruit, fruit, fruit, fruit, fruit, fruit, fruit, fruit, fruit, fruit, fruit, fruit, fruit, fruit, fruit, fruit, fruit, fruit, fruit, fruit, fruit, fruit, fruit, fruit, fruit, fruit, fruit, fruit, fruit, fruit, fruit, fruit, fruit, fruit, fruit, fruit, fruit, fruit, fruit","图中展示的物品是菠萝包,根据垃圾分类的标准，应该属于厨余垃圾
"
2493,图中展示的物品是罐头，根据垃圾分类的标准，应该属于可回收物,"图中展示的物品是奶粉罐,根据垃圾分类的标准，应该属于可回收物
"
2494,"图中展示的物品是[garbage_object],根据垃圾分类的标准，应该属于[garbage_type]","图中展示的物品是糕点,根据垃圾分类的标准，应该属于厨余垃圾
"
2495,图中展示的物品是玻璃球，根据垃圾分类的标准，应该属于玻璃,"图中展示的物品是玻璃球,根据垃圾分类的标准，应该属于可回收物
"
2496,图中展示的物品是饼干，根据垃圾分类的标准，应该属于可回收垃圾。,"图中展示的物品是饼干,根据垃圾分类的标准，应该属于厨余垃圾
"
2497,"图中展示的物品是[garbage_object],根据垃圾分类的标准，应该属于[garbage_type]","图中展示的物品是生肉,根据垃圾分类的标准，应该属于厨余垃圾
"
2498,图中展示的物品是{no Garbage}，根据垃圾分类的标准，应该属于{recyclable},"图中展示的物品是玩偶,根据垃圾分类的标准，应该属于可回收物
"
2499,"图中展示的物品是[玻璃],根据垃圾分类的标准，应该属于[玻璃]","图中展示的物品是玻璃器皿,根据垃圾分类的标准，应该属于可回收物
"
2500,图中展示的物品是[wood]，根据垃圾分类的标准，应该属于[wood],"图中展示的物品是核桃,根据垃圾分类的标准，应该属于厨余垃圾
"
2501,"图中展示的物品是{garbage_object},根据垃圾分类的标准，应该属于{garbage_type}垃圾。","图中展示的物品是糕点,根据垃圾分类的标准，应该属于厨余垃圾
"
2502,图中展示的物品是{envelope}，根据垃圾分类的标准，应该属于{recycling},"图中展示的物品是档案袋,根据垃圾分类的标准，应该属于可回收物
"
2503,"图中展示的物品是{food_bag_object},根据垃圾分类的标准，应该属于{plastic_bag}","图中展示的物品是购物纸袋,根据垃圾分类的标准，应该属于可回收物
"
2504,图中展示的物品是银行卡，根据垃圾分类的标准，应该属于电子垃圾,"图中展示的物品是卡,根据垃圾分类的标准，应该属于可回收物
"
2505,图中展示的物品是{spray_cans}，根据垃圾分类的标准，应该属于{household_waste},"图中展示的物品是杀虫剂,根据垃圾分类的标准，应该属于有害垃圾
"
2506,图中展示的物品是麦克风，根据垃圾分类的标准，应该属于可回收垃圾。,"图中展示的物品是话筒,根据垃圾分类的标准，应该属于可回收物
"
2507,"图中展示的物品是{garbage_object},根据垃圾分类的标准，应该属于{garbage_type}","图中展示的物品是烟蒂,根据垃圾分类的标准，应该属于其他垃圾
"
2508,图中展示的物品是{vegetable}，根据垃圾分类的标准，应该属于{vegetable},"图中展示的物品是白菜,根据垃圾分类的标准，应该属于厨余垃圾
"
2509,图中展示的物品是{glass_box}，根据垃圾分类的标准，应该属于{recyclable},"图中展示的物品是碗,根据垃圾分类的标准，应该属于可回收物
"
2510,图中展示的物品是垃圾食品，根据垃圾分类的标准，应该属于垃圾食品,"图中展示的物品是汉堡,根据垃圾分类的标准，应该属于厨余垃圾
"
2511,图中展示的物品是{drum}，根据垃圾分类的标准，应该属于{garbage_type},"图中展示的物品是PE塑料袋,根据垃圾分类的标准，应该属于其他垃圾
"
2512,图中展示的物品是钳子，根据垃圾分类的标准，应该属于可回收物,"图中展示的物品是镊子,根据垃圾分类的标准，应该属于可回收物
"
2513,图中展示的物品是土豆，根据垃圾分类的标准，应该属于厨余垃圾。,"图中展示的物品是蛋,根据垃圾分类的标准，应该属于厨余垃圾
"
2514,图中展示的物品是电水壶，根据垃圾分类的标准，应该属于其他垃圾。,"图中展示的物品是烧水壶,根据垃圾分类的标准，应该属于可回收物
"
2515,图中展示的物品是灯泡，根据垃圾分类的标准，应该属于可回收物,"图中展示的物品是灯罩,根据垃圾分类的标准，应该属于可回收物
"
2516,图中展示的物品是[wood]，根据垃圾分类的标准，应该属于[wood],"图中展示的物品是核桃,根据垃圾分类的标准，应该属于厨余垃圾
"
2517,"图中展示的物品是[spoon],根据垃圾分类的标准，应该属于[metal]","图中展示的物品是勺子,根据垃圾分类的标准，应该属于可回收物
"
2518,图中展示的物品是橡胶手套，根据垃圾分类的标准，应该属于可回收垃圾。,"图中展示的物品是厨房手套,根据垃圾分类的标准，应该属于其他垃圾
"
2519,图中展示的物品是{hat}，根据垃圾分类的标准，应该属于{garbage_type}帽子,"图中展示的物品是帽子,根据垃圾分类的标准，应该属于可回收物
"
2520,"图中展示的物品是{garbage_object},根据垃圾分类的标准，应该属于{garbage_type}","图中展示的物品是蛋,根据垃圾分类的标准，应该属于厨余垃圾
"
2521,电池 {garbage_type},"图中展示的物品是电池,根据垃圾分类的标准，应该属于有害垃圾
"
2522,图中展示的物品是{apple}，根据垃圾分类的标准，应该属于{garbage_type}厨余垃圾。,"图中展示的物品是果冻,根据垃圾分类的标准，应该属于厨余垃圾
"
2523,"图中展示的物品是{twister fries},根据垃圾分类的标准，应该属于{food}","图中展示的物品是薯条,根据垃圾分类的标准，应该属于厨余垃圾
"
2524,"图中展示的物品是[garbage_object],根据垃圾分类的标准，应该属于[garbage_type]","图中展示的物品是鞋,根据垃圾分类的标准，应该属于可回收物
"
2525,图中展示的物品是青椒，根据垃圾分类的标准，应该属于可回收垃圾。,"图中展示的物品是辣椒,根据垃圾分类的标准，应该属于厨余垃圾
"
2526,图中展示的物品是塑料瓶，根据垃圾分类的标准，应该属于可回收物。,"图中展示的物品是滴眼液瓶,根据垃圾分类的标准，应该属于有害垃圾
"
2527,图中展示的物品是[无垃圾]，根据垃圾分类的标准，应该属于[无垃圾],"图中展示的物品是保温杯,根据垃圾分类的标准，应该属于可回收物
"
2528,图中展示的物品是甜品，根据垃圾分类的标准，应该属于垃圾食品,"图中展示的物品是糕点,根据垃圾分类的标准，应该属于厨余垃圾
"
2529,"图中展示的物品是玩具,根据垃圾分类的标准，应该属于可回收物","图中展示的物品是玩偶,根据垃圾分类的标准，应该属于可回收物
"
2530,图中展示的物品是电脑卡,"图中展示的物品是网卡,根据垃圾分类的标准，应该属于可回收物
"
2531,"图中展示的物品是[chestnut, chestnut],根据垃圾分类的标准，应该属于[food]","图中展示的物品是板栗,根据垃圾分类的标准，应该属于厨余垃圾
"
2532,图中展示的物品是{chips}，根据垃圾分类的标准，应该属于{food},"图中展示的物品是骨肉相连,根据垃圾分类的标准，应该属于厨余垃圾
"
2533,图中展示的物品是垃圾，根据垃圾分类的标准，应该属于厨余垃圾,"图中展示的物品是牛肉干,根据垃圾分类的标准，应该属于厨余垃圾
"
2534,图中展示的物品是化妆品，根据垃圾分类的标准，应该属于有害垃圾,"图中展示的物品是护肤品空瓶,根据垃圾分类的标准，应该属于可回收物
"
2535,图中展示的物品是塑料瓶，根据垃圾分类的标准，应该属于可回收垃圾。,"图中展示的物品是滴眼液瓶,根据垃圾分类的标准，应该属于有害垃圾
"
2536,"图中展示的物品是{garbage_object},根据垃圾分类的标准，应该属于{garbage_type}","图中展示的物品是玻璃壶,根据垃圾分类的标准，应该属于可回收物
"
2537,图中展示的物品是纸张，根据垃圾分类的标准，应该属于纸张,"图中展示的物品是便利贴,根据垃圾分类的标准，应该属于其他垃圾
"
2538,图中展示的物品是塑料容器，根据垃圾分类的标准，应该属于其他垃圾。,"图中展示的物品是餐盒,根据垃圾分类的标准，应该属于其他垃圾
"
2539,图中展示的物品是毛巾，根据垃圾分类的标准，应该属于厨余垃圾,"图中展示的物品是毛巾,根据垃圾分类的标准，应该属于其他垃圾
"
2540,图中展示的物品是麻薯，根据垃圾分类的标准，应该属于厨余垃圾。,"图中展示的物品是糕点,根据垃圾分类的标准，应该属于厨余垃圾
"
2541,"图中展示的物品是{garbage_object},根据垃圾分类的标准，应该属于{garbage_type}","图中展示的物品是手链,根据垃圾分类的标准，应该属于可回收物
"
2542,图中展示的物品是望远镜，根据垃圾分类的标准，应该属于可回收物,"图中展示的物品是望远镜,根据垃圾分类的标准，应该属于可回收物
"
2543,"图中展示的物品是[food, glass, bread, fruit, spoon]，根据垃圾分类的标准，应该属于[garbage_type]。","图中展示的物品是贝果,根据垃圾分类的标准，应该属于厨余垃圾
"
2544,"图中展示的物品是计算器,根据垃圾分类的标准，应该属于电子废弃物","图中展示的物品是计算器,根据垃圾分类的标准，应该属于可回收物
"
2545,"图中展示的物品是{garbage_object},根据垃圾分类的标准，应该属于{garbage_type}","图中展示的物品是纸巾,根据垃圾分类的标准，应该属于其他垃圾
"
2546,图中展示的物品是芹菜，根据垃圾分类的标准，应该属于厨余垃圾。,"图中展示的物品是青菜,根据垃圾分类的标准，应该属于厨余垃圾
"
2547,"图中展示的物品是[garbage_object],根据垃圾分类的标准，应该属于[garbage_type]","图中展示的物品是碘伏空瓶,根据垃圾分类的标准，应该属于有害垃圾
"
2548,图中展示的物品是玻璃杯，根据垃圾分类的标准，应该属于可回收垃圾。,"图中展示的物品是玻璃器皿,根据垃圾分类的标准，应该属于可回收物
"
2549,图中展示的物品是台灯，根据垃圾分类的标准，应该属于其他垃圾,"图中展示的物品是台灯,根据垃圾分类的标准，应该属于可回收物
"
2550,"图中展示的物品是[garbage_object],根据垃圾分类的标准，应该属于[garbage_type]","图中展示的物品是登机牌,根据垃圾分类的标准，应该属于可回收物
"
2551,"图中展示的物品是{egg},根据垃圾分类的标准，应该属于{food}","图中展示的物品是贝果,根据垃圾分类的标准，应该属于厨余垃圾
"
2552,图中展示的物品是蔬菜，根据垃圾分类的标准，应该属于可回收物。,"图中展示的物品是肠(火腿),根据垃圾分类的标准，应该属于厨余垃圾
"
2553,"图中展示的物品是{garbage_object},根据垃圾分类的标准，应该属于{garbage_type}垃圾。","图中展示的物品是糕点,根据垃圾分类的标准，应该属于厨余垃圾
"
2554,图中展示的物品是香肠，根据垃圾分类的标准，应该属于可回收物。,"图中展示的物品是肠(火腿),根据垃圾分类的标准，应该属于厨余垃圾
"
2555,"图中展示的物品是{garbage_object},根据垃圾分类的标准，应该属于{garbage_type}","图中展示的物品是电池板,根据垃圾分类的标准，应该属于有害垃圾
"
2556,"图中展示的物品是{garbage_object},根据垃圾分类的标准，应该属于{garbage_type}","图中展示的物品是验孕棒,根据垃圾分类的标准，应该属于其他垃圾
"
2557,图中展示的物品是一市尺，根据垃圾分类的标准，应该属于其他垃圾。,"图中展示的物品是尺子,根据垃圾分类的标准，应该属于可回收物
"
2558,图中展示的物品是{trash}，根据垃圾分类的标准，应该属于{厨余垃圾},"图中展示的物品是钢丝球,根据垃圾分类的标准，应该属于可回收物
"
2559,图中展示的物品是电池，根据垃圾分类的标准，应该属于有害垃圾,"图中展示的物品是蓄电池,根据垃圾分类的标准，应该属于有害垃圾
"
2560,"图中展示的物品是[garbage_object],根据垃圾分类的标准，应该属于[garbage_type]","图中展示的物品是鞋,根据垃圾分类的标准，应该属于可回收物
"
2561,"图中展示的物品是{garbage_object},根据垃圾分类的标准，应该属于{garbage_type}","图中展示的物品是车钥匙,根据垃圾分类的标准，应该属于可回收物
"
2562,"图中展示的物品是{garbage_object},根据垃圾分类的标准，应该属于{garbage_type}电子废弃物","图中展示的物品是路由器,根据垃圾分类的标准，应该属于可回收物
"
2563,图中展示的物品是玻璃杯，根据垃圾分类的标准，应该属于玻璃,"图中展示的物品是玻璃器皿,根据垃圾分类的标准，应该属于可回收物
"
2564,图中展示的物品是玻璃制品，根据垃圾分类的标准，应该属于可回收物。,"图中展示的物品是碗,根据垃圾分类的标准，应该属于可回收物
"
2565,图中展示的物品是饼干，根据垃圾分类的标准，应该属于可回收物,"图中展示的物品是饼干,根据垃圾分类的标准，应该属于厨余垃圾
"
2566,"图中展示的物品是钥匙扣,根据垃圾分类的标准，应该属于{garbage_type}","图中展示的物品是车钥匙,根据垃圾分类的标准，应该属于可回收物
"
2567,图中展示的物品是{backpack}，根据垃圾分类的标准，应该属于{recyclable},"图中展示的物品是手提包,根据垃圾分类的标准，应该属于可回收物
"
2568,"图中展示的物品是[garbage_object],根据垃圾分类的标准，应该属于[garbage_type]","图中展示的物品是菠萝包,根据垃圾分类的标准，应该属于厨余垃圾
"
2569,"图中展示的物品是{garbage_object},根据垃圾分类的标准，应该属于{garbage_type}","图中展示的物品是茶叶,根据垃圾分类的标准，应该属于厨余垃圾
"
2570,图中展示的物品是{vegetable}，根据垃圾分类的标准，应该属于{vegetable},"图中展示的物品是西瓜皮,根据垃圾分类的标准，应该属于厨余垃圾
"
2571,"图中展示的物品是calcium,根据垃圾分类的标准，应该属于garbage_type","图中展示的物品是保健品瓶,根据垃圾分类的标准，应该属于有害垃圾
"
2572,"图中展示的物品是{garbage_object},根据垃圾分类的标准，应该属于{garbage_type}","图中展示的物品是纸牌,根据垃圾分类的标准，应该属于可回收物
"
2573,图中展示的物品是充电宝，根据垃圾分类的标准，应该属于电子垃圾,"图中展示的物品是充电宝,根据垃圾分类的标准，应该属于可回收物
"
2574,图中展示的物品是{wood}，根据垃圾分类的标准，应该属于{wood},"图中展示的物品是木制玩具,根据垃圾分类的标准，应该属于可回收物
"
2575,图中展示的物品是积木，根据垃圾分类的标准，应该属于可回收物。,"图中展示的物品是木制玩具,根据垃圾分类的标准，应该属于可回收物
"
2576,"图中展示的物品是[garbage_object],根据垃圾分类的标准，应该属于[garbage_type]","图中展示的物品是茶叶罐,根据垃圾分类的标准，应该属于可回收物
"
2577,图中展示的物品是[fruit]，根据垃圾分类的标准，应该属于[food],"图中展示的物品是火龙果,根据垃圾分类的标准，应该属于厨余垃圾
"
2578,"图中展示的物品是{garbage_object},根据垃圾分类的标准，应该属于{garbage_type}","图中展示的物品是生肉,根据垃圾分类的标准，应该属于厨余垃圾
"
2579,图中展示的物品是[蔬菜]，根据垃圾分类的标准，应该属于[可回收物],"图中展示的物品是木制切菜板,根据垃圾分类的标准，应该属于可回收物
"
2580,图中展示的物品是纸杯，根据垃圾分类的标准，应该属于可回收垃圾。,"图中展示的物品是一次性杯子,根据垃圾分类的标准，应该属于其他垃圾
"
2581,图中展示的物品是{fruit_or_veggie}，根据垃圾分类的标准，应该属于{food},"图中展示的物品是苍蝇拍,根据垃圾分类的标准，应该属于其他垃圾
"
2582,"图中展示的物品是书本,根据垃圾分类的标准，应该属于废纸","图中展示的物品是台历,根据垃圾分类的标准，应该属于可回收物
"
2583,图中展示的物品是{toy}，根据垃圾分类的标准，应该属于{toy},"图中展示的物品是木制玩具,根据垃圾分类的标准，应该属于可回收物
"
2584,"图中展示的物品是{garbage_object},根据垃圾分类的标准，应该属于{garbage_type}","图中展示的物品是薯条,根据垃圾分类的标准，应该属于厨余垃圾
"
2585,图中展示的物品是塑料容器，根据垃圾分类的标准，应该属于可回收物,"图中展示的物品是保鲜盒,根据垃圾分类的标准，应该属于可回收物
"
2586,"图中展示的物品是[garbage_object],根据垃圾分类的标准，应该属于[garbage_type]","图中展示的物品是手链,根据垃圾分类的标准，应该属于可回收物
"
2587,"图中展示的物品是{fruit_object},根据垃圾分类的标准，应该属于{food}","图中展示的物品是勺子,根据垃圾分类的标准，应该属于可回收物
"
2588,图中展示的物品是面包，根据垃圾分类的标准，应该属于厨余垃圾。,"图中展示的物品是普通面包,根据垃圾分类的标准，应该属于厨余垃圾
"
2589,"图中展示的物品是{garbage_object},根据垃圾分类的标准，应该属于{garbage_type}","图中展示的物品是肠(火腿),根据垃圾分类的标准，应该属于厨余垃圾
"
2590,图中展示的物品是插座，根据垃圾分类的标准，应该属于电子废弃物。,"图中展示的物品是插线板,根据垃圾分类的标准，应该属于可回收物
"
2591,图中展示的物品是砧板，根据垃圾分类的标准，应该属于厨余垃圾,"图中展示的物品是木制切菜板,根据垃圾分类的标准，应该属于可回收物
"
2592,图中展示的物品是卫生纸，根据垃圾分类的标准，应该属于纸张,"图中展示的物品是笔及笔芯,根据垃圾分类的标准，应该属于其他垃圾
"
2593,"图中展示的物品是{garbage_object},根据垃圾分类的标准，应该属于{garbage_type}垃圾。","图中展示的物品是台灯,根据垃圾分类的标准，应该属于可回收物
"
2594,图中展示的物品是书籍，根据垃圾分类的标准，应该属于垃圾书,"图中展示的物品是书,根据垃圾分类的标准，应该属于可回收物
"
2595,图中展示的物品是拖鞋，根据垃圾分类的标准，应该属于废品,"图中展示的物品是拖鞋,根据垃圾分类的标准，应该属于可回收物
"
2596,图中展示的物品是蔬菜，根据垃圾分类的标准，应该属于厨余垃圾。,"图中展示的物品是大龙虾头,根据垃圾分类的标准，应该属于其他垃圾
"
2597,图中展示的物品是纸张，根据垃圾分类的标准，应该属于废纸,"图中展示的物品是书,根据垃圾分类的标准，应该属于可回收物
"
2598,坚果{garbage_object},"图中展示的物品是蚕豆,根据垃圾分类的标准，应该属于厨余垃圾
"
2599,图中展示的物品是抹茶饼干，根据垃圾分类的标准，应该属于可回收垃圾。,"图中展示的物品是饼干,根据垃圾分类的标准，应该属于厨余垃圾
"
2600,"图中展示的物品是[wood_object],根据垃圾分类的标准，应该属于[wood]","图中展示的物品是衣架,根据垃圾分类的标准，应该属于可回收物
"
2601,图中展示的物品是玻璃杯，根据垃圾分类的标准，应该属于玻璃,"图中展示的物品是碗,根据垃圾分类的标准，应该属于可回收物
"
2602,"图中展示的物品是{garbage_object},根据垃圾分类的标准，应该属于{garbage_type}电子设备/充电线","图中展示的物品是充电线,根据垃圾分类的标准，应该属于可回收物
"
2603,图中展示的物品是玩具，根据垃圾分类的标准，应该属于可回收垃圾。,"图中展示的物品是变形玩具,根据垃圾分类的标准，应该属于可回收物
"
2604,图中展示的物品是吹风机，根据垃圾分类的标准，应该属于可回收物。,"图中展示的物品是吹风机,根据垃圾分类的标准，应该属于可回收物
"
2605,图中展示的物品是[fruit]，根据垃圾分类的标准，应该属于[vegetable],"图中展示的物品是西瓜皮,根据垃圾分类的标准，应该属于厨余垃圾
"
2606,图中展示的物品是衣架，根据垃圾分类的标准，应该属于其他垃圾,"图中展示的物品是衣架,根据垃圾分类的标准，应该属于可回收物
"
2607,图中展示的物品是塑料盆,"图中展示的物品是塑料盆,根据垃圾分类的标准，应该属于可回收物
"
2608,图中展示的物品是球，根据垃圾分类的标准，应该属于垃圾。,"图中展示的物品是玻璃球,根据垃圾分类的标准，应该属于可回收物
"
2609,图中展示的物品是地球仪，根据垃圾分类的标准，应该属于可回收物,"图中展示的物品是地球仪,根据垃圾分类的标准，应该属于可回收物
"
2610,图中展示的物品是灯管，根据垃圾分类的标准，应该属于有害垃圾。,"图中展示的物品是玻璃灯管,根据垃圾分类的标准，应该属于有害垃圾
"
2611,"图中展示的物品是[garbage_object],根据垃圾分类的标准，应该属于[garbage_type]","图中展示的物品是钟表,根据垃圾分类的标准，应该属于可回收物
"
2612,图中展示的物品是键盘，根据垃圾分类的标准，应该属于电子废弃物,"图中展示的物品是键盘,根据垃圾分类的标准，应该属于可回收物
"
2613,图中展示的物品是蛋糕盒，根据垃圾分类的标准，应该属于可回收垃圾。,"图中展示的物品是蛋糕盒,根据垃圾分类的标准，应该属于可回收物
"
2614,图中展示的物品是纸箱，根据垃圾分类的标准，应该属于{garbage_type}可回收物。,"图中展示的物品是纸箱,根据垃圾分类的标准，应该属于可回收物
"
2615,"图中展示的物品是{garbage_object},根据垃圾分类的标准，应该属于{garbage_type}","图中展示的物品是尺子,根据垃圾分类的标准，应该属于可回收物
"
2616,"图中展示的物品是[garbage_object],根据垃圾分类的标准，应该属于[garbage_type]","图中展示的物品是蘑菇,根据垃圾分类的标准，应该属于厨余垃圾
"
2617,"图中展示的物品是{garbage_object},根据垃圾分类的标准，应该属于{garbage_type}","图中展示的物品是百洁布,根据垃圾分类的标准，应该属于其他垃圾
"
2618,"图中展示的物品是[fruit_box],根据垃圾分类的标准，应该属于[厨余垃圾]","图中展示的物品是纸箱,根据垃圾分类的标准，应该属于可回收物
"
2619,图中展示的物品是食品，根据垃圾分类的标准，应该属于可回收垃圾。,"图中展示的物品是蛋挞,根据垃圾分类的标准，应该属于厨余垃圾
"
2620,图中展示的物品是菠萝，根据垃圾分类的标准，应该属于厨余垃圾,"图中展示的物品是残渣剩饭,根据垃圾分类的标准，应该属于厨余垃圾
"
2621,图中展示的物品是{pepper}，根据垃圾分类的标准，应该属于{food},"图中展示的物品是辣椒,根据垃圾分类的标准，应该属于厨余垃圾
"
2622,图中展示的物品是纸巾，根据垃圾分类的标准，应该属于可回收物,"图中展示的物品是创可贴,根据垃圾分类的标准，应该属于其他垃圾
"
2623,图中展示的物品是电池，根据垃圾分类的标准，应该属于有害垃圾,"图中展示的物品是蓄电池,根据垃圾分类的标准，应该属于有害垃圾
"
2624,"图中展示的物品是{garbage_object},根据垃圾分类的标准，应该属于{garbage_type}","图中展示的物品是板栗,根据垃圾分类的标准，应该属于厨余垃圾
"
2625,图中展示的物品是塑料制品，根据垃圾分类的标准，应该属于其他垃圾,"图中展示的物品是烟灰缸,根据垃圾分类的标准，应该属于可回收物
"
2626,图中展示的物品是线缆，根据垃圾分类的标准，应该属于可回收物,"图中展示的物品是充电线,根据垃圾分类的标准，应该属于可回收物
"
2627,"图中展示的物品是[garbage_object], 根据垃圾分类的标准，应该属于[garbage_type]","图中展示的物品是核桃,根据垃圾分类的标准，应该属于厨余垃圾
"
2628,图中展示的物品是蛋糕盒，根据垃圾分类的标准，应该属于厨余垃圾。,"图中展示的物品是蛋糕盒,根据垃圾分类的标准，应该属于可回收物
"
2629,图中展示的物品是机票，根据垃圾分类的标准，应该属于垃圾类,"图中展示的物品是登机牌,根据垃圾分类的标准，应该属于可回收物
"
2630,"图中展示的物品是[garbage_object],根据垃圾分类的标准，应该属于[garbage_type]","图中展示的物品是肠(火腿),根据垃圾分类的标准，应该属于厨余垃圾
"
2631,"图中展示的物品是{garbage_object},根据垃圾分类的标准，应该属于{garbage_type}废纸","图中展示的物品是打印机墨盒,根据垃圾分类的标准，应该属于可回收物
"
2632,图中展示的物品是{toy}，根据垃圾分类的标准，应该属于{toy},"图中展示的物品是木制玩具,根据垃圾分类的标准，应该属于可回收物
"
2633,"图中展示的物品是{garbage_object},根据垃圾分类的标准，应该属于{garbage_type}","图中展示的物品是草莓,根据垃圾分类的标准，应该属于厨余垃圾
"
2634,"图中展示的物品是{garbage_object},根据垃圾分类的标准，应该属于{garbage_type}","图中展示的物品是糕点,根据垃圾分类的标准，应该属于厨余垃圾
"
2635,图中展示的物品是遥控器，根据垃圾分类的标准，应该属于可回收物,"图中展示的物品是空调遥控器,根据垃圾分类的标准，应该属于可回收物
"
2636,图中展示的物品是插头，根据垃圾分类的标准，应该属于电子废弃物。,"图中展示的物品是充电头,根据垃圾分类的标准，应该属于可回收物
"
2637,图中展示的物品是塑料瓶，根据垃圾分类的标准，应该属于可回收物,"图中展示的物品是碘伏空瓶,根据垃圾分类的标准，应该属于有害垃圾
"
2638,"图中展示的物品是{garbage_object},根据垃圾分类的标准，应该属于{garbage_type}垃圾。","图中展示的物品是卡,根据垃圾分类的标准，应该属于可回收物
"
2639,"图中展示的物品是玻璃杯,根据垃圾分类的标准，应该属于可回收物","图中展示的物品是玻璃壶,根据垃圾分类的标准，应该属于可回收物
"
2640,"图中展示的物品是{garbage_object},根据垃圾分类的标准，应该属于{garbage_type}","图中展示的物品是纸箱,根据垃圾分类的标准，应该属于可回收物
"
2641,"图中展示的物品是[garbage_object],根据垃圾分类的标准，应该属于[garbage_type]","图中展示的物品是钟表,根据垃圾分类的标准，应该属于可回收物
"
2642,"图中展示的物品是{garbage_object},根据垃圾分类的标准，应该属于{garbage_type}","图中展示的物品是板栗,根据垃圾分类的标准，应该属于厨余垃圾
"
2643,"图中展示的物品是{package_object},根据垃圾分类的标准，应该属于{packaging}","图中展示的物品是购物纸袋,根据垃圾分类的标准，应该属于可回收物
"
2644,"图中展示的物品是{garbage_object},根据垃圾分类的标准，应该属于{garbage_type}","图中展示的物品是木制切菜板,根据垃圾分类的标准，应该属于可回收物
"
2645,图中展示的物品是螺丝刀，根据垃圾分类的标准，应该属于废金属,"图中展示的物品是螺丝刀,根据垃圾分类的标准，应该属于可回收物
"
2646,图中展示的物品是纸盒，根据垃圾分类的标准，应该属于可回收垃圾。,"图中展示的物品是蛋糕盒,根据垃圾分类的标准，应该属于可回收物
"
2647,"图中展示的物品是[garbage_object],根据垃圾分类的标准，应该属于[garbage_type]","图中展示的物品是手电筒,根据垃圾分类的标准，应该属于可回收物
"
2648,"图中展示的物品是手机壳,根据垃圾分类的标准，应该属于电子废弃物","图中展示的物品是手机,根据垃圾分类的标准，应该属于可回收物
"
2649,图中展示的物品是垃圾，根据垃圾分类的标准，应该属于其他垃圾,"图中展示的物品是冰糖葫芦,根据垃圾分类的标准，应该属于厨余垃圾
"
2650,"图中展示的物品是{garbage_object},根据垃圾分类的标准，应该属于{garbage_type}电子废弃物","图中展示的物品是充电线,根据垃圾分类的标准，应该属于可回收物
"
2651,图中展示的物品是纸箱，根据垃圾分类的标准，应该属于其他垃圾。,"图中展示的物品是奶盒,根据垃圾分类的标准，应该属于可回收物
"
2652,图中展示的物品是面包，根据垃圾分类的标准，应该属于可回收垃圾。,"图中展示的物品是糕点,根据垃圾分类的标准，应该属于厨余垃圾
"
2653,图中展示的物品是糕点，根据垃圾分类的标准，应该属于可回收物,"图中展示的物品是蛋挞,根据垃圾分类的标准，应该属于厨余垃圾
"
2654,图中展示的物品是蛋糕，根据垃圾分类的标准，应该属于垃圾食品,"图中展示的物品是糕点,根据垃圾分类的标准，应该属于厨余垃圾
"
2655,"图中展示的物品是{garbage_object},根据垃圾分类的标准，应该属于{garbage_type}","图中展示的物品是地球仪,根据垃圾分类的标准，应该属于可回收物
"
2656,"图中展示的物品是[garbage_object],根据垃圾分类的标准，应该属于[garbage_type]","图中展示的物品是单肩包手提包,根据垃圾分类的标准，应该属于可回收物
"
2657,图中展示的物品是[food_box]，根据垃圾分类的标准，应该属于[垃圾],"图中展示的物品是糕点,根据垃圾分类的标准，应该属于厨余垃圾
"
2658,"图中展示的物品是{garbage_object},根据垃圾分类的标准，应该属于{garbage_type}","图中展示的物品是购物纸袋,根据垃圾分类的标准，应该属于可回收物
"
2659,垃圾物品，塑料制品,"图中展示的物品是奶粉罐,根据垃圾分类的标准，应该属于可回收物
"
2660,图中展示的物品是食物，根据垃圾分类的标准，应该属于可回收物,"图中展示的物品是糕点,根据垃圾分类的标准，应该属于厨余垃圾
"
2661,图中展示的物品是墨盒，根据垃圾分类的标准，应该属于可回收物,"图中展示的物品是打印机墨盒,根据垃圾分类的标准，应该属于可回收物
"
2662,"图中展示的物品是{toy_object},根据垃圾分类的标准，应该属于{toy}","图中展示的物品是木制玩具,根据垃圾分类的标准，应该属于可回收物
"
2663,图中展示的物品是电池，根据垃圾分类的标准，应该属于电子垃圾,"图中展示的物品是电池,根据垃圾分类的标准，应该属于有害垃圾
"
2664,图中展示的物品是核桃，根据垃圾分类的标准，应该属于可回收物,"图中展示的物品是核桃,根据垃圾分类的标准，应该属于厨余垃圾
"
2665,图中展示的物品是玻璃，根据垃圾分类的标准，应该属于玻璃,"图中展示的物品是温度计,根据垃圾分类的标准，应该属于有害垃圾
"
2666,图中展示的物品是{bracelet}，根据垃圾分类的标准，应该属于{jewelry},"图中展示的物品是手链,根据垃圾分类的标准，应该属于可回收物
"
2667,图中展示的物品是电视机，根据垃圾分类的标准，应该属于电子垃圾,"图中展示的物品是收音机,根据垃圾分类的标准，应该属于可回收物
"
2668,"图中展示的物品是[electric_kettle],根据垃圾分类的标准，应该属于[可回收物]","图中展示的物品是烧水壶,根据垃圾分类的标准，应该属于可回收物
"
2669,"图中展示的物品是{garbage_object},根据垃圾分类的标准，应该属于{garbage_type}","图中展示的物品是牛肉干,根据垃圾分类的标准，应该属于厨余垃圾
"
2670,图中展示的物品是{none}，根据垃圾分类的标准，应该属于{none},"图中展示的物品是红花油,根据垃圾分类的标准，应该属于有害垃圾
"
2671,图中展示的物品是香肠，根据垃圾分类的标准，应该属于可回收物。,"图中展示的物品是肠(火腿),根据垃圾分类的标准，应该属于厨余垃圾
"
2672,图中展示的物品是{paper_box}，根据垃圾分类的标准，应该属于{paper},"图中展示的物品是纸箱,根据垃圾分类的标准，应该属于可回收物
"
2673,"图中展示的物品是[garbage_object],根据垃圾分类的标准，应该属于[garbage_type]","图中展示的物品是木制玩具,根据垃圾分类的标准，应该属于可回收物
"
2674,图中展示的物品是木勺，根据垃圾分类的标准，应该属于厨余垃圾,"图中展示的物品是木质锅铲,根据垃圾分类的标准，应该属于可回收物
"
2675,"图中展示的物品是{garbage_object},根据垃圾分类的标准，应该属于{garbage_type}","图中展示的物品是蛋,根据垃圾分类的标准，应该属于厨余垃圾
"
2676,"图中展示的物品是{garbage_object},根据垃圾分类的标准，应该属于{garbage_type}","图中展示的物品是白菜,根据垃圾分类的标准，应该属于厨余垃圾
"
2677,"图中展示的物品是{garbage_object},根据垃圾分类的标准，应该属于{garbage_type}","图中展示的物品是蛋挞,根据垃圾分类的标准，应该属于厨余垃圾
"
2678,图中展示的物品是汉堡包，根据垃圾分类的标准，应该属于厨余垃圾。,"图中展示的物品是普通面包,根据垃圾分类的标准，应该属于厨余垃圾
"
2679,"垃圾物品：烟蒂，烟盒，烟丝
垃圾类型：烟蒂、烟盒、烟丝","图中展示的物品是烟蒂,根据垃圾分类的标准，应该属于其他垃圾
"
2680,"图中展示的物品是{garbage_object},根据垃圾分类的标准，应该属于{garbage_type}","图中展示的物品是玩偶,根据垃圾分类的标准，应该属于可回收物
"
2681,图中展示的物品是饼干，根据垃圾分类的标准，应该属于可回收垃圾。,"图中展示的物品是饼干,根据垃圾分类的标准，应该属于厨余垃圾
"
2682,图中展示的物品是[medicine]，根据垃圾分类的标准，应该属于[garbage_type]垃圾。,"图中展示的物品是碘伏空瓶,根据垃圾分类的标准，应该属于有害垃圾
"
2683,图中展示的物品是玻璃杯，根据垃圾分类的标准，应该属于可回收物,"图中展示的物品是玻璃壶,根据垃圾分类的标准，应该属于可回收物
"
2684,"图中展示的物品是[garbage_object],根据垃圾分类的标准，应该属于[garbage_type]","图中展示的物品是生肉,根据垃圾分类的标准，应该属于厨余垃圾
"
2685,"图中展示的物品是{garbage_object},根据垃圾分类的标准，应该属于{garbage_type}","图中展示的物品是玩偶,根据垃圾分类的标准，应该属于可回收物
"
2686,图中展示的物品是电子垃圾，根据垃圾分类的标准，应该属于电子垃圾,"图中展示的物品是空气加湿器,根据垃圾分类的标准，应该属于可回收物
"
2687,"图中展示的物品是[garbage_object],根据垃圾分类的标准，应该属于[garbage_type]","图中展示的物品是登机牌,根据垃圾分类的标准，应该属于可回收物
"
2688,图中展示的物品是{no garbage}，根据垃圾分类的标准，应该属于{无害垃圾},"图中展示的物品是电路板,根据垃圾分类的标准，应该属于可回收物
"
2689,"图中展示的物品是{garbage_object},根据垃圾分类的标准，应该属于{garbage_type}垃圾。","图中展示的物品是鸡翅,根据垃圾分类的标准，应该属于厨余垃圾
"
2690,图中展示的物品是塑料袋，根据垃圾分类的标准，应该属于其他垃圾,"图中展示的物品是信封,根据垃圾分类的标准，应该属于可回收物
"
2691,"图中展示的物品是[backpack],[yellow],[black],[red],[white],[label],[duck],[bag],[plastic],[text],[design],[back],[label],根据垃圾分类的标准，应该属于[garbage_type]。","图中展示的物品是手提包,根据垃圾分类的标准，应该属于可回收物
"
2692,图中展示的物品是电子设备，根据垃圾分类的标准，应该属于电子垃圾,"图中展示的物品是网卡,根据垃圾分类的标准，应该属于可回收物
"
2693,图中展示的物品是{food_box}，根据垃圾分类的标准，应该属于{food},"图中展示的物品是碗,根据垃圾分类的标准，应该属于可回收物
"
2694,图中展示的物品是{food_container}，根据垃圾分类的标准，应该属于{food},"图中展示的物品是碗,根据垃圾分类的标准，应该属于可回收物
"
2695,图中展示的物品是玻璃盖子，根据垃圾分类的标准，应该属于玻璃,"图中展示的物品是锅盖,根据垃圾分类的标准，应该属于可回收物
"
2696,图中展示的物品是蔬菜，根据垃圾分类的标准，应该属于厨余垃圾,"图中展示的物品是白萝卜,根据垃圾分类的标准，应该属于厨余垃圾
"
2697,"图中展示的物品是{garbage_object},根据垃圾分类的标准，应该属于{garbage_type}电子废弃物","图中展示的物品是电池,根据垃圾分类的标准，应该属于有害垃圾
"
2698,"图中展示的物品是{garbage_object},根据垃圾分类的标准，应该属于{garbage_type}","图中展示的物品是车钥匙,根据垃圾分类的标准，应该属于可回收物
"
2699,"图中展示的物品是{garbage_object},根据垃圾分类的标准，应该属于{garbage_type}","图中展示的物品是糕点,根据垃圾分类的标准，应该属于厨余垃圾
"
2700,"图中展示的物品是{garbage_object},根据垃圾分类的标准，应该属于{garbage_type}厨余垃圾","图中展示的物品是药品包装,根据垃圾分类的标准，应该属于有害垃圾
"
2701,图中展示的物品是塑料衣架，根据垃圾分类的标准，应该属于可回收物,"图中展示的物品是衣架,根据垃圾分类的标准，应该属于可回收物
"
2702,图中展示的物品是纸巾，根据垃圾分类的标准，应该属于可回收垃圾。,"图中展示的物品是纸巾,根据垃圾分类的标准，应该属于其他垃圾
"
2703,图中展示的物品是杯子，根据垃圾分类的标准，应该属于可回收垃圾。,"图中展示的物品是保温杯,根据垃圾分类的标准，应该属于可回收物
"
2704,图中展示的物品是香肠，根据垃圾分类的标准，应该属于可回收物。,"图中展示的物品是肠(火腿),根据垃圾分类的标准，应该属于厨余垃圾
"
2705,"图中展示的物品是钢笔,根据垃圾分类的标准，应该属于金属垃圾","图中展示的物品是笔及笔芯,根据垃圾分类的标准，应该属于其他垃圾
"
2706,"图中展示的物品是[garbage_object],根据垃圾分类的标准，应该属于[garbage_type]","图中展示的物品是电动剃须刀,根据垃圾分类的标准，应该属于可回收物
"
2707,"图中展示的物品是{paper},根据垃圾分类的标准，应该属于{paper}","图中展示的物品是胶带,根据垃圾分类的标准，应该属于其他垃圾
"
2708,"图中展示的物品是[garbage_object],根据垃圾分类的标准，应该属于[garbage_type]","图中展示的物品是蘑菇,根据垃圾分类的标准，应该属于厨余垃圾
"
2709,图中展示的物品是食物，根据垃圾分类的标准，应该属于垃圾食品,"图中展示的物品是骨肉相连,根据垃圾分类的标准，应该属于厨余垃圾
"
2710,"图中展示的物品是[garbage_object],根据垃圾分类的标准，应该属于[garbage_type]","图中展示的物品是保温杯,根据垃圾分类的标准，应该属于可回收物
"
2711,电池{garbage_type},"图中展示的物品是电池,根据垃圾分类的标准，应该属于有害垃圾
"
2712,图中展示的物品是西瓜，根据垃圾分类的标准，应该属于厨余垃圾,"图中展示的物品是西瓜皮,根据垃圾分类的标准，应该属于厨余垃圾
"
2713,"图中展示的物品是{garbage_object},根据垃圾分类的标准，应该属于{garbage_type}","图中展示的物品是档案袋,根据垃圾分类的标准，应该属于可回收物
"
2714,图中展示的物品是玻璃茶壶和茶杯，根据垃圾分类的标准，应该属于玻璃制品。,"图中展示的物品是玻璃壶,根据垃圾分类的标准，应该属于可回收物
"
2715,图中展示的物品是瓶子，根据垃圾分类的标准，应该属于其他垃圾。,"图中展示的物品是杀虫剂,根据垃圾分类的标准，应该属于有害垃圾
"
2716,"图中展示的物品是{garbage_object},根据垃圾分类的标准，应该属于{garbage_type}垃圾。","图中展示的物品是药品包装,根据垃圾分类的标准，应该属于有害垃圾
"
2717,图中展示的物品是胶带，根据垃圾分类的标准，应该属于可回收垃圾。,"图中展示的物品是胶带,根据垃圾分类的标准，应该属于其他垃圾
"
2718,图中展示的物品是肉制品，根据垃圾分类的标准，应该属于厨余垃圾。,"图中展示的物品是生肉,根据垃圾分类的标准，应该属于厨余垃圾
"
2719,图中展示的物品是食物，根据垃圾分类的标准，应该属于厨余垃圾。,"图中展示的物品是肠(火腿),根据垃圾分类的标准，应该属于厨余垃圾
"
2720,"图中展示的物品是{garbage_object},根据垃圾分类的标准，应该属于{garbage_type}","图中展示的物品是西瓜皮,根据垃圾分类的标准，应该属于厨余垃圾
"
2721,图中展示的物品是[空瓶]，根据垃圾分类的标准，应该属于[废塑料],"图中展示的物品是护肤品空瓶,根据垃圾分类的标准，应该属于可回收物
"
2722,图中展示的物品是{camera}，根据垃圾分类的标准，应该属于{garbage_type}电子废弃物。,"图中展示的物品是望远镜,根据垃圾分类的标准，应该属于可回收物
"
2723,图中展示的物品是餐巾纸，根据垃圾分类的标准，应该属于可回收物。,"图中展示的物品是纸巾,根据垃圾分类的标准，应该属于其他垃圾
"
2724,图中展示的物品是{microphone}，根据垃圾分类的标准，应该属于{garbage_type},"图中展示的物品是话筒,根据垃圾分类的标准，应该属于可回收物
"
2725,"图中展示的物品是{garbage_object},根据垃圾分类的标准，应该属于{garbage_type}","图中展示的物品是衣架,根据垃圾分类的标准，应该属于可回收物
"
2726,"图中展示的物品是{garbage_object},根据垃圾分类的标准，应该属于{garbage_type}","图中展示的物品是袜子,根据垃圾分类的标准，应该属于可回收物
"
2727,"图中展示的物品是{garbage_object},根据垃圾分类的标准，应该属于{garbage_type}","图中展示的物品是菠萝包,根据垃圾分类的标准，应该属于厨余垃圾
"
2728,图中展示的物品是电子元件，根据垃圾分类的标准，应该属于电子垃圾。,"图中展示的物品是电路板,根据垃圾分类的标准，应该属于可回收物
"
2729,"图中展示的物品是[garbage_object],根据垃圾分类的标准，应该属于[garbage_type]","图中展示的物品是卡,根据垃圾分类的标准，应该属于可回收物
"
2730,"图中展示的物品是[garbage_object],根据垃圾分类的标准，应该属于[garbage_type]","图中展示的物品是地球仪,根据垃圾分类的标准，应该属于可回收物
"
2731,"图中展示的物品是[iron],根据垃圾分类的标准，应该属于[有害垃圾]","图中展示的物品是电熨斗,根据垃圾分类的标准，应该属于可回收物
"
2732,"图中展示的物品是[garbage_object],根据垃圾分类的标准，应该属于[garbage_type]","图中展示的物品是生肉,根据垃圾分类的标准，应该属于厨余垃圾
"
2733,"图中展示的物品是{garbage_object},根据垃圾分类的标准，应该属于{garbage_type}垃圾。","图中展示的物品是登机牌,根据垃圾分类的标准，应该属于可回收物
"
2734,图中展示的物品是{cardboard_box}，根据垃圾分类的标准，应该属于{cardboard},"图中展示的物品是纸箱,根据垃圾分类的标准，应该属于可回收物
"
2735,图中展示的物品是纸箱，根据垃圾分类的标准，应该属于可回收物,"图中展示的物品是纸箱,根据垃圾分类的标准，应该属于可回收物
"
2736,图中展示的物品是尺子，根据垃圾分类的标准，应该属于金属,"图中展示的物品是尺子,根据垃圾分类的标准，应该属于可回收物
"
2737,"图中展示的物品是{garbage_object},根据垃圾分类的标准，应该属于{garbage_type}","图中展示的物品是鞋,根据垃圾分类的标准，应该属于可回收物
"
2738,"图中展示的物品是{garbage_object},根据垃圾分类的标准，应该属于{garbage_type}","图中展示的物品是笔及笔芯,根据垃圾分类的标准，应该属于其他垃圾
"
2739,"图中展示的物品是[草莓],根据垃圾分类的标准，应该属于[可回收物]","图中展示的物品是草莓,根据垃圾分类的标准，应该属于厨余垃圾
"
2740,图中展示的物品是太阳能板，根据垃圾分类的标准，应该属于可回收物。,"图中展示的物品是电池板,根据垃圾分类的标准，应该属于有害垃圾
"
2741,图中展示的物品是电线，根据垃圾分类的标准，应该属于有害垃圾。,"图中展示的物品是充电线,根据垃圾分类的标准，应该属于可回收物
"
2742,"图中展示的物品是[garbage_object],根据垃圾分类的标准，应该属于[garbage_type]","图中展示的物品是果冻,根据垃圾分类的标准，应该属于厨余垃圾
"
2743,"图中展示的物品是{garbage_object},根据垃圾分类的标准，应该属于{garbage_type}","图中展示的物品是蛋,根据垃圾分类的标准，应该属于厨余垃圾
"
2744,图中展示的物品是{fruit}，根据垃圾分类的标准，应该属于{fruit},"图中展示的物品是草莓,根据垃圾分类的标准，应该属于厨余垃圾
"
2745,"图中展示的物品是{garbage_object},根据垃圾分类的标准，应该属于{garbage_type}","图中展示的物品是车钥匙,根据垃圾分类的标准，应该属于可回收物
"
2746,图中展示的物品是腊肠，根据垃圾分类的标准，应该属于可回收物。,"图中展示的物品是肠(火腿),根据垃圾分类的标准，应该属于厨余垃圾
"
2747,图中展示的物品是[food_box]，根据垃圾分类的标准，应该属于[厨余垃圾]。,"图中展示的物品是碗,根据垃圾分类的标准，应该属于可回收物
"
2748,图中展示的物品是尺子，根据垃圾分类的标准，应该属于{garbage_type}厨卫区。,"图中展示的物品是尺子,根据垃圾分类的标准，应该属于可回收物
"
2749,图中展示的物品是黄瓜，根据垃圾分类的标准，应该属于厨余垃圾,"图中展示的物品是西瓜皮,根据垃圾分类的标准，应该属于厨余垃圾
"
2750,图中展示的物品是玻璃容器，根据垃圾分类的标准，应该属于可回收垃圾。,"图中展示的物品是玻璃器皿,根据垃圾分类的标准，应该属于可回收物
"
2751,图中展示的物品是{card}，根据垃圾分类的标准，应该属于{recyclable},"图中展示的物品是卡,根据垃圾分类的标准，应该属于可回收物
"
2752,图中展示的物品是玻璃瓶，根据垃圾分类的标准，应该属于玻璃制品。,"图中展示的物品是罐头瓶,根据垃圾分类的标准，应该属于可回收物
"
2753,图中展示的物品是食品，根据垃圾分类的标准，应该属于可回收物。,"图中展示的物品是糕点,根据垃圾分类的标准，应该属于厨余垃圾
"
2754,"图中展示的物品是{garbage_object},根据垃圾分类的标准，应该属于{garbage_type}垃圾。","图中展示的物品是帽子,根据垃圾分类的标准，应该属于可回收物
"
2755,图中展示的物品是{food}，根据垃圾分类的标准，应该属于{food},"图中展示的物品是八宝粥罐,根据垃圾分类的标准，应该属于可回收物
"
2756,"图中展示的物品是{garbage_object},根据垃圾分类的标准，应该属于{garbage_type}","图中展示的物品是勺子,根据垃圾分类的标准，应该属于可回收物
"
2757,图中展示的物品是电池，根据垃圾分类的标准，应该属于{garbage_type}。,"图中展示的物品是电池,根据垃圾分类的标准，应该属于有害垃圾
"
2758,"图中展示的物品是[garbage_object],根据垃圾分类的标准，应该属于[garbage_type]","图中展示的物品是肠(火腿),根据垃圾分类的标准，应该属于厨余垃圾
"
2759,图中展示的物品是车票，根据垃圾分类的标准，应该属于垃圾,"图中展示的物品是票据,根据垃圾分类的标准，应该属于其他垃圾
"
2760,"图中展示的物品是[garbage_object],根据垃圾分类的标准，应该属于[garbage_type]","图中展示的物品是炸鸡,根据垃圾分类的标准，应该属于厨余垃圾
"
2761,"图中展示的物品是[garbage_object],根据垃圾分类的标准，应该属于[garbage_type]","图中展示的物品是蛋挞,根据垃圾分类的标准，应该属于厨余垃圾
"
2762,图中展示的物品是纸巾，根据垃圾分类的标准，应该属于可回收垃圾。,"图中展示的物品是纸巾,根据垃圾分类的标准，应该属于其他垃圾
"
2763,图中展示的物品是卫生纸，根据垃圾分类的标准，应该属于废纸,"图中展示的物品是湿纸巾,根据垃圾分类的标准，应该属于其他垃圾
"
2764,"图中展示的物品是{garbage_object},根据垃圾分类的标准，应该属于{garbage_type}","图中展示的物品是肠(火腿),根据垃圾分类的标准，应该属于厨余垃圾
"
2765,"图中展示的物品是[garbage_object],根据垃圾分类的标准，应该属于[garbage_type]","图中展示的物品是药品包装,根据垃圾分类的标准，应该属于有害垃圾
"
2766,"图中展示的物品是[pen],根据垃圾分类的标准，应该属于[有害垃圾]","图中展示的物品是笔及笔芯,根据垃圾分类的标准，应该属于其他垃圾
"
2767,图中展示的物品是砧板，根据垃圾分类的标准，应该属于厨余垃圾。,"图中展示的物品是木制切菜板,根据垃圾分类的标准，应该属于可回收物
"
2768,图中展示的物品是玻璃杯、碗、碟，根据垃圾分类的标准，应该属于可回收物,"图中展示的物品是盘子,根据垃圾分类的标准，应该属于可回收物
"
2769,"图中展示的物品是{garbage_object},根据垃圾分类的标准，应该属于{garbage_type}","图中展示的物品是糕点,根据垃圾分类的标准，应该属于厨余垃圾
"
2770,"图中展示的物品是书籍,根据垃圾分类的标准，应该属于废纸","图中展示的物品是书,根据垃圾分类的标准，应该属于可回收物
"
2771,图中展示的物品是{food}，根据垃圾分类的标准，应该属于{food},"图中展示的物品是菠萝包,根据垃圾分类的标准，应该属于厨余垃圾
"
2772,图中展示的物品是毛绒玩具，根据垃圾分类的标准，应该属于垃圾玩具,"图中展示的物品是玩偶,根据垃圾分类的标准，应该属于可回收物
"
2773,图中展示的物品是食物，根据垃圾分类的标准，应该属于厨余垃圾,"图中展示的物品是烤鸡烤鸭,根据垃圾分类的标准，应该属于厨余垃圾
"
2774,图中展示的物品是太阳能板，根据垃圾分类的标准，应该属于可回收物,"图中展示的物品是电池板,根据垃圾分类的标准，应该属于有害垃圾
"
2775,图中展示的物品是音箱，根据垃圾分类的标准，应该属于可回收物,"图中展示的物品是收音机,根据垃圾分类的标准，应该属于可回收物
"
2776,图中展示的物品是{wooden_spoon}，根据垃圾分类的标准，应该属于{wood},"图中展示的物品是木质锅铲,根据垃圾分类的标准，应该属于可回收物
"
2777,图中展示的物品是汽车空调滤清器，根据垃圾分类的标准，应该属于{garbage_type}垃圾。,"图中展示的物品是空调滤芯,根据垃圾分类的标准，应该属于其他垃圾
"
2778,图中展示的物品是玻璃瓶，根据垃圾分类的标准，应该属于玻璃瓶,"图中展示的物品是玻璃器皿,根据垃圾分类的标准，应该属于可回收物
"
2779,"图中展示的物品是[ceramic_bowl],根据垃圾分类的标准，应该属于[garbage_type]厨余垃圾","图中展示的物品是碗,根据垃圾分类的标准，应该属于可回收物
"
2780,图中展示的物品是塑料瓶，根据垃圾分类的标准，应该属于可回收垃圾。,"图中展示的物品是胶水,根据垃圾分类的标准，应该属于有害垃圾
"
2781,"图中展示的物品是[garbage_object],根据垃圾分类的标准，应该属于[garbage_type]","图中展示的物品是红花油,根据垃圾分类的标准，应该属于有害垃圾
"
2782,图中展示的物品是罐头，根据垃圾分类的标准，应该属于可回收物,"图中展示的物品是奶粉罐,根据垃圾分类的标准，应该属于可回收物
"
2783,"图中展示的物品是{garbage_object},根据垃圾分类的标准，应该属于{garbage_type}垃圾。","图中展示的物品是糕点,根据垃圾分类的标准，应该属于厨余垃圾
"
2784,"图中展示的物品是{garbage_object},根据垃圾分类的标准，应该属于{garbage_type}其他垃圾","图中展示的物品是奶盒,根据垃圾分类的标准，应该属于可回收物
"
2785,图中展示的物品是口罩，根据垃圾分类的标准，应该属于垃圾类别2（有害垃圾）。,"图中展示的物品是口罩,根据垃圾分类的标准，应该属于其他垃圾
"
2786,图中展示的物品是吹风机，根据垃圾分类的标准，应该属于可回收物。,"图中展示的物品是吹风机,根据垃圾分类的标准，应该属于可回收物
"
2787,图中展示的物品是电水壶，根据垃圾分类的标准，应该属于可回收物,"图中展示的物品是烧水壶,根据垃圾分类的标准，应该属于可回收物
"
2788,图中展示的物品是铁钉，根据垃圾分类的标准，应该属于可回收物。,"图中展示的物品是钉子,根据垃圾分类的标准，应该属于可回收物
"
2789,图中展示的物品是电池，根据垃圾分类的标准，应该属于有害垃圾,"图中展示的物品是电池,根据垃圾分类的标准，应该属于有害垃圾
"
2790,图中展示的物品是尺子，根据垃圾分类的标准，应该属于可回收垃圾。,"图中展示的物品是尺子,根据垃圾分类的标准，应该属于可回收物
"
2791,"图中展示的物品是{garbage_object},根据垃圾分类的标准，应该属于{garbage_type}","图中展示的物品是毛巾,根据垃圾分类的标准，应该属于其他垃圾
"
2792,"图中展示的物品是{garbage_object},根据垃圾分类的标准，应该属于{garbage_type}","图中展示的物品是网卡,根据垃圾分类的标准，应该属于可回收物
"
2793,图中展示的物品是芹菜，根据垃圾分类的标准，应该属于厨余垃圾,"图中展示的物品是青菜,根据垃圾分类的标准，应该属于厨余垃圾
"
2794,图中展示的物品是{food}，根据垃圾分类的标准，应该属于{food},"图中展示的物品是保鲜盒,根据垃圾分类的标准，应该属于可回收物
"
2795,图中展示的物品是米饭，根据垃圾分类的标准，应该属于厨余垃圾,"图中展示的物品是残渣剩饭,根据垃圾分类的标准，应该属于厨余垃圾
"
2796,"图中展示的物品是[扑克牌],根据垃圾分类的标准，应该属于[纸张]","图中展示的物品是纸牌,根据垃圾分类的标准，应该属于可回收物
"
2797,"图中展示的物品是[trash],[metal]","图中展示的物品是茶叶罐,根据垃圾分类的标准，应该属于可回收物
"
2798,图中展示的物品是报纸，根据垃圾分类的标准，应该属于纸张,"图中展示的物品是报纸,根据垃圾分类的标准，应该属于可回收物
"
2799,图中展示的物品是插线板，根据垃圾分类的标准，应该属于电子废弃物。,"图中展示的物品是插线板,根据垃圾分类的标准，应该属于可回收物
"
2800,图中展示的物品是电路板，根据垃圾分类的标准，应该属于电子废弃物,"图中展示的物品是电路板,根据垃圾分类的标准，应该属于可回收物
"
2801,"图中展示的物品是[air conditioner remote control],根据垃圾分类的标准，应该属于[电子废弃物]","图中展示的物品是空调遥控器,根据垃圾分类的标准，应该属于可回收物
"
2802,图中展示的物品是玩具，根据垃圾分类的标准，应该属于可回收物,"图中展示的物品是变形玩具,根据垃圾分类的标准，应该属于可回收物
"
2803,"图中展示的物品是{garbage_object},根据垃圾分类的标准，应该属于{garbage_type}","图中展示的物品是蛋挞,根据垃圾分类的标准，应该属于厨余垃圾
"
2804,图中展示的物品是电线，根据垃圾分类的标准，应该属于{garbage_type}其他垃圾。,"图中展示的物品是耳机,根据垃圾分类的标准，应该属于可回收物
"
2805,图中展示的物品是玻璃制品，根据垃圾分类的标准，应该属于可回收物。,"图中展示的物品是玻璃器皿,根据垃圾分类的标准，应该属于可回收物
"
2806,"图中展示的物品是[electric_kettle],根据垃圾分类的标准，应该属于[厨余垃圾]","图中展示的物品是烧水壶,根据垃圾分类的标准，应该属于可回收物
"
2807,图中展示的物品是回形针，根据垃圾分类的标准，应该属于废纸,"图中展示的物品是U型回形针,根据垃圾分类的标准，应该属于其他垃圾
"
2808,图中展示的物品是刀叉，根据垃圾分类的标准，应该属于厨余垃圾。,"图中展示的物品是叉子,根据垃圾分类的标准，应该属于可回收物
"
2809,图中展示的物品是卫生纸，根据垃圾分类的标准，应该属于可回收垃圾。,"图中展示的物品是湿纸巾,根据垃圾分类的标准，应该属于其他垃圾
"
2810,"图中展示的物品是[garbage_object],根据垃圾分类的标准，应该属于[garbage_type]","图中展示的物品是罐头瓶,根据垃圾分类的标准，应该属于可回收物
"
2811,图中展示的物品是晾衣架，根据垃圾分类的标准，应该属于{garbage_type},"图中展示的物品是衣架,根据垃圾分类的标准，应该属于可回收物
"
2812,"图中展示的物品是[手提包],根据垃圾分类的标准，应该属于[可回收物]","图中展示的物品是手提包,根据垃圾分类的标准，应该属于可回收物
"
2813,"图中展示的物品是{garbage_object},根据垃圾分类的标准，应该属于{garbage_type}","图中展示的物品是手链,根据垃圾分类的标准，应该属于可回收物
"
2814,图中展示的物品是胶水，根据垃圾分类的标准，应该属于{garbage_type}垃圾。,"图中展示的物品是胶水,根据垃圾分类的标准，应该属于有害垃圾
"
2815,图中展示的物品是电水壶，根据垃圾分类的标准，应该属于有害垃圾,"图中展示的物品是烧水壶,根据垃圾分类的标准，应该属于可回收物
"
2816,图中展示的物品是药品，根据垃圾分类的标准，应该属于垃圾食品,"图中展示的物品是药品包装,根据垃圾分类的标准，应该属于有害垃圾
"
2817,图中展示的物品是台灯，根据垃圾分类的标准，应该属于可回收物,"图中展示的物品是台灯,根据垃圾分类的标准，应该属于可回收物
"
2818,"图中展示的物品是{glass_object},根据垃圾分类的标准，应该属于{garbage_type}","图中展示的物品是拖鞋,根据垃圾分类的标准，应该属于可回收物
"
2819,图中展示的物品是笔,"图中展示的物品是笔及笔芯,根据垃圾分类的标准，应该属于其他垃圾
"
2820,图中展示的物品是塑料瓶，根据垃圾分类的标准，应该属于可回收物,"图中展示的物品是塑料瓶,根据垃圾分类的标准，应该属于可回收物
"
2821,"图中展示的物品是手机,根据垃圾分类的标准，应该属于电子废弃物","图中展示的物品是手机,根据垃圾分类的标准，应该属于可回收物
"
2822,图中展示的物品是[fruit]，根据垃圾分类的标准，应该属于[可回收物],"图中展示的物品是火龙果,根据垃圾分类的标准，应该属于厨余垃圾
"
2823,"图中展示的物品是{garbage_object},根据垃圾分类的标准，应该属于{garbage_type}垃圾。","图中展示的物品是牛肉干,根据垃圾分类的标准，应该属于厨余垃圾
"
2824,图中展示的物品是塑料容器，根据垃圾分类的标准，应该属于可回收物。,"图中展示的物品是保鲜盒,根据垃圾分类的标准，应该属于可回收物
"
2825,图中展示的物品是甜甜圈，根据垃圾分类的标准，应该属于垃圾食品,"图中展示的物品是贝果,根据垃圾分类的标准，应该属于厨余垃圾
"
2826,"图中展示的物品是[iron],[trash]，根据垃圾分类的标准，应该属于[trash]","图中展示的物品是电熨斗,根据垃圾分类的标准，应该属于可回收物
"
2827,"图中展示的物品是布料,根据垃圾分类的标准，应该属于可回收物","图中展示的物品是餐垫,根据垃圾分类的标准，应该属于可回收物
"
2828,图中展示的物品是{purse}，根据垃圾分类的标准，应该属于{junk},"图中展示的物品是手提包,根据垃圾分类的标准，应该属于可回收物
"
2829,图中展示的物品是[fruit]，根据垃圾分类的标准，应该属于[fruit],"图中展示的物品是菠萝蜜,根据垃圾分类的标准，应该属于厨余垃圾
"
2830,"图中展示的物品是{garbage_object},根据垃圾分类的标准，应该属于{garbage_type}","图中展示的物品是生肉,根据垃圾分类的标准，应该属于厨余垃圾
"
2831,图中展示的物品是键盘，根据垃圾分类的标准，应该属于可回收物,"图中展示的物品是键盘,根据垃圾分类的标准，应该属于可回收物
"
2832,图中展示的物品是太阳能板，根据垃圾分类的标准，应该属于可回收垃圾。,"图中展示的物品是电池板,根据垃圾分类的标准，应该属于有害垃圾
"
2833,"图中展示的物品是[wood, table_&_tabletennis]，根据垃圾分类的标准，应该属于[recyclable]","图中展示的物品是乒乓球拍,根据垃圾分类的标准，应该属于可回收物
"
2834,图中展示的物品是梳子，根据垃圾分类的标准，应该属于其他垃圾,"图中展示的物品是木质梳子,根据垃圾分类的标准，应该属于可回收物
"
2835,"图中展示的物品是{garbage_object},根据垃圾分类的标准，应该属于{garbage_type}","图中展示的物品是核桃,根据垃圾分类的标准，应该属于厨余垃圾
"
2836,图中展示的物品是{wireless_card}，根据垃圾分类的标准，应该属于{electronics},"图中展示的物品是网卡,根据垃圾分类的标准，应该属于可回收物
"
2837,图中展示的物品是[fruit]，根据垃圾分类的标准，应该属于[food],"图中展示的物品是哈密瓜,根据垃圾分类的标准，应该属于厨余垃圾
"
2838,"图中展示的物品是{garbage_object},根据垃圾分类的标准，应该属于{garbage_type}厨余垃圾","图中展示的物品是药品包装,根据垃圾分类的标准，应该属于有害垃圾
"
2839,图中展示的物品是纸巾，根据垃圾分类的标准，应该属于可回收垃圾。,"图中展示的物品是纸巾,根据垃圾分类的标准，应该属于其他垃圾
"
2840,"图中展示的物品是{garbage_object},根据垃圾分类的标准，应该属于{garbage_type}垃圾。","图中展示的物品是苍蝇拍,根据垃圾分类的标准，应该属于其他垃圾
"
2841,"图中展示的物品是[food, garbage_object],根据垃圾分类的标准，应该属于[garbage_type]","图中展示的物品是板栗,根据垃圾分类的标准，应该属于厨余垃圾
"
2842,图中展示的物品是玻璃瓶，根据垃圾分类的标准，应该属于其他垃圾。,"图中展示的物品是玻璃器皿,根据垃圾分类的标准，应该属于可回收物
"
2843,"图中展示的物品是{garbage_object},根据垃圾分类的标准，应该属于{garbage_type}","图中展示的物品是地铁票,根据垃圾分类的标准，应该属于可回收物
"
2844,"图中展示的物品是{oil_object},根据垃圾分类的标准，应该属于{garbage_type}","图中展示的物品是杀虫剂,根据垃圾分类的标准，应该属于有害垃圾
"
2845,一次性医用灭菌棉签{garbage_object}，有害垃圾,"图中展示的物品是一次性棉签,根据垃圾分类的标准，应该属于其他垃圾
"
2846,"图中展示的物品是{food_object},根据垃圾分类的标准，应该属于{food}","图中展示的物品是白菜,根据垃圾分类的标准，应该属于厨余垃圾
"
2847,图中展示的物品是书籍，根据垃圾分类的标准，应该属于纸张,"图中展示的物品是书,根据垃圾分类的标准，应该属于可回收物
"
2848,图中展示的物品是蔬菜，根据垃圾分类的标准，应该属于蔬菜,"图中展示的物品是白菜,根据垃圾分类的标准，应该属于厨余垃圾
"
2849,"图中展示的物品是{garbage_object},根据垃圾分类的标准，应该属于{garbage_type}","图中展示的物品是玩偶,根据垃圾分类的标准，应该属于可回收物
"
2850,"图中展示的物品是[garbage_object],根据垃圾分类的标准，应该属于[garbage_type]","图中展示的物品是茶叶罐,根据垃圾分类的标准，应该属于可回收物
"
2851,图中展示的物品是锅，根据垃圾分类的标准，应该属于厨余垃圾,"图中展示的物品是锅,根据垃圾分类的标准，应该属于可回收物
"
2852,"图中展示的物品是{garbage_object},根据垃圾分类的标准，应该属于{garbage_type}","图中展示的物品是蘑菇,根据垃圾分类的标准，应该属于厨余垃圾
"
2853,"图中展示的物品是[garbage_object],根据垃圾分类的标准，应该属于[garbage_type]","图中展示的物品是玩偶,根据垃圾分类的标准，应该属于可回收物
"
2854,图中展示的物品是{tabletennisracket}，根据垃圾分类的标准，应该属于{garbage_type},"图中展示的物品是乒乓球拍,根据垃圾分类的标准，应该属于可回收物
"
2855,"图中展示的物品是{garbage_object},根据垃圾分类的标准，应该属于{garbage_type}","图中展示的物品是插线板,根据垃圾分类的标准，应该属于可回收物
"
2856,"图中展示的物品是[garbage_object],根据垃圾分类的标准，应该属于[garbage_type]","图中展示的物品是鞋,根据垃圾分类的标准，应该属于可回收物
"
2857,图中展示的物品是{tableware}，根据垃圾分类的标准，应该属于{garbage_type},"图中展示的物品是药片,根据垃圾分类的标准，应该属于有害垃圾
"
2858,图中展示的物品是电子电路板，根据垃圾分类的标准，应该属于电子垃圾,"图中展示的物品是电路板,根据垃圾分类的标准，应该属于可回收物
"
2859,图中展示的物品是芹菜，根据垃圾分类的标准，应该属于其他垃圾。,"图中展示的物品是青菜,根据垃圾分类的标准，应该属于厨余垃圾
"
2860,图中展示的物品是铲子，根据垃圾分类的标准，应该属于厨余垃圾。,"图中展示的物品是木质锅铲,根据垃圾分类的标准，应该属于可回收物
"
2861,"图中展示的物品是[garbage_object],根据垃圾分类的标准，应该属于[garbage_type]","图中展示的物品是地球仪,根据垃圾分类的标准，应该属于可回收物
"
2862,"图中展示的物品是{garbage_object},根据垃圾分类的标准，应该属于{garbage_type}","图中展示的物品是餐垫,根据垃圾分类的标准，应该属于可回收物
"
2863,图中展示的物品是遥控器，根据垃圾分类的标准，应该属于电子废弃物。,"图中展示的物品是电视遥控器,根据垃圾分类的标准，应该属于可回收物
"
2864,"图中展示的物品是{garbage_object},根据垃圾分类的标准，应该属于{garbage_type}","图中展示的物品是烟蒂,根据垃圾分类的标准，应该属于其他垃圾
"
2865,"图中展示的物品是{garbage_object},根据垃圾分类的标准，应该属于{garbage_type}垃圾。","图中展示的物品是枕头,根据垃圾分类的标准，应该属于可回收物
"
2866,图中展示的物品是{food}，根据垃圾分类的标准，应该属于{food},"图中展示的物品是贝果,根据垃圾分类的标准，应该属于厨余垃圾
"
2867,图中展示的物品是饼干，根据垃圾分类的标准，应该属于可回收物。,"图中展示的物品是饼干,根据垃圾分类的标准，应该属于厨余垃圾
"
2868,图中展示的物品是电池，根据垃圾分类的标准，应该属于有害垃圾。,"图中展示的物品是电池,根据垃圾分类的标准，应该属于有害垃圾
"
2869,"图中展示的物品是{garbage_object},根据垃圾分类的标准，应该属于{garbage_type}塑料制品。","图中展示的物品是玩偶,根据垃圾分类的标准，应该属于可回收物
"
2870,图中展示的物品是{fruit}，根据垃圾分类的标准，应该属于{food},"图中展示的物品是圣女果,根据垃圾分类的标准，应该属于厨余垃圾
"
2871,图中展示的物品是海绵，根据垃圾分类的标准，应该属于{garbage_type}厨余垃圾。,"图中展示的物品是百洁布,根据垃圾分类的标准，应该属于其他垃圾
"
2872,"图中展示的物品是{garbage_object},根据垃圾分类的标准，应该属于{garbage_type}","图中展示的物品是鞋,根据垃圾分类的标准，应该属于可回收物
"
2873,图中展示的物品是皮具，根据垃圾分类的标准，应该属于有害垃圾,"图中展示的物品是单肩包手提包,根据垃圾分类的标准，应该属于可回收物
"
2874,图中展示的物品是望远镜，根据垃圾分类的标准，应该属于电子废弃物,"图中展示的物品是望远镜,根据垃圾分类的标准，应该属于可回收物
"
2875,"图中展示的物品是{garbage_object},根据垃圾分类的标准，应该属于{garbage_type}","图中展示的物品是蘑菇,根据垃圾分类的标准，应该属于厨余垃圾
"
2876,图中展示的物品是电池，根据垃圾分类的标准，应该属于有害垃圾。,"图中展示的物品是纽扣电池,根据垃圾分类的标准，应该属于有害垃圾
"
2877,图中展示的物品是大号麂皮巾，根据垃圾分类的标准，应该属于可回收物,"图中展示的物品是毛巾,根据垃圾分类的标准，应该属于其他垃圾
"
2878,图中展示的物品是钉子，根据垃圾分类的标准，应该属于废金属,"图中展示的物品是钉子,根据垃圾分类的标准，应该属于可回收物
"
2879,图中展示的物品是袜子，根据垃圾分类的标准，应该属于可回收物,"图中展示的物品是袜子,根据垃圾分类的标准，应该属于可回收物
"
2880,图中展示的物品是{vinyl_record}，根据垃圾分类的标准，应该属于{vinyl_record},"图中展示的物品是唱片,根据垃圾分类的标准，应该属于其他垃圾
"
2881,"图中展示的物品是{garbage_object},根据垃圾分类的标准，应该属于{garbage_type}垃圾。","图中展示的物品是鸡翅,根据垃圾分类的标准，应该属于厨余垃圾
"
2882,"图中展示的物品是粉笔,根据垃圾分类的标准，应该属于{garbage_type}其他垃圾。","图中展示的物品是烟蒂,根据垃圾分类的标准，应该属于其他垃圾
"
2883,"图中展示的物品是{garbage_object},根据垃圾分类的标准，应该属于{garbage_type}","图中展示的物品是尺子,根据垃圾分类的标准，应该属于可回收物
"
2884,"图中展示的物品是玩具,根据垃圾分类的标准，应该属于可回收垃圾","图中展示的物品是玩偶,根据垃圾分类的标准，应该属于可回收物
"
2885,"图中展示的物品是{garbage_object},根据垃圾分类的标准，应该属于{garbage_type}","图中展示的物品是耳钉耳环,根据垃圾分类的标准，应该属于可回收物
"
2886,"图中展示的物品是{garbage_object},根据垃圾分类的标准，应该属于{garbage_type}垃圾。","图中展示的物品是茶叶罐,根据垃圾分类的标准，应该属于可回收物
"
2887,图中展示的物品是[card]，根据垃圾分类的标准，应该属于[garbage_type],"图中展示的物品是纸牌,根据垃圾分类的标准，应该属于可回收物
"
2888,图中展示的物品是牙刷，根据垃圾分类的标准，应该属于废除物,"图中展示的物品是电动牙刷,根据垃圾分类的标准，应该属于可回收物
"
2889,图中展示的物品是面包，根据垃圾分类的标准，应该属于可回收物。,"图中展示的物品是普通面包,根据垃圾分类的标准，应该属于厨余垃圾
"
2890,图中展示的物品是[玻璃容器]，根据垃圾分类的标准，应该属于[其他垃圾],"图中展示的物品是量杯,根据垃圾分类的标准，应该属于可回收物
"
2891,图中展示的物品是面包，根据垃圾分类的标准，应该属于厨余垃圾。,"图中展示的物品是普通面包,根据垃圾分类的标准，应该属于厨余垃圾
"
2892,"图中展示的物品是[garbage_object],根据垃圾分类的标准，应该属于[garbage_type]","图中展示的物品是辣椒,根据垃圾分类的标准，应该属于厨余垃圾
"
2893,图中展示的物品是饼干，根据垃圾分类的标准，应该属于垃圾食品,"图中展示的物品是饼干,根据垃圾分类的标准，应该属于厨余垃圾
"
2894,"图中展示的物品是飞机,根据垃圾分类的标准，应该属于其他垃圾","图中展示的物品是变形玩具,根据垃圾分类的标准，应该属于可回收物
"
2895,图中展示的物品是杀虫气雾剂，根据垃圾分类的标准，应该属于有害垃圾,"图中展示的物品是杀虫剂,根据垃圾分类的标准，应该属于有害垃圾
"
2896,图中展示的物品是辣椒，根据垃圾分类的标准，应该属于厨余垃圾。,"图中展示的物品是生肉,根据垃圾分类的标准，应该属于厨余垃圾
"
2897,"图中展示的物品是{garbage_object},根据垃圾分类的标准，应该属于{garbage_type}","图中展示的物品是车钥匙,根据垃圾分类的标准，应该属于可回收物
"
2898,图中展示的物品是玻璃杯，根据垃圾分类的标准，应该属于玻璃,"图中展示的物品是烟灰缸,根据垃圾分类的标准，应该属于可回收物
"
2899,"图中展示的物品是[garbage_object],根据垃圾分类的标准，应该属于[garbage_type]","图中展示的物品是钢丝球,根据垃圾分类的标准，应该属于可回收物
"
2900,"图中展示的物品是杯子,根据垃圾分类的标准，应该属于废塑料","图中展示的物品是保温杯,根据垃圾分类的标准，应该属于可回收物
"
2901,"图中展示的物品是饼干,根据垃圾分类的标准，应该属于垃圾食品","图中展示的物品是饼干,根据垃圾分类的标准，应该属于厨余垃圾
"
2902,"图中展示的物品是{garbage_object},根据垃圾分类的标准，应该属于{garbage_type}","图中展示的物品是牛肉干,根据垃圾分类的标准，应该属于厨余垃圾
"
2903,"图中展示的物品是{garbage_object},根据垃圾分类的标准，应该属于{garbage_type}垃圾。","图中展示的物品是信封,根据垃圾分类的标准，应该属于可回收物
"
2904,图中展示的物品是砧板，根据垃圾分类的标准，应该属于厨余垃圾,"图中展示的物品是木制切菜板,根据垃圾分类的标准，应该属于可回收物
"
2905,图中展示的物品是{spaghetti}，根据垃圾分类的标准，应该属于{garbage_type},"图中展示的物品是炸鸡,根据垃圾分类的标准，应该属于厨余垃圾
"
2906,图中展示的物品是月饼，根据垃圾分类的标准，应该属于可回收物。,"图中展示的物品是糕点,根据垃圾分类的标准，应该属于厨余垃圾
"
2907,"图中展示的物品是{garbage_object},根据垃圾分类的标准，应该属于{garbage_type}","图中展示的物品是核桃,根据垃圾分类的标准，应该属于厨余垃圾
"
2908,"图中展示的物品是{garbage_object},根据垃圾分类的标准，应该属于{garbage_type}","图中展示的物品是圣女果,根据垃圾分类的标准，应该属于厨余垃圾
"
2909,图中展示的物品是碗，根据垃圾分类的标准，应该属于厨余垃圾。,"图中展示的物品是碗,根据垃圾分类的标准，应该属于可回收物
"
2910,"图中展示的物品是{garbage_object},根据垃圾分类的标准，应该属于{garbage_type}","图中展示的物品是蚕豆,根据垃圾分类的标准，应该属于厨余垃圾
"
2911,"图中展示的物品是[garbage_object],根据垃圾分类的标准，应该属于[garbage_type]","图中展示的物品是充电宝,根据垃圾分类的标准，应该属于可回收物
"
2912,图中展示的物品是{cable}，根据垃圾分类的标准，应该属于{recyclable},"图中展示的物品是充电线,根据垃圾分类的标准，应该属于可回收物
"
2913,图中展示的物品是麦克风，根据垃圾分类的标准，应该属于电子废弃物。,"图中展示的物品是话筒,根据垃圾分类的标准，应该属于可回收物
"
2914,图中展示的物品是玻璃杯，根据垃圾分类的标准，应该属于玻璃,"图中展示的物品是玻璃器皿,根据垃圾分类的标准，应该属于可回收物
"
2915,图中展示的物品是玻璃杯，根据垃圾分类的标准，应该属于玻璃,"图中展示的物品是玻璃壶,根据垃圾分类的标准，应该属于可回收物
"
2916,"图中展示的物品是{garbage_object},根据垃圾分类的标准，应该属于{garbage_type}","图中展示的物品是哈密瓜,根据垃圾分类的标准，应该属于厨余垃圾
"
2917,图中展示的物品是{fruit}，根据垃圾分类的标准，应该属于{fruit},"图中展示的物品是火龙果,根据垃圾分类的标准，应该属于厨余垃圾
"
2918,图中展示的物品是{fruit}，根据垃圾分类的标准，应该属于{organic waste},"图中展示的物品是保鲜盒,根据垃圾分类的标准，应该属于可回收物
"
2919,"图中展示的物品是毛巾,根据垃圾分类的标准，应该属于废品","图中展示的物品是毛巾,根据垃圾分类的标准，应该属于其他垃圾
"
2920,"图中展示的物品是[garbage_object],根据垃圾分类的标准，应该属于[garbage_type]","图中展示的物品是蘑菇,根据垃圾分类的标准，应该属于厨余垃圾
"
2921,"图中展示的物品是[garbage_object],根据垃圾分类的标准，应该属于[garbage_type]","图中展示的物品是糕点,根据垃圾分类的标准，应该属于厨余垃圾
"
2922,图中展示的物品是坚果，根据垃圾分类的标准，应该属于可回收垃圾。,"图中展示的物品是花生皮,根据垃圾分类的标准，应该属于厨余垃圾
"
2923,图中展示的物品是杯子，根据垃圾分类的标准，应该属于可回收垃圾。,"图中展示的物品是玻璃器皿,根据垃圾分类的标准，应该属于可回收物
"
2924,图中展示的物品是面包，根据垃圾分类的标准，应该属于厨余垃圾。,"图中展示的物品是糕点,根据垃圾分类的标准，应该属于厨余垃圾
"
2925,"图中展示的物品是{garbage_object},根据垃圾分类的标准，应该属于{garbage_type}","图中展示的物品是耳机,根据垃圾分类的标准，应该属于可回收物
"
2926,"图中展示的物品是{garbage_object},根据垃圾分类的标准，应该属于{garbage_type}","图中展示的物品是胶带,根据垃圾分类的标准，应该属于其他垃圾
"
2927,图中展示的物品是电池，根据垃圾分类的标准，应该属于有害垃圾,"图中展示的物品是电池,根据垃圾分类的标准，应该属于有害垃圾
"
2928,图中展示的物品是电池，根据垃圾分类的标准，应该属于有害垃圾,"图中展示的物品是电池,根据垃圾分类的标准，应该属于有害垃圾
"
2929,图中展示的物品是{meat}，根据垃圾分类的标准，应该属于{meat},"图中展示的物品是骨肉相连,根据垃圾分类的标准，应该属于厨余垃圾
"
2930,图中展示的物品是香肠，根据垃圾分类的标准，应该属于厨余垃圾,"图中展示的物品是肠(火腿),根据垃圾分类的标准，应该属于厨余垃圾
"
2931,"图中展示的物品是{garbage_object},根据垃圾分类的标准，应该属于{garbage_type}","图中展示的物品是拖鞋,根据垃圾分类的标准，应该属于可回收物
"
2932,图中展示的物品是[玻璃杯]，根据垃圾分类的标准，应该属于[其他垃圾],"图中展示的物品是水杯,根据垃圾分类的标准，应该属于可回收物
"
2933,"图中展示的物品是{garbage_object},根据垃圾分类的标准，应该属于{garbage_type}","图中展示的物品是肠(火腿),根据垃圾分类的标准，应该属于厨余垃圾
"
2934,图中展示的物品是塑料瓶，根据垃圾分类的标准，应该属于可回收物。,"图中展示的物品是胶水,根据垃圾分类的标准，应该属于有害垃圾
"
2935,"图中展示的物品是{garbage_object},根据垃圾分类的标准，应该属于{garbage_type}垃圾。","图中展示的物品是电池板,根据垃圾分类的标准，应该属于有害垃圾
"
2936,图中展示的物品是肉串，根据垃圾分类的标准，应该属于厨余垃圾。,"图中展示的物品是青菜,根据垃圾分类的标准，应该属于厨余垃圾
"
2937,"图中展示的物品是{garbage_object},根据垃圾分类的标准，应该属于{garbage_type}垃圾。","图中展示的物品是电池板,根据垃圾分类的标准，应该属于有害垃圾
"
2938,"图中展示的物品是{garbage_object},根据垃圾分类的标准，应该属于{garbage_type}","图中展示的物品是白菜,根据垃圾分类的标准，应该属于厨余垃圾
"
2939,"图中展示的物品是[garbage_object],根据垃圾分类的标准，应该属于[garbage_type]","图中展示的物品是车钥匙,根据垃圾分类的标准，应该属于可回收物
"
2940,"图中展示的物品是杯子,根据垃圾分类的标准，应该属于不可回收垃圾","图中展示的物品是保温杯,根据垃圾分类的标准，应该属于可回收物
"
2941,图中展示的物品是太阳能滴胶板，根据垃圾分类的标准，应该属于可回收物,"图中展示的物品是电池板,根据垃圾分类的标准，应该属于有害垃圾
"
2942,图中展示的物品是闹钟，根据垃圾分类的标准，应该属于废品,"图中展示的物品是钟表,根据垃圾分类的标准，应该属于可回收物
"
2943,"图中展示的物品是{garbage_object},根据垃圾分类的标准，应该属于{garbage_type}","图中展示的物品是药膏,根据垃圾分类的标准，应该属于有害垃圾
"
2944,"图中展示的物品是[garbage_object],根据垃圾分类的标准，应该属于[garbage_type]","图中展示的物品是报纸,根据垃圾分类的标准，应该属于可回收物
"
2945,"图中展示的物品是[garbage_object],根据垃圾分类的标准，应该属于[garbage_type]","图中展示的物品是耳机,根据垃圾分类的标准，应该属于可回收物
"
2946,"图中展示的物品是{garbage_object},根据垃圾分类的标准，应该属于{garbage_type}","图中展示的物品是奶盒,根据垃圾分类的标准，应该属于可回收物
"
2947,"图中展示的物品是[garbage_object],根据垃圾分类的标准，应该属于[garbage_type]","图中展示的物品是望远镜,根据垃圾分类的标准，应该属于可回收物
"
2948,"图中展示的物品是{oil_object},根据垃圾分类的标准，应该属于{garbage_type}","图中展示的物品是红花油,根据垃圾分类的标准，应该属于有害垃圾
"
2949,"图中展示的物品是{garbage_object},根据垃圾分类的标准，应该属于{garbage_type}","图中展示的物品是拖鞋,根据垃圾分类的标准，应该属于可回收物
"
2950,图中展示的物品是纸板，根据垃圾分类的标准，应该属于可回收垃圾。,"图中展示的物品是纸箱,根据垃圾分类的标准，应该属于可回收物
"
2951,图中展示的物品是{food_container}，根据垃圾分类的标准，应该属于{food},"图中展示的物品是碗,根据垃圾分类的标准，应该属于可回收物
"
2952,"图中展示的物品是[light object],根据垃圾分类的标准，应该属于[recyclable]","图中展示的物品是空气加湿器,根据垃圾分类的标准，应该属于可回收物
"
2953,"图中展示的物品是{garbage_object},根据垃圾分类的标准，应该属于{garbage_type}垃圾。","图中展示的物品是糕点,根据垃圾分类的标准，应该属于厨余垃圾
"
2954,"图中展示的物品是{garbage_object},根据垃圾分类的标准，应该属于{garbage_type}厨余垃圾","图中展示的物品是糕点,根据垃圾分类的标准，应该属于厨余垃圾
"
2955,图中展示的物品是{trash}，根据垃圾分类的标准，应该属于{garbage_type},"图中展示的物品是残渣剩饭,根据垃圾分类的标准，应该属于厨余垃圾
"
2956,图中展示的物品是蔬菜，根据垃圾分类的标准，应该属于蔬菜,"图中展示的物品是青菜,根据垃圾分类的标准，应该属于厨余垃圾
"
2957,"图中展示的物品是[garbage_object],根据垃圾分类的标准，应该属于[garbage_type]","图中展示的物品是鞋,根据垃圾分类的标准，应该属于可回收物
"
2958,"图中展示的物品是{toy_object},根据垃圾分类的标准，应该属于{toy}","图中展示的物品是保温杯,根据垃圾分类的标准，应该属于可回收物
"
2959,"图中展示的物品是[garbage_object],根据垃圾分类的标准，应该属于[garbage_type]","图中展示的物品是地铁票,根据垃圾分类的标准，应该属于可回收物
"
2960,"图中展示的物品是{garbage_object},根据垃圾分类的标准，应该属于{garbage_type}","图中展示的物品是充电线,根据垃圾分类的标准，应该属于可回收物
"
2961,图中展示的物品是甜品，根据垃圾分类的标准，应该属于垃圾食品,"图中展示的物品是果冻,根据垃圾分类的标准，应该属于厨余垃圾
"
2962,"图中展示的物品是[garbage_object],根据垃圾分类的标准，应该属于[garbage_type]","图中展示的物品是烟灰缸,根据垃圾分类的标准，应该属于可回收物
"
2963,"图中展示的物品是{garbage_object},根据垃圾分类的标准，应该属于{garbage_type}垃圾。","图中展示的物品是干果壳,根据垃圾分类的标准，应该属于其他垃圾
"
2964,图中展示的物品是台灯，根据垃圾分类的标准，应该属于其他垃圾,"图中展示的物品是空气加湿器,根据垃圾分类的标准，应该属于可回收物
"
2965,图中展示的物品是剪刀，根据垃圾分类的标准，应该属于厨余垃圾,"图中展示的物品是剪刀,根据垃圾分类的标准，应该属于可回收物
"
2966,图中展示的物品是{wood}，根据垃圾分类的标准，应该属于{wood},"图中展示的物品是木质锅铲,根据垃圾分类的标准，应该属于可回收物
"
2967,图中展示的物品是{fruit}，根据垃圾分类的标准，应该属于{food},"图中展示的物品是草莓,根据垃圾分类的标准，应该属于厨余垃圾
"
2968,图中展示的物品是肉，根据垃圾分类的标准，应该属于可回收垃圾。,"图中展示的物品是生肉,根据垃圾分类的标准，应该属于厨余垃圾
"
2969,图中展示的物品是玻璃瓶，根据垃圾分类的标准，应该属于可回收垃圾。,"图中展示的物品是罐头瓶,根据垃圾分类的标准，应该属于可回收物
"
2970,图中展示的物品是玻璃杯，根据垃圾分类的标准，应该属于玻璃,"图中展示的物品是果冻,根据垃圾分类的标准，应该属于厨余垃圾
"
2971,"图中展示的物品是{garbage_object},根据垃圾分类的标准，应该属于{garbage_type}","图中展示的物品是钉子,根据垃圾分类的标准，应该属于可回收物
"
2972,"图中展示的物品是[garbage_object],根据垃圾分类的标准，应该属于[garbage_type]","图中展示的物品是药品包装,根据垃圾分类的标准，应该属于有害垃圾
"
2973,图中展示的物品是钳子，根据垃圾分类的标准，应该属于{garbage_type}废金属。,"图中展示的物品是镊子,根据垃圾分类的标准，应该属于可回收物
"
2974,图中展示的物品是胶水，根据垃圾分类的标准，应该属于有害垃圾,"图中展示的物品是胶水,根据垃圾分类的标准，应该属于有害垃圾
"
2975,"图中展示的物品是{garbage_object},根据垃圾分类的标准，应该属于{garbage_type}","图中展示的物品是玩偶,根据垃圾分类的标准，应该属于可回收物
"
2976,"图中展示的物品是[wood_object],根据垃圾分类的标准，应该属于[wood]","图中展示的物品是木制切菜板,根据垃圾分类的标准，应该属于可回收物
"
2977,"图中展示的物品是{garbage_object},根据垃圾分类的标准，应该属于{garbage_type}","图中展示的物品是裤子,根据垃圾分类的标准，应该属于可回收物
"
2978,图中展示的物品是玻璃杯，根据垃圾分类的标准，应该属于可回收物。,"图中展示的物品是玻璃器皿,根据垃圾分类的标准，应该属于可回收物
"
2979,"图中展示的物品是[garbage_object],根据垃圾分类的标准，应该属于[garbage_type]","图中展示的物品是橙子,根据垃圾分类的标准，应该属于厨余垃圾
"
2980,图中展示的物品是瓶子，根据垃圾分类的标准，应该属于{recyclable},"图中展示的物品是滴眼液瓶,根据垃圾分类的标准，应该属于有害垃圾
"
2981,图中展示的物品是袜子，根据垃圾分类的标准，应该属于其他垃圾。,"图中展示的物品是袜子,根据垃圾分类的标准，应该属于可回收物
"
2982,图中展示的物品是[car key]，根据垃圾分类的标准，应该属于[recycling]。,"图中展示的物品是车钥匙,根据垃圾分类的标准，应该属于可回收物
"
2983,图中展示的物品是[收音机]，根据垃圾分类的标准，应该属于[电子产品],"图中展示的物品是收音机,根据垃圾分类的标准，应该属于可回收物
"
2984,"图中展示的物品是{garbage_object},根据垃圾分类的标准，应该属于{garbage_type}","图中展示的物品是乒乓球拍,根据垃圾分类的标准，应该属于可回收物
"
2985,"图中展示的物品是{garbage_object},根据垃圾分类的标准，应该属于{garbage_type}","图中展示的物品是纸牌,根据垃圾分类的标准，应该属于可回收物
"
2986,图中展示的物品是塑料瓶，根据垃圾分类的标准，应该属于可回收物。,"图中展示的物品是热水瓶,根据垃圾分类的标准，应该属于可回收物
"
2987,图中展示的物品是蘑菇，根据垃圾分类的标准，应该属于可回收垃圾。,"图中展示的物品是蘑菇,根据垃圾分类的标准，应该属于厨余垃圾
"
2988,图中展示的物品是{fruit}，根据垃圾分类的标准，应该属于{fruit},"图中展示的物品是保鲜盒,根据垃圾分类的标准，应该属于可回收物
"
2989,"图中展示的物品是[化妆品],根据垃圾分类的标准，应该属于[有害垃圾]","图中展示的物品是护肤品空瓶,根据垃圾分类的标准，应该属于可回收物
"
2990,"图中展示的物品是{garbage_object},根据垃圾分类的标准，应该属于{garbage_type}电子废弃物","图中展示的物品是空调遥控器,根据垃圾分类的标准，应该属于可回收物
"
2991,图中展示的物品是[fruit]，根据垃圾分类的标准，应该属于[厨余垃圾],"图中展示的物品是哈密瓜,根据垃圾分类的标准，应该属于厨余垃圾
"
2992,图中展示的物品是塑料尺子、三角尺、量角器、直尺，根据垃圾分类的标准，应该属于厨余垃圾。,"图中展示的物品是尺子,根据垃圾分类的标准，应该属于可回收物
"
2993,图中展示的物品是电路板，根据垃圾分类的标准，应该属于电子垃圾。,"图中展示的物品是电路板,根据垃圾分类的标准，应该属于可回收物
"
2994,图中展示的物品是编织的水壶，根据垃圾分类的标准，应该属于可回收物,"图中展示的物品是热水瓶,根据垃圾分类的标准，应该属于可回收物
"
2995,图中展示的物品是玻璃杯，根据垃圾分类的标准，应该属于可回收垃圾。,"图中展示的物品是玻璃器皿,根据垃圾分类的标准，应该属于可回收物
"
2996,图中展示的物品是玻璃花盆，根据垃圾分类的标准，应该属于可回收物,"图中展示的物品是玻璃器皿,根据垃圾分类的标准，应该属于可回收物
"
2997,"图中展示的物品是[book],根据垃圾分类的标准，应该属于[recycle]","图中展示的物品是书,根据垃圾分类的标准，应该属于可回收物
"
2998,"图中展示的物品是[garbage_object],根据垃圾分类的标准，应该属于[garbage_type]","图中展示的物品是果冻,根据垃圾分类的标准，应该属于厨余垃圾
"
2999,"图中展示的物品是{garbage_object},根据垃圾分类的标准，应该属于{garbage_type}厨余垃圾","图中展示的物品是草莓,根据垃圾分类的标准，应该属于厨余垃圾
"
3000,"图中展示的物品是{garbage_object},根据垃圾分类的标准，应该属于{garbage_type}","图中展示的物品是玩偶,根据垃圾分类的标准，应该属于可回收物
"
3001,图中展示的物品是{fruit}，根据垃圾分类的标准，应该属于{vegetable},"图中展示的物品是哈密瓜,根据垃圾分类的标准，应该属于厨余垃圾
"
3002,"图中展示的物品是{garbage_object},根据垃圾分类的标准，应该属于{garbage_type}","图中展示的物品是蘑菇,根据垃圾分类的标准，应该属于厨余垃圾
"
3003,图中展示的物品是豆子，根据垃圾分类的标准，应该属于厨余垃圾。,"图中展示的物品是蚕豆,根据垃圾分类的标准，应该属于厨余垃圾
"
3004,图中展示的物品是牛奶，根据垃圾分类的标准，应该属于可回收物。,"图中展示的物品是奶盒,根据垃圾分类的标准，应该属于可回收物
"
3005,"图中展示的物品是{garbage_object},根据垃圾分类的标准，应该属于{garbage_type}","图中展示的物品是药品包装,根据垃圾分类的标准，应该属于有害垃圾
"
3006,"图中展示的物品是锡纸,根据垃圾分类的标准，应该属于可回收垃圾","图中展示的物品是鸡翅,根据垃圾分类的标准，应该属于厨余垃圾
"
3007,图中展示的物品是衣架，根据垃圾分类的标准，应该属于可回收垃圾。,"图中展示的物品是衣架,根据垃圾分类的标准，应该属于可回收物
"
3008,图中展示的物品是{trash_can}，根据垃圾分类的标准，应该属于{trash},"图中展示的物品是玻璃器皿,根据垃圾分类的标准，应该属于可回收物
"
3009,"图中展示的物品是{garbage_object},根据垃圾分类的标准，应该属于{garbage_type}垃圾。","图中展示的物品是变形玩具,根据垃圾分类的标准，应该属于可回收物
"
3010,"图中展示的物品是[garbage_object],根据垃圾分类的标准，应该属于[garbage_type]","图中展示的物品是肠(火腿),根据垃圾分类的标准，应该属于厨余垃圾
"
3011,图中展示的物品是毛巾，根据垃圾分类的标准，应该属于{garbage_type}厨余垃圾。,"图中展示的物品是毛巾,根据垃圾分类的标准，应该属于其他垃圾
"
3012,"图中展示的物品是[garbage_object],根据垃圾分类的标准，应该属于[garbage_type]","图中展示的物品是碘伏空瓶,根据垃圾分类的标准，应该属于有害垃圾
"
3013,"图中展示的物品是{garbage_object},根据垃圾分类的标准，应该属于{garbage_type}垃圾。","图中展示的物品是药膏,根据垃圾分类的标准，应该属于有害垃圾
"
3014,"图中展示的物品是{garbage_object},根据垃圾分类的标准，应该属于{garbage_type}","图中展示的物品是蛋,根据垃圾分类的标准，应该属于厨余垃圾
"
3015,图中展示的物品是塑料瓶，根据垃圾分类的标准，应该属于可回收垃圾。,"图中展示的物品是塑料瓶,根据垃圾分类的标准，应该属于可回收物
"
3016,图中展示的物品是塑料瓶，根据垃圾分类的标准，应该属于可回收物。,"图中展示的物品是滴眼液瓶,根据垃圾分类的标准，应该属于有害垃圾
"
3017,"图中展示的物品是{garbage_object},根据垃圾分类的标准，应该属于{garbage_type}","图中展示的物品是暖宝宝,根据垃圾分类的标准，应该属于可回收物
"
3018,"图中展示的物品是[garbage_object],根据垃圾分类的标准，应该属于[garbage_type]","图中展示的物品是玻璃器皿,根据垃圾分类的标准，应该属于可回收物
"
3019,"图中展示的物品是[garbage_object],根据垃圾分类的标准，应该属于[garbage_type]","图中展示的物品是电熨斗,根据垃圾分类的标准，应该属于可回收物
"
3020,图中展示的物品是杯子，根据垃圾分类的标准，应该属于厨余垃圾,"图中展示的物品是保温杯,根据垃圾分类的标准，应该属于可回收物
"
3021,"图中展示的物品是{garbage_object},根据垃圾分类的标准，应该属于{garbage_type}","图中展示的物品是烟蒂,根据垃圾分类的标准，应该属于其他垃圾
"
3022,图中展示的物品是豆腐，根据垃圾分类的标准，应该属于厨余垃圾。,"图中展示的物品是白菜,根据垃圾分类的标准，应该属于厨余垃圾
"
3023,"图中展示的物品是[baogao],根据垃圾分类的标准，应该属于[垃圾食品]","图中展示的物品是糕点,根据垃圾分类的标准，应该属于厨余垃圾
"
3024,图中展示的物品是香菇，根据垃圾分类的标准，应该属于可回收垃圾。,"图中展示的物品是蘑菇,根据垃圾分类的标准，应该属于厨余垃圾
"
3025,"图中展示的物品是[garbage_object],根据垃圾分类的标准，应该属于[garbage_type]","图中展示的物品是火龙果,根据垃圾分类的标准，应该属于厨余垃圾
"
3026,图中展示的物品是蔬菜，根据垃圾分类的标准，应该属于厨余垃圾。,"图中展示的物品是鸡翅,根据垃圾分类的标准，应该属于厨余垃圾
"
3027,"图中展示的物品是{garbage_object},根据垃圾分类的标准，应该属于{garbage_type}垃圾。","图中展示的物品是手链,根据垃圾分类的标准，应该属于可回收物
"
3028,图中展示的物品是{fruit}，根据垃圾分类的标准，应该属于{fruit},"图中展示的物品是哈密瓜,根据垃圾分类的标准，应该属于厨余垃圾
"
3029,"图中展示的物品是{garbage_object},根据垃圾分类的标准，应该属于{garbage_type}垃圾。","图中展示的物品是拖鞋,根据垃圾分类的标准，应该属于可回收物
"
3030,图中展示的物品是纸袋，根据垃圾分类的标准，应该属于废纸,"图中展示的物品是购物纸袋,根据垃圾分类的标准，应该属于可回收物
"
3031,图中展示的物品是牙膏，根据垃圾分类的标准，应该属于有害垃圾。,"图中展示的物品是药膏,根据垃圾分类的标准，应该属于有害垃圾
"
3032,"图中展示的物品是[塑料瓶],根据垃圾分类的标准，应该属于[其他垃圾]","图中展示的物品是胶水,根据垃圾分类的标准，应该属于有害垃圾
"
3033,图中展示的物品是{knives}，根据垃圾分类的标准，应该属于{metal},"图中展示的物品是刀,根据垃圾分类的标准，应该属于可回收物
"
3034,"图中展示的物品是{wood_object},根据垃圾分类的标准，应该属于{recyclable}","图中展示的物品是木质梳子,根据垃圾分类的标准，应该属于可回收物
"
3035,"图中展示的物品是[garbage_object],根据垃圾分类的标准，应该属于[garbage_type]","图中展示的物品是糕点,根据垃圾分类的标准，应该属于厨余垃圾
"
3036,"图中展示的物品是[garbage_object],根据垃圾分类的标准，应该属于[garbage_type]","图中展示的物品是袜子,根据垃圾分类的标准，应该属于可回收物
"
3037,图中展示的物品是耳环，根据垃圾分类的标准，应该属于垃圾,"图中展示的物品是耳钉耳环,根据垃圾分类的标准，应该属于可回收物
"
3038,"图中展示的物品是[olive oil, oil, olives]，根据垃圾分类的标准，应该属于[厨余垃圾]。","图中展示的物品是玻璃器皿,根据垃圾分类的标准，应该属于可回收物
"
3039,图中展示的物品是袜子，根据垃圾分类的标准，应该属于废品,"图中展示的物品是袜子,根据垃圾分类的标准，应该属于可回收物
"
3040,图中展示的物品是饼干，根据垃圾分类的标准，应该属于垃圾食品,"图中展示的物品是饼干,根据垃圾分类的标准，应该属于厨余垃圾
"
3041,"图中展示的物品是鞋,根据垃圾分类的标准，应该属于废品","图中展示的物品是鞋,根据垃圾分类的标准，应该属于可回收物
"
3042,图中展示的物品是纸巾，根据垃圾分类的标准，应该属于废纸,"图中展示的物品是湿纸巾,根据垃圾分类的标准，应该属于其他垃圾
"
3043,图中展示的物品是汉堡，根据垃圾分类的标准，应该属于垃圾食品,"图中展示的物品是汉堡,根据垃圾分类的标准，应该属于厨余垃圾
"
3044,图中展示的物品是{newspaper}，根据垃圾分类的标准，应该属于{recyclable},"图中展示的物品是书,根据垃圾分类的标准，应该属于可回收物
"
3045,图中展示的物品是油炸食品，根据垃圾分类的标准，应该属于垃圾,"图中展示的物品是炸鸡,根据垃圾分类的标准，应该属于厨余垃圾
"
3046,"图中展示的物品是{garbage_object},根据垃圾分类的标准，应该属于{garbage_type}","图中展示的物品是鞋,根据垃圾分类的标准，应该属于可回收物
"
3047,"图中展示的物品是{garbage_object},根据垃圾分类的标准，应该属于{garbage_type}","图中展示的物品是碘伏空瓶,根据垃圾分类的标准，应该属于有害垃圾
"
3048,图中展示的物品是太阳能板，根据垃圾分类的标准，应该属于其他垃圾。,"图中展示的物品是电池板,根据垃圾分类的标准，应该属于有害垃圾
"
3049,"图中展示的物品是[lighting, recyclable]，根据垃圾分类的标准，应该属于[recyclable]。","图中展示的物品是手电筒,根据垃圾分类的标准，应该属于可回收物
"
3050,图中展示的物品是{dried meat}，根据垃圾分类的标准，应该属于{food waste},"图中展示的物品是牛肉干,根据垃圾分类的标准，应该属于厨余垃圾
"
3051,图中展示的物品是杯子，根据垃圾分类的标准，应该属于厨余垃圾。,"图中展示的物品是量杯,根据垃圾分类的标准，应该属于可回收物
"
3052,图中展示的物品是{newspaper}，根据垃圾分类的标准，应该属于{newspaper},"图中展示的物品是纸牌,根据垃圾分类的标准，应该属于可回收物
"
3053,"图中展示的物品是[garbage_object],根据垃圾分类的标准，应该属于[garbage_type]","图中展示的物品是地铁票,根据垃圾分类的标准，应该属于可回收物
"
3054,图中展示的物品是菜刀，根据垃圾分类的标准，应该属于厨余垃圾。,"图中展示的物品是刀,根据垃圾分类的标准，应该属于可回收物
"
3055,图中展示的物品是电池，根据垃圾分类的标准，应该属于可回收物。,"图中展示的物品是蓄电池,根据垃圾分类的标准，应该属于有害垃圾
"
3056,图中展示的物品是{mask}，根据垃圾分类的标准，应该属于{garbage_type}。,"图中展示的物品是口罩,根据垃圾分类的标准，应该属于其他垃圾
"
3057,图中展示的物品是线缆，根据垃圾分类的标准，应该属于垃圾,"图中展示的物品是充电线,根据垃圾分类的标准，应该属于可回收物
"
3058,图中展示的物品是胶带，根据垃圾分类的标准，应该属于可回收物,"图中展示的物品是胶带,根据垃圾分类的标准，应该属于其他垃圾
"
3059,"图中展示的物品是玩具,根据垃圾分类的标准，应该属于可回收垃圾","图中展示的物品是玩偶,根据垃圾分类的标准，应该属于可回收物
"
3060,图中展示的物品是蔬菜，根据垃圾分类的标准，应该属于可回收物,"图中展示的物品是残渣剩饭,根据垃圾分类的标准，应该属于厨余垃圾
"
3061,图中展示的物品是汽车钥匙，根据垃圾分类的标准，应该属于可回收物。,"图中展示的物品是车钥匙,根据垃圾分类的标准，应该属于可回收物
"
3062,"图中展示的物品是{garbage_object},根据垃圾分类的标准，应该属于{garbage_type}","图中展示的物品是杀虫剂,根据垃圾分类的标准，应该属于有害垃圾
"
3063,"图中展示的物品是{garbage_object},根据垃圾分类的标准，应该属于{garbage_type}","图中展示的物品是电池板,根据垃圾分类的标准，应该属于有害垃圾
"
3064,"图中展示的物品是{garbage_object},根据垃圾分类的标准，应该属于{garbage_type}","图中展示的物品是蚕豆,根据垃圾分类的标准，应该属于厨余垃圾
"
3065,"图中展示的物品是{garbage_object},根据垃圾分类的标准，应该属于{garbage_type}","图中展示的物品是鞋,根据垃圾分类的标准，应该属于可回收物
"
3066,图中展示的物品是口罩，根据垃圾分类的标准，应该属于垃圾,"图中展示的物品是口罩,根据垃圾分类的标准，应该属于其他垃圾
"
3067,"图中展示的物品是[crystal object],根据垃圾分类的标准，应该属于[crystal]","图中展示的物品是茶壶碎片,根据垃圾分类的标准，应该属于其他垃圾
"
3068,"图中展示的物品是{garbage_object},根据垃圾分类的标准，应该属于{garbage_type}","图中展示的物品是手提包,根据垃圾分类的标准，应该属于可回收物
"
3069,图中展示的物品是{paper_box}，根据垃圾分类的标准，应该属于{recyclable}。,"图中展示的物品是电池板,根据垃圾分类的标准，应该属于有害垃圾
"
3070,图中展示的物品是蔬菜，根据垃圾分类的标准，应该属于厨余垃圾,"图中展示的物品是白菜,根据垃圾分类的标准，应该属于厨余垃圾
"
3071,图中展示的物品是番茄，根据垃圾分类的标准，应该属于厨余垃圾。,"图中展示的物品是圣女果,根据垃圾分类的标准，应该属于厨余垃圾
"
3072,图中展示的物品是塑料瓶，根据垃圾分类的标准，应该属于可回收物。,"图中展示的物品是滴眼液瓶,根据垃圾分类的标准，应该属于有害垃圾
"
3073,图中展示的物品是红辣椒，根据垃圾分类的标准，应该属于可回收物。,"图中展示的物品是辣椒,根据垃圾分类的标准，应该属于厨余垃圾
"
3074,"图中展示的物品是报纸,根据垃圾分类的标准，应该属于垃圾","图中展示的物品是报纸,根据垃圾分类的标准，应该属于可回收物
"
3075,图中展示的物品是纸袋，根据垃圾分类的标准，应该属于可回收物,"图中展示的物品是购物纸袋,根据垃圾分类的标准，应该属于可回收物
"
3076,图中展示的物品是草莓，根据垃圾分类的标准，应该属于可回收物,"图中展示的物品是草莓,根据垃圾分类的标准，应该属于厨余垃圾
"
3077,图中展示的物品是乒乓球拍，根据垃圾分类的标准，应该属于其他垃圾,"图中展示的物品是乒乓球拍,根据垃圾分类的标准，应该属于可回收物
"
3078,图中展示的物品是{computer_equipment}，根据垃圾分类的标准，应该属于{e-waste},"图中展示的物品是网卡,根据垃圾分类的标准，应该属于可回收物
"
3079,图中展示的物品是麦克风，根据垃圾分类的标准，应该属于电子产品,"图中展示的物品是话筒,根据垃圾分类的标准，应该属于可回收物
"
3080,"图中展示的物品是{garbage_object},根据垃圾分类的标准，应该属于{garbage_type}垃圾。","图中展示的物品是废弃扩声器,根据垃圾分类的标准，应该属于可回收物
"
3081,"图中展示的物品是[garbage_object],根据垃圾分类的标准，应该属于[garbage_type]","图中展示的物品是电熨斗,根据垃圾分类的标准，应该属于可回收物
"
3082,"图中展示的物品是{garbage_object},根据垃圾分类的标准，应该属于{garbage_type}","图中展示的物品是购物纸袋,根据垃圾分类的标准，应该属于可回收物
"
3083,图中展示的物品是玻璃容器，根据垃圾分类的标准，应该属于玻璃,"图中展示的物品是碗,根据垃圾分类的标准，应该属于可回收物
"
3084,"图中展示的物品是{paper_object},根据垃圾分类的标准，应该属于{paper}","图中展示的物品是便利贴,根据垃圾分类的标准，应该属于其他垃圾
"
3085,"图中展示的物品是{garbage_object},根据垃圾分类的标准，应该属于{garbage_type}","图中展示的物品是PE塑料袋,根据垃圾分类的标准，应该属于其他垃圾
"
3086,图中展示的物品是血压计，根据垃圾分类的标准，应该属于可回收物,"图中展示的物品是血压计,根据垃圾分类的标准，应该属于有害垃圾
"
3087,图中展示的物品是电子设备，根据垃圾分类的标准，应该属于电子废弃物。,"图中展示的物品是电路板,根据垃圾分类的标准，应该属于可回收物
"
3088,图中展示的物品是羽毛掸子，根据垃圾分类的标准，应该属于可回收物。,"图中展示的物品是鸡毛掸,根据垃圾分类的标准，应该属于其他垃圾
"
3089,"图中展示的物品是[garbage_object],根据垃圾分类的标准，应该属于[garbage_type]","图中展示的物品是耳钉耳环,根据垃圾分类的标准，应该属于可回收物
"
3090,图中展示的物品是纸箱，根据垃圾分类的标准，应该属于纸类垃圾。,"图中展示的物品是纸箱,根据垃圾分类的标准，应该属于可回收物
"
3091,图中展示的物品是[porcelain]，根据垃圾分类的标准，应该属于[garbage_type]垃圾。,"图中展示的物品是书,根据垃圾分类的标准，应该属于可回收物
"
3092,图中展示的物品是[crumb]，根据垃圾分类的标准，应该属于[garbage]。,"图中展示的物品是板栗,根据垃圾分类的标准，应该属于厨余垃圾
"
3093,图中展示的物品是卫生纸，根据垃圾分类的标准，应该属于可回收物。,"图中展示的物品是验孕棒,根据垃圾分类的标准，应该属于其他垃圾
"
3094,"图中展示的物品是{garbage_object},根据垃圾分类的标准，应该属于{garbage_type}","图中展示的物品是肠(火腿),根据垃圾分类的标准，应该属于厨余垃圾
"
3095,"图中展示的物品是{garbage_object},根据垃圾分类的标准，应该属于{garbage_type}","图中展示的物品是耳钉耳环,根据垃圾分类的标准，应该属于可回收物
"
3096,图中展示的物品是{fruit}，根据垃圾分类的标准，应该属于{fruit},"图中展示的物品是冰糖葫芦,根据垃圾分类的标准，应该属于厨余垃圾
"
3097,"图中展示的物品是{garbage_object},根据垃圾分类的标准，应该属于{garbage_type}","图中展示的物品是书,根据垃圾分类的标准，应该属于可回收物
"
3098,图中展示的物品是锅盖，根据垃圾分类的标准，应该属于厨余垃圾。,"图中展示的物品是锅盖,根据垃圾分类的标准，应该属于可回收物
"
3099,"图中展示的物品是[玻璃瓶],根据垃圾分类的标准，应该属于[其他垃圾]","图中展示的物品是塑料瓶,根据垃圾分类的标准，应该属于可回收物
"
3100,"图中展示的物品是[garbage_object],根据垃圾分类的标准，应该属于[garbage_type]","图中展示的物品是笔及笔芯,根据垃圾分类的标准，应该属于其他垃圾
"
3101,图中展示的物品是{fruit}，根据垃圾分类的标准，应该属于{food},"图中展示的物品是草莓,根据垃圾分类的标准，应该属于厨余垃圾
"
3102,"图中展示的物品是{garbage_object},根据垃圾分类的标准，应该属于{garbage_type}厨余垃圾。","图中展示的物品是草莓,根据垃圾分类的标准，应该属于厨余垃圾
"
3103,图中展示的物品是垃圾球，根据垃圾分类的标准，应该属于其他垃圾,"图中展示的物品是玻璃球,根据垃圾分类的标准，应该属于可回收物
"
3104,"图中展示的物品是{garbage_object},根据垃圾分类的标准，应该属于{garbage_type}","图中展示的物品是荷包蛋,根据垃圾分类的标准，应该属于厨余垃圾
"
3105,图中展示的物品是茶叶，根据垃圾分类的标准，应该属于可回收物,"图中展示的物品是茶叶,根据垃圾分类的标准，应该属于厨余垃圾
"
3106,"图中展示的物品是{garbage_object},根据垃圾分类的标准，应该属于{garbage_type}","图中展示的物品是鞋,根据垃圾分类的标准，应该属于可回收物
"
3107,"图中展示的物品是玩具,根据垃圾分类的标准，应该属于可回收垃圾","图中展示的物品是暖宝宝,根据垃圾分类的标准，应该属于可回收物
"
3108,"图中展示的物品是{garbage_object},根据垃圾分类的标准，应该属于{garbage_type}","图中展示的物品是LED灯泡,根据垃圾分类的标准，应该属于有害垃圾
"
3109,图中展示的物品是电热水壶，根据垃圾分类的标准，应该属于可回收物,"图中展示的物品是烧水壶,根据垃圾分类的标准，应该属于可回收物
"
3110,图中展示的物品是食品，根据垃圾分类的标准，应该属于食品垃圾。,"图中展示的物品是冰糖葫芦,根据垃圾分类的标准，应该属于厨余垃圾
"
3111,"图中展示的物品是{garbage_object},根据垃圾分类的标准，应该属于{garbage_type}","图中展示的物品是果冻,根据垃圾分类的标准，应该属于厨余垃圾
"
3112,图中展示的物品是{no garbage}，根据垃圾分类的标准，应该属于{no garbage type},"图中展示的物品是空气加湿器,根据垃圾分类的标准，应该属于可回收物
"
3113,图中展示的物品是充电器，根据垃圾分类的标准，应该属于可回收物。,"图中展示的物品是电动剃须刀,根据垃圾分类的标准，应该属于可回收物
"
3114,图中展示的物品是梳子，根据垃圾分类的标准，应该属于{garbage_type}其他垃圾。,"图中展示的物品是木质梳子,根据垃圾分类的标准，应该属于可回收物
"
3115,图中展示的物品是{coriander}，根据垃圾分类的标准，应该属于{vegetable},"图中展示的物品是青菜,根据垃圾分类的标准，应该属于厨余垃圾
"
3116,"图中展示的物品是{clothing, garment, accessory}，根据垃圾分类的标准，应该属于{garbage_type}","图中展示的物品是百洁布,根据垃圾分类的标准，应该属于其他垃圾
"
3117,图中展示的物品是烟蒂，根据垃圾分类的标准，应该属于烟蒂,"图中展示的物品是烟蒂,根据垃圾分类的标准，应该属于其他垃圾
"
3118,"图中展示的物品是{garbage_object},根据垃圾分类的标准，应该属于{garbage_type}","图中展示的物品是书,根据垃圾分类的标准，应该属于可回收物
"
3119,图中展示的物品是烟蒂，根据垃圾分类的标准，应该属于可回收物。,"图中展示的物品是烟蒂,根据垃圾分类的标准，应该属于其他垃圾
"
3120,图中展示的物品是玩具，根据垃圾分类的标准，应该属于垃圾玩具,"图中展示的物品是玩偶,根据垃圾分类的标准，应该属于可回收物
"
3121,"图中展示的物品是{wire_object},根据垃圾分类的标准，应该属于{trash}","图中展示的物品是钢丝球,根据垃圾分类的标准，应该属于可回收物
"
3122,"图中展示的物品是[garbage_object],根据垃圾分类的标准，应该属于[garbage_type]","图中展示的物品是碘伏空瓶,根据垃圾分类的标准，应该属于有害垃圾
"
3123,图中展示的物品是{drinking_water}，根据垃圾分类的标准，应该属于{garbage_type}废纸,"图中展示的物品是药品包装,根据垃圾分类的标准，应该属于有害垃圾
"
3124,"图中展示的物品是{garbage_object},根据垃圾分类的标准，应该属于{garbage_type}垃圾。","图中展示的物品是票据,根据垃圾分类的标准，应该属于其他垃圾
"
3125,图中展示的物品是插头，根据垃圾分类的标准，应该属于电子废弃物,"图中展示的物品是充电头,根据垃圾分类的标准，应该属于可回收物
"
3126,"图中展示的物品是{drinks},根据垃圾分类的标准，应该属于{drinks}","图中展示的物品是汉堡,根据垃圾分类的标准，应该属于厨余垃圾
"
3127,图中展示的物品是电路板，根据垃圾分类的标准，应该属于可回收垃圾。,"图中展示的物品是电路板,根据垃圾分类的标准，应该属于可回收物
"
3128,图中展示的物品是塑料袋，根据垃圾分类的标准，应该属于可回收垃圾,"图中展示的物品是PE塑料袋,根据垃圾分类的标准，应该属于其他垃圾
"
3129,"图中展示的物品是{garbage_object},根据垃圾分类的标准，应该属于{garbage_type}","图中展示的物品是鞋,根据垃圾分类的标准，应该属于可回收物
"
3130,图中展示的物品是{fruit}，根据垃圾分类的标准，应该属于{fruit}。,"图中展示的物品是菠萝蜜,根据垃圾分类的标准，应该属于厨余垃圾
"
3131,"图中展示的物品是[recycling_paper],根据垃圾分类的标准，应该属于[recycling_paper]","图中展示的物品是便利贴,根据垃圾分类的标准，应该属于其他垃圾
"
3132,"图中展示的物品是{drugs, medicine, pill, medicine, medicine, pill, medicine, medicine, pill, medicine, pill, medicine, pill, medicine, pill, medicine, pill, medicine, pill, medicine, pill, medicine, pill, medicine, pill, medicine, pill, medicine, pill, medicine, pill, medicine, pill, medicine, pill, medicine, pill, medicine, pill, medicine, pill, medicine, pill, medicine, pill, medicine, pill, medicine, pill, medicine, pill, medicine, pill, medicine, pill, medicine, pill, medicine, pill, medicine, pill, medicine, pill, medicine, pill, medicine, pill, medicine, pill, medicine, pill, medicine, pill, medicine, pill, medicine, pill, medicine, pill, medicine, pill, medicine, pill, medicine, pill, medicine, pill, medicine, pill, medicine, pill, medicine, pill, medicine, pill, medicine, pill, medicine, pill, medicine, pill, medicine, pill, medicine, pill, medicine, pill, medicine, pill, medicine, pill, medicine, pill, medicine, pill, medicine, pill, medicine, pill, medicine, pill, medicine, pill, medicine, pill, medicine, pill, medicine, pill, medicine, pill, medicine, pill, medicine, pill, medicine, pill, medicine, pill, medicine, pill, medicine, pill, medicine, pill, medicine, pill, medicine, pill, medicine, pill, medicine, pill, medicine, pill, medicine, pill, medicine, pill, medicine, pill, medicine, pill, medicine, pill, medicine, pill, medicine, pill, medicine, pill, medicine, pill, medicine, pill, medicine, pill, medicine, pill, medicine, pill, medicine, pill, medicine, pill, medicine, pill, medicine, pill, medicine, pill, medicine, pill, medicine, pill, medicine, pill, medicine, pill, medicine, pill, medicine, pill, medicine, pill, medicine, pill, medicine, pill, medicine, pill, medicine, pill, medicine, pill, medicine, pill, medicine, pill, medicine, pill, medicine, pill, medicine, pill, medicine, pill, medicine, pill, medicine, pill, medicine, pill, medicine, pill, medicine, pill, medicine, pill, medicine, pill, medicine, pill, medicine, pill, medicine, pill, medicine, pill, medicine, pill, medicine,","图中展示的物品是药片,根据垃圾分类的标准，应该属于有害垃圾
"
3133,图中展示的物品是糕点，根据垃圾分类的标准，应该属于垃圾食品,"图中展示的物品是糕点,根据垃圾分类的标准，应该属于厨余垃圾
"
3134,图中展示的物品是玻璃制品，根据垃圾分类的标准，应该属于玻璃制品,"图中展示的物品是量杯,根据垃圾分类的标准，应该属于可回收物
"
3135,"图中展示的物品是{garbage_object},根据垃圾分类的标准，应该属于{garbage_type}","图中展示的物品是辣椒,根据垃圾分类的标准，应该属于厨余垃圾
"
3136,图中展示的物品是杯子，根据垃圾分类的标准，应该属于可回收物,"图中展示的物品是保温杯,根据垃圾分类的标准，应该属于可回收物
"
3137,"图中展示的物品是{medicine},根据垃圾分类的标准，应该属于{garbage_type}","图中展示的物品是药片,根据垃圾分类的标准，应该属于有害垃圾
"
3138,图中展示的物品是{cereal_box}，根据垃圾分类的标准，应该属于{recyclable},"图中展示的物品是保鲜盒,根据垃圾分类的标准，应该属于可回收物
"
3139,图中展示的物品是木勺，根据垃圾分类的标准，应该属于厨余垃圾,"图中展示的物品是木质锅铲,根据垃圾分类的标准，应该属于可回收物
"
3140,"图中展示的物品是[garbage_object],根据垃圾分类的标准，应该属于[garbage_type]","图中展示的物品是蚕豆,根据垃圾分类的标准，应该属于厨余垃圾
"
3141,"图中展示的物品是[food],根据垃圾分类的标准，应该属于[food waste]","图中展示的物品是骨肉相连,根据垃圾分类的标准，应该属于厨余垃圾
"
3142,"图中展示的物品是[apple, orange, cherry, carrot, celery, cucumber]，根据垃圾分类的标准，应该属于[organic waste]","图中展示的物品是冰糖葫芦,根据垃圾分类的标准，应该属于厨余垃圾
"
3143,图中展示的物品是烟灰缸，根据垃圾分类的标准，应该属于{garbage_type}垃圾。,"图中展示的物品是烟灰缸,根据垃圾分类的标准，应该属于可回收物
"
3144,图中展示的物品是纸巾，根据垃圾分类的标准，应该属于废纸,"图中展示的物品是湿纸巾,根据垃圾分类的标准，应该属于其他垃圾
"
3145,"图中展示的物品是{garbage_object},根据垃圾分类的标准，应该属于{garbage_type}","图中展示的物品是西瓜皮,根据垃圾分类的标准，应该属于厨余垃圾
"
3146,图中展示的物品是肉，根据垃圾分类的标准，应该属于厨余垃圾,"图中展示的物品是骨肉相连,根据垃圾分类的标准，应该属于厨余垃圾
"
3147,"图中展示的物品是[garbage_object],根据垃圾分类的标准，应该属于[garbage_type]","图中展示的物品是空气加湿器,根据垃圾分类的标准，应该属于可回收物
"
3148,图中展示的物品是灯泡，根据垃圾分类的标准，应该属于其他垃圾。,"图中展示的物品是LED灯泡,根据垃圾分类的标准，应该属于有害垃圾
"
3149,"图中展示的物品是[garbage_object],根据垃圾分类的标准，应该属于[garbage_type]","图中展示的物品是充电线,根据垃圾分类的标准，应该属于可回收物
"
3150,"图中展示的物品是{garbage_object},根据垃圾分类的标准，应该属于{garbage_type}垃圾。","图中展示的物品是保健品瓶,根据垃圾分类的标准，应该属于有害垃圾
"
3151,图中展示的物品是{food}，根据垃圾分类的标准，应该属于{food waste}。,"图中展示的物品是残渣剩饭,根据垃圾分类的标准，应该属于厨余垃圾
"
3152,图中展示的物品是报纸，根据垃圾分类的标准，应该属于垃圾报纸,"图中展示的物品是报纸,根据垃圾分类的标准，应该属于可回收物
"
3153,图中展示的物品是纸巾，根据垃圾分类的标准，应该属于厨余垃圾,"图中展示的物品是验孕棒,根据垃圾分类的标准，应该属于其他垃圾
"
3154,"图中展示的物品是{food_object},根据垃圾分类的标准，应该属于{food}","图中展示的物品是蛋挞,根据垃圾分类的标准，应该属于厨余垃圾
"
3155,图中展示的物品是钢丝球，根据垃圾分类的标准，应该属于可回收垃圾。,"图中展示的物品是钢丝球,根据垃圾分类的标准，应该属于可回收物
"
3156,"图中展示的物品是[card_game_object],根据垃圾分类的标准，应该属于[garbage_type]","图中展示的物品是纸牌,根据垃圾分类的标准，应该属于可回收物
"
3157,"图中展示的物品是{garbage_object},根据垃圾分类的标准，应该属于{garbage_type}","图中展示的物品是普通面包,根据垃圾分类的标准，应该属于厨余垃圾
"
3158,图中展示的物品是干果，根据垃圾分类的标准，应该属于可回收垃圾。,"图中展示的物品是圣女果,根据垃圾分类的标准，应该属于厨余垃圾
"
3159,"图中展示的物品是{paper_folder},根据垃圾分类的标准，应该属于{recycling}","图中展示的物品是档案袋,根据垃圾分类的标准，应该属于可回收物
"
3160,图中展示的物品是剃须刀，根据垃圾分类的标准，应该属于{electronics},"图中展示的物品是电动剃须刀,根据垃圾分类的标准，应该属于可回收物
"
3161,图中展示的物品是{iron}，根据垃圾分类的标准，应该属于{household},"图中展示的物品是电熨斗,根据垃圾分类的标准，应该属于可回收物
"
3162,"图中展示的物品是{garbage_object},根据垃圾分类的标准，应该属于{garbage_type}","图中展示的物品是鞋,根据垃圾分类的标准，应该属于可回收物
"
3163,"图中展示的物品是[water_bottle],[water_bottle],[water_bottle],[water_bottle],[water_bottle],[water_bottle],[water_bottle],[water_bottle],[water_bottle],[water_bottle],[water_bottle],[water_bottle],[water_bottle],[water_bottle],[water_bottle],[water_bottle],[water_bottle],[water_bottle],[water_bottle],[water_bottle],[water_bottle],[water_bottle],[water_bottle],[water_bottle],[water_bottle],[water_bottle],[water_bottle],[water_bottle],[water_bottle],[water_bottle],[water_bottle],[water_bottle],[water_bottle],[water_bottle],[water_bottle],[water_bottle],[water_bottle],[water_bottle],[water_bottle],[water_bottle],[water_bottle],[water_bottle],[water_bottle],[water_bottle],[water_bottle],[water_bottle],[water_bottle],[water_bottle],[water_bottle],[water_bottle],[water_bottle],[water_bottle],[water_bottle],[water_bottle],[water_bottle],[water_bottle],[water_bottle],[water_bottle],[water_bottle],[water_bottle],[water_bottle],[water_bottle],[water_bottle],[water_bottle],[water_bottle],[water_bottle],[water_bottle],[water_bottle],[water_bottle],[water_bottle],[water_bottle],[water_bottle],[water_bottle],[water_bottle],[water_bottle],[water_bottle],[water_bottle],[water_bottle],[water_bottle],[water_bottle],[water_bottle],[water_bottle],[water_bottle],[water_bottle],[water_bottle],[water_bottle],[water_bottle],[water_bottle],[water_bottle],[water_bottle],[water_bottle],[water_bottle],[water_bottle],[water_bottle],[water_bottle],[water_bottle],[water_bottle],[water_bottle],[water_bottle],[water_bottle],[water_bottle],[water_bottle],[water_bottle],[water_bottle],[water_bottle],[water_bottle],[water_bottle],[water_bottle],[water_bottle],[water_bottle],[water_bottle],[water_bottle],[water_bottle],[water_bottle],[water_bottle],[water_bottle],[water_bottle],[water_bottle],[water_bottle],[water_bottle],[water_bottle],[water_bottle],[water_bottle],[water_bottle],[water_bottle],[water_bottle],[water","图中展示的物品是保温杯,根据垃圾分类的标准，应该属于可回收物
"
3164,图中展示的物品是烟蒂，根据垃圾分类的标准，应该属于烟蒂,"图中展示的物品是烟蒂,根据垃圾分类的标准，应该属于其他垃圾
"
3165,"图中展示的物品是{garbage_object},根据垃圾分类的标准，应该属于{garbage_type}","图中展示的物品是蛋糕盒,根据垃圾分类的标准，应该属于可回收物
"
3166,图中展示的物品是碗，根据垃圾分类的标准，应该属于可回收垃圾。,"图中展示的物品是保鲜盒,根据垃圾分类的标准，应该属于可回收物
"
3167,图中展示的物品是{car_filter}，根据垃圾分类的标准，应该属于{car_filter},"图中展示的物品是空调滤芯,根据垃圾分类的标准，应该属于其他垃圾
"
3168,图中展示的物品是{cleaning_tool}，根据垃圾分类的标准，应该属于{cleaning_tool},"图中展示的物品是电熨斗,根据垃圾分类的标准，应该属于可回收物
"
3169,"图中展示的物品是{garbage_object},根据垃圾分类的标准，应该属于{garbage_type}","图中展示的物品是车钥匙,根据垃圾分类的标准，应该属于可回收物
"
3170,图中展示的物品是板羽球拍，根据垃圾分类的标准，应该属于其他垃圾。,"图中展示的物品是乒乓球拍,根据垃圾分类的标准，应该属于可回收物
"
3171,图中展示的物品是电线，根据垃圾分类的标准，应该属于其他垃圾,"图中展示的物品是插线板,根据垃圾分类的标准，应该属于可回收物
"
3172,图中展示的物品是{paper_box}，根据垃圾分类的标准，应该属于{paper},"图中展示的物品是购物纸袋,根据垃圾分类的标准，应该属于可回收物
"
3173,图中展示的物品是笔，根据垃圾分类的标准，应该属于{garbage_type}其他垃圾。,"图中展示的物品是笔及笔芯,根据垃圾分类的标准，应该属于其他垃圾
"
3174,图中展示的物品是罐头，根据垃圾分类的标准，应该属于废金属,"图中展示的物品是八宝粥罐,根据垃圾分类的标准，应该属于可回收物
"
3175,图中展示的物品是{print_cartridge}，根据垃圾分类的标准，应该属于{print_cartridge},"图中展示的物品是打印机墨盒,根据垃圾分类的标准，应该属于可回收物
"
3176,图中展示的物品是塑料制品，根据垃圾分类的标准，应该属于可回收物,"图中展示的物品是盘子,根据垃圾分类的标准，应该属于可回收物
"
3177,图中展示的物品是{beef}，根据垃圾分类的标准，应该属于{food},"图中展示的物品是牛肉干,根据垃圾分类的标准，应该属于厨余垃圾
"
3178,图中展示的物品是{garbage_box}，根据垃圾分类的标准，应该属于{recycle}。,"图中展示的物品是纸箱,根据垃圾分类的标准，应该属于可回收物
"
3179,图中展示的物品是{food}，根据垃圾分类的标准，应该属于{food},"图中展示的物品是汉堡,根据垃圾分类的标准，应该属于厨余垃圾
"
3180,图中展示的物品是地球仪，根据垃圾分类的标准，应该属于可回收物,"图中展示的物品是地球仪,根据垃圾分类的标准，应该属于可回收物
"
3181,"图中展示的物品是[garbage_object],根据垃圾分类的标准，应该属于[garbage_type]","图中展示的物品是书,根据垃圾分类的标准，应该属于可回收物
"
3182,图中展示的物品是打印机，根据垃圾分类的标准，应该属于电子废弃物,"图中展示的物品是打印机墨盒,根据垃圾分类的标准，应该属于可回收物
"
3183,"图中展示的物品是{water_object},根据垃圾分类的标准，应该属于{water}","图中展示的物品是青菜,根据垃圾分类的标准，应该属于厨余垃圾
"
3184,图中展示的物品是键盘，根据垃圾分类的标准，应该属于有害垃圾。,"图中展示的物品是键盘,根据垃圾分类的标准，应该属于可回收物
"
3185,"图中展示的物品是{garbage_object},根据垃圾分类的标准，应该属于{garbage_type}","图中展示的物品是钟表,根据垃圾分类的标准，应该属于可回收物
"
3186,"图中展示的物品是{garbage_object},根据垃圾分类的标准，应该属于{garbage_type}","图中展示的物品是蚕豆,根据垃圾分类的标准，应该属于厨余垃圾
"
3187,"图中展示的物品是{green_object},根据垃圾分类的标准，应该属于{green}","图中展示的物品是茶叶,根据垃圾分类的标准，应该属于厨余垃圾
"
3188,"图中展示的物品是[garbage_object],根据垃圾分类的标准，应该属于[garbage_type]","图中展示的物品是剪刀,根据垃圾分类的标准，应该属于可回收物
"
3189,"图中展示的物品是[garbage_object],根据垃圾分类的标准，应该属于[garbage_type]","图中展示的物品是手链,根据垃圾分类的标准，应该属于可回收物
"
3190,"图中展示的物品是{garbage_object},根据垃圾分类的标准，应该属于{garbage_type}","图中展示的物品是蛋糕盒,根据垃圾分类的标准，应该属于可回收物
"
3191,"图中展示的物品是{garbage_object},根据垃圾分类的标准，应该属于{garbage_type}厨余垃圾。","图中展示的物品是圣女果,根据垃圾分类的标准，应该属于厨余垃圾
"
3192,"图中展示的物品是{garbage_object},根据垃圾分类的标准，应该属于{garbage_type}","图中展示的物品是青菜,根据垃圾分类的标准，应该属于厨余垃圾
"
3193,"图中展示的物品是{garbage_object},根据垃圾分类的标准，应该属于{garbage_type}","图中展示的物品是冰糖葫芦,根据垃圾分类的标准，应该属于厨余垃圾
"
3194,图中展示的物品是汉堡，根据垃圾分类的标准，应该属于垃圾食品,"图中展示的物品是汉堡,根据垃圾分类的标准，应该属于厨余垃圾
"
3195,"图中展示的物品是[fruit],根据垃圾分类的标准，应该属于[food]","图中展示的物品是火龙果,根据垃圾分类的标准，应该属于厨余垃圾
"
3196,图中展示的物品是塑料瓶盖，根据垃圾分类的标准，应该属于可回收物。,"图中展示的物品是勺子,根据垃圾分类的标准，应该属于可回收物
"
3197,图中展示的物品是锅铲，根据垃圾分类的标准，应该属于厨余垃圾。,"图中展示的物品是胡萝卜,根据垃圾分类的标准，应该属于厨余垃圾
"
3198,"图中展示的物品是{garbage_object},根据垃圾分类的标准，应该属于{garbage_type}","图中展示的物品是药品包装,根据垃圾分类的标准，应该属于有害垃圾
"
3199,"图中展示的物品是{garbage_object},根据垃圾分类的标准，应该属于{garbage_type}","图中展示的物品是玩偶,根据垃圾分类的标准，应该属于可回收物
"
3200,图中展示的物品是电池，根据垃圾分类的标准，应该属于有害垃圾,"图中展示的物品是电池,根据垃圾分类的标准，应该属于有害垃圾
"
3201,"图中展示的物品是[garbage_object],根据垃圾分类的标准，应该属于[garbage_type]","图中展示的物品是木制玩具,根据垃圾分类的标准，应该属于可回收物
"
3202,图中展示的物品是杀虫气雾剂，根据垃圾分类的标准，应该属于有害垃圾,"图中展示的物品是杀虫剂,根据垃圾分类的标准，应该属于有害垃圾
"
3203,图中展示的物品是瓶，根据垃圾分类的标准，应该属于废塑料,"图中展示的物品是护肤品空瓶,根据垃圾分类的标准，应该属于可回收物
"
3204,图中展示的物品是锅，根据垃圾分类的标准，应该属于厨余垃圾,"图中展示的物品是锅,根据垃圾分类的标准，应该属于可回收物
"
3205,"图中展示的物品是{garbage_object},根据垃圾分类的标准，应该属于{garbage_type}厨余垃圾","图中展示的物品是烧水壶,根据垃圾分类的标准，应该属于可回收物
"
3206,图中展示的物品是洗发水，根据垃圾分类的标准，应该属于有害垃圾,"图中展示的物品是塑料盆,根据垃圾分类的标准，应该属于可回收物
"
3207,"图中展示的物品是{garbage_object},根据垃圾分类的标准，应该属于{garbage_type}","图中展示的物品是插线板,根据垃圾分类的标准，应该属于可回收物
"
3208,"图中展示的物品是{garbage_object},根据垃圾分类的标准，应该属于{garbage_type}其他垃圾","图中展示的物品是泡沫盒子,根据垃圾分类的标准，应该属于可回收物
"
3209,"图中展示的物品是[garbage_object],根据垃圾分类的标准，应该属于[garbage_type]","图中展示的物品是糕点,根据垃圾分类的标准，应该属于厨余垃圾
"
3210,图中展示的物品是{vegetable}，根据垃圾分类的标准，应该属于{vegetable},"图中展示的物品是青菜,根据垃圾分类的标准，应该属于厨余垃圾
"
3211,图中展示的物品是卫生纸，根据垃圾分类的标准，应该属于厨余垃圾,"图中展示的物品是验孕棒,根据垃圾分类的标准，应该属于其他垃圾
"
3212,"图中展示的物品是{garbage_object},根据垃圾分类的标准，应该属于{garbage_type}","图中展示的物品是裤子,根据垃圾分类的标准，应该属于可回收物
"
3213,"图中展示的物品是[garbage_object],根据垃圾分类的标准，应该属于[garbage_type]","图中展示的物品是钟表,根据垃圾分类的标准，应该属于可回收物
"
3214,"图中展示的物品是[garbage_object],根据垃圾分类的标准，应该属于[garbage_type]","图中展示的物品是烤鸡烤鸭,根据垃圾分类的标准，应该属于厨余垃圾
"
3215,图中展示的物品是盆,"图中展示的物品是塑料盆,根据垃圾分类的标准，应该属于可回收物
"
3216,"图中展示的物品是{garbage_object},根据垃圾分类的标准，应该属于{garbage_type}","图中展示的物品是肠(火腿),根据垃圾分类的标准，应该属于厨余垃圾
"
3217,"图中展示的物品是[garbage_object],根据垃圾分类的标准，应该属于[garbage_type]","图中展示的物品是钟表,根据垃圾分类的标准，应该属于可回收物
"
3218,"图中展示的物品是[garbage_object],根据垃圾分类的标准，应该属于[garbage_type]","图中展示的物品是口服液瓶,根据垃圾分类的标准，应该属于有害垃圾
"
3219,图中展示的物品是纸杯，根据垃圾分类的标准，应该属于可回收垃圾。,"图中展示的物品是一次性杯子,根据垃圾分类的标准，应该属于其他垃圾
"
3220,"图中展示的物品是{garbage_object},根据垃圾分类的标准，应该属于{garbage_type}","图中展示的物品是信封,根据垃圾分类的标准，应该属于可回收物
"
3221,"图中展示的物品是{garbage_object},根据垃圾分类的标准，应该属于{garbage_type}","图中展示的物品是手提包,根据垃圾分类的标准，应该属于可回收物
"
3222,图中展示的物品是纸袋，根据垃圾分类的标准，应该属于可回收物,"图中展示的物品是购物纸袋,根据垃圾分类的标准，应该属于可回收物
"
3223,图中展示的物品是玻璃制品，根据垃圾分类的标准，应该属于可回收垃圾。,"图中展示的物品是盘子,根据垃圾分类的标准，应该属于可回收物
"
3224,"图中展示的物品是{garbage_object},根据垃圾分类的标准，应该属于{garbage_type}","图中展示的物品是糕点,根据垃圾分类的标准，应该属于厨余垃圾
"
3225,"图中展示的物品是[garbage_object],根据垃圾分类的标准，应该属于[garbage_type]","图中展示的物品是生肉,根据垃圾分类的标准，应该属于厨余垃圾
"
3226,"图中展示的物品是{garbage_object},根据垃圾分类的标准，应该属于{garbage_type}","图中展示的物品是打印机墨盒,根据垃圾分类的标准，应该属于可回收物
"
3227,图中展示的物品是西瓜，根据垃圾分类的标准，应该属于可回收物。,"图中展示的物品是西瓜皮,根据垃圾分类的标准，应该属于厨余垃圾
"
3228,图中展示的物品是{food}，根据垃圾分类的标准，应该属于{food},"图中展示的物品是烤鸡烤鸭,根据垃圾分类的标准，应该属于厨余垃圾
"
3229,"图中展示的物品是{garbage_object},根据垃圾分类的标准，应该属于{garbage_type}","图中展示的物品是鞋,根据垃圾分类的标准，应该属于可回收物
"
3230,图中展示的物品是肉，根据垃圾分类的标准，应该属于厨余垃圾。,"图中展示的物品是生肉,根据垃圾分类的标准，应该属于厨余垃圾
"
3231,图中展示的物品是塑料袋，根据垃圾分类的标准，应该属于可回收物。,"图中展示的物品是PE塑料袋,根据垃圾分类的标准，应该属于其他垃圾
"
3232,"图中展示的物品是{garbage_object},根据垃圾分类的标准，应该属于{garbage_type}其他垃圾","图中展示的物品是泡沫盒子,根据垃圾分类的标准，应该属于可回收物
"
3233,图中展示的物品是食品，根据垃圾分类的标准，应该属于垃圾食品,"图中展示的物品是糕点,根据垃圾分类的标准，应该属于厨余垃圾
"
3234,"图中展示的物品是{garbage_object},根据垃圾分类的标准，应该属于{garbage_type}","图中展示的物品是暖宝宝,根据垃圾分类的标准，应该属于可回收物
"
3235,图中展示的物品是咖啡豆，根据垃圾分类的标准，应该属于厨余垃圾。,"图中展示的物品是咖啡渣,根据垃圾分类的标准，应该属于厨余垃圾
"
3236,"图中展示的物品是{garbage_object},根据垃圾分类的标准，应该属于{garbage_type}废塑料","图中展示的物品是杀虫剂,根据垃圾分类的标准，应该属于有害垃圾
"
3237,"图中展示的物品是{garbage_object},根据垃圾分类的标准，应该属于{garbage_type}","图中展示的物品是纸巾,根据垃圾分类的标准，应该属于其他垃圾
"
3238,图中展示的物品是绿色，根据垃圾分类的标准，应该属于{recycle},"图中展示的物品是电路板,根据垃圾分类的标准，应该属于可回收物
"
3239,图中展示的物品是土豆，根据垃圾分类的标准，应该属于厨余垃圾。,"图中展示的物品是薯条,根据垃圾分类的标准，应该属于厨余垃圾
"
3240,"图中展示的物品是{garbage_object},根据垃圾分类的标准，应该属于{garbage_type}","图中展示的物品是纸箱,根据垃圾分类的标准，应该属于可回收物
"
3241,"图中展示的物品是{garbage_object},根据垃圾分类的标准，应该属于{garbage_type}","图中展示的物品是耳钉耳环,根据垃圾分类的标准，应该属于可回收物
"
3242,图中展示的物品是玻璃茶壶，根据垃圾分类的标准，应该属于玻璃。,"图中展示的物品是玻璃壶,根据垃圾分类的标准，应该属于可回收物
"
3243,图中展示的物品是电池，根据垃圾分类的标准，应该属于有害垃圾,"图中展示的物品是电池,根据垃圾分类的标准，应该属于有害垃圾
"
3244,图中展示的物品是薯条，根据垃圾分类的标准，应该属于厨余垃圾。,"图中展示的物品是薯条,根据垃圾分类的标准，应该属于厨余垃圾
"
3245,"图中展示的物品是{garbage_object},根据垃圾分类的标准，应该属于{garbage_type}","图中展示的物品是变形玩具,根据垃圾分类的标准，应该属于可回收物
"
3246,"图中展示的物品是{garbage_object},根据垃圾分类的标准，应该属于{garbage_type}电子垃圾","图中展示的物品是空气加湿器,根据垃圾分类的标准，应该属于可回收物
"
3247,"图中展示的物品是[chestnut],根据垃圾分类的标准，应该属于[食物]","图中展示的物品是板栗,根据垃圾分类的标准，应该属于厨余垃圾
"
3248,"图中展示的物品是{garbage_object},根据垃圾分类的标准，应该属于{garbage_type}","图中展示的物品是纸箱,根据垃圾分类的标准，应该属于可回收物
"
3249,"图中展示的物品是{garbage_object},根据垃圾分类的标准，应该属于{garbage_type}","图中展示的物品是打印机墨盒,根据垃圾分类的标准，应该属于可回收物
"
3250,图中展示的物品是卡片，根据垃圾分类的标准，应该属于垃圾,"图中展示的物品是地铁票,根据垃圾分类的标准，应该属于可回收物
"
3251,图中展示的物品是玻璃保鲜盒，根据垃圾分类的标准，应该属于可回收物。,"图中展示的物品是保鲜盒,根据垃圾分类的标准，应该属于可回收物
"
3252,图中展示的物品是花瓶，根据垃圾分类的标准，应该属于其他垃圾,"图中展示的物品是罐头瓶,根据垃圾分类的标准，应该属于可回收物
"
3253,图中展示的物品是插座，根据垃圾分类的标准，应该属于可回收物,"图中展示的物品是插线板,根据垃圾分类的标准，应该属于可回收物
"
3254,图中展示的物品是巧克力，根据垃圾分类的标准，应该属于可回收垃圾。,"图中展示的物品是糕点,根据垃圾分类的标准，应该属于厨余垃圾
"
3255,图中展示的物品是电池，根据垃圾分类的标准，应该属于电子垃圾。,"图中展示的物品是手机,根据垃圾分类的标准，应该属于可回收物
"
3256,"图中展示的物品是卫生用品,根据垃圾分类的标准，应该属于其他垃圾","图中展示的物品是一次性棉签,根据垃圾分类的标准，应该属于其他垃圾
"
3257,图中展示的物品是毛绒玩具，根据垃圾分类的标准，应该属于其他垃圾。,"图中展示的物品是玩偶,根据垃圾分类的标准，应该属于可回收物
"
3258,图中展示的物品是玻璃茶壶，根据垃圾分类的标准，应该属于可回收物。,"图中展示的物品是玻璃壶,根据垃圾分类的标准，应该属于可回收物
"
3259,"图中展示的物品是[garbage_object],根据垃圾分类的标准，应该属于[garbage_type]","图中展示的物品是生肉,根据垃圾分类的标准，应该属于厨余垃圾
"
3260,"图中展示的物品是{garbage_object},根据垃圾分类的标准，应该属于{garbage_type}","图中展示的物品是红花油,根据垃圾分类的标准，应该属于有害垃圾
"
3261,图中展示的物品是面包，根据垃圾分类的标准，应该属于可回收物,"图中展示的物品是贝果,根据垃圾分类的标准，应该属于厨余垃圾
"
3262,图中展示的物品是{backpack}，根据垃圾分类的标准，应该属于{packaging},"图中展示的物品是手提包,根据垃圾分类的标准，应该属于可回收物
"
3263,"图中展示的物品是[garbage_object],根据垃圾分类的标准，应该属于[garbage_type]","图中展示的物品是玩偶,根据垃圾分类的标准，应该属于可回收物
"
3264,"图中展示的物品是{garbage_object},根据垃圾分类的标准，应该属于{garbage_type}","图中展示的物品是糕点,根据垃圾分类的标准，应该属于厨余垃圾
"
3265,图中展示的物品是瓷器，根据垃圾分类的标准，应该属于其他垃圾。,"图中展示的物品是茶壶碎片,根据垃圾分类的标准，应该属于其他垃圾
"
3266,"图中展示的物品是[wood, 玩具]，根据垃圾分类的标准，应该属于[其他垃圾]","图中展示的物品是核桃,根据垃圾分类的标准，应该属于厨余垃圾
"
3267,图中展示的物品是蔬菜，根据垃圾分类的标准，应该属于其他垃圾。,"图中展示的物品是番茄,根据垃圾分类的标准，应该属于厨余垃圾
"
3268,"图中展示的物品是{garbage_object},根据垃圾分类的标准，应该属于{garbage_type}厨余垃圾","图中展示的物品是青菜,根据垃圾分类的标准，应该属于厨余垃圾
"
3269,图中展示的物品是{cardboard_box}，根据垃圾分类的标准，应该属于{cardboard},"图中展示的物品是档案袋,根据垃圾分类的标准，应该属于可回收物
"
3270,"图中展示的物品是{garbage_object},根据垃圾分类的标准，应该属于{garbage_type}","图中展示的物品是红花油,根据垃圾分类的标准，应该属于有害垃圾
"
3271,图中展示的物品是塑料袋，根据垃圾分类的标准，应该属于{garbage_type}塑料。,"图中展示的物品是药品包装,根据垃圾分类的标准，应该属于有害垃圾
"
3272,"图中展示的物品是{glass_jar_object},根据垃圾分类的标准，应该属于{garbage_type}","图中展示的物品是罐头瓶,根据垃圾分类的标准，应该属于可回收物
"
3273,图中展示的物品是键盘，根据垃圾分类的标准，应该属于垃圾,"图中展示的物品是键盘,根据垃圾分类的标准，应该属于可回收物
"
3274,"图中展示的物品是{robot_object},根据垃圾分类的标准，应该属于{toy}","图中展示的物品是变形玩具,根据垃圾分类的标准，应该属于可回收物
"
3275,图中展示的物品是塑料杯，根据垃圾分类的标准，应该属于塑料垃圾,"图中展示的物品是贝果,根据垃圾分类的标准，应该属于厨余垃圾
"
3276,"图中展示的物品是{bag_object},根据垃圾分类的标准，应该属于{recycle}","图中展示的物品是购物纸袋,根据垃圾分类的标准，应该属于可回收物
"
3277,图中展示的物品是[bread]，根据垃圾分类的标准，应该属于[食品],"图中展示的物品是糕点,根据垃圾分类的标准，应该属于厨余垃圾
"
3278,图中展示的物品是纸袋，根据垃圾分类的标准，应该属于可回收物。,"图中展示的物品是购物纸袋,根据垃圾分类的标准，应该属于可回收物
"
3279,图中展示的物品是纸箱，根据垃圾分类的标准，应该属于可回收物,"图中展示的物品是纸箱,根据垃圾分类的标准，应该属于可回收物
"
3280,图中展示的物品是{paper_or_paper制品}，根据垃圾分类的标准，应该属于{paper_or_paper制品},"图中展示的物品是信封,根据垃圾分类的标准，应该属于可回收物
"
3281,"图中展示的物品是{toy_box_object},根据垃圾分类的标准，应该属于{toy}","图中展示的物品是木制玩具,根据垃圾分类的标准，应该属于可回收物
"
3282,"图中展示的物品是[garbage_object],根据垃圾分类的标准，应该属于[garbage_type]","图中展示的物品是U型回形针,根据垃圾分类的标准，应该属于其他垃圾
"
3283,图中展示的物品是玻璃容器，根据垃圾分类的标准，应该属于可回收物。,"图中展示的物品是碗,根据垃圾分类的标准，应该属于可回收物
"
3284,图中展示的物品是玻璃瓶，根据垃圾分类的标准，应该属于玻璃垃圾。,"图中展示的物品是罐头瓶,根据垃圾分类的标准，应该属于可回收物
"
3285,图中展示的物品是[bracelet]，根据垃圾分类的标准，应该属于[垃圾],"图中展示的物品是手链,根据垃圾分类的标准，应该属于可回收物
"
3286,图中展示的物品是纸板箱，根据垃圾分类的标准，应该属于可回收物。,"图中展示的物品是纸箱,根据垃圾分类的标准，应该属于可回收物
"
3287,图中展示的物品是花瓶，根据垃圾分类的标准，应该属于可回收垃圾。,"图中展示的物品是空气加湿器,根据垃圾分类的标准，应该属于可回收物
"
3288,图中展示的物品是网袋，根据垃圾分类的标准，应该属于可回收垃圾。,"图中展示的物品是钢丝球,根据垃圾分类的标准，应该属于可回收物
"
3289,图中展示的物品是[fruit]，根据垃圾分类的标准，应该属于[food],"图中展示的物品是菠萝蜜,根据垃圾分类的标准，应该属于厨余垃圾
"
3290,"图中展示的物品是{garbage_object},根据垃圾分类的标准，应该属于{garbage_type}","图中展示的物品是大龙虾头,根据垃圾分类的标准，应该属于其他垃圾
"
3291,"图中展示的物品是[chestnut],根据垃圾分类的标准，应该属于[food]","图中展示的物品是板栗,根据垃圾分类的标准，应该属于厨余垃圾
"
3292,图中展示的物品是坚果，根据垃圾分类的标准，应该属于可回收物。,"图中展示的物品是蚕豆,根据垃圾分类的标准，应该属于厨余垃圾
"
3293,"图中展示的物品是{garbage_object},根据垃圾分类的标准，应该属于{garbage_type}","图中展示的物品是袜子,根据垃圾分类的标准，应该属于可回收物
"
3294,图中展示的物品是塑料杯，根据垃圾分类的标准，应该属于可回收垃圾。,"图中展示的物品是奶茶杯,根据垃圾分类的标准，应该属于其他垃圾
"
3295,图中展示的物品是背包，根据垃圾分类的标准，应该属于可回收物。,"图中展示的物品是手提包,根据垃圾分类的标准，应该属于可回收物
"
3296,图中展示的物品是手电筒，根据垃圾分类的标准，应该属于可回收物,"图中展示的物品是手电筒,根据垃圾分类的标准，应该属于可回收物
"
3297,图中展示的物品是纸张，根据垃圾分类的标准，应该属于{garbage_type}废纸,"图中展示的物品是书,根据垃圾分类的标准，应该属于可回收物
"
3298,图中展示的物品是袜子，根据垃圾分类的标准，应该属于可回收物,"图中展示的物品是袜子,根据垃圾分类的标准，应该属于可回收物
"
3299,"图中展示的物品是{garbage_object},根据垃圾分类的标准，应该属于{garbage_type}","图中展示的物品是登机牌,根据垃圾分类的标准，应该属于可回收物
"
3300,"图中展示的物品是[lighting_object],根据垃圾分类的标准，应该属于[recyclable]","图中展示的物品是台灯,根据垃圾分类的标准，应该属于可回收物
"
3301,"图中展示的物品是[文具],[垃圾物品],根据垃圾分类的标准，应该属于[其他垃圾]","图中展示的物品是笔及笔芯,根据垃圾分类的标准，应该属于其他垃圾
"
3302,图中展示的物品是瓶装水，根据垃圾分类的标准，应该属于其他垃圾。,"图中展示的物品是护肤品空瓶,根据垃圾分类的标准，应该属于可回收物
"
3303,"图中展示的物品是{garbage_object},根据垃圾分类的标准，应该属于{garbage_type}","图中展示的物品是烟蒂,根据垃圾分类的标准，应该属于其他垃圾
"
3304,"图中展示的物品是{garbage_object},根据垃圾分类的标准，应该属于{garbage_type}","图中展示的物品是台历,根据垃圾分类的标准，应该属于可回收物
"
3305,图中展示的物品是衣架，根据垃圾分类的标准，应该属于其他垃圾。,"图中展示的物品是衣架,根据垃圾分类的标准，应该属于可回收物
"
3306,"图中展示的物品是{garbage_object},根据垃圾分类的标准，应该属于{garbage_type}垃圾。","图中展示的物品是红花油,根据垃圾分类的标准，应该属于有害垃圾
"
3307,图中展示的物品是蔬菜，根据垃圾分类的标准，应该属于可回收物。,"图中展示的物品是白菜,根据垃圾分类的标准，应该属于厨余垃圾
"
3308,"图中展示的物品是{garbage_object},根据垃圾分类的标准，应该属于{garbage_type}","图中展示的物品是打印机墨盒,根据垃圾分类的标准，应该属于可回收物
"
3309,图中展示的物品是螺丝刀，根据垃圾分类的标准，应该属于可回收垃圾。,"图中展示的物品是螺丝刀,根据垃圾分类的标准，应该属于可回收物
"
3310,"图中展示的物品是台灯,根据垃圾分类的标准，应该属于其他垃圾","图中展示的物品是台灯,根据垃圾分类的标准，应该属于可回收物
"
3311,图中展示的物品是塑料瓶，根据垃圾分类的标准，应该属于其他垃圾。,"图中展示的物品是滴眼液瓶,根据垃圾分类的标准，应该属于有害垃圾
"
3312,"图中展示的物品是{garbage_object},根据垃圾分类的标准，应该属于{garbage_type}","图中展示的物品是青菜,根据垃圾分类的标准，应该属于厨余垃圾
"
3313,图中展示的物品是灯，根据垃圾分类的标准，应该属于可回收垃圾,"图中展示的物品是台灯,根据垃圾分类的标准，应该属于可回收物
"
3314,"垃圾物品是{food},根据垃圾分类的标准，应该属于{garbage_type}","图中展示的物品是薯条,根据垃圾分类的标准，应该属于厨余垃圾
"
3315,图中展示的物品是花瓶，根据垃圾分类的标准，应该属于废品,"图中展示的物品是茶叶罐,根据垃圾分类的标准，应该属于可回收物
"
3316,图中展示的物品是鼠标，根据垃圾分类的标准，应该属于电子废弃物,"图中展示的物品是保温杯,根据垃圾分类的标准，应该属于可回收物
"
3317,"图中展示的物品是{garbage_object},根据垃圾分类的标准，应该属于{garbage_type}","图中展示的物品是玻璃球,根据垃圾分类的标准，应该属于可回收物
"
3318,"图中展示的物品是{garbage_object},根据垃圾分类的标准，应该属于{garbage_type}","图中展示的物品是钢丝球,根据垃圾分类的标准，应该属于可回收物
"
3319,"图中展示的物品是[garbage_object],根据垃圾分类的标准，应该属于[garbage_type]","图中展示的物品是护肤品空瓶,根据垃圾分类的标准，应该属于可回收物
"
3320,图中展示的物品是塑料瓶，根据垃圾分类的标准，应该属于可回收物。,"图中展示的物品是塑料瓶,根据垃圾分类的标准，应该属于可回收物
"
3321,图中展示的物品是钢丝球，根据垃圾分类的标准，应该属于厨余垃圾。,"图中展示的物品是钢丝球,根据垃圾分类的标准，应该属于可回收物
"
3322,"图中展示的物品是[garbage_object],根据垃圾分类的标准，应该属于[garbage_type]","图中展示的物品是网卡,根据垃圾分类的标准，应该属于可回收物
"
3323,图中展示的物品是[电脑硬件]，根据垃圾分类的标准，应该属于[电子废弃物],"图中展示的物品是网卡,根据垃圾分类的标准，应该属于可回收物
"
3324,图中展示的物品是钢丝球，根据垃圾分类的标准，应该属于可回收物,"图中展示的物品是钢丝球,根据垃圾分类的标准，应该属于可回收物
"
3325,"图中展示的物品是{garbage_object},根据垃圾分类的标准，应该属于{garbage_type}","图中展示的物品是蘑菇,根据垃圾分类的标准，应该属于厨余垃圾
"
3326,图中展示的物品是电池，根据垃圾分类的标准，应该属于有害垃圾,"图中展示的物品是电池,根据垃圾分类的标准，应该属于有害垃圾
"
3327,"图中展示的物品是{garbage_object},根据垃圾分类的标准，应该属于{garbage_type}","图中展示的物品是纸牌,根据垃圾分类的标准，应该属于可回收物
"
3328,"图中展示的物品是盘子,根据垃圾分类的标准，应该属于厨余垃圾","图中展示的物品是炸鸡,根据垃圾分类的标准，应该属于厨余垃圾
"
3329,"图中展示的物品是{garbage_object},根据垃圾分类的标准，应该属于{garbage_type}垃圾。","图中展示的物品是变形玩具,根据垃圾分类的标准，应该属于可回收物
"
3330,图中展示的物品是{fruit}，根据垃圾分类的标准，应该属于{vegetable},"图中展示的物品是火龙果,根据垃圾分类的标准，应该属于厨余垃圾
"
3331,图中展示的物品是{toy}，根据垃圾分类的标准，应该属于{other},"图中展示的物品是滴眼液瓶,根据垃圾分类的标准，应该属于有害垃圾
"
3332,图中展示的物品是{globe}，根据垃圾分类的标准，应该属于{recyclable},"图中展示的物品是地球仪,根据垃圾分类的标准，应该属于可回收物
"
3333,图中展示的物品是玻璃杯，根据垃圾分类的标准，应该属于可回收垃圾。,"图中展示的物品是量杯,根据垃圾分类的标准，应该属于可回收物
"
3334,"图中展示的物品是{garbage_object},根据垃圾分类的标准，应该属于{garbage_type}","图中展示的物品是牛肉干,根据垃圾分类的标准，应该属于厨余垃圾
"
3335,图中展示的物品是香肠，根据垃圾分类的标准，应该属于可回收物,"图中展示的物品是烤鸡烤鸭,根据垃圾分类的标准，应该属于厨余垃圾
"
3336,图中展示的物品是蛋糕盒，根据垃圾分类的标准，应该属于厨余垃圾。,"图中展示的物品是蛋糕盒,根据垃圾分类的标准，应该属于可回收物
"
3337,"图中展示的物品是{garbage_object},根据垃圾分类的标准，应该属于{garbage_type}垃圾。","图中展示的物品是手电筒,根据垃圾分类的标准，应该属于可回收物
"
3338,"图中展示的物品是{bag_object},根据垃圾分类的标准，应该属于{garbage_type}","图中展示的物品是单肩包手提包,根据垃圾分类的标准，应该属于可回收物
"
3339,图中展示的物品是塑料，根据垃圾分类的标准，应该属于可回收物,"图中展示的物品是苍蝇拍,根据垃圾分类的标准，应该属于其他垃圾
"
3340,图中展示的物品是玻璃瓶，根据垃圾分类的标准，应该属于玻璃,"图中展示的物品是罐头瓶,根据垃圾分类的标准，应该属于可回收物
"
3341,图中展示的物品是{fruit}，根据垃圾分类的标准，应该属于{food},"图中展示的物品是番茄,根据垃圾分类的标准，应该属于厨余垃圾
"
3342,"图中展示的物品是{garbage_object},根据垃圾分类的标准，应该属于{garbage_type}","图中展示的物品是车钥匙,根据垃圾分类的标准，应该属于可回收物
"
3343,图中展示的物品是{food}，根据垃圾分类的标准，应该属于{food waste}。,"图中展示的物品是保鲜盒,根据垃圾分类的标准，应该属于可回收物
"
3344,图中展示的物品是食物，根据垃圾分类的标准，应该属于厨余垃圾。,"图中展示的物品是番茄,根据垃圾分类的标准，应该属于厨余垃圾
"
3345,"图中展示的物品是[garbage_object],根据垃圾分类的标准，应该属于[garbage_type]","图中展示的物品是书,根据垃圾分类的标准，应该属于可回收物
"
3346,图中展示的物品是面包，根据垃圾分类的标准，应该属于废食品,"图中展示的物品是药品包装,根据垃圾分类的标准，应该属于有害垃圾
"
3347,图中展示的物品是杀虫剂，根据垃圾分类的标准，应该属于有害垃圾,"图中展示的物品是杀虫剂,根据垃圾分类的标准，应该属于有害垃圾
"
3348,图中展示的物品是白菜，根据垃圾分类的标准，应该属于厨余垃圾,"图中展示的物品是青菜,根据垃圾分类的标准，应该属于厨余垃圾
"
3349,图中展示的物品是茶壶，根据垃圾分类的标准，应该属于可回收物。,"图中展示的物品是玻璃壶,根据垃圾分类的标准，应该属于可回收物
"
3350,图中展示的物品是{food}，根据垃圾分类的标准，应该属于{food},"图中展示的物品是生肉,根据垃圾分类的标准，应该属于厨余垃圾
"
3351,图中展示的物品是台灯，根据垃圾分类的标准，应该属于废品,"图中展示的物品是台灯,根据垃圾分类的标准，应该属于可回收物
"
3352,"图中展示的物品是{garbage_object},根据垃圾分类的标准，应该属于{garbage_type}","图中展示的物品是西瓜皮,根据垃圾分类的标准，应该属于厨余垃圾
"
3353,"图中展示的物品是{garbage_object},根据垃圾分类的标准，应该属于{garbage_type}","图中展示的物品是肠(火腿),根据垃圾分类的标准，应该属于厨余垃圾
"
3354,图中展示的物品是杯子,"图中展示的物品是热水瓶,根据垃圾分类的标准，应该属于可回收物
"
3355,"图中展示的物品是{garbage_object},根据垃圾分类的标准，应该属于{garbage_type}","图中展示的物品是帽子,根据垃圾分类的标准，应该属于可回收物
"
3356,图中展示的物品是砧板，根据垃圾分类的标准，应该属于厨余垃圾。,"图中展示的物品是木制切菜板,根据垃圾分类的标准，应该属于可回收物
"
3357,图中展示的物品是药品，根据垃圾分类的标准，应该属于有害垃圾,"图中展示的物品是药品包装,根据垃圾分类的标准，应该属于有害垃圾
"
3358,"图中展示的物品是[garbage_object],根据垃圾分类的标准，应该属于[garbage_type]","图中展示的物品是玩偶,根据垃圾分类的标准，应该属于可回收物
"
3359,图中展示的物品是[fruit]，根据垃圾分类的标准，应该属于[food],"图中展示的物品是哈密瓜,根据垃圾分类的标准，应该属于厨余垃圾
"
3360,图中展示的物品是{hot_water_bottle}，根据垃圾分类的标准，应该属于{recyclable},"图中展示的物品是暖宝宝,根据垃圾分类的标准，应该属于可回收物
"
3361,图中展示的物品是电阻器，根据垃圾分类的标准，应该属于电子垃圾。,"图中展示的物品是电路板,根据垃圾分类的标准，应该属于可回收物
"
3362,图中展示的物品是票，根据垃圾分类的标准，应该属于垃圾,"图中展示的物品是登机牌,根据垃圾分类的标准，应该属于可回收物
"
3363,"图中展示的物品是{garbage_object},根据垃圾分类的标准，应该属于{garbage_type}","图中展示的物品是木制切菜板,根据垃圾分类的标准，应该属于可回收物
"
3364,"图中展示的物品是[碗],根据垃圾分类的标准，应该属于[厨余垃圾]","图中展示的物品是碗,根据垃圾分类的标准，应该属于可回收物
"
3365,图中展示的物品是干电池，根据垃圾分类的标准，应该属于有害垃圾,"图中展示的物品是电池,根据垃圾分类的标准，应该属于有害垃圾
"
3366,图中展示的物品是花瓶，根据垃圾分类的标准，应该属于可回收物。,"图中展示的物品是玻璃器皿,根据垃圾分类的标准，应该属于可回收物
"
3367,图中展示的物品是{PCB}，根据垃圾分类的标准，应该属于{电子垃圾},"图中展示的物品是电路板,根据垃圾分类的标准，应该属于可回收物
"
3368,"图中展示的物品是{garbage_object},根据垃圾分类的标准，应该属于{garbage_type}垃圾。","图中展示的物品是信封,根据垃圾分类的标准，应该属于可回收物
"
3369,"图中展示的物品是玻璃,根据垃圾分类的标准，应该属于可回收垃圾","图中展示的物品是盘子,根据垃圾分类的标准，应该属于可回收物
"
3370,图中展示的物品是锅，根据垃圾分类的标准，应该属于厨余垃圾,"图中展示的物品是白菜,根据垃圾分类的标准，应该属于厨余垃圾
"
3371,"图中展示的物品是[garbage_object],根据垃圾分类的标准，应该属于[garbage_type]","图中展示的物品是鞋,根据垃圾分类的标准，应该属于可回收物
"
3372,"图中展示的物品是{garbage_object},根据垃圾分类的标准，应该属于{garbage_type}电子垃圾","图中展示的物品是废弃扩声器,根据垃圾分类的标准，应该属于可回收物
"
3373,"图中展示的物品是玩具,根据垃圾分类的标准，应该属于其他垃圾","图中展示的物品是收音机,根据垃圾分类的标准，应该属于可回收物
"
3374,"图中展示的物品是[garbage_object],根据垃圾分类的标准，应该属于[garbage_type]","图中展示的物品是保温杯,根据垃圾分类的标准，应该属于可回收物
"
3375,"图中展示的物品是{garbage_object},根据垃圾分类的标准，应该属于{garbage_type}","图中展示的物品是肠(火腿),根据垃圾分类的标准，应该属于厨余垃圾
"
3376,图中展示的物品是香菜，根据垃圾分类的标准，应该属于可回收物。,"图中展示的物品是青菜,根据垃圾分类的标准，应该属于厨余垃圾
"
3377,"图中展示的物品是{garbage_object},根据垃圾分类的标准，应该属于{garbage_type}","图中展示的物品是玩偶,根据垃圾分类的标准，应该属于可回收物
"
3378,"图中展示的物品是{garbage_object},根据垃圾分类的标准，应该属于{garbage_type}","图中展示的物品是青菜,根据垃圾分类的标准，应该属于厨余垃圾
"
3379,"图中展示的物品是[garbage_object],根据垃圾分类的标准，应该属于[garbage_type]","图中展示的物品是木制玩具,根据垃圾分类的标准，应该属于可回收物
"
3380,"图中展示的物品是[coffee cup, cup, plate, laptop, laptop]，根据垃圾分类的标准，应该属于[厨房垃圾, 垃圾, 垃圾, 垃圾, 垃圾]","图中展示的物品是空气加湿器,根据垃圾分类的标准，应该属于可回收物
"
3381,图中展示的物品是松木材质，根据垃圾分类的标准，应该属于可回收物。,"图中展示的物品是木制玩具,根据垃圾分类的标准，应该属于可回收物
"
3382,图中展示的物品是塑料尺，根据垃圾分类的标准，应该属于其他垃圾。,"图中展示的物品是尺子,根据垃圾分类的标准，应该属于可回收物
"
3383,"图中展示的物品是{garbage_object},根据垃圾分类的标准，应该属于{garbage_type}","图中展示的物品是白萝卜,根据垃圾分类的标准，应该属于厨余垃圾
"
3384,图中展示的物品是不锈钢水壶，根据垃圾分类的标准，应该属于金属垃圾。,"图中展示的物品是烧水壶,根据垃圾分类的标准，应该属于可回收物
"
3385,图中展示的物品是塑料，根据垃圾分类的标准，应该属于可回收垃圾。,"图中展示的物品是粉条,根据垃圾分类的标准，应该属于厨余垃圾
"
3386,图中展示的物品是[fruit]，根据垃圾分类的标准，应该属于[fruit],"图中展示的物品是火龙果,根据垃圾分类的标准，应该属于厨余垃圾
"
3387,"图中展示的物品是{garbage_object},根据垃圾分类的标准，应该属于{garbage_type}","图中展示的物品是购物纸袋,根据垃圾分类的标准，应该属于可回收物
"
3388,"图中展示的物品是[garbage_object],根据垃圾分类的标准，应该属于[garbage_type]","图中展示的物品是保温杯,根据垃圾分类的标准，应该属于可回收物
"
3389,图中展示的物品是蔬菜，根据垃圾分类的标准，应该属于厨余垃圾。,"图中展示的物品是白菜,根据垃圾分类的标准，应该属于厨余垃圾
"
3390,"图中展示的物品是[garbage_object],根据垃圾分类的标准，应该属于[garbage_type]","图中展示的物品是牛肉干,根据垃圾分类的标准，应该属于厨余垃圾
"
3391,"图中展示的物品是{garbage_object},根据垃圾分类的标准，应该属于{garbage_type}","图中展示的物品是核桃,根据垃圾分类的标准，应该属于厨余垃圾
"
3392,图中展示的物品是遥控器，根据垃圾分类的标准，应该属于电子废弃物,"图中展示的物品是空调遥控器,根据垃圾分类的标准，应该属于可回收物
"
3393,图中展示的物品是[bracelet]，根据垃圾分类的标准，应该属于[recycle],"图中展示的物品是勺子,根据垃圾分类的标准，应该属于可回收物
"
3394,"图中展示的物品是{garbage_object},根据垃圾分类的标准，应该属于{garbage_type}","图中展示的物品是耳钉耳环,根据垃圾分类的标准，应该属于可回收物
"
3395,图中展示的物品是塑料杯，根据垃圾分类的标准，应该属于其他垃圾,"图中展示的物品是塑料盆,根据垃圾分类的标准，应该属于可回收物
"
3396,图中展示的物品是{toy}，根据垃圾分类的标准，应该属于{garbage_type}。,"图中展示的物品是玩偶,根据垃圾分类的标准，应该属于可回收物
"
3397,图中展示的物品是{toys}，根据垃圾分类的标准，应该属于{garbage_type}。,"图中展示的物品是变形玩具,根据垃圾分类的标准，应该属于可回收物
"
3398,图中展示的物品是梳子，根据垃圾分类的标准，应该属于可回收物。,"图中展示的物品是木质梳子,根据垃圾分类的标准，应该属于可回收物
"
3399,图中展示的物品是音响设备，根据垃圾分类的标准，应该属于电子废弃物。,"图中展示的物品是废弃扩声器,根据垃圾分类的标准，应该属于可回收物
"
3400,"图中展示的物品是{garbage_object},根据垃圾分类的标准，应该属于{garbage_type}","图中展示的物品是衣架,根据垃圾分类的标准，应该属于可回收物
"
3401,"图中展示的物品是{garbage_object},根据垃圾分类的标准，应该属于{garbage_type}","图中展示的物品是垫子,根据垃圾分类的标准，应该属于可回收物
"
3402,图中展示的物品是玻璃制品，根据垃圾分类的标准，应该属于可回收物。,"图中展示的物品是盘子,根据垃圾分类的标准，应该属于可回收物
"
3403,图中展示的物品是遥控器，根据垃圾分类的标准，应该属于电子废弃物,"图中展示的物品是空调遥控器,根据垃圾分类的标准，应该属于可回收物
"
3404,图中展示的物品是意大利腊肠，根据垃圾分类的标准，应该属于可回收垃圾。,"图中展示的物品是肠(火腿),根据垃圾分类的标准，应该属于厨余垃圾
"
3405,图中展示的物品是[wood]，根据垃圾分类的标准，应该属于[wood],"图中展示的物品是乒乓球拍,根据垃圾分类的标准，应该属于可回收物
"
3406,图中展示的物品是[面包]，根据垃圾分类的标准，应该属于[可回收垃圾],"图中展示的物品是贝果,根据垃圾分类的标准，应该属于厨余垃圾
"
3407,图中展示的物品是玻璃杯，根据垃圾分类的标准，应该属于玻璃。,"图中展示的物品是量杯,根据垃圾分类的标准，应该属于可回收物
"
3408,图中展示的物品是栗子蛋糕，根据垃圾分类的标准，应该属于厨余垃圾。,"图中展示的物品是糕点,根据垃圾分类的标准，应该属于厨余垃圾
"
3409,图中展示的物品是{fruit}，根据垃圾分类的标准，应该属于{food},"图中展示的物品是草莓,根据垃圾分类的标准，应该属于厨余垃圾
"
3410,"图中展示的物品是[garbage_object],根据垃圾分类的标准，应该属于[garbage_type]","图中展示的物品是药品包装,根据垃圾分类的标准，应该属于有害垃圾
"
3411,图中展示的物品是熨斗，根据垃圾分类的标准，应该属于家庭电器,"图中展示的物品是电熨斗,根据垃圾分类的标准，应该属于可回收物
"
3412,"图中展示的物品是{garbage_object},根据垃圾分类的标准，应该属于{garbage_type}","图中展示的物品是鞋,根据垃圾分类的标准，应该属于可回收物
"
3413,"图中展示的物品是{garbage_object},根据垃圾分类的标准，应该属于{garbage_type}","图中展示的物品是LED灯泡,根据垃圾分类的标准，应该属于有害垃圾
"
3414,图中展示的物品是塑料盒，根据垃圾分类的标准，应该属于可回收物。,"图中展示的物品是保鲜盒,根据垃圾分类的标准，应该属于可回收物
"
3415,图中展示的物品是蔬菜，根据垃圾分类的标准，应该属于蔬菜,"图中展示的物品是残渣剩饭,根据垃圾分类的标准，应该属于厨余垃圾
"
3416,图中展示的物品是食物，根据垃圾分类的标准，应该属于垃圾食品,"图中展示的物品是鸡翅,根据垃圾分类的标准，应该属于厨余垃圾
"
3417,"图中展示的物品是{garbage_object},根据垃圾分类的标准，应该属于{garbage_type}","图中展示的物品是咖啡渣,根据垃圾分类的标准，应该属于厨余垃圾
"
3418,"图中展示的物品是{garbage_object},根据垃圾分类的标准，应该属于{garbage_type}","图中展示的物品是尺子,根据垃圾分类的标准，应该属于可回收物
"
3419,图中展示的物品是纸箱，根据垃圾分类的标准，应该属于{recyclable},"图中展示的物品是纸箱,根据垃圾分类的标准，应该属于可回收物
"
3420,图中展示的物品是钉子，根据垃圾分类的标准，应该属于{garbage_type},"图中展示的物品是钉子,根据垃圾分类的标准，应该属于可回收物
"
3421,图中展示的物品是{toy}，根据垃圾分类的标准，应该属于{garbage_type},"图中展示的物品是玩偶,根据垃圾分类的标准，应该属于可回收物
"
3422,图中展示的物品是剃须刀，根据垃圾分类的标准，应该属于电子废弃物,"图中展示的物品是电动剃须刀,根据垃圾分类的标准，应该属于可回收物
"
3423,"图中展示的物品是[spoon],根据垃圾分类的标准，应该属于[厨余垃圾]","图中展示的物品是勺子,根据垃圾分类的标准，应该属于可回收物
"
3424,图中展示的物品是键盘，根据垃圾分类的标准，应该属于电子废弃物,"图中展示的物品是键盘,根据垃圾分类的标准，应该属于可回收物
"
3425,饼干,"图中展示的物品是饼干,根据垃圾分类的标准，应该属于厨余垃圾
"
3426,"图中展示的物品是[garbage_object],根据垃圾分类的标准，应该属于[garbage_type]","图中展示的物品是蘑菇,根据垃圾分类的标准，应该属于厨余垃圾
"
3427,"图中展示的物品是[garbage_object],根据垃圾分类的标准，应该属于[garbage_type]","图中展示的物品是烟灰缸,根据垃圾分类的标准，应该属于可回收物
"
3428,图中展示的物品是塑料盆，根据垃圾分类的标准，应该属于其他垃圾。,"图中展示的物品是塑料盆,根据垃圾分类的标准，应该属于可回收物
"
3429,"图中展示的物品是{garbage_object},根据垃圾分类的标准，应该属于{garbage_type}","图中展示的物品是蘑菇,根据垃圾分类的标准，应该属于厨余垃圾
"
3430,"图中展示的物品是{garbage_object},根据垃圾分类的标准，应该属于{garbage_type}","图中展示的物品是圣女果,根据垃圾分类的标准，应该属于厨余垃圾
"
3431,图中展示的物品是豆制品，根据垃圾分类的标准，应该属于厨余垃圾。,"图中展示的物品是蚕豆,根据垃圾分类的标准，应该属于厨余垃圾
"
3432,"图中展示的物品是[egg],根据垃圾分类的标准，应该属于[厨余垃圾]","图中展示的物品是糕点,根据垃圾分类的标准，应该属于厨余垃圾
"
3433,"图中展示的物品是[electronics, household electrical appliances]，根据垃圾分类的标准，应该属于[electronics, household electrical appliances]","图中展示的物品是空气加湿器,根据垃圾分类的标准，应该属于可回收物
"
3434,图中展示的物品是[glass]，根据垃圾分类的标准，应该属于[recyclable]。,"图中展示的物品是玻璃球,根据垃圾分类的标准，应该属于可回收物
"
3435,"图中展示的物品是{garbage_object},根据垃圾分类的标准，应该属于{garbage_type}","图中展示的物品是果冻,根据垃圾分类的标准，应该属于厨余垃圾
"
3436,图中展示的物品是塑料，根据垃圾分类的标准，应该属于其他垃圾,"图中展示的物品是苍蝇拍,根据垃圾分类的标准，应该属于其他垃圾
"
3437,"图中展示的物品是[garbage_object],根据垃圾分类的标准，应该属于[garbage_type]","图中展示的物品是奶粉罐铝盖,根据垃圾分类的标准，应该属于可回收物
"
3438,"图中展示的物品是{apple_object},根据垃圾分类的标准，应该属于{apple}","图中展示的物品是信封,根据垃圾分类的标准，应该属于可回收物
"
3439,"图中展示的物品是衣架,根据垃圾分类的标准，应该属于可回收物","图中展示的物品是衣架,根据垃圾分类的标准，应该属于可回收物
"
3440,图中展示的物品是垃圾食品，根据垃圾分类的标准，应该属于垃圾食品。,"图中展示的物品是牛肉干,根据垃圾分类的标准，应该属于厨余垃圾
"
3441,"图中展示的物品是{garbage_object},根据垃圾分类的标准，应该属于{garbage_type}","图中展示的物品是车钥匙,根据垃圾分类的标准，应该属于可回收物
"
3442,图中展示的物品是电池，根据垃圾分类的标准，应该属于其他垃圾,"图中展示的物品是蓄电池,根据垃圾分类的标准，应该属于有害垃圾
"
3443,"图中展示的物品是[garbage_object],根据垃圾分类的标准，应该属于[garbage_type]","图中展示的物品是茶叶罐,根据垃圾分类的标准，应该属于可回收物
"
3444,"图中展示的物品是{garbage_object},根据垃圾分类的标准，应该属于{garbage_type}","图中展示的物品是耳钉耳环,根据垃圾分类的标准，应该属于可回收物
"
3445,"图中展示的物品是{garbage_object},根据垃圾分类的标准，应该属于{garbage_type}","图中展示的物品是报纸,根据垃圾分类的标准，应该属于可回收物
"
3446,图中展示的物品是{handbag}，根据垃圾分类的标准，应该属于{recycle},"图中展示的物品是单肩包手提包,根据垃圾分类的标准，应该属于可回收物
"
3447,"图中展示的物品是{garbage_object},根据垃圾分类的标准，应该属于{garbage_type}废弃物。","图中展示的物品是碘伏空瓶,根据垃圾分类的标准，应该属于有害垃圾
"
3448,"图中展示的物品是{garbage_object},根据垃圾分类的标准，应该属于{garbage_type}","图中展示的物品是裤子,根据垃圾分类的标准，应该属于可回收物
"
3449,"图中展示的物品是{garbage_object},根据垃圾分类的标准，应该属于{garbage_type}垃圾。","图中展示的物品是耳钉耳环,根据垃圾分类的标准，应该属于可回收物
"
3450,图中展示的物品是面包，根据垃圾分类的标准，应该属于可回收物。,"图中展示的物品是普通面包,根据垃圾分类的标准，应该属于厨余垃圾
"
3451,"图中展示的物品是{garbage_object},根据垃圾分类的标准，应该属于{garbage_type}","图中展示的物品是青菜,根据垃圾分类的标准，应该属于厨余垃圾
"
3452,"图中展示的物品是{garbage_object},根据垃圾分类的标准，应该属于{garbage_type}垃圾。","图中展示的物品是杀虫剂,根据垃圾分类的标准，应该属于有害垃圾
"
3453,"图中展示的物品是{garbage_object},根据垃圾分类的标准，应该属于{garbage_type}","图中展示的物品是镊子,根据垃圾分类的标准，应该属于可回收物
"
3454,图中展示的物品是音箱，根据垃圾分类的标准，应该属于电子废弃物,"图中展示的物品是废弃扩声器,根据垃圾分类的标准，应该属于可回收物
"
3455,图中展示的物品是{none}，根据垃圾分类的标准，应该属于{none},"图中展示的物品是空气加湿器,根据垃圾分类的标准，应该属于可回收物
"
3456,"图中展示的物品是{garbage_object},根据垃圾分类的标准，应该属于{garbage_type}电子废弃物","图中展示的物品是充电头,根据垃圾分类的标准，应该属于可回收物
"
3457,图中展示的物品是充电器，根据垃圾分类的标准，应该属于电子废弃物,"图中展示的物品是充电头,根据垃圾分类的标准，应该属于可回收物
"
3458,"图中展示的物品是[garbage_object],根据垃圾分类的标准，应该属于[garbage_type]","图中展示的物品是玻璃器皿,根据垃圾分类的标准，应该属于可回收物
"
3459,"图中展示的物品是{garbage_object},根据垃圾分类的标准，应该属于{garbage_type}","图中展示的物品是拖鞋,根据垃圾分类的标准，应该属于可回收物
"
3460,"图中展示的物品是[glass_object],根据垃圾分类的标准，应该属于[recyclable]","图中展示的物品是玻璃器皿,根据垃圾分类的标准，应该属于可回收物
"
3461,"图中展示的物品是[garbage_object],根据垃圾分类的标准，应该属于[garbage_type]","图中展示的物品是生肉,根据垃圾分类的标准，应该属于厨余垃圾
"
3462,"图中展示的物品是{garbage_object},根据垃圾分类的标准，应该属于{garbage_type}","图中展示的物品是芭比娃娃,根据垃圾分类的标准，应该属于可回收物
"
3463,图中展示的物品是茶壶，根据垃圾分类的标准，应该属于厨房垃圾。,"图中展示的物品是玻璃壶,根据垃圾分类的标准，应该属于可回收物
"
3464,"图中展示的物品是{garbage_object},根据垃圾分类的标准，应该属于{garbage_type}","图中展示的物品是创可贴,根据垃圾分类的标准，应该属于其他垃圾
"
3465,图中展示的物品是药品，根据垃圾分类的标准，应该属于药品,"图中展示的物品是药品包装,根据垃圾分类的标准，应该属于有害垃圾
"
3466,"图中展示的物品是{garbage_object},根据垃圾分类的标准，应该属于{garbage_type}厨余垃圾。","图中展示的物品是塑料盆,根据垃圾分类的标准，应该属于可回收物
"
3467,图中展示的物品是遥控器，根据垃圾分类的标准，应该属于电子废弃物。,"图中展示的物品是电视遥控器,根据垃圾分类的标准，应该属于可回收物
"
3468,图中展示的物品是[电子垃圾]，根据垃圾分类的标准，应该属于[电子垃圾],"图中展示的物品是收音机,根据垃圾分类的标准，应该属于可回收物
"
3469,图中展示的物品是食物，根据垃圾分类的标准，应该属于垃圾,"图中展示的物品是糕点,根据垃圾分类的标准，应该属于厨余垃圾
"
3470,图中展示的物品是袜子，根据垃圾分类的标准，应该属于废品,"图中展示的物品是袜子,根据垃圾分类的标准，应该属于可回收物
"
3471,"图中展示的物品是[garbage_object],根据垃圾分类的标准，应该属于[garbage_type]","图中展示的物品是烟灰缸,根据垃圾分类的标准，应该属于可回收物
"
3472,"图中展示的物品是{tool_object},根据垃圾分类的标准，应该属于{garbage_type}","图中展示的物品是螺丝刀,根据垃圾分类的标准，应该属于可回收物
"
3473,图中展示的物品是[card]，根据垃圾分类的标准，应该属于[recycling],"图中展示的物品是地铁票,根据垃圾分类的标准，应该属于可回收物
"
3474,图中展示的物品是[无垃圾]，根据垃圾分类的标准，应该属于[无垃圾],"图中展示的物品是电熨斗,根据垃圾分类的标准，应该属于可回收物
"
3475,"图中展示的物品是carrot,根据垃圾分类的标准，应该属于green","图中展示的物品是胡萝卜,根据垃圾分类的标准，应该属于厨余垃圾
"
3476,图中展示的物品是棉签，根据垃圾分类的标准，应该属于垃圾,"图中展示的物品是一次性棉签,根据垃圾分类的标准，应该属于其他垃圾
"
3477,"图中展示的物品是{wood_object},根据垃圾分类的标准，应该属于{wood}","图中展示的物品是木制切菜板,根据垃圾分类的标准，应该属于可回收物
"
3478,"图中展示的物品是{garbage_object},根据垃圾分类的标准，应该属于{garbage_type}","图中展示的物品是电熨斗,根据垃圾分类的标准，应该属于可回收物
"
3479,"图中展示的物品是{garbage_object},根据垃圾分类的标准，应该属于{garbage_type}","图中展示的物品是糕点,根据垃圾分类的标准，应该属于厨余垃圾
"
3480,图中展示的物品是塑料盒，根据垃圾分类的标准，应该属于可回收物。,"图中展示的物品是保鲜盒,根据垃圾分类的标准，应该属于可回收物
"
3481,图中展示的物品是电池，根据垃圾分类的标准，应该属于废电池,"图中展示的物品是电池,根据垃圾分类的标准，应该属于有害垃圾
"
3482,"图中展示的物品是[garbage_object],根据垃圾分类的标准，应该属于[garbage_type]","图中展示的物品是蓄电池,根据垃圾分类的标准，应该属于有害垃圾
"
3483,"图中展示的物品是{painting},根据垃圾分类的标准，应该属于{art}","图中展示的物品是乒乓球拍,根据垃圾分类的标准，应该属于可回收物
"
3484,图中展示的物品是香蕉皮，根据垃圾分类的标准，应该属于厨余垃圾。,"图中展示的物品是香蕉皮,根据垃圾分类的标准，应该属于厨余垃圾
"
3485,"图中展示的物品是[garbage_object],根据垃圾分类的标准，应该属于[garbage_type]","图中展示的物品是红花油,根据垃圾分类的标准，应该属于有害垃圾
"
3486,图中展示的物品是饼干，根据垃圾分类的标准，应该属于可回收物,"图中展示的物品是饼干,根据垃圾分类的标准，应该属于厨余垃圾
"
3487,图中展示的物品是玻璃制品，根据垃圾分类的标准，应该属于玻璃垃圾,"图中展示的物品是碗,根据垃圾分类的标准，应该属于可回收物
"
3488,"图中展示的物品是{garbage_object},根据垃圾分类的标准，应该属于{garbage_type}","图中展示的物品是充电线,根据垃圾分类的标准，应该属于可回收物
"
3489,"图中展示的物品是[garbage_object],根据垃圾分类的标准，应该属于[garbage_type]","图中展示的物品是糕点,根据垃圾分类的标准，应该属于厨余垃圾
"
3490,图中展示的物品是电水壶，根据垃圾分类的标准，应该属于家用电器。,"图中展示的物品是烧水壶,根据垃圾分类的标准，应该属于可回收物
"
3491,图中展示的物品是充电器，根据垃圾分类的标准，应该属于电子垃圾。,"图中展示的物品是手电筒,根据垃圾分类的标准，应该属于可回收物
"
3492,"图中展示的物品是{garbage_object},根据垃圾分类的标准，应该属于{garbage_type}","图中展示的物品是LED灯泡,根据垃圾分类的标准，应该属于有害垃圾
"
3493,"图中展示的物品是{garbage_object},根据垃圾分类的标准，应该属于{garbage_type}","图中展示的物品是菠萝包,根据垃圾分类的标准，应该属于厨余垃圾
"
3494,"图中展示的物品是{bag_object},根据垃圾分类的标准，应该属于{recycle}","图中展示的物品是购物纸袋,根据垃圾分类的标准，应该属于可回收物
"
3495,图中展示的物品是鼠标，根据垃圾分类的标准，应该属于电子废弃物,"图中展示的物品是鼠标,根据垃圾分类的标准，应该属于可回收物
"
3496,"图中展示的物品是{garbage_object},根据垃圾分类的标准，应该属于{garbage_type}","图中展示的物品是车钥匙,根据垃圾分类的标准，应该属于可回收物
"
3497,图中展示的物品是玻璃瓶，根据垃圾分类的标准，应该属于玻璃,"图中展示的物品是玻璃器皿,根据垃圾分类的标准，应该属于可回收物
"
3498,图中展示的物品是[coffee Bean]，根据垃圾分类的标准，应该属于[厨余垃圾]。,"图中展示的物品是咖啡渣,根据垃圾分类的标准，应该属于厨余垃圾
"
3499,图中展示的物品是电池，根据垃圾分类的标准，应该属于有害垃圾,"图中展示的物品是电池,根据垃圾分类的标准，应该属于有害垃圾
"
3500,图中展示的物品是剪刀，根据垃圾分类的标准，应该属于金属,"图中展示的物品是剪刀,根据垃圾分类的标准，应该属于可回收物
"
3501,"图中展示的物品是瓜果,根据垃圾分类的标准，应该属于{garbage_type}垃圾。","图中展示的物品是哈密瓜,根据垃圾分类的标准，应该属于厨余垃圾
"
3502,图中展示的物品是耳机，根据垃圾分类的标准，应该属于电子垃圾,"图中展示的物品是耳机,根据垃圾分类的标准，应该属于可回收物
"
3503,图中展示的物品是食物，根据垃圾分类的标准，应该属于垃圾食品,"图中展示的物品是鸡翅,根据垃圾分类的标准，应该属于厨余垃圾
"
3504,"图中展示的物品是{grass_object},根据垃圾分类的标准，应该属于{grass}","图中展示的物品是青菜,根据垃圾分类的标准，应该属于厨余垃圾
"
3505,图中展示的物品是手套，根据垃圾分类的标准，应该属于可回收垃圾,"图中展示的物品是暖宝宝,根据垃圾分类的标准，应该属于可回收物
"
3506,"图中展示的物品是[garbage_object],根据垃圾分类的标准，应该属于[garbage_type]","图中展示的物品是糕点,根据垃圾分类的标准，应该属于厨余垃圾
"
3507,图中展示的物品是金属尺子，根据垃圾分类的标准，应该属于金属垃圾,"图中展示的物品是尺子,根据垃圾分类的标准，应该属于可回收物
"
3508,"图中展示的物品是{garbage_object},根据垃圾分类的标准，应该属于{garbage_type}","图中展示的物品是玻璃灯管,根据垃圾分类的标准，应该属于有害垃圾
"
3509,"图中展示的物品是{garbage_object},根据垃圾分类的标准，应该属于{garbage_type}垃圾。","图中展示的物品是红花油,根据垃圾分类的标准，应该属于有害垃圾
"
3510,图中展示的物品是玻璃瓶，根据垃圾分类的标准，应该属于玻璃制品。,"图中展示的物品是玻璃器皿,根据垃圾分类的标准，应该属于可回收物
"
3511,图中展示的物品是坚果，根据垃圾分类的标准，应该属于可回收物。,"图中展示的物品是干果壳,根据垃圾分类的标准，应该属于其他垃圾
"
3512,图中展示的物品是牙刷，根据垃圾分类的标准，应该属于可回收垃圾。,"图中展示的物品是电动牙刷,根据垃圾分类的标准，应该属于可回收物
"
3513,图中展示的物品是纽扣，根据垃圾分类的标准，应该属于可回收垃圾。,"图中展示的物品是耳钉耳环,根据垃圾分类的标准，应该属于可回收物
"
3514,"图中展示的物品是{banana_peel},根据垃圾分类的标准，应该属于{food waste}","图中展示的物品是香蕉皮,根据垃圾分类的标准，应该属于厨余垃圾
"
3515,图中展示的物品是玻璃制品，根据垃圾分类的标准，应该属于玻璃,"图中展示的物品是玻璃器皿,根据垃圾分类的标准，应该属于可回收物
"
3516,"图中展示的物品是{garbage_object},根据垃圾分类的标准，应该属于{garbage_type}","图中展示的物品是核桃,根据垃圾分类的标准，应该属于厨余垃圾
"
3517,"图中展示的物品是{garbage_object},根据垃圾分类的标准，应该属于{garbage_type}","图中展示的物品是碗,根据垃圾分类的标准，应该属于可回收物
"
3518,图中展示的物品是{printers}，根据垃圾分类的标准，应该属于{paper},"图中展示的物品是打印机墨盒,根据垃圾分类的标准，应该属于可回收物
"
3519,图中展示的物品是食物，根据垃圾分类的标准，应该属于垃圾食品,"图中展示的物品是肠(火腿),根据垃圾分类的标准，应该属于厨余垃圾
"
3520,图中展示的物品是玻璃杯，根据垃圾分类的标准，应该属于其他垃圾。,"图中展示的物品是量杯,根据垃圾分类的标准，应该属于可回收物
"
3521,"图中展示的物品是[garbage_object],根据垃圾分类的标准，应该属于[garbage_type]","图中展示的物品是玻璃器皿,根据垃圾分类的标准，应该属于可回收物
"
3522,"图中展示的物品是{garbage_object},根据垃圾分类的标准，应该属于{garbage_type}","图中展示的物品是鞋,根据垃圾分类的标准，应该属于可回收物
"
3523,"图中展示的物品是{garbage_object},根据垃圾分类的标准，应该属于{garbage_type}","图中展示的物品是茶叶,根据垃圾分类的标准，应该属于厨余垃圾
"
3524,"图中展示的物品是[garbage_object],根据垃圾分类的标准，应该属于[garbage_type]","图中展示的物品是菠萝蜜,根据垃圾分类的标准，应该属于厨余垃圾
"
3525,图中展示的物品是玻璃制品，根据垃圾分类的标准，应该属于可回收垃圾。,"图中展示的物品是灯罩,根据垃圾分类的标准，应该属于可回收物
"
3526,图中展示的物品是食物，根据垃圾分类的标准，应该属于可回收物。,"图中展示的物品是八宝粥,根据垃圾分类的标准，应该属于厨余垃圾
"
3527,图中展示的物品是牙刷，根据垃圾分类的标准，应该属于可回收物,"图中展示的物品是验孕棒,根据垃圾分类的标准，应该属于其他垃圾
"
3528,"图中展示的物品是[spoon],根据垃圾分类的标准，应该属于[厨余垃圾]","图中展示的物品是勺子,根据垃圾分类的标准，应该属于可回收物
"
3529,图中展示的物品是胶水，根据垃圾分类的标准，应该属于有害垃圾,"图中展示的物品是胶水,根据垃圾分类的标准，应该属于有害垃圾
"
3530,图中展示的物品是遥控器，根据垃圾分类的标准，应该属于电子废弃物。,"图中展示的物品是空调遥控器,根据垃圾分类的标准，应该属于可回收物
"
3531,"图中展示的物品是[garbage_object],根据垃圾分类的标准，应该属于[garbage_type]","图中展示的物品是烧水壶,根据垃圾分类的标准，应该属于可回收物
"
3532,图中展示的物品是耳机，根据垃圾分类的标准，应该属于电子垃圾。,"图中展示的物品是耳机,根据垃圾分类的标准，应该属于可回收物
"
3533,图中展示的物品是袜子，根据垃圾分类的标准，应该属于不可回收垃圾,"图中展示的物品是袜子,根据垃圾分类的标准，应该属于可回收物
"
3534,"图中展示的物品是[garbage_object],根据垃圾分类的标准，应该属于[garbage_type]","图中展示的物品是护肤品空瓶,根据垃圾分类的标准，应该属于可回收物
"
3535,"图中展示的物品是[fruit],根据垃圾分类的标准，应该属于[food]","图中展示的物品是西瓜皮,根据垃圾分类的标准，应该属于厨余垃圾
"
3536,图中展示的物品是饼干，根据垃圾分类的标准，应该属于垃圾食品,"图中展示的物品是饼干,根据垃圾分类的标准，应该属于厨余垃圾
"
3537,图中展示的物品是胶水，根据垃圾分类的标准，应该属于{garbage_type}塑料。,"图中展示的物品是胶水,根据垃圾分类的标准，应该属于有害垃圾
"
3538,"图中展示的物品是[garbage_object],根据垃圾分类的标准，应该属于[garbage_type]","图中展示的物品是票据,根据垃圾分类的标准，应该属于其他垃圾
"
3539,图中展示的物品是萝卜,"图中展示的物品是白萝卜,根据垃圾分类的标准，应该属于厨余垃圾
"
3540,图中展示的物品是{glitter}，根据垃圾分类的标准，应该属于{recycle},"图中展示的物品是指甲油,根据垃圾分类的标准，应该属于有害垃圾
"
3541,"图中展示的物品是{garbage_object},根据垃圾分类的标准，应该属于{garbage_type}","图中展示的物品是肠(火腿),根据垃圾分类的标准，应该属于厨余垃圾
"
3542,"图中展示的物品是{garbage_object},根据垃圾分类的标准，应该属于{garbage_type}","图中展示的物品是核桃,根据垃圾分类的标准，应该属于厨余垃圾
"
3543,图中展示的物品是塑料盒，根据垃圾分类的标准，应该属于其他垃圾。,"图中展示的物品是保鲜盒,根据垃圾分类的标准，应该属于可回收物
"
3544,"图中展示的物品是{garbage_object},根据垃圾分类的标准，应该属于{garbage_type}","图中展示的物品是电动卷发棒,根据垃圾分类的标准，应该属于可回收物
"
3545,图中展示的物品是毛巾，根据垃圾分类的标准，应该属于可回收垃圾,"图中展示的物品是毛巾,根据垃圾分类的标准，应该属于其他垃圾
"
3546,图中展示的物品是薯条，根据垃圾分类的标准，应该属于可回收垃圾。,"图中展示的物品是薯条,根据垃圾分类的标准，应该属于厨余垃圾
"
3547,图中展示的物品是毛巾，根据垃圾分类的标准，应该属于废品。,"图中展示的物品是毛巾,根据垃圾分类的标准，应该属于其他垃圾
"
3548,"图中展示的物品是塑料袋,根据垃圾分类的标准，应该属于其他垃圾","图中展示的物品是档案袋,根据垃圾分类的标准，应该属于可回收物
"
3549,"图中展示的物品是[garbage_object],根据垃圾分类的标准，应该属于[garbage_type]","图中展示的物品是薯条,根据垃圾分类的标准，应该属于厨余垃圾
"
3550,图中展示的物品是{toothbrush}，根据垃圾分类的标准，应该属于{toothbrush}。,"图中展示的物品是电动牙刷,根据垃圾分类的标准，应该属于可回收物
"
3551,图中展示的物品是胡萝卜，属于厨余垃圾。,"图中展示的物品是胡萝卜,根据垃圾分类的标准，应该属于厨余垃圾
"
3552,图中展示的物品是{bag}，根据垃圾分类的标准，应该属于{garbage_type},"图中展示的物品是手提包,根据垃圾分类的标准，应该属于可回收物
"
3553,"图中展示的物品是{garbage_object},根据垃圾分类的标准，应该属于{garbage_type}","图中展示的物品是电池板,根据垃圾分类的标准，应该属于有害垃圾
"
3554,"图中展示的物品是{garbage_object},根据垃圾分类的标准，应该属于{garbage_type}","图中展示的物品是冰糖葫芦,根据垃圾分类的标准，应该属于厨余垃圾
"
3555,图中展示的物品是{no garbage}，根据垃圾分类的标准，不应该属于任何垃圾类别。,"图中展示的物品是空气加湿器,根据垃圾分类的标准，应该属于可回收物
"
3556,"图中展示的物品是[garbage_object],根据垃圾分类的标准，应该属于[garbage_type]","图中展示的物品是苍蝇拍,根据垃圾分类的标准，应该属于其他垃圾
"
3557,"图中展示的物品是[wood_object],根据垃圾分类的标准，应该属于[wood]","图中展示的物品是木质锅铲,根据垃圾分类的标准，应该属于可回收物
"
3558,图中展示的物品是剩饭剩菜，根据垃圾分类的标准，应该属于厨余垃圾。,"图中展示的物品是PE塑料袋,根据垃圾分类的标准，应该属于其他垃圾
"
3559,"图中展示的物品是[none],根据垃圾分类的标准，应该属于[none]","图中展示的物品是量杯,根据垃圾分类的标准，应该属于可回收物
"
3560,图中展示的物品是{drugs_or_supplements}，根据垃圾分类的标准，应该属于{garbage_type}垃圾。,"图中展示的物品是药品包装,根据垃圾分类的标准，应该属于有害垃圾
"
3561,图中展示的物品是蔬菜,"图中展示的物品是青菜,根据垃圾分类的标准，应该属于厨余垃圾
"
3562,"图中展示的物品是{garbage_object},根据垃圾分类的标准，应该属于{garbage_type}","图中展示的物品是地铁票,根据垃圾分类的标准，应该属于可回收物
"
3563,图中展示的物品是{no garbage}，根据垃圾分类的标准，应该属于{no garbage},"图中展示的物品是台灯,根据垃圾分类的标准，应该属于可回收物
"
3564,"图中展示的物品是{garbage_object},根据垃圾分类的标准，应该属于{garbage_type}垃圾。","图中展示的物品是木质梳子,根据垃圾分类的标准，应该属于可回收物
"
3565,图中展示的物品是罐头，根据垃圾分类的标准，应该属于可回收物。,"图中展示的物品是八宝粥罐,根据垃圾分类的标准，应该属于可回收物
"
3566,"图中展示的物品是{food_object},根据垃圾分类的标准，应该属于{food}","图中展示的物品是饼干,根据垃圾分类的标准，应该属于厨余垃圾
"
3567,"图中展示的物品是[garbage_object],根据垃圾分类的标准，应该属于[garbage_type]","图中展示的物品是白菜,根据垃圾分类的标准，应该属于厨余垃圾
"
3568,"图中展示的物品是{garbage_box},根据垃圾分类的标准，应该属于{garbage_type}","图中展示的物品是泡沫盒子,根据垃圾分类的标准，应该属于可回收物
"
3569,图中展示的物品是毛巾，根据垃圾分类的标准，应该属于可回收垃圾,"图中展示的物品是毛巾,根据垃圾分类的标准，应该属于其他垃圾
"
3570,图中展示的物品是路由器，根据垃圾分类的标准，应该属于电子废弃物。,"图中展示的物品是路由器,根据垃圾分类的标准，应该属于可回收物
"
3571,图中展示的物品是线轴，根据垃圾分类的标准，应该属于{garbage_type},"图中展示的物品是充电线,根据垃圾分类的标准，应该属于可回收物
"
3572,图中展示的物品是汉堡，根据垃圾分类的标准，应该属于可回收垃圾。,"图中展示的物品是汉堡,根据垃圾分类的标准，应该属于厨余垃圾
"
3573,图中展示的物品是{food}，根据垃圾分类的标准，应该属于{food waste},"图中展示的物品是烤鸡烤鸭,根据垃圾分类的标准，应该属于厨余垃圾
"
3574,图中展示的物品是玻璃杯，根据垃圾分类的标准，应该属于玻璃,"图中展示的物品是玻璃壶,根据垃圾分类的标准，应该属于可回收物
"
3575,饼干{garbage_object}；{garbage_type},"图中展示的物品是饼干,根据垃圾分类的标准，应该属于厨余垃圾
"
3576,"图中展示的物品是{food_object},根据垃圾分类的标准，应该属于{food}","图中展示的物品是菠萝包,根据垃圾分类的标准，应该属于厨余垃圾
"
3577,图中展示的物品是铅笔，根据垃圾分类的标准，应该属于废金属,"图中展示的物品是笔及笔芯,根据垃圾分类的标准，应该属于其他垃圾
"
3578,图中展示的物品是塑料瓶，根据垃圾分类的标准，应该属于可回收垃圾。,"图中展示的物品是胶水,根据垃圾分类的标准，应该属于有害垃圾
"
3579,"图中展示的物品是{garbage_object},根据垃圾分类的标准，应该属于{garbage_type}","图中展示的物品是玻璃器皿,根据垃圾分类的标准，应该属于可回收物
"
3580,"图中展示的物品是[iron],[garbage_object],[garbage_type]","图中展示的物品是电熨斗,根据垃圾分类的标准，应该属于可回收物
"
3581,"图中展示的物品是饼干,根据垃圾分类的标准，应该属于垃圾食品","图中展示的物品是饼干,根据垃圾分类的标准，应该属于厨余垃圾
"
3582,图中展示的物品是购物袋，根据垃圾分类的标准，应该属于可回收垃圾。,"图中展示的物品是购物纸袋,根据垃圾分类的标准，应该属于可回收物
"
3583,"图中展示的物品是{garbage_object},根据垃圾分类的标准，应该属于{garbage_type}","图中展示的物品是骨肉相连,根据垃圾分类的标准，应该属于厨余垃圾
"
3584,图中展示的物品是饼干，根据垃圾分类的标准，应该属于可回收垃圾。,"图中展示的物品是饼干,根据垃圾分类的标准，应该属于厨余垃圾
"
3585,图中展示的物品是坚果，根据垃圾分类的标准，应该属于可回收物,"图中展示的物品是巴旦木,根据垃圾分类的标准，应该属于厨余垃圾
"
3586,图中展示的物品是玩偶，根据垃圾分类的标准，应该属于可回收垃圾,"图中展示的物品是玩偶,根据垃圾分类的标准，应该属于可回收物
"
3587,图中展示的物品是{gum}，根据垃圾分类的标准，应该属于{garbage_type}垃圾。,"图中展示的物品是果冻,根据垃圾分类的标准，应该属于厨余垃圾
"
3588,图中展示的物品是[blow玻璃]，根据垃圾分类的标准，应该属于[玻璃],"图中展示的物品是灯罩,根据垃圾分类的标准，应该属于可回收物
"
3589,图中展示的物品是扬声器，根据垃圾分类的标准，应该属于电子垃圾,"图中展示的物品是废弃扩声器,根据垃圾分类的标准，应该属于可回收物
"
3590,图中展示的物品是充电器，根据垃圾分类的标准，应该属于电子垃圾。,"图中展示的物品是充电头,根据垃圾分类的标准，应该属于可回收物
"
3591,图中展示的物品是[alarmclock]，根据垃圾分类的标准，应该属于[垃圾],"图中展示的物品是钟表,根据垃圾分类的标准，应该属于可回收物
"
3592,"图中展示的物品是[food],根据垃圾分类的标准，应该属于[厨余垃圾]","图中展示的物品是玻璃器皿,根据垃圾分类的标准，应该属于可回收物
"
3593,"图中展示的物品是坚果,根据垃圾分类的标准，应该属于可回收垃圾","图中展示的物品是巴旦木,根据垃圾分类的标准，应该属于厨余垃圾
"
3594,"图中展示的物品是{garbage_object},根据垃圾分类的标准，应该属于{garbage_type}","图中展示的物品是档案袋,根据垃圾分类的标准，应该属于可回收物
"
3595,"图中展示的物品是[green_object],根据垃圾分类的标准，应该属于[厨余垃圾]","图中展示的物品是瓜子,根据垃圾分类的标准，应该属于厨余垃圾
"
3596,"图中展示的物品是{garbage_object},根据垃圾分类的标准，应该属于{garbage_type}","图中展示的物品是蚕豆,根据垃圾分类的标准，应该属于厨余垃圾
"
3597,"图中展示的物品是{light_object},根据垃圾分类的标准，应该属于{environmental}","图中展示的物品是玻璃球,根据垃圾分类的标准，应该属于可回收物
"
3598,"图中展示的物品是[garbage_object],根据垃圾分类的标准，应该属于[garbage_type]","图中展示的物品是订书机,根据垃圾分类的标准，应该属于可回收物
"
3599,"图中展示的物品是[garbage_object],根据垃圾分类的标准，应该属于[garbage_type]","图中展示的物品是菠萝,根据垃圾分类的标准，应该属于厨余垃圾
"
3600,"图中展示的物品是{garbage_object},根据垃圾分类的标准，应该属于{garbage_type}","图中展示的物品是白萝卜,根据垃圾分类的标准，应该属于厨余垃圾
"
3601,图中展示的物品是毛巾，根据垃圾分类的标准，应该属于废品,"图中展示的物品是毛巾,根据垃圾分类的标准，应该属于其他垃圾
"
3602,图中展示的物品是纸巾，根据垃圾分类的标准，应该属于纸张垃圾。,"图中展示的物品是纸巾,根据垃圾分类的标准，应该属于其他垃圾
"
3603,"图中展示的物品是{garbage_object},根据垃圾分类的标准，应该属于{garbage_type}","图中展示的物品是咖啡渣,根据垃圾分类的标准，应该属于厨余垃圾
"
3604,图中展示的物品是肉干，根据垃圾分类的标准，应该属于可回收垃圾。,"图中展示的物品是牛肉干,根据垃圾分类的标准，应该属于厨余垃圾
"
3605,图中展示的物品是{bag}，根据垃圾分类的标准，应该属于{可回收物}。,"图中展示的物品是购物纸袋,根据垃圾分类的标准，应该属于可回收物
"
3606,图中展示的物品是[meat]，根据垃圾分类的标准，应该属于[garbage_type]肉类。,"图中展示的物品是生肉,根据垃圾分类的标准，应该属于厨余垃圾
"
3607,图中展示的物品是灰尘掸子，根据垃圾分类的标准，应该属于其他垃圾。,"图中展示的物品是鸡毛掸,根据垃圾分类的标准，应该属于其他垃圾
"
3608,图中展示的物品是蔬菜,"图中展示的物品是青菜,根据垃圾分类的标准，应该属于厨余垃圾
"
3609,计算器{garbage_object},"图中展示的物品是计算器,根据垃圾分类的标准，应该属于可回收物
"
3610,图中展示的物品是灯，根据垃圾分类的标准，应该属于有害垃圾,"图中展示的物品是灯罩,根据垃圾分类的标准，应该属于可回收物
"
3611,图中展示的物品是{insect_swatter}，根据垃圾分类的标准，应该属于{environmental},"图中展示的物品是苍蝇拍,根据垃圾分类的标准，应该属于其他垃圾
"
3612,图中展示的物品是剃须刀，根据垃圾分类的标准，应该属于电子废弃物,"图中展示的物品是电动剃须刀,根据垃圾分类的标准，应该属于可回收物
"
3613,"图中展示的物品是{garbage_object},根据垃圾分类的标准，应该属于{garbage_type}","图中展示的物品是骨肉相连,根据垃圾分类的标准，应该属于厨余垃圾
"
3614,"图中展示的物品是{garbage_object},根据垃圾分类的标准，应该属于{garbage_type}","图中展示的物品是花生皮,根据垃圾分类的标准，应该属于厨余垃圾
"
3615,"图中展示的物品是{garbage_object},根据垃圾分类的标准，应该属于{garbage_type}垃圾。","图中展示的物品是打气筒,根据垃圾分类的标准，应该属于可回收物
"
3616,"图中展示的物品是{bag_object},根据垃圾分类的标准，应该属于{recycle}","图中展示的物品是购物纸袋,根据垃圾分类的标准，应该属于可回收物
"
3617,"图中展示的物品是[garbage_object],根据垃圾分类的标准，应该属于[garbage_type]","图中展示的物品是钟表,根据垃圾分类的标准，应该属于可回收物
"
3618,图中展示的物品是红肠，根据垃圾分类的标准，应该属于厨余垃圾,"图中展示的物品是肠(火腿),根据垃圾分类的标准，应该属于厨余垃圾
"
3619,图中展示的物品是布料，根据垃圾分类的标准，应该属于可回收物。,"图中展示的物品是枕头,根据垃圾分类的标准，应该属于可回收物
"
3620,图中展示的物品是手机，根据垃圾分类的标准，应该属于电子垃圾。,"图中展示的物品是手机,根据垃圾分类的标准，应该属于可回收物
"
3621,图中展示的物品是电池，根据垃圾分类的标准，应该属于有害垃圾。,"图中展示的物品是蓄电池,根据垃圾分类的标准，应该属于有害垃圾
"
3622,"图中展示的物品是{garbage_object},根据垃圾分类的标准，应该属于{garbage_type}","图中展示的物品是废弃扩声器,根据垃圾分类的标准，应该属于可回收物
"
3623,"图中展示的物品是{garbage_object},根据垃圾分类的标准，应该属于{garbage_type}垃圾。","图中展示的物品是钢丝球,根据垃圾分类的标准，应该属于可回收物
"
3624,图中展示的物品是{baked goods}，根据垃圾分类的标准，应该属于{food},"图中展示的物品是糕点,根据垃圾分类的标准，应该属于厨余垃圾
"
3625,图中展示的物品是玻璃杯，根据垃圾分类的标准，应该属于可回收物,"图中展示的物品是玻璃壶,根据垃圾分类的标准，应该属于可回收物
"
3626,图中展示的物品是剪刀，根据垃圾分类的标准，应该属于厨余垃圾,"图中展示的物品是剪刀,根据垃圾分类的标准，应该属于可回收物
"
3627,"图中展示的物品是{garbage_object},根据垃圾分类的标准，应该属于{garbage_type}","图中展示的物品是肠(火腿),根据垃圾分类的标准，应该属于厨余垃圾
"
3628,"图中展示的物品是[fruit],根据垃圾分类的标准，应该属于[fruit]","图中展示的物品是橙子,根据垃圾分类的标准，应该属于厨余垃圾
"
3629,"图中展示的物品是[other],根据垃圾分类的标准，应该属于[其他垃圾]","图中展示的物品是购物纸袋,根据垃圾分类的标准，应该属于可回收物
"
3630,"图中展示的物品是[garbage_object],根据垃圾分类的标准，应该属于[garbage_type]","图中展示的物品是青菜,根据垃圾分类的标准，应该属于厨余垃圾
"
3631,图中展示的物品是购物袋，根据垃圾分类的标准，应该属于可回收垃圾。,"图中展示的物品是购物纸袋,根据垃圾分类的标准，应该属于可回收物
"
3632,"图中展示的物品是[garbage_object],根据垃圾分类的标准，应该属于[garbage_type]","图中展示的物品是蛋挞,根据垃圾分类的标准，应该属于厨余垃圾
"
3633,图中展示的物品是坚果，根据垃圾分类的标准，应该属于可回收物。,"图中展示的物品是巴旦木,根据垃圾分类的标准，应该属于厨余垃圾
"
3634,图中展示的物品是木棍，根据垃圾分类的标准，应该属于可回收垃圾。,"图中展示的物品是烟蒂,根据垃圾分类的标准，应该属于其他垃圾
"
3635,图中展示的物品是餐具，根据垃圾分类的标准，应该属于厨余垃圾,"图中展示的物品是塑料盆,根据垃圾分类的标准，应该属于可回收物
"
3636,图中展示的物品是火车票，根据垃圾分类的标准，应该属于{garbage_type}废弃物。,"图中展示的物品是票据,根据垃圾分类的标准，应该属于其他垃圾
"
3637,图中展示的物品是面包，根据垃圾分类的标准，应该属于厨余垃圾。,"图中展示的物品是贝果,根据垃圾分类的标准，应该属于厨余垃圾
"
3638,图中展示的物品是蔬菜，根据垃圾分类的标准，应该属于{vegetable},"图中展示的物品是粉条,根据垃圾分类的标准，应该属于厨余垃圾
"
3639,"图中展示的物品是{garbage_object},根据垃圾分类的标准，应该属于{garbage_type}垃圾。","图中展示的物品是玩偶,根据垃圾分类的标准，应该属于可回收物
"
3640,图中展示的物品是塑料瓶，根据垃圾分类的标准，应该属于可回收垃圾。,"图中展示的物品是塑料瓶,根据垃圾分类的标准，应该属于可回收物
"
3641,图中展示的物品是毛绒玩具，根据垃圾分类的标准，应该属于垃圾中的可回收物。,"图中展示的物品是暖宝宝,根据垃圾分类的标准，应该属于可回收物
"
3642,图中展示的物品是{drinking_water}，根据垃圾分类的标准，应该属于{garbage_type}其他垃圾。,"图中展示的物品是药品包装,根据垃圾分类的标准，应该属于有害垃圾
"
3643,图中展示的物品是[food]，根据垃圾分类的标准，应该属于[食品],"图中展示的物品是牛肉干,根据垃圾分类的标准，应该属于厨余垃圾
"
3644,图中展示的物品是菜,"图中展示的物品是青菜,根据垃圾分类的标准，应该属于厨余垃圾
"
3645,图中展示的物品是蛋糕，根据垃圾分类的标准，应该属于垃圾食品,"图中展示的物品是糕点,根据垃圾分类的标准，应该属于厨余垃圾
"
3646,图中展示的物品是玩具，根据垃圾分类的标准，应该属于垃圾,"图中展示的物品是变形玩具,根据垃圾分类的标准，应该属于可回收物
"
3647,"图中展示的物品是{garbage_object},根据垃圾分类的标准，应该属于{garbage_type}","图中展示的物品是白萝卜,根据垃圾分类的标准，应该属于厨余垃圾
"
3648,图中展示的物品是[玻璃容器]，根据垃圾分类的标准，应该属于[玻璃],"图中展示的物品是玻璃器皿,根据垃圾分类的标准，应该属于可回收物
"
3649,"图中展示的物品是{garbage_object},根据垃圾分类的标准，应该属于{garbage_type}","图中展示的物品是单肩包手提包,根据垃圾分类的标准，应该属于可回收物
"
3650,图中展示的物品是烟灰缸，根据垃圾分类的标准，应该属于废纸。,"图中展示的物品是烟灰缸,根据垃圾分类的标准，应该属于可回收物
"
3651,"图中展示的物品是{garbage_object},根据垃圾分类的标准，应该属于{garbage_type}","图中展示的物品是饼干,根据垃圾分类的标准，应该属于厨余垃圾
"
3652,图中展示的物品是橡胶手套，根据垃圾分类的标准，应该属于可回收物。,"图中展示的物品是厨房手套,根据垃圾分类的标准，应该属于其他垃圾
"
3653,图中展示的物品是玻璃杯，根据垃圾分类的标准，应该属于可回收物,"图中展示的物品是玻璃壶,根据垃圾分类的标准，应该属于可回收物
"
3654,图中展示的物品是遥控器，根据垃圾分类的标准，应该属于废电子类,"图中展示的物品是空调遥控器,根据垃圾分类的标准，应该属于可回收物
"
3655,图中展示的物品是玻璃容器，根据垃圾分类的标准，应该属于玻璃垃圾。,"图中展示的物品是玻璃壶,根据垃圾分类的标准，应该属于可回收物
"
3656,"图中展示的物品是纸张,根据垃圾分类的标准，应该属于可回收垃圾","图中展示的物品是信封,根据垃圾分类的标准，应该属于可回收物
"
3657,图中展示的物品是化妆品，根据垃圾分类的标准，应该属于有害垃圾,"图中展示的物品是护肤品空瓶,根据垃圾分类的标准，应该属于可回收物
"
3658,图中展示的物品是蔬菜，根据垃圾分类的标准，应该属于厨余垃圾,"图中展示的物品是残渣剩饭,根据垃圾分类的标准，应该属于厨余垃圾
"
3659,"图中展示的物品是[garbage_object],根据垃圾分类的标准，应该属于[garbage_type]","图中展示的物品是台灯,根据垃圾分类的标准，应该属于可回收物
"
3660,"图中展示的物品是[garbage_object],根据垃圾分类的标准，应该属于[garbage_type]","图中展示的物品是生肉,根据垃圾分类的标准，应该属于厨余垃圾
"
3661,"图中展示的物品是{garbage_object},根据垃圾分类的标准，应该属于{garbage_type}","图中展示的物品是充电头,根据垃圾分类的标准，应该属于可回收物
"
3662,图中展示的物品是{cosmetics}，根据垃圾分类的标准，应该属于{garbage_type}化妆品。,"图中展示的物品是护肤品空瓶,根据垃圾分类的标准，应该属于可回收物
"
3663,机器人,"图中展示的物品是变形玩具,根据垃圾分类的标准，应该属于可回收物
"
3664,图中展示的物品是毛巾，根据垃圾分类的标准，应该属于可回收物。,"图中展示的物品是毛巾,根据垃圾分类的标准，应该属于其他垃圾
"
3665,"图中展示的物品是[garbage_object],根据垃圾分类的标准，应该属于[garbage_type]","图中展示的物品是笔及笔芯,根据垃圾分类的标准，应该属于其他垃圾
"
3666,图中展示的物品是手套，根据垃圾分类的标准，应该属于{garbage_type}废品,"图中展示的物品是厨房手套,根据垃圾分类的标准，应该属于其他垃圾
"
3667,"图中展示的物品是{garbage_object},根据垃圾分类的标准，应该属于{garbage_type}垃圾。","图中展示的物品是档案袋,根据垃圾分类的标准，应该属于可回收物
"
3668,"图中展示的物品是[wood_object],根据垃圾分类的标准，应该属于[recyclable]","图中展示的物品是木制玩具,根据垃圾分类的标准，应该属于可回收物
"
3669,"图中展示的物品是{garbage_object},根据垃圾分类的标准，应该属于{garbage_type}","图中展示的物品是干燥剂,根据垃圾分类的标准，应该属于其他垃圾
"
3670,"图中展示的物品是{garbage_object},根据垃圾分类的标准，应该属于{garbage_type}","图中展示的物品是电动牙刷,根据垃圾分类的标准，应该属于可回收物
"
3671,"图中展示的物品是{garbage_object},根据垃圾分类的标准，应该属于{garbage_type}","图中展示的物品是木质梳子,根据垃圾分类的标准，应该属于可回收物
"
3672,图中展示的物品是蛋糕，根据垃圾分类的标准，应该属于厨余垃圾,"图中展示的物品是糕点,根据垃圾分类的标准，应该属于厨余垃圾
"
3673,"图中展示的物品是[garbage_object],根据垃圾分类的标准，应该属于[garbage_type]","图中展示的物品是玩偶,根据垃圾分类的标准，应该属于可回收物
"
3674,"图中展示的物品是{garbage_object},根据垃圾分类的标准，应该属于{garbage_type}塑料制品。","图中展示的物品是废弃扩声器,根据垃圾分类的标准，应该属于可回收物
"
3675,"图中展示的物品是[handbag_object],根据垃圾分类的标准，应该属于[trash]","图中展示的物品是单肩包手提包,根据垃圾分类的标准，应该属于可回收物
"
3676,图中展示的物品是吹风机，根据垃圾分类的标准，应该属于可回收物,"图中展示的物品是吹风机,根据垃圾分类的标准，应该属于可回收物
"
3677,图中展示的物品是钢丝球，根据垃圾分类的标准，应该属于有害垃圾,"图中展示的物品是钢丝球,根据垃圾分类的标准，应该属于可回收物
"
3678,图中展示的物品是{tomato}，根据垃圾分类的标准，应该属于{food},"图中展示的物品是圣女果,根据垃圾分类的标准，应该属于厨余垃圾
"
3679,图中展示的物品是电源适配器，根据垃圾分类的标准，应该属于电子废弃物。,"图中展示的物品是充电宝,根据垃圾分类的标准，应该属于可回收物
"
3680,图中展示的物品是线缆，根据垃圾分类的标准，应该属于{recyclable},"图中展示的物品是充电线,根据垃圾分类的标准，应该属于可回收物
"
3681,"图中展示的物品是[garbage_object],根据垃圾分类的标准，应该属于[garbage_type]","图中展示的物品是登机牌,根据垃圾分类的标准，应该属于可回收物
"
3682,"图中展示的物品是{garbage_object},根据垃圾分类的标准，应该属于{garbage_type}","图中展示的物品是变形玩具,根据垃圾分类的标准，应该属于可回收物
"
3683,图中展示的物品是饼干，根据垃圾分类的标准，应该属于垃圾食品,"图中展示的物品是饼干,根据垃圾分类的标准，应该属于厨余垃圾
"
3684,"图中展示的物品是{garbage_object},根据垃圾分类的标准，应该属于{garbage_type}","图中展示的物品是纸巾,根据垃圾分类的标准，应该属于其他垃圾
"
3685,图中展示的物品是鼠标，根据垃圾分类的标准，应该属于电子废弃物,"图中展示的物品是鼠标,根据垃圾分类的标准，应该属于可回收物
"
3686,"图中展示的物品是[spoon],根据垃圾分类的标准，应该属于[厨余垃圾]","图中展示的物品是勺子,根据垃圾分类的标准，应该属于可回收物
"
3687,图中展示的物品是{baked_food}，根据垃圾分类的标准，应该属于{food},"图中展示的物品是糕点,根据垃圾分类的标准，应该属于厨余垃圾
"
3688,图中展示的物品是纸箱，根据垃圾分类的标准，应该属于可回收垃圾。,"图中展示的物品是纸箱,根据垃圾分类的标准，应该属于可回收物
"
3689,"图中展示的物品是{garbage_object},根据垃圾分类的标准，应该属于{garbage_type}其他垃圾","图中展示的物品是鸡毛掸,根据垃圾分类的标准，应该属于其他垃圾
"
3690,图中展示的物品是玻璃，根据垃圾分类的标准，应该属于玻璃垃圾,"图中展示的物品是玻璃器皿,根据垃圾分类的标准，应该属于可回收物
"
3691,"图中展示的物品是{garbage_object},根据垃圾分类的标准，应该属于{garbage_type}","图中展示的物品是保温杯,根据垃圾分类的标准，应该属于可回收物
"
3692,图中展示的物品是银行卡，根据垃圾分类的标准，应该属于{garbage_type}废纸。,"图中展示的物品是卡,根据垃圾分类的标准，应该属于可回收物
"
3693,"图中展示的物品是{garbage_object},根据垃圾分类的标准，应该属于{garbage_type}","图中展示的物品是核桃,根据垃圾分类的标准，应该属于厨余垃圾
"
3694,图中展示的物品是瓜子，根据垃圾分类的标准，应该属于厨余垃圾,"图中展示的物品是瓜子,根据垃圾分类的标准，应该属于厨余垃圾
"
3695,"图中展示的物品是{garbage_object},根据垃圾分类的标准，应该属于{garbage_type}","图中展示的物品是车钥匙,根据垃圾分类的标准，应该属于可回收物
"
3696,图中展示的物品是{card}，根据垃圾分类的标准，应该属于{garbage_type},"图中展示的物品是纸牌,根据垃圾分类的标准，应该属于可回收物
"
3697,图中展示的物品是白菜，根据垃圾分类的标准，应该属于可回收物,"图中展示的物品是白菜,根据垃圾分类的标准，应该属于厨余垃圾
"
3698,"图中展示的物品是{kettle_object},根据垃圾分类的标准，应该属于{recyclable}","图中展示的物品是烧水壶,根据垃圾分类的标准，应该属于可回收物
"
3699,图中展示的物品是食物，根据垃圾分类的标准，应该属于垃圾食品,"图中展示的物品是鸡翅,根据垃圾分类的标准，应该属于厨余垃圾
"
3700,图中展示的物品是香肠，根据垃圾分类的标准，应该属于厨余垃圾,"图中展示的物品是肠(火腿),根据垃圾分类的标准，应该属于厨余垃圾
"
3701,"图中展示的物品是[garbage_object],根据垃圾分类的标准，应该属于[garbage_type]","图中展示的物品是火龙果,根据垃圾分类的标准，应该属于厨余垃圾
"
3702,图中展示的物品是尺子，根据垃圾分类的标准，应该属于可回收物。,"图中展示的物品是尺子,根据垃圾分类的标准，应该属于可回收物
"
3703,"图中展示的物品是[garbage_object],根据垃圾分类的标准，应该属于[garbage_type]","图中展示的物品是糕点,根据垃圾分类的标准，应该属于厨余垃圾
"
3704,"图中展示的物品是[garbage_object],根据垃圾分类的标准，应该属于[garbage_type]","图中展示的物品是巴旦木,根据垃圾分类的标准，应该属于厨余垃圾
"
3705,图中展示的物品是紫色土豆泥，根据垃圾分类的标准，应该属于可回收物。,"图中展示的物品是普通面包,根据垃圾分类的标准，应该属于厨余垃圾
"
3706,图中展示的物品是{fruit}，根据垃圾分类的标准，应该属于{organic},"图中展示的物品是糕点,根据垃圾分类的标准，应该属于厨余垃圾
"
3707,"图中展示的物品是[red object],根据垃圾分类的标准，应该属于[可回收垃圾]","图中展示的物品是圣女果,根据垃圾分类的标准，应该属于厨余垃圾
"
3708,"图中展示的物品是{garbage_object},根据垃圾分类的标准，应该属于{garbage_type}垃圾。","图中展示的物品是鸡翅,根据垃圾分类的标准，应该属于厨余垃圾
"
3709,图中展示的物品是{brush}，根据垃圾分类的标准，应该属于{cleaning},"图中展示的物品是鸡毛掸,根据垃圾分类的标准，应该属于其他垃圾
"
3710,图中展示的物品是玩具，根据垃圾分类的标准，应该属于玩具。,"图中展示的物品是木制玩具,根据垃圾分类的标准，应该属于可回收物
"
3711,"图中展示的物品是[garbage_object],根据垃圾分类的标准，应该属于[garbage_type]","图中展示的物品是鞋,根据垃圾分类的标准，应该属于可回收物
"
3712,图中展示的物品是{paper}，根据垃圾分类的标准，应该属于{paper},"图中展示的物品是档案袋,根据垃圾分类的标准，应该属于可回收物
"
3713,图中展示的物品是{car_key}，根据垃圾分类的标准，应该属于{garbage_type}垃圾。,"图中展示的物品是车钥匙,根据垃圾分类的标准，应该属于可回收物
"
3714,"图中展示的物品是[garbage_object],根据垃圾分类的标准，应该属于[garbage_type]","图中展示的物品是车钥匙,根据垃圾分类的标准，应该属于可回收物
"
3715,"图中展示的物品是[garbage_object],根据垃圾分类的标准，应该属于[garbage_type]","图中展示的物品是八宝粥,根据垃圾分类的标准，应该属于厨余垃圾
"
3716,图中展示的物品是化妆水，根据垃圾分类的标准，应该属于其他垃圾。,"图中展示的物品是护肤品空瓶,根据垃圾分类的标准，应该属于可回收物
"
3717,"图中展示的物品是[garbage_object],根据垃圾分类的标准，应该属于[garbage_type]","图中展示的物品是果冻,根据垃圾分类的标准，应该属于厨余垃圾
"
3718,图中展示的物品是线缆，根据垃圾分类的标准，应该属于电子废弃物,"图中展示的物品是充电线,根据垃圾分类的标准，应该属于可回收物
"
3719,图中展示的物品是{toy}，根据垃圾分类的标准，应该属于{toy},"图中展示的物品是变形玩具,根据垃圾分类的标准，应该属于可回收物
"
3720,图中展示的物品是茶杯，根据垃圾分类的标准，应该属于可回收物。,"图中展示的物品是保温杯,根据垃圾分类的标准，应该属于可回收物
"
3721,"图中展示的物品是{garbage_object},根据垃圾分类的标准，应该属于{garbage_type}","图中展示的物品是拖鞋,根据垃圾分类的标准，应该属于可回收物
"
3722,图中展示的物品是镊子，根据垃圾分类的标准，应该属于厨余垃圾。,"图中展示的物品是镊子,根据垃圾分类的标准，应该属于可回收物
"
3723,"图中展示的物品是{garbage_object},根据垃圾分类的标准，应该属于{garbage_type}其他垃圾","图中展示的物品是泡沫盒子,根据垃圾分类的标准，应该属于可回收物
"
3724,"图中展示的物品是[garbage_object],根据垃圾分类的标准，应该属于[garbage_type]","图中展示的物品是八宝粥,根据垃圾分类的标准，应该属于厨余垃圾
"
3725,图中展示的物品是香肠，根据垃圾分类的标准，应该属于厨余垃圾。,"图中展示的物品是肠(火腿),根据垃圾分类的标准，应该属于厨余垃圾
"
3726,"图中展示的物品是[garbage_object],根据垃圾分类的标准，应该属于[garbage_type]","图中展示的物品是骨肉相连,根据垃圾分类的标准，应该属于厨余垃圾
"
3727,图中展示的物品是塑料瓶，根据垃圾分类的标准，应该属于可回收物,"图中展示的物品是塑料瓶,根据垃圾分类的标准，应该属于可回收物
"
3728,图中展示的物品是[food]，根据垃圾分类的标准，应该属于[垃圾食品],"图中展示的物品是罐头瓶,根据垃圾分类的标准，应该属于可回收物
"
3729,图中展示的物品是苹果片，根据垃圾分类的标准，应该属于可回收物。,"图中展示的物品是西瓜皮,根据垃圾分类的标准，应该属于厨余垃圾
"
3730,图中展示的物品是纸人，根据垃圾分类的标准，应该属于可回收垃圾。,"图中展示的物品是玩偶,根据垃圾分类的标准，应该属于可回收物
"
3731,"图中展示的物品是{garbage_object},根据垃圾分类的标准，应该属于{garbage_type}","图中展示的物品是变形玩具,根据垃圾分类的标准，应该属于可回收物
"
3732,"图中展示的物品是[garbage_object],根据垃圾分类的标准，应该属于[garbage_type]","图中展示的物品是糕点,根据垃圾分类的标准，应该属于厨余垃圾
"
3733,"图中展示的物品是[garbage_object],根据垃圾分类的标准，应该属于[garbage_type]","图中展示的物品是鸡毛掸,根据垃圾分类的标准，应该属于其他垃圾
"
3734,"图中展示的物品是{garbage_object},根据垃圾分类的标准，应该属于{garbage_type}垃圾。","图中展示的物品是票据,根据垃圾分类的标准，应该属于其他垃圾
"
3735,图中展示的物品是{food}，根据垃圾分类的标准，应该属于{food},"图中展示的物品是蛋糕盒,根据垃圾分类的标准，应该属于可回收物
"
3736,图中展示的物品是计算器，根据垃圾分类的标准，应该属于电子废弃物,"图中展示的物品是计算器,根据垃圾分类的标准，应该属于可回收物
"
3737,"图中展示的物品是{garbage_object},根据垃圾分类的标准，应该属于{garbage_type}","图中展示的物品是蘑菇,根据垃圾分类的标准，应该属于厨余垃圾
"
3738,"图中展示的物品是[drinks, cosmetics, hygiene, toiletries]，根据垃圾分类的标准，应该属于[recyclable, hazardous, recyclable, hazardous]","图中展示的物品是护肤品空瓶,根据垃圾分类的标准，应该属于可回收物
"
3739,"图中展示的物品是{garbage_object},根据垃圾分类的标准，应该属于{garbage_type}","图中展示的物品是蘑菇,根据垃圾分类的标准，应该属于厨余垃圾
"
3740,"图中展示的物品是{garbage_object},根据垃圾分类的标准，应该属于{garbage_type}","图中展示的物品是鸡翅,根据垃圾分类的标准，应该属于厨余垃圾
"
3741,图中展示的物品是塑料瓶盖，根据垃圾分类的标准，应该属于可回收垃圾,"图中展示的物品是玻璃器皿,根据垃圾分类的标准，应该属于可回收物
"
3742,图中展示的物品是扬声器，根据垃圾分类的标准，应该属于垃圾电子电器类,"图中展示的物品是废弃扩声器,根据垃圾分类的标准，应该属于可回收物
"
3743,图中展示的物品是蛋糕盒，根据垃圾分类的标准，应该属于可回收物,"图中展示的物品是蛋糕盒,根据垃圾分类的标准，应该属于可回收物
"
3744,图中展示的物品是碱性电池，根据垃圾分类的标准，应该属于其他垃圾。,"图中展示的物品是电池,根据垃圾分类的标准，应该属于有害垃圾
"
3745,图中展示的物品是灯泡，根据垃圾分类的标准，应该属于可回收物。,"图中展示的物品是LED灯泡,根据垃圾分类的标准，应该属于有害垃圾
"
3746,图中展示的物品是洗碗布，根据垃圾分类的标准，应该属于其他垃圾,"图中展示的物品是百洁布,根据垃圾分类的标准，应该属于其他垃圾
"
3747,"图中展示的物品是[garbage_object],根据垃圾分类的标准，应该属于[garbage_type]","图中展示的物品是笔及笔芯,根据垃圾分类的标准，应该属于其他垃圾
"
3748,图中展示的物品是{remote_control}，根据垃圾分类的标准，应该属于{electronics},"图中展示的物品是空调遥控器,根据垃圾分类的标准，应该属于可回收物
"
3749,图中展示的物品是玩具，根据垃圾分类的标准，应该属于可回收垃圾。,"图中展示的物品是玩偶,根据垃圾分类的标准，应该属于可回收物
"
3750,图中展示的物品是{grain}，根据垃圾分类的标准，应该属于{commodity},"图中展示的物品是八宝粥,根据垃圾分类的标准，应该属于厨余垃圾
"
3751,"图中展示的物品是{garbage_object},根据垃圾分类的标准，应该属于{garbage_type}垃圾。","图中展示的物品是保温杯,根据垃圾分类的标准，应该属于可回收物
"
3752,"图中展示的物品是[garbage_object],根据垃圾分类的标准，应该属于[garbage_type]","图中展示的物品是暖宝宝,根据垃圾分类的标准，应该属于可回收物
"
3753,"图中展示的物品是{garbage_object},根据垃圾分类的标准，应该属于{garbage_type}","图中展示的物品是青菜,根据垃圾分类的标准，应该属于厨余垃圾
"
3754,"图中展示的物品是[胡萝卜],根据垃圾分类的标准，应该属于[厨余垃圾]","图中展示的物品是胡萝卜,根据垃圾分类的标准，应该属于厨余垃圾
"
3755,图中展示的物品是[pearl]，根据垃圾分类的标准，应该属于[garbage_type],"图中展示的物品是耳钉耳环,根据垃圾分类的标准，应该属于可回收物
"
3756,图中展示的物品是茶具，根据垃圾分类的标准，应该属于{garbage_type}玻璃,"图中展示的物品是玻璃壶,根据垃圾分类的标准，应该属于可回收物
"
3757,"图中展示的物品是[garbage_object],根据垃圾分类的标准，应该属于[garbage_type]","图中展示的物品是肠(火腿),根据垃圾分类的标准，应该属于厨余垃圾
"
3758,图中展示的物品是卫生纸，根据垃圾分类的标准，应该属于可回收物,"图中展示的物品是创可贴,根据垃圾分类的标准，应该属于其他垃圾
"
3759,图中展示的物品是饼干，根据垃圾分类的标准，应该属于厨余垃圾,"图中展示的物品是饼干,根据垃圾分类的标准，应该属于厨余垃圾
"
3760,图中展示的物品是锅盖，根据垃圾分类的标准，应该属于厨余垃圾。,"图中展示的物品是锅盖,根据垃圾分类的标准，应该属于可回收物
"
3761,"图中展示的物品是[garbage_object],根据垃圾分类的标准，应该属于[garbage_type]","图中展示的物品是烤鸡烤鸭,根据垃圾分类的标准，应该属于厨余垃圾
"
3762,图中展示的物品是剃须刀，根据垃圾分类的标准，应该属于家庭废弃物,"图中展示的物品是电动剃须刀,根据垃圾分类的标准，应该属于可回收物
"
3763,图中展示的物品是插线板，根据垃圾分类的标准，应该属于电子废弃物,"图中展示的物品是插线板,根据垃圾分类的标准，应该属于可回收物
"
3764,"图中展示的物品是纸盒,根据垃圾分类的标准，应该属于废纸","图中展示的物品是蛋糕盒,根据垃圾分类的标准，应该属于可回收物
"
3765,"图中展示的物品是[garbage_object],根据垃圾分类的标准，应该属于[garbage_type]","图中展示的物品是鸡毛掸,根据垃圾分类的标准，应该属于其他垃圾
"
3766,"图中展示的物品是{garbage_object},根据垃圾分类的标准，应该属于{garbage_type}","图中展示的物品是火龙果,根据垃圾分类的标准，应该属于厨余垃圾
"
3767,图中展示的物品是香蕉皮，根据垃圾分类的标准，应该属于厨余垃圾。,"图中展示的物品是香蕉皮,根据垃圾分类的标准，应该属于厨余垃圾
"
3768,"图中展示的物品是{garbage_object},根据垃圾分类的标准，应该属于{garbage_type}","图中展示的物品是肠(火腿),根据垃圾分类的标准，应该属于厨余垃圾
"
3769,"图中展示的物品是{garbage_object},根据垃圾分类的标准，应该属于{garbage_type}","图中展示的物品是收音机,根据垃圾分类的标准，应该属于可回收物
"
3770,"图中展示的物品是[chestnut, tree]，根据垃圾分类的标准，应该属于[food]","图中展示的物品是板栗,根据垃圾分类的标准，应该属于厨余垃圾
"
3771,"图中展示的物品是{toy_object},根据垃圾分类的标准，应该属于{toy}","图中展示的物品是变形玩具,根据垃圾分类的标准，应该属于可回收物
"
3772,"图中展示的物品是[手表],根据垃圾分类的标准，应该属于[其他垃圾]","图中展示的物品是钟表,根据垃圾分类的标准，应该属于可回收物
"
3773,"图中展示的物品是{garbage_object},根据垃圾分类的标准，应该属于{garbage_type}","图中展示的物品是电动牙刷,根据垃圾分类的标准，应该属于可回收物
"
3774,"图中展示的物品是{garbage_object},根据垃圾分类的标准，应该属于{garbage_type}","图中展示的物品是尺子,根据垃圾分类的标准，应该属于可回收物
"
3775,图中展示的物品是塑料瓶，根据垃圾分类的标准，应该属于可回收垃圾。,"图中展示的物品是红花油,根据垃圾分类的标准，应该属于有害垃圾
"
3776,图中展示的物品是{wood}，根据垃圾分类的标准，应该属于{wood},"图中展示的物品是木质锅铲,根据垃圾分类的标准，应该属于可回收物
"
3777,"图中展示的物品是[garbage_object],根据垃圾分类的标准，应该属于[garbage_type]","图中展示的物品是糕点,根据垃圾分类的标准，应该属于厨余垃圾
"
3778,图中展示的物品是烟灰缸，根据垃圾分类的标准，应该属于垃圾,"图中展示的物品是烟灰缸,根据垃圾分类的标准，应该属于可回收物
"
3779,"图中展示的物品是[garbage_object],根据垃圾分类的标准，应该属于[garbage_type]","图中展示的物品是白萝卜,根据垃圾分类的标准，应该属于厨余垃圾
"
3780,"图中展示的物品是书籍,根据垃圾分类的标准，应该属于废纸","图中展示的物品是书,根据垃圾分类的标准，应该属于可回收物
"
3781,图中展示的物品是{no garbage},"图中展示的物品是纸箱,根据垃圾分类的标准，应该属于可回收物
"
3782,图中展示的物品是牙刷，根据垃圾分类的标准，应该属于可回收物,"图中展示的物品是牙刷,根据垃圾分类的标准，应该属于其他垃圾
"
3783,"图中展示的物品是{garbage_object},根据垃圾分类的标准，应该属于{garbage_type}","图中展示的物品是车钥匙,根据垃圾分类的标准，应该属于可回收物
"
3784,图中展示的物品是{paper_bag}，根据垃圾分类的标准，应该属于{paper},"图中展示的物品是购物纸袋,根据垃圾分类的标准，应该属于可回收物
"
3785,"图中展示的物品是{garbage_object},根据垃圾分类的标准，应该属于{garbage_type}","图中展示的物品是地球仪,根据垃圾分类的标准，应该属于可回收物
"
3786,"图中展示的物品是{garbage_object},根据垃圾分类的标准，应该属于{garbage_type}","图中展示的物品是糕点,根据垃圾分类的标准，应该属于厨余垃圾
"
3787,图中展示的物品是梳子，根据垃圾分类的标准，应该属于废品,"图中展示的物品是木质梳子,根据垃圾分类的标准，应该属于可回收物
"
3788,图中展示的物品是塑料瓶，根据垃圾分类的标准，应该属于废塑料,"图中展示的物品是塑料瓶,根据垃圾分类的标准，应该属于可回收物
"
3789,"图中展示的物品是{garbage_object},根据垃圾分类的标准，应该属于{garbage_type}电子废弃物","图中展示的物品是望远镜,根据垃圾分类的标准，应该属于可回收物
"
3790,"图中展示的物品是[文具],根据垃圾分类的标准，应该属于[废纸]","图中展示的物品是笔及笔芯,根据垃圾分类的标准，应该属于其他垃圾
"
3791,图中展示的物品是{apple}，根据垃圾分类的标准，应该属于{organic},"图中展示的物品是西瓜皮,根据垃圾分类的标准，应该属于厨余垃圾
"
3792,图中展示的物品是金属尺，根据垃圾分类的标准，应该属于金属,"图中展示的物品是尺子,根据垃圾分类的标准，应该属于可回收物
"
3793,"图中展示的物品是{garbage_object},根据垃圾分类的标准，应该属于{garbage_type}","图中展示的物品是电动卷发棒,根据垃圾分类的标准，应该属于可回收物
"
3794,"图中展示的物品是[garbage_object],根据垃圾分类的标准，应该属于[garbage_type]","图中展示的物品是板栗,根据垃圾分类的标准，应该属于厨余垃圾
"
3795,图中展示的物品是蔬菜，根据垃圾分类的标准，应该属于厨余垃圾。,"图中展示的物品是西瓜皮,根据垃圾分类的标准，应该属于厨余垃圾
"
3796,图中展示的物品是衣架，根据垃圾分类的标准，应该属于厨余垃圾,"图中展示的物品是衣架,根据垃圾分类的标准，应该属于可回收物
"
3797,图中展示的物品是筷子，根据垃圾分类的标准，应该属于厨余垃圾,"图中展示的物品是木质锅铲,根据垃圾分类的标准，应该属于可回收物
"
3798,图中展示的物品是{fruit}，根据垃圾分类的标准，应该属于{fruit},"图中展示的物品是冰糖葫芦,根据垃圾分类的标准，应该属于厨余垃圾
"
3799,图中展示的物品是毛刷，根据垃圾分类的标准，应该属于其他垃圾,"图中展示的物品是鸡毛掸,根据垃圾分类的标准，应该属于其他垃圾
"
3800,图中展示的物品是电池，根据垃圾分类的标准，应该属于有害垃圾,"图中展示的物品是电池,根据垃圾分类的标准，应该属于有害垃圾
"
3801,"图中展示的物品是{garbage_object},根据垃圾分类的标准，应该属于{garbage_type}垃圾。","图中展示的物品是鞋,根据垃圾分类的标准，应该属于可回收物
"
3802,"图中展示的物品是[garbage_object],根据垃圾分类的标准，应该属于[garbage_type]","图中展示的物品是玩偶,根据垃圾分类的标准，应该属于可回收物
"
3803,图中展示的物品是牛奶，根据垃圾分类的标准，应该属于可回收物,"图中展示的物品是奶盒,根据垃圾分类的标准，应该属于可回收物
"
3804,图中展示的物品是白菜，根据垃圾分类的标准，应该属于厨余垃圾。,"图中展示的物品是白菜,根据垃圾分类的标准，应该属于厨余垃圾
"
3805,"图中展示的物品是[garbage_object],根据垃圾分类的标准，应该属于[garbage_type]","图中展示的物品是勺子,根据垃圾分类的标准，应该属于可回收物
"
3806,"图中展示的物品是{garbage_object},根据垃圾分类的标准，应该属于{garbage_type}","图中展示的物品是汉堡,根据垃圾分类的标准，应该属于厨余垃圾
"
3807,图中展示的物品是蔬菜，根据垃圾分类的标准，应该属于可回收物,"图中展示的物品是西瓜皮,根据垃圾分类的标准，应该属于厨余垃圾
"
3808,图中展示的物品是玻璃制品，根据垃圾分类的标准，应该属于玻璃,"图中展示的物品是盘子,根据垃圾分类的标准，应该属于可回收物
"
3809,"图中展示的物品是{garbage_object},根据垃圾分类的标准，应该属于{garbage_type}","图中展示的物品是生肉,根据垃圾分类的标准，应该属于厨余垃圾
"
3810,图中展示的物品是报纸，根据垃圾分类的标准，应该属于垃圾纸,"图中展示的物品是报纸,根据垃圾分类的标准，应该属于可回收物
"
3811,图中展示的物品是塑料瓶，根据垃圾分类的标准，应该属于可回收垃圾。,"图中展示的物品是滴眼液瓶,根据垃圾分类的标准，应该属于有害垃圾
"
3812,"图中展示的物品是{garbage_object},根据垃圾分类的标准，应该属于{garbage_type}电子垃圾","图中展示的物品是电池板,根据垃圾分类的标准，应该属于有害垃圾
"
3813,图中展示的物品是{glass_box}，根据垃圾分类的标准，应该属于{recyclable},"图中展示的物品是保鲜盒,根据垃圾分类的标准，应该属于可回收物
"
3814,"图中展示的物品是{garbage_object},根据垃圾分类的标准，应该属于{garbage_type}","图中展示的物品是袜子,根据垃圾分类的标准，应该属于可回收物
"
3815,图中展示的物品是蛋糕，根据垃圾分类的标准，应该属于可回收物,"图中展示的物品是菠萝包,根据垃圾分类的标准，应该属于厨余垃圾
"
3816,图中展示的物品是蔬菜，根据垃圾分类的标准，应该属于厨余垃圾。,"图中展示的物品是骨肉相连,根据垃圾分类的标准，应该属于厨余垃圾
"
3817,图中展示的物品是[light_bulb]，根据垃圾分类的标准，应该属于[recyclable]。,"图中展示的物品是LED灯泡,根据垃圾分类的标准，应该属于有害垃圾
"
3818,"图中展示的物品是{garbage_object},根据垃圾分类的标准，应该属于{garbage_type}电子废弃物","图中展示的物品是蓄电池,根据垃圾分类的标准，应该属于有害垃圾
"
3819,"图中展示的物品是{iron_object},根据垃圾分类的标准，应该属于{garbage_type}","图中展示的物品是电熨斗,根据垃圾分类的标准，应该属于可回收物
"
3820,"图中展示的物品是{garbage_object},根据垃圾分类的标准，应该属于{garbage_type}","图中展示的物品是创可贴,根据垃圾分类的标准，应该属于其他垃圾
"
3821,"图中展示的物品是[garbage_object],根据垃圾分类的标准，应该属于[garbage_type]","图中展示的物品是茶壶碎片,根据垃圾分类的标准，应该属于其他垃圾
"
3822,图中展示的物品是{pill_box}，根据垃圾分类的标准，应该属于{garbage_type},"图中展示的物品是药片,根据垃圾分类的标准，应该属于有害垃圾
"
3823,图中展示的物品是白菜，根据垃圾分类的标准，应该属于厨余垃圾。,"图中展示的物品是白菜,根据垃圾分类的标准，应该属于厨余垃圾
"
3824,图中展示的物品是玻璃杯，根据垃圾分类的标准，应该属于玻璃,"图中展示的物品是量杯,根据垃圾分类的标准，应该属于可回收物
"
3825,"图中展示的物品是[garbage_object],根据垃圾分类的标准，应该属于[garbage_type]","图中展示的物品是糕点,根据垃圾分类的标准，应该属于厨余垃圾
"
3826,"图中展示的物品是{garbage_object},根据垃圾分类的标准，应该属于{garbage_type}垃圾。","图中展示的物品是菠萝蜜,根据垃圾分类的标准，应该属于厨余垃圾
"
3827,图中展示的物品是电池，根据垃圾分类的标准，应该属于有害垃圾,"图中展示的物品是电池,根据垃圾分类的标准，应该属于有害垃圾
"
3828,"图中展示的物品是[garbage_object],根据垃圾分类的标准，应该属于[garbage_type]","图中展示的物品是乒乓球拍,根据垃圾分类的标准，应该属于可回收物
"
3829,图中展示的物品是{electric_shaver}，根据垃圾分类的标准，应该属于{电子垃圾},"图中展示的物品是电动剃须刀,根据垃圾分类的标准，应该属于可回收物
"
3830,"图中展示的物品是{garbage_object},根据垃圾分类的标准，应该属于{garbage_type}","图中展示的物品是鞋,根据垃圾分类的标准，应该属于可回收物
"
3831,图中展示的物品是{cartridge}，根据垃圾分类的标准，应该属于{cartridge},"图中展示的物品是空调滤芯,根据垃圾分类的标准，应该属于其他垃圾
"
3832,图中展示的物品是玻璃瓶，根据垃圾分类的标准，应该属于玻璃瓶。,"图中展示的物品是护肤品空瓶,根据垃圾分类的标准，应该属于可回收物
"
3833,图中展示的物品是玻璃瓶，根据垃圾分类的标准，应该属于可回收物,"图中展示的物品是玻璃器皿,根据垃圾分类的标准，应该属于可回收物
"
3834,"图中展示的物品是{garbage_object},根据垃圾分类的标准，应该属于{garbage_type}","图中展示的物品是苹果,根据垃圾分类的标准，应该属于厨余垃圾
"
3835,"图中展示的物品是{garbage_object},根据垃圾分类的标准，应该属于{garbage_type}","图中展示的物品是花生皮,根据垃圾分类的标准，应该属于厨余垃圾
"
3836,图中展示的物品是瓜皮，根据垃圾分类的标准，应该属于厨余垃圾。,"图中展示的物品是西瓜皮,根据垃圾分类的标准，应该属于厨余垃圾
"
3837,图中展示的物品是玻璃盒，根据垃圾分类的标准，应该属于玻璃,"图中展示的物品是碗,根据垃圾分类的标准，应该属于可回收物
"
3838,"图中展示的物品是{garbage_object},根据垃圾分类的标准，应该属于{garbage_type}垃圾。","图中展示的物品是登机牌,根据垃圾分类的标准，应该属于可回收物
"
3839,图中展示的物品是瓶，根据垃圾分类的标准，应该属于垃圾,"图中展示的物品是杀虫剂,根据垃圾分类的标准，应该属于有害垃圾
"
3840,"图中展示的物品是{garbage_object},根据垃圾分类的标准，应该属于{garbage_type}","图中展示的物品是口罩,根据垃圾分类的标准，应该属于其他垃圾
"
3841,图中展示的物品是{fruit}，根据垃圾分类的标准，应该属于{fruit},"图中展示的物品是保鲜盒,根据垃圾分类的标准，应该属于可回收物
"
3842,"图中展示的物品是{garbage_object},根据垃圾分类的标准，应该属于{garbage_type}厨余垃圾","图中展示的物品是荷包蛋,根据垃圾分类的标准，应该属于厨余垃圾
"
3843,"图中展示的物品是[garbage_object],根据垃圾分类的标准，应该属于[garbage_type]","图中展示的物品是肠(火腿),根据垃圾分类的标准，应该属于厨余垃圾
"
3844,图中展示的物品是{vegetable}，根据垃圾分类的标准，应该属于{vegetable},"图中展示的物品是胡萝卜,根据垃圾分类的标准，应该属于厨余垃圾
"
3845,图中展示的物品是玩具，根据垃圾分类的标准，应该属于可回收物,"图中展示的物品是变形玩具,根据垃圾分类的标准，应该属于可回收物
"
3846,"图中展示的物品是[garbage_object],根据垃圾分类的标准，应该属于[garbage_type]","图中展示的物品是拖鞋,根据垃圾分类的标准，应该属于可回收物
"
3847,图中展示的物品是塑料袋，根据垃圾分类的标准，应该属于可回收物,"图中展示的物品是烤鸡烤鸭,根据垃圾分类的标准，应该属于厨余垃圾
"
3848,图中展示的物品是餐巾纸，根据垃圾分类的标准，应该属于可回收垃圾,"图中展示的物品是百洁布,根据垃圾分类的标准，应该属于其他垃圾
"
3849,"图中展示的物品是{medicine_object},根据垃圾分类的标准，应该属于{garbage_type}","图中展示的物品是药片,根据垃圾分类的标准，应该属于有害垃圾
"
3850,"图中展示的物品是{garbage_object},根据垃圾分类的标准，应该属于{garbage_type}","图中展示的物品是图钉,根据垃圾分类的标准，应该属于其他垃圾
"
3851,"图中展示的物品是{garbage_object},根据垃圾分类的标准，应该属于{garbage_type}","图中展示的物品是耳钉耳环,根据垃圾分类的标准，应该属于可回收物
"
3852,"图中展示的物品是{garbage_object},根据垃圾分类的标准，应该属于{garbage_type}垃圾。","图中展示的物品是拖鞋,根据垃圾分类的标准，应该属于可回收物
"
3853,图中展示的物品是塑料瓶，根据垃圾分类的标准，应该属于可回收垃圾。,"图中展示的物品是塑料瓶,根据垃圾分类的标准，应该属于可回收物
"
3854,"图中展示的物品是[garbage_object],根据垃圾分类的标准，应该属于[garbage_type]","图中展示的物品是勺子,根据垃圾分类的标准，应该属于可回收物
"
3855,图中展示的物品是{spoon}，根据垃圾分类的标准，应该属于{food},"图中展示的物品是木质锅铲,根据垃圾分类的标准，应该属于可回收物
"
3856,"图中展示的物品是纸袋,根据垃圾分类的标准，应该属于可回收物","图中展示的物品是购物纸袋,根据垃圾分类的标准，应该属于可回收物
"
3857,图中展示的物品是手套，根据垃圾分类的标准，应该属于可回收物。,"图中展示的物品是厨房手套,根据垃圾分类的标准，应该属于其他垃圾
"
3858,"图中展示的物品是[almond],根据垃圾分类的标准，应该属于[food]","图中展示的物品是巴旦木,根据垃圾分类的标准，应该属于厨余垃圾
"
3859,"图中展示的物品是[plastic_bottle],根据垃圾分类的标准，应该属于[garbage_type]固体废弃物。","图中展示的物品是塑料瓶,根据垃圾分类的标准，应该属于可回收物
"
3860,"图中展示的物品是{garbage_object},根据垃圾分类的标准，应该属于{garbage_type}","图中展示的物品是手链,根据垃圾分类的标准，应该属于可回收物
"
3861,图中展示的物品是玻璃杯，根据垃圾分类的标准，应该属于可回收物,"图中展示的物品是玻璃器皿,根据垃圾分类的标准，应该属于可回收物
"
3862,图中展示的物品是肉串，根据垃圾分类的标准，应该属于可回收物。,"图中展示的物品是骨肉相连,根据垃圾分类的标准，应该属于厨余垃圾
"
3863,图中展示的物品是洗碗布，根据垃圾分类的标准，应该属于可回收物。,"图中展示的物品是钢丝球,根据垃圾分类的标准，应该属于可回收物
"
3864,图中展示的物品是薯条，根据垃圾分类的标准，应该属于厨余垃圾,"图中展示的物品是薯条,根据垃圾分类的标准，应该属于厨余垃圾
"
3865,图中展示的物品是{toy}，根据垃圾分类的标准，应该属于{garbage_type}垃圾。,"图中展示的物品是变形玩具,根据垃圾分类的标准，应该属于可回收物
"
3866,"图中展示的物品是{garbage_object},根据垃圾分类的标准，应该属于{garbage_type}","图中展示的物品是地铁票,根据垃圾分类的标准，应该属于可回收物
"
3867,"图中展示的物品是{garbage_object},根据垃圾分类的标准，应该属于{garbage_type}垃圾。","图中展示的物品是票据,根据垃圾分类的标准，应该属于其他垃圾
"
3868,图中展示的物品是烟蒂，根据垃圾分类的标准，应该属于可回收垃圾,"图中展示的物品是烟蒂,根据垃圾分类的标准，应该属于其他垃圾
"
3869,图中展示的物品是[sharp object]，根据垃圾分类的标准，应该属于[sharp object],"图中展示的物品是镊子,根据垃圾分类的标准，应该属于可回收物
"
3870,图中展示的物品是玻璃盖，根据垃圾分类的标准，应该属于玻璃,"图中展示的物品是锅盖,根据垃圾分类的标准，应该属于可回收物
"
3871,"图中展示的物品是{garbage_object},根据垃圾分类的标准，应该属于{garbage_type}","图中展示的物品是空气加湿器,根据垃圾分类的标准，应该属于可回收物
"
3872,图中展示的物品是{food}，根据垃圾分类的标准，应该属于{food},"图中展示的物品是蛋挞,根据垃圾分类的标准，应该属于厨余垃圾
"
3873,图中展示的物品是[玻璃杯]，根据垃圾分类的标准，应该属于[厨余垃圾],"图中展示的物品是玻璃壶,根据垃圾分类的标准，应该属于可回收物
"
3874,"图中展示的物品是[garbage_object],根据垃圾分类的标准，应该属于[garbage_type]","图中展示的物品是肠(火腿),根据垃圾分类的标准，应该属于厨余垃圾
"
3875,"图中展示的物品是{garbage_object},根据垃圾分类的标准，应该属于{garbage_type}","图中展示的物品是玩偶,根据垃圾分类的标准，应该属于可回收物
"
3876,图中展示的物品是玻璃杯，根据垃圾分类的标准，应该属于玻璃,"图中展示的物品是水杯,根据垃圾分类的标准，应该属于可回收物
"
3877,"图中展示的物品是{garbage_object},根据垃圾分类的标准，应该属于{garbage_type}","图中展示的物品是手提包,根据垃圾分类的标准，应该属于可回收物
"
3878,"图中展示的物品是[garbage_object],根据垃圾分类的标准，应该属于[garbage_type]","图中展示的物品是干燥剂,根据垃圾分类的标准，应该属于其他垃圾
"
3879,"图中展示的物品是[carrot],[bottle],[plastic],[banana],[fruit],[trash],[apple], [butter], [chocolate], [toothbrush], [fork], [spoon], [ketchup], [bowl], [butter], [sandwich], [plate], [glass], [bag], [cotton], [paper], [plastic], [cardboard], [plastic], [cardboard], [cotton], [cloth], [plastic], [cardboard], [cotton], [paper], [plastic], [cardboard], [cotton], [cloth], [plastic], [cardboard], [cotton], [paper], [plastic], [cardboard], [cotton], [cloth], [plastic], [cardboard], [cotton], [paper], [plastic], [cardboard], [cotton], [cloth], [plastic], [cardboard], [cotton], [paper], [plastic], [cardboard], [cotton], [cloth], [plastic], [cardboard], [cotton], [paper], [plastic], [cardboard], [cotton], [cloth], [plastic], [cardboard], [cotton], [paper], [plastic], [cardboard], [cotton], [cloth], [plastic], [cardboard], [cotton], [paper], [plastic], [cardboard], [cotton], [cloth], [plastic], [cardboard], [cotton], [paper], [plastic], [cardboard], [cotton], [cloth], [plastic], [cardboard], [cotton], [paper], [plastic], [cardboard], [cotton], [cloth], [plastic], [cardboard], [cotton], [paper], [plastic], [cardboard], [cotton], [cloth], [plastic], [cardboard], [cotton], [paper], [plastic], [cardboard], [cotton], [cloth], [plastic], [cardboard], [cotton], [paper], [plastic], [cardboard], [cotton], [cloth], [plastic], [cardboard], [cotton], [paper], [plastic], [cardboard], [cotton], [cloth], [plastic], [cardboard], [cotton], [paper], [plastic], [cardboard],","图中展示的物品是西瓜皮,根据垃圾分类的标准，应该属于厨余垃圾
"
3880,图中展示的物品是[玻璃制品]，根据垃圾分类的标准，应该属于[玻璃],"图中展示的物品是碗,根据垃圾分类的标准，应该属于可回收物
"
3881,图中展示的物品是电吹风，根据垃圾分类的标准，应该属于电子垃圾,"图中展示的物品是电动卷发棒,根据垃圾分类的标准，应该属于可回收物
"
3882,图中展示的物品是塑料盆，根据垃圾分类的标准，应该属于其他垃圾,"图中展示的物品是塑料盆,根据垃圾分类的标准，应该属于可回收物
"
3883,图中展示的物品是{fruit}，根据垃圾分类的标准，应该属于{organic},"图中展示的物品是普通面包,根据垃圾分类的标准，应该属于厨余垃圾
"
3884,"图中展示的物品是{garbage_object},根据垃圾分类的标准，应该属于{garbage_type}","图中展示的物品是蛋,根据垃圾分类的标准，应该属于厨余垃圾
"
3885,"图中展示的物品是[garbage_object],根据垃圾分类的标准，应该属于[garbage_type]","图中展示的物品是帽子,根据垃圾分类的标准，应该属于可回收物
"
3886,图中展示的物品是刀，根据垃圾分类的标准，应该属于金属类垃圾。,"图中展示的物品是刀,根据垃圾分类的标准，应该属于可回收物
"
3887,"图中展示的物品是{garbage_object},根据垃圾分类的标准，应该属于{garbage_type}","图中展示的物品是餐垫,根据垃圾分类的标准，应该属于可回收物
"
3888,图中展示的物品是食物，根据垃圾分类的标准，应该属于垃圾食品,"图中展示的物品是糕点,根据垃圾分类的标准，应该属于厨余垃圾
"
3889,图中展示的物品是薯条，根据垃圾分类的标准，应该属于可回收物,"图中展示的物品是粉条,根据垃圾分类的标准，应该属于厨余垃圾
"
3890,"图中展示的物品是[garbage_object],根据垃圾分类的标准，应该属于[garbage_type]","图中展示的物品是吹风机,根据垃圾分类的标准，应该属于可回收物
"
3891,图中展示的物品是{no garbage_object}，根据垃圾分类的标准，应该属于{food},"图中展示的物品是糕点,根据垃圾分类的标准，应该属于厨余垃圾
"
3892,图中展示的物品是[文具]，根据垃圾分类的标准，应该属于[废纸],"图中展示的物品是笔及笔芯,根据垃圾分类的标准，应该属于其他垃圾
"
3893,图中展示的物品是塑料瓶，根据垃圾分类的标准，应该属于可回收物。,"图中展示的物品是滴眼液瓶,根据垃圾分类的标准，应该属于有害垃圾
"
3894,"图中展示的物品是{garbage_object},根据垃圾分类的标准，应该属于{garbage_type}","图中展示的物品是糕点,根据垃圾分类的标准，应该属于厨余垃圾
"
3895,图中展示的物品是萝卜,"图中展示的物品是白萝卜,根据垃圾分类的标准，应该属于厨余垃圾
"
3896,"图中展示的物品是[garbage_object],根据垃圾分类的标准，应该属于[garbage_type]","图中展示的物品是电动卷发棒,根据垃圾分类的标准，应该属于可回收物
"
3897,图中展示的物品是登机牌，根据垃圾分类的标准，应该属于垃圾,"图中展示的物品是登机牌,根据垃圾分类的标准，应该属于可回收物
"
3898,图中展示的物品是木板，根据垃圾分类的标准，应该属于可回收垃圾。,"图中展示的物品是木制切菜板,根据垃圾分类的标准，应该属于可回收物
"
3899,图中展示的物品是刀具，根据垃圾分类的标准，应该属于厨余垃圾,"图中展示的物品是刀,根据垃圾分类的标准，应该属于可回收物
"
3900,图中展示的物品是牙膏，根据垃圾分类的标准，应该属于可回收物,"图中展示的物品是药膏,根据垃圾分类的标准，应该属于有害垃圾
"
3901,"图中展示的物品是[garbage_object],根据垃圾分类的标准，应该属于[garbage_type]","图中展示的物品是笔及笔芯,根据垃圾分类的标准，应该属于其他垃圾
"
3902,图中展示的物品是干果，根据垃圾分类的标准，应该属于干垃圾,"图中展示的物品是蛋,根据垃圾分类的标准，应该属于厨余垃圾
"
3903,"图中展示的物品是婚纱,根据垃圾分类的标准，应该属于可回收垃圾","图中展示的物品是玻璃球,根据垃圾分类的标准，应该属于可回收物
"
3904,图中展示的物品是钢笔，根据垃圾分类的标准，应该属于废品,"图中展示的物品是笔及笔芯,根据垃圾分类的标准，应该属于其他垃圾
"
3905,图中展示的物品是罐头，根据垃圾分类的标准，应该属于可回收物,"图中展示的物品是易拉罐,根据垃圾分类的标准，应该属于可回收物
"
3906,图中展示的物品是键盘，根据垃圾分类的标准，应该属于垃圾类别2（电子废物）,"图中展示的物品是键盘,根据垃圾分类的标准，应该属于可回收物
"
3907,"图中展示的物品是{garbage_object},根据垃圾分类的标准，应该属于{garbage_type}","图中展示的物品是鸡翅,根据垃圾分类的标准，应该属于厨余垃圾
"
3908,"图中展示的物品是{garbage_object},根据垃圾分类的标准，应该属于{garbage_type}","图中展示的物品是收音机,根据垃圾分类的标准，应该属于可回收物
"
3909,"图中展示的物品是{garbage_object},根据垃圾分类的标准，应该属于{garbage_type}","图中展示的物品是玩偶,根据垃圾分类的标准，应该属于可回收物
"
3910,"图中展示的物品是{garbage_object},根据垃圾分类的标准，应该属于{garbage_type}","图中展示的物品是胡萝卜,根据垃圾分类的标准，应该属于厨余垃圾
"
3911,图中展示的物品是饼干，根据垃圾分类的标准，应该属于垃圾食品。,"图中展示的物品是饼干,根据垃圾分类的标准，应该属于厨余垃圾
"
3912,"图中展示的物品是{garbage_object},根据垃圾分类的标准，应该属于{garbage_type}","图中展示的物品是塑料盆,根据垃圾分类的标准，应该属于可回收物
"
3913,"图中展示的物品是[garbage_object],根据垃圾分类的标准，应该属于[garbage_type]","图中展示的物品是鼠标,根据垃圾分类的标准，应该属于可回收物
"
3914,图中展示的物品是遥控器，根据垃圾分类的标准，应该属于电子废弃物。,"图中展示的物品是电视遥控器,根据垃圾分类的标准，应该属于可回收物
"
3915,"图中展示的物品是{garbage_object},根据垃圾分类的标准，应该属于{garbage_type}","图中展示的物品是肠(火腿),根据垃圾分类的标准，应该属于厨余垃圾
"
3916,图中展示的物品是面包，根据垃圾分类的标准，应该属于垃圾食品,"图中展示的物品是菠萝包,根据垃圾分类的标准，应该属于厨余垃圾
"
3917,图中展示的物品是电水壶，根据垃圾分类的标准，应该属于厨余垃圾,"图中展示的物品是烧水壶,根据垃圾分类的标准，应该属于可回收物
"
3918,图中展示的物品是面包，根据垃圾分类的标准，应该属于可回收垃圾。,"图中展示的物品是蛋挞,根据垃圾分类的标准，应该属于厨余垃圾
"
3919,"图中展示的物品是{light_object},根据垃圾分类的标准，应该属于{recycle}","图中展示的物品是手电筒,根据垃圾分类的标准，应该属于可回收物
"
3920,图中展示的物品是金黄薯条，根据垃圾分类的标准，应该属于可回收物,"图中展示的物品是薯条,根据垃圾分类的标准，应该属于厨余垃圾
"
3921,图中展示的物品是玻璃制品，根据垃圾分类的标准，应该属于玻璃制品。,"图中展示的物品是烟灰缸,根据垃圾分类的标准，应该属于可回收物
"
3922,"图中展示的物品是{garbage_object},根据垃圾分类的标准，应该属于{garbage_type}","图中展示的物品是蛋挞,根据垃圾分类的标准，应该属于厨余垃圾
"
3923,图中展示的物品是{vegetable}，根据垃圾分类的标准，应该属于{vegetable},"图中展示的物品是胡萝卜,根据垃圾分类的标准，应该属于厨余垃圾
"
3924,图中展示的物品是药品，根据垃圾分类的标准，应该属于垃圾中的有害垃圾。,"图中展示的物品是药品包装,根据垃圾分类的标准，应该属于有害垃圾
"
3925,"图中展示的物品是扫把,根据垃圾分类的标准，应该属于{compost}","图中展示的物品是鸡毛掸,根据垃圾分类的标准，应该属于其他垃圾
"
3926,"图中展示的物品是{garbage_object},根据垃圾分类的标准，应该属于{garbage_type}","图中展示的物品是番茄,根据垃圾分类的标准，应该属于厨余垃圾
"
3927,图中展示的物品是塑料袋，根据垃圾分类的标准，应该属于可回收物,"图中展示的物品是购物纸袋,根据垃圾分类的标准，应该属于可回收物
"
3928,图中展示的物品是{no garbage object}，根据垃圾分类的标准，应该属于{不可回收垃圾},"图中展示的物品是台灯,根据垃圾分类的标准，应该属于可回收物
"
3929,"图中展示的物品是{garbage_object},根据垃圾分类的标准，应该属于{garbage_type}垃圾。","图中展示的物品是档案袋,根据垃圾分类的标准，应该属于可回收物
"
3930,"图中展示的物品是{garbage_object},根据垃圾分类的标准，应该属于{garbage_type}垃圾。","图中展示的物品是玻璃壶,根据垃圾分类的标准，应该属于可回收物
"
3931,图中展示的物品是电池，根据垃圾分类的标准，应该属于垃圾,"图中展示的物品是电池,根据垃圾分类的标准，应该属于有害垃圾
"
3932,图中展示的物品是充电电池，根据垃圾分类的标准，应该属于有害垃圾,"图中展示的物品是电池,根据垃圾分类的标准，应该属于有害垃圾
"
3933,图中展示的物品是玻璃制品，根据垃圾分类的标准，应该属于可回收垃圾。,"图中展示的物品是玻璃器皿,根据垃圾分类的标准，应该属于可回收物
"
3934,图中展示的物品是白菜，根据垃圾分类的标准，应该属于厨余垃圾。,"图中展示的物品是白菜,根据垃圾分类的标准，应该属于厨余垃圾
"
3935,图中展示的物品是烤面包，根据垃圾分类的标准，应该属于垃圾食品,"图中展示的物品是果冻,根据垃圾分类的标准，应该属于厨余垃圾
"
3936,"图中展示的物品是[garbage_object],根据垃圾分类的标准，应该属于[garbage_type]","图中展示的物品是台历,根据垃圾分类的标准，应该属于可回收物
"
3937,"图中展示的物品是{metal},根据垃圾分类的标准，应该属于{metal}","图中展示的物品是电路板,根据垃圾分类的标准，应该属于可回收物
"
3938,"图中展示的物品是{garbage_object},根据垃圾分类的标准，应该属于{garbage_type}","图中展示的物品是键盘,根据垃圾分类的标准，应该属于可回收物
"
3939,"图中展示的物品是{garbage_object},根据垃圾分类的标准，应该属于{garbage_type}","图中展示的物品是瓜子,根据垃圾分类的标准，应该属于厨余垃圾
"
3940,图中展示的物品是电子垃圾，根据垃圾分类的标准，应该属于电子垃圾,"图中展示的物品是LED灯泡,根据垃圾分类的标准，应该属于有害垃圾
"
3941,"图中展示的物品是书籍,根据垃圾分类的标准，应该属于废纸","图中展示的物品是书,根据垃圾分类的标准，应该属于可回收物
"
3942,图中展示的物品是玻璃盖，根据垃圾分类的标准，应该属于玻璃垃圾。,"图中展示的物品是锅盖,根据垃圾分类的标准，应该属于可回收物
"
3943,"图中展示的物品是[garbage_object],根据垃圾分类的标准，应该属于[garbage_type]","图中展示的物品是芭比娃娃,根据垃圾分类的标准，应该属于可回收物
"
3944,"图中展示的物品是[garbage_object],根据垃圾分类的标准，应该属于[garbage_type]","图中展示的物品是骨肉相连,根据垃圾分类的标准，应该属于厨余垃圾
"
3945,"图中展示的物品是{garbage_object},根据垃圾分类的标准，应该属于{garbage_type}垃圾。","图中展示的物品是糕点,根据垃圾分类的标准，应该属于厨余垃圾
"
3946,图中展示的物品是{toy}，根据垃圾分类的标准，应该属于{trash},"图中展示的物品是玩偶,根据垃圾分类的标准，应该属于可回收物
"
3947,图中展示的物品是{gadget}，根据垃圾分类的标准，应该属于{gadget},"图中展示的物品是杀虫剂,根据垃圾分类的标准，应该属于有害垃圾
"
3948,"图中展示的物品是[垃圾],根据垃圾分类的标准，应该属于[厨余垃圾]","图中展示的物品是干燥剂,根据垃圾分类的标准，应该属于其他垃圾
"
3949,图中展示的物品是烟缸，根据垃圾分类的标准，应该属于垃圾中的其他垃圾。,"图中展示的物品是烟灰缸,根据垃圾分类的标准，应该属于可回收物
"
3950,"图中展示的物品是{garbage_object},根据垃圾分类的标准，应该属于{garbage_type}","图中展示的物品是核桃,根据垃圾分类的标准，应该属于厨余垃圾
"
3951,图中展示的物品是插排，根据垃圾分类的标准，应该属于电子废弃物,"图中展示的物品是插线板,根据垃圾分类的标准，应该属于可回收物
"
3952,"图中展示的物品是[garbage_object],根据垃圾分类的标准，应该属于[garbage_type]","图中展示的物品是芭比娃娃,根据垃圾分类的标准，应该属于可回收物
"
3953,"图中展示的物品是[garbage_object],根据垃圾分类的标准，应该属于[garbage_type]","图中展示的物品是橙子,根据垃圾分类的标准，应该属于厨余垃圾
"
3954,图中展示的物品是蔬菜，根据垃圾分类的标准，应该属于蔬菜垃圾,"图中展示的物品是白萝卜,根据垃圾分类的标准，应该属于厨余垃圾
"
3955,"图中展示的物品是{garbage_object},根据垃圾分类的标准，应该属于{garbage_type}","图中展示的物品是奶茶杯,根据垃圾分类的标准，应该属于其他垃圾
"
3956,"图中展示的物品是{garbage_object},根据垃圾分类的标准，应该属于{garbage_type}","图中展示的物品是贝果,根据垃圾分类的标准，应该属于厨余垃圾
"
3957,图中展示的物品是毛绒玩具，根据垃圾分类的标准，应该属于可回收垃圾。,"图中展示的物品是玩偶,根据垃圾分类的标准，应该属于可回收物
"
3958,图中展示的物品是玻璃球，根据垃圾分类的标准，应该属于可回收垃圾。,"图中展示的物品是玻璃球,根据垃圾分类的标准，应该属于可回收物
"
3959,"图中展示的物品是{garbage_object},根据垃圾分类的标准，应该属于{garbage_type}","图中展示的物品是帽子,根据垃圾分类的标准，应该属于可回收物
"
3960,图中展示的物品是烟蒂，根据垃圾分类的标准，应该属于烟蒂,"图中展示的物品是烟蒂,根据垃圾分类的标准，应该属于其他垃圾
"
3961,图中展示的物品是电池，根据垃圾分类的标准，应该属于有害垃圾,"图中展示的物品是电池板,根据垃圾分类的标准，应该属于有害垃圾
"
3962,图中展示的物品是望远镜，根据垃圾分类的标准，应该属于废品,"图中展示的物品是望远镜,根据垃圾分类的标准，应该属于可回收物
"
3963,图中展示的物品是塑料杯，根据垃圾分类的标准，应该属于可回收物。,"图中展示的物品是果冻,根据垃圾分类的标准，应该属于厨余垃圾
"
3964,图中展示的物品是{handbag}，根据垃圾分类的标准，应该属于{trash},"图中展示的物品是单肩包手提包,根据垃圾分类的标准，应该属于可回收物
"
3965,图中展示的物品是袜子，根据垃圾分类的标准，应该属于不可回收垃圾。,"图中展示的物品是袜子,根据垃圾分类的标准，应该属于可回收物
"
3966,图中展示的物品是纸箱，根据垃圾分类的标准，应该属于可回收物,"图中展示的物品是奶盒,根据垃圾分类的标准，应该属于可回收物
"
3967,图中展示的物品是蔬菜,"图中展示的物品是青菜,根据垃圾分类的标准，应该属于厨余垃圾
"
3968,图中展示的物品是盒子，根据垃圾分类的标准，应该属于可回收垃圾。,"图中展示的物品是塑料瓶,根据垃圾分类的标准，应该属于可回收物
"
3969,图中展示的物品是{flip_flops}，根据垃圾分类的标准，应该属于{garbage_type}其他垃圾。,"图中展示的物品是拖鞋,根据垃圾分类的标准，应该属于可回收物
"
3970,"图中展示的物品是玩具,根据垃圾分类的标准，应该属于玩具","图中展示的物品是木制玩具,根据垃圾分类的标准，应该属于可回收物
"
3971,"图中展示的物品是{garbage_object},根据垃圾分类的标准，应该属于{garbage_type}","图中展示的物品是板栗,根据垃圾分类的标准，应该属于厨余垃圾
"
3972,"图中展示的物品是{toy},根据垃圾分类的标准，应该属于{garbage_type}","图中展示的物品是变形玩具,根据垃圾分类的标准，应该属于可回收物
"
3973,图中展示的物品是遥控器，根据垃圾分类的标准，应该属于电子废弃物,"图中展示的物品是望远镜,根据垃圾分类的标准，应该属于可回收物
"
3974,"图中展示的物品是[garbage_object],根据垃圾分类的标准，应该属于[garbage_type]","图中展示的物品是红豆,根据垃圾分类的标准，应该属于厨余垃圾
"
3975,"图中展示的物品是杯子,根据垃圾分类的标准，应该属于其他垃圾","图中展示的物品是保温杯,根据垃圾分类的标准，应该属于可回收物
"
3976,"图中展示的物品是{garbage_object},根据垃圾分类的标准，应该属于{garbage_type}","图中展示的物品是肠(火腿),根据垃圾分类的标准，应该属于厨余垃圾
"
3977,"图中展示的物品是[garbage_object],根据垃圾分类的标准，应该属于[garbage_type]","图中展示的物品是放大镜,根据垃圾分类的标准，应该属于其他垃圾
"
3978,图中展示的物品是{fruit}，根据垃圾分类的标准，应该属于{fruit},"图中展示的物品是冰糖葫芦,根据垃圾分类的标准，应该属于厨余垃圾
"
3979,"图中展示的物品是{garbage_object},根据垃圾分类的标准，应该属于{garbage_type}","图中展示的物品是糕点,根据垃圾分类的标准，应该属于厨余垃圾
"
3980,"图中展示的物品是{garbage_object},根据垃圾分类的标准，应该属于{garbage_type}","图中展示的物品是打印机墨盒,根据垃圾分类的标准，应该属于可回收物
"
3981,"图中展示的物品是[garbage_object],根据垃圾分类的标准，应该属于[garbage_type]","图中展示的物品是红花油,根据垃圾分类的标准，应该属于有害垃圾
"
3982,"图中展示的物品是{garbage_object},根据垃圾分类的标准，应该属于{garbage_type}","图中展示的物品是充电线,根据垃圾分类的标准，应该属于可回收物
"
3983,"图中展示的物品是[garbage_object],根据垃圾分类的标准，应该属于[garbage_type]","图中展示的物品是护肤品空瓶,根据垃圾分类的标准，应该属于可回收物
"
3984,"图中展示的物品是{garbage_object},根据垃圾分类的标准，应该属于{garbage_type}","图中展示的物品是胶带,根据垃圾分类的标准，应该属于其他垃圾
"
3985,图中展示的物品是塑料瓶，根据垃圾分类的标准，应该属于可回收物。,"图中展示的物品是滴眼液瓶,根据垃圾分类的标准，应该属于有害垃圾
"
3986,图中展示的物品是电池，根据垃圾分类的标准，应该属于其他垃圾,"图中展示的物品是蓄电池,根据垃圾分类的标准，应该属于有害垃圾
"
3987,"图中展示的物品是{garbage_object},根据垃圾分类的标准，应该属于{garbage_type}电子废弃物","图中展示的物品是手机,根据垃圾分类的标准，应该属于可回收物
"
3988,图中展示的物品是食物，根据垃圾分类的标准，应该属于可回收物,"图中展示的物品是烤鸡烤鸭,根据垃圾分类的标准，应该属于厨余垃圾
"
3989,"图中展示的物品是{garbage_object},根据垃圾分类的标准，应该属于{garbage_type}","图中展示的物品是肠(火腿),根据垃圾分类的标准，应该属于厨余垃圾
"
3990,图中展示的物品是海绵，根据垃圾分类的标准，应该属于可回收物。,"图中展示的物品是百洁布,根据垃圾分类的标准，应该属于其他垃圾
"
3991,图中展示的物品是插座，根据垃圾分类的标准，应该属于电子垃圾。,"图中展示的物品是插线板,根据垃圾分类的标准，应该属于可回收物
"
3992,"图中展示的物品是{garbage_object},根据垃圾分类的标准，应该属于{garbage_type}","图中展示的物品是鞋,根据垃圾分类的标准，应该属于可回收物
"
3993,"图中展示的物品是{garbage_object},根据垃圾分类的标准，应该属于{garbage_type}垃圾。","图中展示的物品是芭比娃娃,根据垃圾分类的标准，应该属于可回收物
"
3994,"图中展示的物品是[garbage_object],根据垃圾分类的标准，应该属于[garbage_type]","图中展示的物品是手链,根据垃圾分类的标准，应该属于可回收物
"
3995,图中展示的物品是玻璃瓶,"图中展示的物品是罐头瓶,根据垃圾分类的标准，应该属于可回收物
"
3996,"图中展示的物品是{garbage_object},根据垃圾分类的标准，应该属于{garbage_type}","图中展示的物品是茶叶,根据垃圾分类的标准，应该属于厨余垃圾
"
3997,图中展示的物品是蛋糕，根据垃圾分类的标准，应该属于厨余垃圾。,"图中展示的物品是菠萝包,根据垃圾分类的标准，应该属于厨余垃圾
"
3998,图中展示的物品是铁锹，根据垃圾分类的标准，应该属于垃圾,"图中展示的物品是叉子,根据垃圾分类的标准，应该属于可回收物
"
3999,图中展示的物品是打火机，根据垃圾分类的标准，应该属于{garbage_type}电子废弃物。,"图中展示的物品是打火机,根据垃圾分类的标准，应该属于其他垃圾
"
4000,图中展示的物品是{vegetable}，根据垃圾分类的标准，应该属于{vegetable},"图中展示的物品是青菜,根据垃圾分类的标准，应该属于厨余垃圾
"
4001,图中展示的物品是玻璃容器，根据垃圾分类的标准，应该属于可回收物。,"图中展示的物品是碗,根据垃圾分类的标准，应该属于可回收物
"
4002,"图中展示的物品是{ice cream},根据垃圾分类的标准，应该属于{food}","图中展示的物品是菠萝包,根据垃圾分类的标准，应该属于厨余垃圾
"
4003,"图中展示的物品是{garbage_object},根据垃圾分类的标准，应该属于{garbage_type}","图中展示的物品是车钥匙,根据垃圾分类的标准，应该属于可回收物
"
4004,图中展示的物品是杯子，根据垃圾分类的标准，应该属于厨余垃圾。,"图中展示的物品是保温杯,根据垃圾分类的标准，应该属于可回收物
"
4005,图中展示的物品是饼干，根据垃圾分类的标准，应该属于厨余垃圾。,"图中展示的物品是饼干,根据垃圾分类的标准，应该属于厨余垃圾
"
4006,"图中展示的物品是{garbage_object},根据垃圾分类的标准，应该属于{garbage_type}","图中展示的物品是拖鞋,根据垃圾分类的标准，应该属于可回收物
"
4007,图中展示的物品是饼干，根据垃圾分类的标准，应该属于可回收物。,"图中展示的物品是饼干,根据垃圾分类的标准，应该属于厨余垃圾
"
4008,图中展示的物品是纸张，根据垃圾分类的标准，应该属于可回收物。,"图中展示的物品是书,根据垃圾分类的标准，应该属于可回收物
"
4009,"图中展示的物品是{garbage_object},根据垃圾分类的标准，应该属于{garbage_type}","图中展示的物品是鸡翅,根据垃圾分类的标准，应该属于厨余垃圾
"
4010,图中展示的物品是电池，根据垃圾分类的标准，应该属于有害垃圾,"图中展示的物品是电池,根据垃圾分类的标准，应该属于有害垃圾
"
4011,图中展示的物品是布，根据垃圾分类的标准，应该属于其他垃圾,"图中展示的物品是百洁布,根据垃圾分类的标准，应该属于其他垃圾
"
4012,"图中展示的物品是{garbage_object},根据垃圾分类的标准，应该属于{garbage_type}","图中展示的物品是纸牌,根据垃圾分类的标准，应该属于可回收物
"
4013,图中展示的物品是塑料瓶，根据垃圾分类的标准，应该属于可回收垃圾,"图中展示的物品是玻璃器皿,根据垃圾分类的标准，应该属于可回收物
"
4014,"图中展示的物品是[garbage_object],根据垃圾分类的标准，应该属于[garbage_type]","图中展示的物品是鸡翅,根据垃圾分类的标准，应该属于厨余垃圾
"
4015,"图中展示的物品是[文具],根据垃圾分类的标准，应该属于[可回收物]","图中展示的物品是笔及笔芯,根据垃圾分类的标准，应该属于其他垃圾
"
4016,"图中展示的物品是{garbage_object},根据垃圾分类的标准，应该属于{garbage_type}","图中展示的物品是地球仪,根据垃圾分类的标准，应该属于可回收物
"
4017,图中展示的物品是灯泡，根据垃圾分类的标准，应该属于可回收垃圾,"图中展示的物品是LED灯泡,根据垃圾分类的标准，应该属于有害垃圾
"
4018,图中展示的物品是电池，根据垃圾分类的标准，应该属于有害垃圾,"图中展示的物品是蓄电池,根据垃圾分类的标准，应该属于有害垃圾
"
4019,图中展示的物品是{green bean}，根据垃圾分类的标准，应该属于{green},"图中展示的物品是蚕豆,根据垃圾分类的标准，应该属于厨余垃圾
"
4020,"图中展示的物品是[泡面],根据垃圾分类的标准，应该属于[厨余垃圾]","图中展示的物品是信封,根据垃圾分类的标准，应该属于可回收物
"
4021,图中展示的物品是{no garbage},"图中展示的物品是烤鸡烤鸭,根据垃圾分类的标准，应该属于厨余垃圾
"
4022,"图中展示的物品是[garbage_object],根据垃圾分类的标准，应该属于[garbage_type]","图中展示的物品是肠(火腿),根据垃圾分类的标准，应该属于厨余垃圾
"
4023,图中展示的物品是[metallic]，根据垃圾分类的标准，应该属于[metal],"图中展示的物品是勺子,根据垃圾分类的标准，应该属于可回收物
"
4024,图中展示的物品是塑料袋，根据垃圾分类的标准，应该属于可回收垃圾。,"图中展示的物品是PE塑料袋,根据垃圾分类的标准，应该属于其他垃圾
"
4025,"图中展示的物品是{garbage_object},根据垃圾分类的标准，应该属于{garbage_type}","图中展示的物品是蛋,根据垃圾分类的标准，应该属于厨余垃圾
"
4026,图中展示的物品是{vegetable}，根据垃圾分类的标准，应该属于{vegetable},"图中展示的物品是白萝卜,根据垃圾分类的标准，应该属于厨余垃圾
"
4027,图中展示的物品是瓜皮，根据垃圾分类的标准，应该属于厨余垃圾。,"图中展示的物品是哈密瓜,根据垃圾分类的标准，应该属于厨余垃圾
"
4028,图中展示的物品是扬声器，根据垃圾分类的标准，应该属于电子垃圾,"图中展示的物品是废弃扩声器,根据垃圾分类的标准，应该属于可回收物
"
4029,图中展示的物品是干巴，根据垃圾分类的标准，应该属于厨余垃圾。,"图中展示的物品是牛肉干,根据垃圾分类的标准，应该属于厨余垃圾
"
4030,图中展示的物品是牛皮纸气泡袋，根据垃圾分类的标准，应该属于{garbage_type}。,"图中展示的物品是信封,根据垃圾分类的标准，应该属于可回收物
"
4031,"图中展示的物品是[garbage_object],根据垃圾分类的标准，应该属于[garbage_type]","图中展示的物品是骨肉相连,根据垃圾分类的标准，应该属于厨余垃圾
"
4032,图中展示的物品是钱包，根据垃圾分类的标准，应该属于垃圾,"图中展示的物品是卡,根据垃圾分类的标准，应该属于可回收物
"
4033,图中展示的物品是棉签，根据垃圾分类的标准，应该属于有害垃圾,"图中展示的物品是一次性棉签,根据垃圾分类的标准，应该属于其他垃圾
"
4034,图中展示的物品是书籍，根据垃圾分类的标准，应该属于废纸,"图中展示的物品是书,根据垃圾分类的标准，应该属于可回收物
"
4035,图中展示的物品是电池，根据垃圾分类的标准，应该属于有害垃圾,"图中展示的物品是纽扣电池,根据垃圾分类的标准，应该属于有害垃圾
"
4036,图中展示的物品是{food}，根据垃圾分类的标准，应该属于{food},"图中展示的物品是饼干,根据垃圾分类的标准，应该属于厨余垃圾
"
4037,"图中展示的物品是[garbage_object],根据垃圾分类的标准，应该属于[garbage_type]","图中展示的物品是热水瓶,根据垃圾分类的标准，应该属于可回收物
"
4038,"图中展示的物品是{garbage_object},根据垃圾分类的标准，应该属于{garbage_type}","图中展示的物品是木制玩具,根据垃圾分类的标准，应该属于可回收物
"
4039,图中展示的物品是塑料，根据垃圾分类的标准，应该属于塑料垃圾,"图中展示的物品是苍蝇拍,根据垃圾分类的标准，应该属于其他垃圾
"
4040,"图中展示的物品是{garbage_object},根据垃圾分类的标准，应该属于{garbage_type}其他垃圾","图中展示的物品是电池板,根据垃圾分类的标准，应该属于有害垃圾
"
4041,"图中展示的物品是[food_object],根据垃圾分类的标准，应该属于[food]","图中展示的物品是贝果,根据垃圾分类的标准，应该属于厨余垃圾
"
4042,"图中展示的物品是{garbage_object},根据垃圾分类的标准，应该属于{garbage_type}","图中展示的物品是单肩包手提包,根据垃圾分类的标准，应该属于可回收物
"
4043,"图中展示的物品是{garbage_object},根据垃圾分类的标准，应该属于{garbage_type}","图中展示的物品是收音机,根据垃圾分类的标准，应该属于可回收物
"
4044,图中展示的物品是玩具，根据垃圾分类的标准，应该属于垃圾玩具,"图中展示的物品是变形玩具,根据垃圾分类的标准，应该属于可回收物
"
4045,图中展示的物品是豆子，根据垃圾分类的标准，应该属于可回收物。,"图中展示的物品是蚕豆,根据垃圾分类的标准，应该属于厨余垃圾
"
4046,"图中展示的物品是{garbage_object},根据垃圾分类的标准，应该属于{garbage_type}垃圾。","图中展示的物品是烤鸡烤鸭,根据垃圾分类的标准，应该属于厨余垃圾
"
4047,"图中展示的物品是{garbage_object},根据垃圾分类的标准，应该属于{garbage_type}","图中展示的物品是毛巾,根据垃圾分类的标准，应该属于其他垃圾
"
4048,图中展示的物品是电池，根据垃圾分类的标准，应该属于有害垃圾,"图中展示的物品是电池,根据垃圾分类的标准，应该属于有害垃圾
"
4049,图中展示的物品是饼干，根据垃圾分类的标准，应该属于可回收垃圾。,"图中展示的物品是糕点,根据垃圾分类的标准，应该属于厨余垃圾
"
4050,"图中展示的物品是{garbage_object},根据垃圾分类的标准，应该属于{garbage_type}垃圾。","图中展示的物品是烤鸡烤鸭,根据垃圾分类的标准，应该属于厨余垃圾
"
4051,图中展示的物品是[tool]，根据垃圾分类的标准，应该属于[电子废弃物],"图中展示的物品是螺丝刀,根据垃圾分类的标准，应该属于可回收物
"
4052,"图中展示的物品是[garbage_object],根据垃圾分类的标准，应该属于[garbage_type]","图中展示的物品是报纸,根据垃圾分类的标准，应该属于可回收物
"
4053,图中展示的物品是[flyswatter]，根据垃圾分类的标准，应该属于[有害垃圾],"图中展示的物品是苍蝇拍,根据垃圾分类的标准，应该属于其他垃圾
"
4054,图中展示的物品是项链，根据垃圾分类的标准，应该属于可回收垃圾。,"图中展示的物品是钢丝球,根据垃圾分类的标准，应该属于可回收物
"
4055,图中展示的物品是{tabletennis_racket}，根据垃圾分类的标准，应该属于{garbage_type},"图中展示的物品是乒乓球拍,根据垃圾分类的标准，应该属于可回收物
"
4056,"图中展示的物品是[garbage_object],根据垃圾分类的标准，应该属于[garbage_type]","图中展示的物品是耳机,根据垃圾分类的标准，应该属于可回收物
"
4057,图中展示的物品是{backpack}，根据垃圾分类的标准，应该属于{recyclable}。,"图中展示的物品是手提包,根据垃圾分类的标准，应该属于可回收物
"
4058,"图中展示的物品是[garbage_object],根据垃圾分类的标准，应该属于[garbage_type]","图中展示的物品是玩偶,根据垃圾分类的标准，应该属于可回收物
"
4059,图中展示的物品是{car_key}，根据垃圾分类的标准，应该属于{garbage_type},"图中展示的物品是车钥匙,根据垃圾分类的标准，应该属于可回收物
"
4060,图中展示的物品是包装盒，根据垃圾分类的标准，应该属于其他垃圾,"图中展示的物品是蛋糕盒,根据垃圾分类的标准，应该属于可回收物
"
4061,图中展示的物品是玩具，根据垃圾分类的标准，应该属于玩具,"图中展示的物品是木制玩具,根据垃圾分类的标准，应该属于可回收物
"
4062,"图中展示的物品是{burger},根据垃圾分类的标准，应该属于{food}","图中展示的物品是汉堡,根据垃圾分类的标准，应该属于厨余垃圾
"
4063,"图中展示的物品是[garbage_object],根据垃圾分类的标准，应该属于[garbage_type]","图中展示的物品是生肉,根据垃圾分类的标准，应该属于厨余垃圾
"
4064,图中展示的物品是竹签，根据垃圾分类的标准，应该属于厨余垃圾,"图中展示的物品是串串竹签,根据垃圾分类的标准，应该属于其他垃圾
"
4065,"图中展示的物品是[pen],根据垃圾分类的标准，应该属于[文具]","图中展示的物品是笔及笔芯,根据垃圾分类的标准，应该属于其他垃圾
"
4066,"图中展示的物品是保温杯,根据垃圾分类的标准，应该属于可回收物","图中展示的物品是热水瓶,根据垃圾分类的标准，应该属于可回收物
"
4067,图中展示的物品是塑料制品，根据垃圾分类的标准，应该属于其他垃圾。,"图中展示的物品是衣架,根据垃圾分类的标准，应该属于可回收物
"
4068,"图中展示的物品是[garbage_object],根据垃圾分类的标准，应该属于[garbage_type]","图中展示的物品是单肩包手提包,根据垃圾分类的标准，应该属于可回收物
"
4069,"图中展示的物品是图中展示的物品是{garbage_object},根据垃圾分类的标准，应该属于{garbage_type}","图中展示的物品是纸牌,根据垃圾分类的标准，应该属于可回收物
"
4070,图中展示的物品是蔬菜,"图中展示的物品是青菜,根据垃圾分类的标准，应该属于厨余垃圾
"
4071,"图中展示的物品是{garbage_object},根据垃圾分类的标准，应该属于{garbage_type}","图中展示的物品是尺子,根据垃圾分类的标准，应该属于可回收物
"
4072,图中展示的物品是塑料袋，根据垃圾分类的标准，应该属于其他垃圾。,"图中展示的物品是药品包装,根据垃圾分类的标准，应该属于有害垃圾
"
4073,图中展示的物品是纸巾，根据垃圾分类的标准，应该属于厨余垃圾,"图中展示的物品是餐垫,根据垃圾分类的标准，应该属于可回收物
"
4074,"图中展示的物品是{garbage_object},根据垃圾分类的标准，应该属于{garbage_type}其他垃圾","图中展示的物品是木制玩具,根据垃圾分类的标准，应该属于可回收物
"
4075,图中展示的物品是包装盒，根据垃圾分类的标准，应该属于{包装},"图中展示的物品是奶盒,根据垃圾分类的标准，应该属于可回收物
"
4076,图中展示的物品是[玻璃]，根据垃圾分类的标准，应该属于[可回收垃圾],"图中展示的物品是碗,根据垃圾分类的标准，应该属于可回收物
"
4077,图中展示的物品是电池，根据垃圾分类的标准，应该属于有害垃圾,"图中展示的物品是纽扣电池,根据垃圾分类的标准，应该属于有害垃圾
"
4078,"图中展示的物品是{garbage_object},根据垃圾分类的标准，应该属于{garbage_type}","图中展示的物品是玩偶,根据垃圾分类的标准，应该属于可回收物
"
4079,"图中展示的物品是{garbage_object},根据垃圾分类的标准，应该属于{garbage_type}","图中展示的物品是白菜,根据垃圾分类的标准，应该属于厨余垃圾
"
4080,图中展示的物品是塑料杯，根据垃圾分类的标准，应该属于可回收物,"图中展示的物品是奶茶杯,根据垃圾分类的标准，应该属于其他垃圾
"
4081,图中展示的物品是杀虫气雾剂，根据垃圾分类的标准，应该属于有害垃圾。,"图中展示的物品是杀虫剂,根据垃圾分类的标准，应该属于有害垃圾
"
4082,图中展示的物品是瓜，根据垃圾分类的标准，应该属于厨余垃圾。,"图中展示的物品是哈密瓜,根据垃圾分类的标准，应该属于厨余垃圾
"
4083,"图中展示的物品是[garbage_object],根据垃圾分类的标准，应该属于[garbage_type]","图中展示的物品是药品包装,根据垃圾分类的标准，应该属于有害垃圾
"
4084,"图中展示的物品是{garbage_object},根据垃圾分类的标准，应该属于{garbage_type}垃圾。","图中展示的物品是糕点,根据垃圾分类的标准，应该属于厨余垃圾
"
4085,图中展示的物品是玻璃杯，根据垃圾分类的标准，应该属于可回收物,"图中展示的物品是量杯,根据垃圾分类的标准，应该属于可回收物
"
4086,图中展示的物品是针织帽，根据垃圾分类的标准，应该属于可回收物,"图中展示的物品是帽子,根据垃圾分类的标准，应该属于可回收物
"
4087,"图中展示的物品是[wood],[furniture]，根据垃圾分类的标准，应该属于[wood],[furniture]","图中展示的物品是木质梳子,根据垃圾分类的标准，应该属于可回收物
"
4088,"图中展示的物品是{garbage_object},根据垃圾分类的标准，应该属于{garbage_type}","图中展示的物品是胶带,根据垃圾分类的标准，应该属于其他垃圾
"
4089,图中展示的物品是毛绒玩具，根据垃圾分类的标准，应该属于其他垃圾,"图中展示的物品是玩偶,根据垃圾分类的标准，应该属于可回收物
"
4090,"图中展示的物品是{garbage_object},根据垃圾分类的标准，应该属于{garbage_type}","图中展示的物品是糕点,根据垃圾分类的标准，应该属于厨余垃圾
"
4091,"图中展示的物品是[garbage_object],根据垃圾分类的标准，应该属于[garbage_type]","图中展示的物品是车钥匙,根据垃圾分类的标准，应该属于可回收物
"
4092,图中展示的物品是[fruit]，根据垃圾分类的标准，应该属于[可回收物],"图中展示的物品是火龙果,根据垃圾分类的标准，应该属于厨余垃圾
"
4093,"图中展示的物品是{cans_object},根据垃圾分类的标准，应该属于{cans}","图中展示的物品是茶叶,根据垃圾分类的标准，应该属于厨余垃圾
"
4094,图中展示的物品是[文具]，根据垃圾分类的标准，应该属于[其他垃圾]。,"图中展示的物品是笔及笔芯,根据垃圾分类的标准，应该属于其他垃圾
"
4095,图中展示的物品是剃须刀，根据垃圾分类的标准，应该属于废除物,"图中展示的物品是电动剃须刀,根据垃圾分类的标准，应该属于可回收物
"
4096,图中展示的物品是报纸，根据垃圾分类的标准，应该属于垃圾,"图中展示的物品是报纸,根据垃圾分类的标准，应该属于可回收物
"
4097,"图中展示的物品是{garbage_object},根据垃圾分类的标准，应该属于{garbage_type}","图中展示的物品是青菜,根据垃圾分类的标准，应该属于厨余垃圾
"
4098,图中展示的物品是电池，根据垃圾分类的标准，应该属于有害垃圾,"图中展示的物品是纽扣电池,根据垃圾分类的标准，应该属于有害垃圾
"
4099,"图中展示的物品是{garbage_object},根据垃圾分类的标准，应该属于{garbage_type}","图中展示的物品是搓衣板,根据垃圾分类的标准，应该属于可回收物
"
4100,图中展示的物品是塑料，根据垃圾分类的标准，应该属于其他垃圾,"图中展示的物品是苍蝇拍,根据垃圾分类的标准，应该属于其他垃圾
"
4101,"图中展示的物品是{garbage_object},根据垃圾分类的标准，应该属于{garbage_type}","图中展示的物品是耳套,根据垃圾分类的标准，应该属于可回收物
"
4102,图中展示的物品是卫生纸，根据垃圾分类的标准，应该属于可回收物。,"图中展示的物品是湿纸巾,根据垃圾分类的标准，应该属于其他垃圾
"
4103,"图中展示的物品是[garbage_object],根据垃圾分类的标准，应该属于[garbage_type]","图中展示的物品是奶粉罐,根据垃圾分类的标准，应该属于可回收物
"
4104,图中展示的物品是保温壶，根据垃圾分类的标准，应该属于可回收物,"图中展示的物品是热水瓶,根据垃圾分类的标准，应该属于可回收物
"
4105,图中展示的物品是西瓜，根据垃圾分类的标准，应该属于可回收物。,"图中展示的物品是西瓜皮,根据垃圾分类的标准，应该属于厨余垃圾
"
4106,遥控器{garbage_object}，属于{garbage_type},"图中展示的物品是空调遥控器,根据垃圾分类的标准，应该属于可回收物
"
4107,图中展示的物品是[酒类]，根据垃圾分类的标准，应该属于[饮料],"图中展示的物品是水杯,根据垃圾分类的标准，应该属于可回收物
"
4108,图中展示的物品是钳子，根据垃圾分类的标准，应该属于金属垃圾,"图中展示的物品是镊子,根据垃圾分类的标准，应该属于可回收物
"
4109,"图中展示的物品是{kettle_object},根据垃圾分类的标准，应该属于{household_waste}","图中展示的物品是烧水壶,根据垃圾分类的标准，应该属于可回收物
"
4110,图中展示的物品是杯子，根据垃圾分类的标准，应该属于可回收物。,"图中展示的物品是保温杯,根据垃圾分类的标准，应该属于可回收物
"
4111,图中展示的物品是{bun}，根据垃圾分类的标准，应该属于{food},"图中展示的物品是糕点,根据垃圾分类的标准，应该属于厨余垃圾
"
4112,图中展示的物品是钢丝球，根据垃圾分类的标准，应该属于可回收垃圾。,"图中展示的物品是钢丝球,根据垃圾分类的标准，应该属于可回收物
"
4113,"图中展示的物品是{garbage_object},根据垃圾分类的标准，应该属于{garbage_type}","图中展示的物品是信封,根据垃圾分类的标准，应该属于可回收物
"
4114,图中展示的物品是{peanut}，根据垃圾分类的标准，应该属于{garbage_type}垃圾。,"图中展示的物品是瓜子,根据垃圾分类的标准，应该属于厨余垃圾
"
4115,"图中展示的物品是{garbage_object},根据垃圾分类的标准，应该属于{garbage_type}","图中展示的物品是路由器,根据垃圾分类的标准，应该属于可回收物
"
4116,"图中展示的物品是[garbage_object],根据垃圾分类的标准，应该属于[garbage_type]","图中展示的物品是手电筒,根据垃圾分类的标准，应该属于可回收物
"
4117,图中展示的物品是玻璃瓶，根据垃圾分类的标准，应该属于其他垃圾。,"图中展示的物品是玻璃器皿,根据垃圾分类的标准，应该属于可回收物
"
4118,图中展示的物品是{swatter}，根据垃圾分类的标准，应该属于{household},"图中展示的物品是苍蝇拍,根据垃圾分类的标准，应该属于其他垃圾
"
4119,图中展示的物品是罐子，根据垃圾分类的标准，应该属于垃圾食品,"图中展示的物品是茶叶罐,根据垃圾分类的标准，应该属于可回收物
"
4120,"图中展示的物品是{garbage_object},根据垃圾分类的标准，应该属于{garbage_type}","图中展示的物品是鞋,根据垃圾分类的标准，应该属于可回收物
"
4121,"图中展示的物品是{garbage_object},根据垃圾分类的标准，应该属于{garbage_type}","图中展示的物品是蒜,根据垃圾分类的标准，应该属于厨余垃圾
"
4122,图中展示的物品是蛋糕，根据垃圾分类的标准，应该属于垃圾食品,"图中展示的物品是糕点,根据垃圾分类的标准，应该属于厨余垃圾
"
4123,图中展示的物品是黑板，根据垃圾分类的标准，应该属于{garbage_type},"图中展示的物品是木制玩具,根据垃圾分类的标准，应该属于可回收物
"
4124,图中展示的物品是电池，根据垃圾分类的标准，应该属于有害垃圾,"图中展示的物品是电池,根据垃圾分类的标准，应该属于有害垃圾
"
4125,图中展示的物品是[化妆品]，根据垃圾分类的标准，应该属于[有害垃圾]。,"图中展示的物品是护肤品空瓶,根据垃圾分类的标准，应该属于可回收物
"
4126,"图中展示的物品是[garbage_object],根据垃圾分类的标准，应该属于[garbage_type]","图中展示的物品是杀虫剂,根据垃圾分类的标准，应该属于有害垃圾
"
4127,"图中展示的物品是[garbage_object],根据垃圾分类的标准，应该属于[garbage_type]","图中展示的物品是登机牌,根据垃圾分类的标准，应该属于可回收物
"
4128,"图中展示的物品是[garbage_object],根据垃圾分类的标准，应该属于[garbage_type]","图中展示的物品是灯罩,根据垃圾分类的标准，应该属于可回收物
"
4129,"图中展示的物品是{garbage_object},根据垃圾分类的标准，应该属于{garbage_type}电子废弃物","图中展示的物品是手机,根据垃圾分类的标准，应该属于可回收物
"
4130,图中展示的物品是坚果，根据垃圾分类的标准，应该属于可回收垃圾。,"图中展示的物品是菠萝包,根据垃圾分类的标准，应该属于厨余垃圾
"
4131,"图中展示的物品是{garbage_object},根据垃圾分类的标准，应该属于{garbage_type}","图中展示的物品是玩偶,根据垃圾分类的标准，应该属于可回收物
"
4132,图中展示的物品是{bag}，根据垃圾分类的标准，应该属于{other},"图中展示的物品是单肩包手提包,根据垃圾分类的标准，应该属于可回收物
"
4133,图中展示的物品是键盘，根据垃圾分类的标准，应该属于电子垃圾。,"图中展示的物品是键盘,根据垃圾分类的标准，应该属于可回收物
"
4134,图中展示的物品是{vegetable}，根据垃圾分类的标准，应该属于{vegetable},"图中展示的物品是青菜,根据垃圾分类的标准，应该属于厨余垃圾
"
4135,图中展示的物品是盘子，根据垃圾分类的标准，应该属于厨余垃圾。,"图中展示的物品是盘子,根据垃圾分类的标准，应该属于可回收物
"
4136,"图中展示的物品是{garbage_object},根据垃圾分类的标准，应该属于{garbage_type}电子废弃物","图中展示的物品是电池,根据垃圾分类的标准，应该属于有害垃圾
"
4137,"图中展示的物品是[garbage_object],根据垃圾分类的标准，应该属于[garbage_type]","图中展示的物品是烟灰缸,根据垃圾分类的标准，应该属于可回收物
"
4138,"图中展示的物品是[grass_object],根据垃圾分类的标准，应该属于[grass]","图中展示的物品是青菜,根据垃圾分类的标准，应该属于厨余垃圾
"
4139,"图中展示的物品是{garbage_object},根据垃圾分类的标准，应该属于{garbage_type}","图中展示的物品是手提包,根据垃圾分类的标准，应该属于可回收物
"
4140,图中展示的物品是垃圾，根据垃圾分类的标准，应该属于可回收垃圾,"图中展示的物品是纸牌,根据垃圾分类的标准，应该属于可回收物
"
4141,图中展示的物品是衣架，根据垃圾分类的标准，应该属于其他垃圾。,"图中展示的物品是衣架,根据垃圾分类的标准，应该属于可回收物
"
4142,图中展示的物品是[玻璃]，根据垃圾分类的标准，应该属于[其他垃圾],"图中展示的物品是水杯,根据垃圾分类的标准，应该属于可回收物
"
4143,图中展示的物品是糕点，根据垃圾分类的标准，应该属于厨余垃圾。,"图中展示的物品是糕点,根据垃圾分类的标准，应该属于厨余垃圾
"
4144,图中展示的物品是食物，根据垃圾分类的标准，应该属于可回收垃圾。,"图中展示的物品是肠(火腿),根据垃圾分类的标准，应该属于厨余垃圾
"
4145,"图中展示的物品是{garbage_object},根据垃圾分类的标准，应该属于{garbage_type}","图中展示的物品是糕点,根据垃圾分类的标准，应该属于厨余垃圾
"
4146,图中展示的物品是蛋糕，根据垃圾分类的标准，应该属于垃圾食品,"图中展示的物品是糕点,根据垃圾分类的标准，应该属于厨余垃圾
"
4147,图中展示的物品是墨盒，根据垃圾分类的标准，应该属于{garbage_type}其他垃圾。,"图中展示的物品是打印机墨盒,根据垃圾分类的标准，应该属于可回收物
"
4148,图中展示的物品是袜子，根据垃圾分类的标准，应该属于废品,"图中展示的物品是袜子,根据垃圾分类的标准，应该属于可回收物
"
4149,"图中展示的物品是[garbage_object],根据垃圾分类的标准，应该属于[garbage_type]","图中展示的物品是地铁票,根据垃圾分类的标准，应该属于可回收物
"
4150,图中展示的物品是票,"图中展示的物品是票据,根据垃圾分类的标准，应该属于其他垃圾
"
4151,"图中展示的物品是[orange],根据垃圾分类的标准，应该属于[厨余垃圾]","图中展示的物品是橙子,根据垃圾分类的标准，应该属于厨余垃圾
"
4152,图中展示的物品是衣服，根据垃圾分类的标准，应该属于可回收物,"图中展示的物品是芭比娃娃,根据垃圾分类的标准，应该属于可回收物
"
4153,图中展示的物品是[red_object]，根据垃圾分类的标准，应该属于[food],"图中展示的物品是圣女果,根据垃圾分类的标准，应该属于厨余垃圾
"
4154,图中展示的物品是蛋糕，根据垃圾分类的标准，应该属于可回收物。,"图中展示的物品是糕点,根据垃圾分类的标准，应该属于厨余垃圾
"
4155,"图中展示的物品是{garbage_object},根据垃圾分类的标准，应该属于{garbage_type}","图中展示的物品是白菜,根据垃圾分类的标准，应该属于厨余垃圾
"
4156,图中展示的物品是面包，根据垃圾分类的标准，应该属于可回收垃圾,"图中展示的物品是贝果,根据垃圾分类的标准，应该属于厨余垃圾
"
4157,图中展示的物品是菠萝，根据垃圾分类的标准，应该属于厨余垃圾,"图中展示的物品是菠萝,根据垃圾分类的标准，应该属于厨余垃圾
"
4158,图中展示的物品是玻璃杯，根据垃圾分类的标准，应该属于玻璃类垃圾。,"图中展示的物品是玻璃器皿,根据垃圾分类的标准，应该属于可回收物
"
4159,图中展示的物品是塑料瓶，根据垃圾分类的标准，应该属于其他垃圾,"图中展示的物品是塑料瓶,根据垃圾分类的标准，应该属于可回收物
"
4160,"图中展示的物品是{garbage_object},根据垃圾分类的标准，应该属于{garbage_type}","图中展示的物品是蛋,根据垃圾分类的标准，应该属于厨余垃圾
"
4161,"图中展示的物品是[garbage_object],根据垃圾分类的标准，应该属于[garbage_type]","图中展示的物品是肠(火腿),根据垃圾分类的标准，应该属于厨余垃圾
"
4162,"图中展示的物品是{garbage_object},根据垃圾分类的标准，应该属于{garbage_type}","图中展示的物品是耳钉耳环,根据垃圾分类的标准，应该属于可回收物
"
4163,图中展示的物品是{backpack}，根据垃圾分类的标准，应该属于{backpack},"图中展示的物品是手提包,根据垃圾分类的标准，应该属于可回收物
"
4164,"图中展示的物品是{garbage_object},根据垃圾分类的标准，应该属于{garbage_type}","图中展示的物品是大龙虾头,根据垃圾分类的标准，应该属于其他垃圾
"
4165,图中展示的物品是纸板箱，根据垃圾分类的标准，应该属于可回收垃圾,"图中展示的物品是纸箱,根据垃圾分类的标准，应该属于可回收物
"
4166,"图中展示的物品是[garbage_object],根据垃圾分类的标准，应该属于[garbage_type]","图中展示的物品是木质梳子,根据垃圾分类的标准，应该属于可回收物
"
4167,"图中展示的物品是{garbage_object},根据垃圾分类的标准，应该属于{garbage_type}","图中展示的物品是鞋,根据垃圾分类的标准，应该属于可回收物
"
4168,"图中展示的物品是{garbage_object},根据垃圾分类的标准，应该属于{garbage_type}","图中展示的物品是生肉,根据垃圾分类的标准，应该属于厨余垃圾
"
4169,图中展示的物品是灯泡，根据垃圾分类的标准，应该属于电子垃圾,"图中展示的物品是台灯,根据垃圾分类的标准，应该属于可回收物
"
4170,图中展示的物品是墨盒，根据垃圾分类的标准，应该属于有害垃圾。,"图中展示的物品是打印机墨盒,根据垃圾分类的标准，应该属于可回收物
"
4171,"图中展示的物品是{garbage_object},根据垃圾分类的标准，应该属于{garbage_type}垃圾。","图中展示的物品是单肩包手提包,根据垃圾分类的标准，应该属于可回收物
"
4172,图中展示的物品是布鞋，根据垃圾分类的标准，应该属于可回收垃圾,"图中展示的物品是鞋,根据垃圾分类的标准，应该属于可回收物
"
4173,"图中展示的物品是[garbage_object],根据垃圾分类的标准，应该属于[garbage_type]","图中展示的物品是生肉,根据垃圾分类的标准，应该属于厨余垃圾
"
4174,"图中展示的物品是皮鞋,根据垃圾分类的标准，应该属于废弃物品","图中展示的物品是拖鞋,根据垃圾分类的标准，应该属于可回收物
"
4175,"图中展示的物品是[ceramic_bowl],根据垃圾分类的标准，应该属于[garbage_type][厨余垃圾]","图中展示的物品是碗,根据垃圾分类的标准，应该属于可回收物
"
4176,图中展示的物品是[food]，根据垃圾分类的标准，应该属于[垃圾],"图中展示的物品是奶粉罐,根据垃圾分类的标准，应该属于可回收物
"
4177,图中展示的物品是白菜，根据垃圾分类的标准，应该属于厨余垃圾,"图中展示的物品是白菜,根据垃圾分类的标准，应该属于厨余垃圾
"
4178,"图中展示的物品是[garbage_object],根据垃圾分类的标准，应该属于[garbage_type]","图中展示的物品是巴旦木,根据垃圾分类的标准，应该属于厨余垃圾
"
4179,"图中展示的物品是计算器,根据垃圾分类的标准，应该属于电子废弃物","图中展示的物品是计算器,根据垃圾分类的标准，应该属于可回收物
"
4180,"图中展示的物品是{garbage_object},根据垃圾分类的标准，应该属于{garbage_type}","图中展示的物品是糕点,根据垃圾分类的标准，应该属于厨余垃圾
"
4181,图中展示的物品是{crispbread}，根据垃圾分类的标准，应该属于{crispbread},"图中展示的物品是饼干,根据垃圾分类的标准，应该属于厨余垃圾
"
4182,图中展示的物品是纸张，根据垃圾分类的标准，应该属于可回收垃圾,"图中展示的物品是信封,根据垃圾分类的标准，应该属于可回收物
"
4183,图中展示的物品是报纸，根据垃圾分类的标准，应该属于可回收物,"图中展示的物品是报纸,根据垃圾分类的标准，应该属于可回收物
"
4184,"图中展示的物品是[fruit_jelly],根据垃圾分类的标准，应该属于[food]","图中展示的物品是果冻,根据垃圾分类的标准，应该属于厨余垃圾
"
4185,"图中展示的物品是[扑克牌],根据垃圾分类的标准，应该属于[其他垃圾]","图中展示的物品是纸牌,根据垃圾分类的标准，应该属于可回收物
"
4186,"图中展示的物品是{apple_object},根据垃圾分类的标准，应该属于{food}","图中展示的物品是冰糖葫芦,根据垃圾分类的标准，应该属于厨余垃圾
"
4187,图中展示的物品是地球仪，根据垃圾分类的标准，应该属于垃圾,"图中展示的物品是地球仪,根据垃圾分类的标准，应该属于可回收物
"
4188,"图中展示的物品是[swatter],根据垃圾分类的标准，应该属于[垃圾]","图中展示的物品是苍蝇拍,根据垃圾分类的标准，应该属于其他垃圾
"
4189,"图中展示的物品是pillow,根据垃圾分类的标准，应该属于garbage_type","图中展示的物品是垫子,根据垃圾分类的标准，应该属于可回收物
"
4190,图中展示的物品是砧板，根据垃圾分类的标准，应该属于厨余垃圾。,"图中展示的物品是木制切菜板,根据垃圾分类的标准，应该属于可回收物
"
4191,图中展示的物品是{none}，根据垃圾分类的标准，应该属于{garbage_type},"图中展示的物品是报纸,根据垃圾分类的标准，应该属于可回收物
"
4192,图中展示的物品是衣架，根据垃圾分类的标准，应该属于可回收物,"图中展示的物品是衣架,根据垃圾分类的标准，应该属于可回收物
"
4193,图中展示的物品是珠宝，根据垃圾分类的标准，应该属于垃圾,"图中展示的物品是手链,根据垃圾分类的标准，应该属于可回收物
"
4194,"图中展示的物品是{backpack_object},根据垃圾分类的标准，应该属于{recyclable}","图中展示的物品是手提包,根据垃圾分类的标准，应该属于可回收物
"
4195,"图中展示的物品是{garbage_object},根据垃圾分类的标准，应该属于{garbage_type}厨余垃圾","图中展示的物品是糕点,根据垃圾分类的标准，应该属于厨余垃圾
"
4196,"图中展示的物品是{garbage_object},根据垃圾分类的标准，应该属于{garbage_type}","图中展示的物品是泡沫盒子,根据垃圾分类的标准，应该属于可回收物
"
4197,"图中展示的物品是{microphone},根据垃圾分类的标准，应该属于{recycling}","图中展示的物品是话筒,根据垃圾分类的标准，应该属于可回收物
"
4198,图中展示的物品是饼干，根据垃圾分类的标准，应该属于垃圾食品,"图中展示的物品是饼干,根据垃圾分类的标准，应该属于厨余垃圾
"
4199,"图中展示的物品是{garbage_object},根据垃圾分类的标准，应该属于{garbage_type}废塑料","图中展示的物品是笔及笔芯,根据垃圾分类的标准，应该属于其他垃圾
"
4200,"图中展示的物品是{garbage_object},根据垃圾分类的标准，应该属于{garbage_type}","图中展示的物品是肠(火腿),根据垃圾分类的标准，应该属于厨余垃圾
"
4201,图中展示的物品是{iron_box}，根据垃圾分类的标准，应该属于{电子废弃物},"图中展示的物品是电熨斗,根据垃圾分类的标准，应该属于可回收物
"
4202,"图中展示的物品是{garbage_object},根据垃圾分类的标准，应该属于{garbage_type}","图中展示的物品是普通面包,根据垃圾分类的标准，应该属于厨余垃圾
"
4203,图中展示的物品是塑料盆，根据垃圾分类的标准，应该属于厨余垃圾,"图中展示的物品是塑料盆,根据垃圾分类的标准，应该属于可回收物
"
4204,图中展示的物品是米饭，根据垃圾分类的标准，应该属于厨余垃圾。,"图中展示的物品是残渣剩饭,根据垃圾分类的标准，应该属于厨余垃圾
"
4205,图中展示的物品是电池，根据垃圾分类的标准，应该属于电子废弃物。,"图中展示的物品是蓄电池,根据垃圾分类的标准，应该属于有害垃圾
"
4206,图中展示的物品是扫把，根据垃圾分类的标准，应该属于厨余垃圾,"图中展示的物品是鸡毛掸,根据垃圾分类的标准，应该属于其他垃圾
"
4207,"图中展示的物品是[garbage_object],根据垃圾分类的标准，应该属于[garbage_type]","图中展示的物品是锅盖,根据垃圾分类的标准，应该属于可回收物
"
4208,"图中展示的物品是直发棒,根据垃圾分类的标准，应该属于电子垃圾","图中展示的物品是电动卷发棒,根据垃圾分类的标准，应该属于可回收物
"
4209,"图中展示的物品是{garbage_object},根据垃圾分类的标准，应该属于{garbage_type}","图中展示的物品是玻璃器皿,根据垃圾分类的标准，应该属于可回收物
"
4210,图中展示的物品是{toy}，根据垃圾分类的标准，应该属于{garbage_type}玩具。,"图中展示的物品是变形玩具,根据垃圾分类的标准，应该属于可回收物
"
4211,图中展示的物品是[草莓]，根据垃圾分类的标准，应该属于[可回收垃圾],"图中展示的物品是草莓,根据垃圾分类的标准，应该属于厨余垃圾
"
4212,图中展示的物品是电热水壶，根据垃圾分类的标准，应该属于可回收物。,"图中展示的物品是烧水壶,根据垃圾分类的标准，应该属于可回收物
"
4213,"图中展示的物品是[garbage_object],根据垃圾分类的标准，应该属于[garbage_type]","图中展示的物品是钟表,根据垃圾分类的标准，应该属于可回收物
"
4214,图中展示的物品是毛绒玩具，根据垃圾分类的标准，应该属于可回收物,"图中展示的物品是玩偶,根据垃圾分类的标准，应该属于可回收物
"
4215,图中展示的物品是{no garbage}，根据垃圾分类的标准，应该属于{no garbage},"图中展示的物品是护肤品空瓶,根据垃圾分类的标准，应该属于可回收物
"
4216,"图中展示的物品是[garbage_object],根据垃圾分类的标准，应该属于[garbage_type]","图中展示的物品是电熨斗,根据垃圾分类的标准，应该属于可回收物
"
4217,图中展示的物品是耳环，根据垃圾分类的标准，应该属于可回收物,"图中展示的物品是耳钉耳环,根据垃圾分类的标准，应该属于可回收物
"
4218,"图中展示的物品是{garbage_object},根据垃圾分类的标准，应该属于{garbage_type}","图中展示的物品是圣女果,根据垃圾分类的标准，应该属于厨余垃圾
"
4219,图中展示的物品是{cardboard_box}，根据垃圾分类的标准，应该属于{cardboard},"图中展示的物品是信封,根据垃圾分类的标准，应该属于可回收物
"
4220,图中展示的物品是手机，根据垃圾分类的标准，应该属于电子垃圾,"图中展示的物品是手机,根据垃圾分类的标准，应该属于可回收物
"
4221,图中展示的物品是塑料盒，根据垃圾分类的标准，应该属于厨余垃圾,"图中展示的物品是餐盒,根据垃圾分类的标准，应该属于其他垃圾
"
4222,"图中展示的物品是{garbage_object},根据垃圾分类的标准，应该属于{garbage_type}","图中展示的物品是票据,根据垃圾分类的标准，应该属于其他垃圾
"
4223,图中展示的物品是纸箱，根据垃圾分类的标准，应该属于可回收垃圾,"图中展示的物品是纸箱,根据垃圾分类的标准，应该属于可回收物
"
4224,图中展示的物品是钢丝绒球，根据垃圾分类的标准，应该属于金属垃圾,"图中展示的物品是钢丝球,根据垃圾分类的标准，应该属于可回收物
"
4225,图中展示的物品是钳子，根据垃圾分类的标准，应该属于金属垃圾。,"图中展示的物品是镊子,根据垃圾分类的标准，应该属于可回收物
"
4226,"图中展示的物品是甜瓜,根据垃圾分类的标准，应该属于可回收物","图中展示的物品是哈密瓜,根据垃圾分类的标准，应该属于厨余垃圾
"
4227,"图中展示的物品是[扑克牌],根据垃圾分类的标准，应该属于[垃圾]","图中展示的物品是纸牌,根据垃圾分类的标准，应该属于可回收物
"
4228,图中展示的物品是{metal_object}，根据垃圾分类的标准，应该属于{metal},"图中展示的物品是尺子,根据垃圾分类的标准，应该属于可回收物
"
4229,"图中展示的物品是[garbage_object],根据垃圾分类的标准，应该属于[garbage_type]","图中展示的物品是茶壶碎片,根据垃圾分类的标准，应该属于其他垃圾
"
4230,图中展示的物品是[thermos]，根据垃圾分类的标准，应该属于[recyclable]。,"图中展示的物品是保温杯,根据垃圾分类的标准，应该属于可回收物
"
4231,图中展示的物品是[scissors]，根据垃圾分类的标准，应该属于[家用电器]。,"图中展示的物品是剪刀,根据垃圾分类的标准，应该属于可回收物
"
4232,图中展示的物品是计算器，根据垃圾分类的标准，应该属于电子废弃物,"图中展示的物品是计算器,根据垃圾分类的标准，应该属于可回收物
"
4233,"图中展示的物品是{garbage_object},根据垃圾分类的标准，应该属于{garbage_type}","图中展示的物品是玩偶,根据垃圾分类的标准，应该属于可回收物
"
4234,图中展示的物品是糖果，根据垃圾分类的标准，应该属于垃圾食品,"图中展示的物品是冰糖葫芦,根据垃圾分类的标准，应该属于厨余垃圾
"
4235,图中展示的物品是台灯，根据垃圾分类的标准，应该属于废品,"图中展示的物品是灯罩,根据垃圾分类的标准，应该属于可回收物
"
4236,图中展示的物品是食物，根据垃圾分类的标准，应该属于垃圾食品,"图中展示的物品是糕点,根据垃圾分类的标准，应该属于厨余垃圾
"
4237,图中展示的物品是银行卡，根据垃圾分类的标准，应该属于电子垃圾,"图中展示的物品是卡,根据垃圾分类的标准，应该属于可回收物
"
4238,图中展示的物品是台历，根据垃圾分类的标准，应该属于可回收垃圾。,"图中展示的物品是台历,根据垃圾分类的标准，应该属于可回收物
"
4239,图中展示的物品是电热水壶，根据垃圾分类的标准，应该属于可回收物,"图中展示的物品是烧水壶,根据垃圾分类的标准，应该属于可回收物
"
4240,"图中展示的物品是{toy_object},根据垃圾分类的标准，应该属于{garbage_type}","图中展示的物品是玩偶,根据垃圾分类的标准，应该属于可回收物
"
4241,图中展示的物品是玻璃茶壶，根据垃圾分类的标准，应该属于玻璃,"图中展示的物品是玻璃壶,根据垃圾分类的标准，应该属于可回收物
"
4242,图中展示的物品是{vegetable}，根据垃圾分类的标准，应该属于{vegetable},"图中展示的物品是肠(火腿),根据垃圾分类的标准，应该属于厨余垃圾
"
4243,图中展示的物品是电池，根据垃圾分类的标准，应该属于有害垃圾,"图中展示的物品是电池,根据垃圾分类的标准，应该属于有害垃圾
"
4244,图中展示的物品是干电池，根据垃圾分类的标准，应该属于干电池。,"图中展示的物品是纽扣电池,根据垃圾分类的标准，应该属于有害垃圾
"
4245,"图中展示的物品是土豆,根据垃圾分类的标准，应该属于可回收物","图中展示的物品是肠(火腿),根据垃圾分类的标准，应该属于厨余垃圾
"
4246,"图中展示的物品是{garbage_object},根据垃圾分类的标准，应该属于{garbage_type}厨余垃圾","图中展示的物品是菠萝蜜,根据垃圾分类的标准，应该属于厨余垃圾
"
4247,"图中展示的物品是{garbage_object},根据垃圾分类的标准，应该属于{garbage_type}","图中展示的物品是骨肉相连,根据垃圾分类的标准，应该属于厨余垃圾
"
4248,"图中展示的物品是[garbage_object],根据垃圾分类的标准，应该属于[garbage_type]","图中展示的物品是白萝卜,根据垃圾分类的标准，应该属于厨余垃圾
"
4249,图中展示的物品是[灯泡]，根据垃圾分类的标准，应该属于[有害垃圾],"图中展示的物品是LED灯泡,根据垃圾分类的标准，应该属于有害垃圾
"
4250,图中展示的物品是芹菜,"图中展示的物品是青菜,根据垃圾分类的标准，应该属于厨余垃圾
"
4251,"图中展示的物品是{garbage_object},根据垃圾分类的标准，应该属于{garbage_type}","图中展示的物品是粉条,根据垃圾分类的标准，应该属于厨余垃圾
"
4252,"图中展示的物品是[none],根据垃圾分类的标准，应该属于[none]","图中展示的物品是餐垫,根据垃圾分类的标准，应该属于可回收物
"
4253,图中展示的物品是[no garbage]，根据垃圾分类的标准，应该属于[无垃圾],"图中展示的物品是奶粉罐,根据垃圾分类的标准，应该属于可回收物
"
4254,图中展示的物品是饼干，根据垃圾分类的标准，应该属于厨余垃圾。,"图中展示的物品是菠萝包,根据垃圾分类的标准，应该属于厨余垃圾
"
4255,图中展示的物品是电子电路板，根据垃圾分类的标准，应该属于电子废弃物,"图中展示的物品是电路板,根据垃圾分类的标准，应该属于可回收物
"
4256,"图中展示的物品是{bag_object},根据垃圾分类的标准，应该属于{recycle}","图中展示的物品是购物纸袋,根据垃圾分类的标准，应该属于可回收物
"
4257,图中展示的物品是电子电路板，根据垃圾分类的标准，应该属于电子废弃物。,"图中展示的物品是电路板,根据垃圾分类的标准，应该属于可回收物
"
4258,图中展示的物品是[fruit]，根据垃圾分类的标准，应该属于[食物],"图中展示的物品是圣女果,根据垃圾分类的标准，应该属于厨余垃圾
"
4259,"图中展示的物品是饼干,根据垃圾分类的标准，应该属于可回收垃圾","图中展示的物品是糕点,根据垃圾分类的标准，应该属于厨余垃圾
"
4260,"图中展示的物品是{garbage_object},根据垃圾分类的标准，应该属于{garbage_type}","图中展示的物品是地球仪,根据垃圾分类的标准，应该属于可回收物
"
4261,图中展示的物品是汽车钥匙，根据垃圾分类的标准，应该属于不可回收垃圾。,"图中展示的物品是车钥匙,根据垃圾分类的标准，应该属于可回收物
"
4262,图中展示的物品是塑料容器，根据垃圾分类的标准，应该属于可回收物,"图中展示的物品是塑料瓶,根据垃圾分类的标准，应该属于可回收物
"
4263,图中展示的物品是纸袋，根据垃圾分类的标准，应该属于可回收垃圾。,"图中展示的物品是单肩包手提包,根据垃圾分类的标准，应该属于可回收物
"
4264,图中展示的物品是娃娃，根据垃圾分类的标准，应该属于玩具,"图中展示的物品是芭比娃娃,根据垃圾分类的标准，应该属于可回收物
"
4265,"坚果,garbage_object,坚果","图中展示的物品是巴旦木,根据垃圾分类的标准，应该属于厨余垃圾
"
4266,"图中展示的物品是计算器,根据垃圾分类的标准，应该属于电子废弃物","图中展示的物品是计算器,根据垃圾分类的标准，应该属于可回收物
"
4267,"图中展示的物品是{toothbrush, toothpaste, toothbrush holder, toothbrush, towel, toothpaste, toothbrush holder, toothpaste, toothpaste, toothbrush, toothpaste, toothpaste, toothpaste, toothpaste, toothpaste, toothpaste, toothpaste, toothpaste, toothpaste, toothpaste, toothpaste, toothpaste, toothpaste, toothpaste, toothpaste, toothpaste, toothpaste, toothpaste, toothpaste, toothpaste, toothpaste, toothpaste, toothpaste, toothpaste, toothpaste, toothpaste, toothpaste, toothpaste, toothpaste, toothpaste, toothpaste, toothpaste, toothpaste, toothpaste, toothpaste, toothpaste, toothpaste, toothpaste, toothpaste, toothpaste, toothpaste, toothpaste, toothpaste, toothpaste, toothpaste, toothpaste, toothpaste, toothpaste, toothpaste, toothpaste, toothpaste, toothpaste, toothpaste, toothpaste, toothpaste, toothpaste, toothpaste, toothpaste, toothpaste, toothpaste, toothpaste, toothpaste, toothpaste, toothpaste, toothpaste, toothpaste, toothpaste, toothpaste, toothpaste, toothpaste, toothpaste, toothpaste, toothpaste, toothpaste, toothpaste, toothpaste, toothpaste, toothpaste, toothpaste, toothpaste, toothpaste, toothpaste, toothpaste, toothpaste, toothpaste, toothpaste, toothpaste, toothpaste, toothpaste, toothpaste, toothpaste, toothpaste, toothpaste, toothpaste, toothpaste, toothpaste, toothpaste, toothpaste, toothpaste, toothpaste, toothpaste, toothpaste, toothpaste, toothpaste, toothpaste, toothpaste, toothpaste, toothpaste, toothpaste, toothpaste, toothpaste, toothpaste, toothpaste, toothpaste, toothpaste, toothpaste, toothpaste, toothpaste, toothpaste, toothpaste, toothpaste, toothpaste, toothpaste, toothpaste, toothpaste, toothpaste, toothpaste, toothpaste, toothpaste, toothpaste, toothpaste, toothpaste, toothpaste, toothpaste, toothpaste, toothpaste, toothpaste, toothpaste, toothpaste, toothpaste, toothpaste, toothpaste, toothpaste, toothpaste, toothpaste, toothpaste, toothpaste, toothpaste, toothpaste, toothpaste, toothpaste, toothpaste, toothpaste, toothpaste, toothpaste, toothpaste, toothpaste, toothpaste","图中展示的物品是水杯,根据垃圾分类的标准，应该属于可回收物
"
4268,"图中展示的物品是{garbage_object},根据垃圾分类的标准，应该属于{garbage_type}垃圾。","图中展示的物品是车钥匙,根据垃圾分类的标准，应该属于可回收物
"
4269,图中展示的物品是蔬菜，根据垃圾分类的标准，应该属于可回收物,"图中展示的物品是残渣剩饭,根据垃圾分类的标准，应该属于厨余垃圾
"
4270,图中展示的物品是玻璃杯，根据垃圾分类的标准，应该属于可回收垃圾。,"图中展示的物品是水杯,根据垃圾分类的标准，应该属于可回收物
"
4271,"图中展示的物品是{garbage_object},根据垃圾分类的标准，应该属于{garbage_type}","图中展示的物品是裤子,根据垃圾分类的标准，应该属于可回收物
"
4272,"图中展示的物品是{garbage_object},根据垃圾分类的标准，应该属于{garbage_type}垃圾。","图中展示的物品是手提包,根据垃圾分类的标准，应该属于可回收物
"
4273,"图中展示的物品是{garbage_object},根据垃圾分类的标准，应该属于{garbage_type}","图中展示的物品是玩偶,根据垃圾分类的标准，应该属于可回收物
"
4274,图中展示的物品是肉，根据垃圾分类的标准，应该属于可回收垃圾。,"图中展示的物品是肠(火腿),根据垃圾分类的标准，应该属于厨余垃圾
"
4275,图中展示的物品是灯，根据垃圾分类的标准，应该属于可回收物,"图中展示的物品是台灯,根据垃圾分类的标准，应该属于可回收物
"
4276,图中展示的物品是卫生纸，根据垃圾分类的标准，应该属于可回收物。,"图中展示的物品是干燥剂,根据垃圾分类的标准，应该属于其他垃圾
"
4277,"图中展示的物品是{binoculars},根据垃圾分类的标准，应该属于{trash}","图中展示的物品是望远镜,根据垃圾分类的标准，应该属于可回收物
"
4278,"图中展示的物品是项链,根据垃圾分类的标准，应该属于废品","图中展示的物品是耳钉耳环,根据垃圾分类的标准，应该属于可回收物
"
4279,"图中展示的物品是[usb humidifier],根据垃圾分类的标准，应该属于[有害垃圾]","图中展示的物品是空气加湿器,根据垃圾分类的标准，应该属于可回收物
"
4280,"图中展示的物品是[wooden],根据垃圾分类的标准，应该属于[wood]","图中展示的物品是木制玩具,根据垃圾分类的标准，应该属于可回收物
"
4281,"图中展示的物品是{garbage_object},根据垃圾分类的标准，应该属于{garbage_type}垃圾。","图中展示的物品是暖宝宝,根据垃圾分类的标准，应该属于可回收物
"
4282,"图中展示的物品是{garbage_object},根据垃圾分类的标准，应该属于{garbage_type}垃圾。","图中展示的物品是枕头,根据垃圾分类的标准，应该属于可回收物
"
4283,"图中展示的物品是手提包,根据垃圾分类的标准，应该属于可回收物","图中展示的物品是单肩包手提包,根据垃圾分类的标准，应该属于可回收物
"
4284,图中展示的物品是{tomato}，根据垃圾分类的标准，应该属于{vegetable},"图中展示的物品是圣女果,根据垃圾分类的标准，应该属于厨余垃圾
"
4285,"图中展示的物品是[garbage_object],根据垃圾分类的标准，应该属于[garbage_type]","图中展示的物品是量杯,根据垃圾分类的标准，应该属于可回收物
"
4286,图中展示的物品是纸杯，根据垃圾分类的标准，应该属于可回收物,"图中展示的物品是奶茶杯,根据垃圾分类的标准，应该属于其他垃圾
"
4287,图中展示的物品是玻璃杯，根据垃圾分类的标准，应该属于可回收物,"图中展示的物品是水杯,根据垃圾分类的标准，应该属于可回收物
"
4288,"图中展示的物品是[笔],根据垃圾分类的标准，应该属于[其他]","图中展示的物品是笔及笔芯,根据垃圾分类的标准，应该属于其他垃圾
"
4289,图中展示的物品是收音机，根据垃圾分类的标准，应该属于电子废弃物。,"图中展示的物品是收音机,根据垃圾分类的标准，应该属于可回收物
"
4290,图中展示的物品是[fruit]，根据垃圾分类的标准，应该属于[vegetable],"图中展示的物品是哈密瓜,根据垃圾分类的标准，应该属于厨余垃圾
"
4291,"图中展示的物品是[garbage_object],根据垃圾分类的标准，应该属于[garbage_type]","图中展示的物品是尺子,根据垃圾分类的标准，应该属于可回收物
"
4292,图中展示的物品是剃须刀，根据垃圾分类的标准，应该属于家用电器。,"图中展示的物品是电动剃须刀,根据垃圾分类的标准，应该属于可回收物
"
4293,图中展示的物品是珍珠，根据垃圾分类的标准，应该属于可回收物,"图中展示的物品是耳钉耳环,根据垃圾分类的标准，应该属于可回收物
"
4294,"图中展示的物品是{garbage_object},根据垃圾分类的标准，应该属于{garbage_type}","图中展示的物品是打气筒,根据垃圾分类的标准，应该属于可回收物
"
4295,"图中展示的物品是{garbage_object},根据垃圾分类的标准，应该属于{garbage_type}","图中展示的物品是生肉,根据垃圾分类的标准，应该属于厨余垃圾
"
4296,图中展示的物品是[蔬菜]，根据垃圾分类的标准，应该属于[蔬菜],"图中展示的物品是肠(火腿),根据垃圾分类的标准，应该属于厨余垃圾
"
4297,图中展示的物品是枕头，根据垃圾分类的标准，应该属于可回收物。,"图中展示的物品是枕头,根据垃圾分类的标准，应该属于可回收物
"
4298,图中展示的物品是剃须刀，根据垃圾分类的标准，应该属于废金属。,"图中展示的物品是电动剃须刀,根据垃圾分类的标准，应该属于可回收物
"
4299,图中展示的物品是塑料袋，根据垃圾分类的标准，应该属于其他垃圾。,"图中展示的物品是一次性棉签,根据垃圾分类的标准，应该属于其他垃圾
"
4300,图中展示的物品是灯管，根据垃圾分类的标准，应该属于有害垃圾,"图中展示的物品是玻璃灯管,根据垃圾分类的标准，应该属于有害垃圾
"
4301,"图中展示的物品是{garbage_object},根据垃圾分类的标准，应该属于{garbage_type}","图中展示的物品是鞋,根据垃圾分类的标准，应该属于可回收物
"
4302,图中展示的物品是电源适配器，根据垃圾分类的标准，应该属于电子废弃物,"图中展示的物品是充电宝,根据垃圾分类的标准，应该属于可回收物
"
4303,"图中展示的物品是[garbage_object],根据垃圾分类的标准，应该属于[garbage_type]","图中展示的物品是骨肉相连,根据垃圾分类的标准，应该属于厨余垃圾
"
4304,"图中展示的物品是[garbage_object],根据垃圾分类的标准，应该属于[garbage_type]","图中展示的物品是白菜,根据垃圾分类的标准，应该属于厨余垃圾
"
4305,图中展示的物品是{egg}，根据垃圾分类的标准，应该属于{厨余垃圾}。,"图中展示的物品是蛋,根据垃圾分类的标准，应该属于厨余垃圾
"
4306,图中展示的物品是[knife]，根据垃圾分类的标准，应该属于[厨余垃圾],"图中展示的物品是刀,根据垃圾分类的标准，应该属于可回收物
"
4307,"图中展示的物品是{garbage_object},根据垃圾分类的标准，应该属于{garbage_type}","图中展示的物品是蘑菇,根据垃圾分类的标准，应该属于厨余垃圾
"
4308,图中展示的物品是棉签，根据垃圾分类的标准，应该属于可回收物。,"图中展示的物品是一次性棉签,根据垃圾分类的标准，应该属于其他垃圾
"
4309,"图中展示的物品是[garbage_object],根据垃圾分类的标准，应该属于[garbage_type]","图中展示的物品是苍蝇拍,根据垃圾分类的标准，应该属于其他垃圾
"
4310,图中展示的物品是插座，根据垃圾分类的标准，应该属于{garbage_type},"图中展示的物品是插线板,根据垃圾分类的标准，应该属于可回收物
"
4311,图中展示的物品是洗洁精瓶，根据垃圾分类的标准，应该属于废塑料（塑料瓶）,"图中展示的物品是钢丝球,根据垃圾分类的标准，应该属于可回收物
"
4312,图中展示的物品是胶水，根据垃圾分类的标准，应该属于{garbage_type}其他垃圾。,"图中展示的物品是胶水,根据垃圾分类的标准，应该属于有害垃圾
"
4313,图中展示的物品是手提包，根据垃圾分类的标准，应该属于可回收物。,"图中展示的物品是单肩包手提包,根据垃圾分类的标准，应该属于可回收物
"
4314,图中展示的物品是电池，根据垃圾分类的标准，应该属于垃圾,"图中展示的物品是电池,根据垃圾分类的标准，应该属于有害垃圾
"
4315,"图中展示的物品是[fruit_and_vegetables],根据垃圾分类的标准，应该属于[food]","图中展示的物品是保鲜盒,根据垃圾分类的标准，应该属于可回收物
"
4316,图中展示的物品是[fruit]，根据垃圾分类的标准，应该属于[有机垃圾]。,"图中展示的物品是火龙果,根据垃圾分类的标准，应该属于厨余垃圾
"
4317,图中展示的物品是[shoe]，根据垃圾分类的标准，应该属于[garbage_type],"图中展示的物品是鞋,根据垃圾分类的标准，应该属于可回收物
"
4318,图中展示的物品是衣架，根据垃圾分类的标准，应该属于可回收垃圾。,"图中展示的物品是衣架,根据垃圾分类的标准，应该属于可回收物
"
4319,图中展示的物品是沙拉，根据垃圾分类的标准，应该属于厨余垃圾。,"图中展示的物品是炸鸡,根据垃圾分类的标准，应该属于厨余垃圾
"
4320,图中展示的物品是电路板，根据垃圾分类的标准，应该属于电子垃圾,"图中展示的物品是电路板,根据垃圾分类的标准，应该属于可回收物
"
4321,"图中展示的物品是{garbage_object},根据垃圾分类的标准，应该属于{garbage_type}厨余垃圾","图中展示的物品是蛋,根据垃圾分类的标准，应该属于厨余垃圾
"
4322,"图中展示的物品是杯子,根据垃圾分类的标准，应该属于废塑料","图中展示的物品是保温杯,根据垃圾分类的标准，应该属于可回收物
"
4323,图中展示的物品是[wood]，根据垃圾分类的标准，应该属于[wood],"图中展示的物品是木制玩具,根据垃圾分类的标准，应该属于可回收物
"
4324,"图中展示的物品是[garbage_object],根据垃圾分类的标准，应该属于[garbage_type]","图中展示的物品是裤子,根据垃圾分类的标准，应该属于可回收物
"
4325,图中展示的物品是钢丝球，根据垃圾分类的标准，应该属于可回收垃圾。,"图中展示的物品是钢丝球,根据垃圾分类的标准，应该属于可回收物
"
4326,图中展示的物品是[wooden]，根据垃圾分类的标准，应该属于[recyclable]。,"图中展示的物品是木质锅铲,根据垃圾分类的标准，应该属于可回收物
"
4327,图中展示的物品是[玻璃]，根据垃圾分类的标准，应该属于[可回收物]。,"图中展示的物品是烟灰缸,根据垃圾分类的标准，应该属于可回收物
"
4328,图中展示的物品是书籍，根据垃圾分类的标准，应该属于废纸,"图中展示的物品是书,根据垃圾分类的标准，应该属于可回收物
"
4329,图中展示的物品是坚果，根据垃圾分类的标准，应该属于可回收物,"图中展示的物品是巴旦木,根据垃圾分类的标准，应该属于厨余垃圾
"
4330,图中展示的物品是{cartridge}，根据垃圾分类的标准，应该属于{garbage_type},"图中展示的物品是胶带,根据垃圾分类的标准，应该属于其他垃圾
"
4331,"图中展示的物品是{garbage_object},根据垃圾分类的标准，应该属于{garbage_type}电子垃圾","图中展示的物品是空调遥控器,根据垃圾分类的标准，应该属于可回收物
"
4332,"图中展示的物品是{food_item},根据垃圾分类的标准，应该属于{food}","图中展示的物品是糕点,根据垃圾分类的标准，应该属于厨余垃圾
"
4333,"图中展示的物品是[swatter],根据垃圾分类的标准，应该属于[有害垃圾]","图中展示的物品是苍蝇拍,根据垃圾分类的标准，应该属于其他垃圾
"
4334,"图中展示的物品是{garbage_object},根据垃圾分类的标准，应该属于{garbage_type}","图中展示的物品是普通面包,根据垃圾分类的标准，应该属于厨余垃圾
"
4335,图中展示的物品是蛋糕盒，根据垃圾分类的标准，应该属于可回收物。,"图中展示的物品是蛋糕盒,根据垃圾分类的标准，应该属于可回收物
"
4336,"图中展示的物品是[garbage_object], 根据垃圾分类的标准，应该属于[garbage_type]","图中展示的物品是单肩包手提包,根据垃圾分类的标准，应该属于可回收物
"
4337,图中展示的物品是[lighting_tool]，根据垃圾分类的标准，应该属于[recyclable]。,"图中展示的物品是手电筒,根据垃圾分类的标准，应该属于可回收物
"
4338,图中展示的物品是电池，根据垃圾分类的标准，应该属于有害垃圾。,"图中展示的物品是电池,根据垃圾分类的标准，应该属于有害垃圾
"
4339,图中展示的物品是玻璃瓶，根据垃圾分类的标准，应该属于玻璃,"图中展示的物品是塑料瓶,根据垃圾分类的标准，应该属于可回收物
"
4340,图中展示的物品是纸箱，根据垃圾分类的标准，应该属于可回收垃圾。,"图中展示的物品是纸箱,根据垃圾分类的标准，应该属于可回收物
"
4341,"图中展示的物品是{garbage_object},根据垃圾分类的标准，应该属于{garbage_type}","图中展示的物品是木质梳子,根据垃圾分类的标准，应该属于可回收物
"
4342,"图中展示的物品是{garbage_object},根据垃圾分类的标准，应该属于{garbage_type}","图中展示的物品是手链,根据垃圾分类的标准，应该属于可回收物
"
4343,"图中展示的物品是{garbage_object},根据垃圾分类的标准，应该属于{garbage_type}","图中展示的物品是蛋,根据垃圾分类的标准，应该属于厨余垃圾
"
4344,图中展示的物品是[fruit]，根据垃圾分类的标准，应该属于[厨余垃圾],"图中展示的物品是果冻,根据垃圾分类的标准，应该属于厨余垃圾
"
4345,"图中展示的物品是{garbage_object},根据垃圾分类的标准，应该属于{garbage_type}","图中展示的物品是烟蒂,根据垃圾分类的标准，应该属于其他垃圾
"
4346,图中展示的物品是白菜，根据垃圾分类的标准，应该属于可回收物。,"图中展示的物品是白菜,根据垃圾分类的标准，应该属于厨余垃圾
"
4347,图中展示的物品是{coffee}，根据垃圾分类的标准，应该属于{garbage_type},"图中展示的物品是咖啡渣,根据垃圾分类的标准，应该属于厨余垃圾
"
4348,图中展示的物品是金属罐，根据垃圾分类的标准，应该属于金属,"图中展示的物品是易拉罐,根据垃圾分类的标准，应该属于可回收物
"
4349,图中展示的物品是白菜，根据垃圾分类的标准，应该属于厨余垃圾。,"图中展示的物品是白菜,根据垃圾分类的标准，应该属于厨余垃圾
"
4350,图中展示的物品是计算器，根据垃圾分类的标准，应该属于电子废弃物,"图中展示的物品是计算器,根据垃圾分类的标准，应该属于可回收物
"
4351,"图中展示的物品是{garbage_object},根据垃圾分类的标准，应该属于{garbage_type}","图中展示的物品是一次性棉签,根据垃圾分类的标准，应该属于其他垃圾
"
4352,图中展示的物品是尺子，根据垃圾分类的标准，应该属于金属垃圾,"图中展示的物品是尺子,根据垃圾分类的标准，应该属于可回收物
"
4353,"图中展示的物品是[plastic_bottle],根据垃圾分类的标准，应该属于[garbage_type]塑料","图中展示的物品是塑料瓶,根据垃圾分类的标准，应该属于可回收物
"
4354,图中展示的物品是[handbag]，根据垃圾分类的标准，应该属于[recyclable]。,"图中展示的物品是单肩包手提包,根据垃圾分类的标准，应该属于可回收物
"
4355,"图中展示的物品是杯子,根据垃圾分类的标准，应该属于可回收物","图中展示的物品是保温杯,根据垃圾分类的标准，应该属于可回收物
"
4356,图中展示的物品是火腿，根据垃圾分类的标准，应该属于厨余垃圾,"图中展示的物品是肠(火腿),根据垃圾分类的标准，应该属于厨余垃圾
"
4357,图中展示的物品是[塑料瓶]，根据垃圾分类的标准，应该属于[可回收物]。,"图中展示的物品是滴眼液瓶,根据垃圾分类的标准，应该属于有害垃圾
"
4358,"图中展示的物品是{garbage_object},根据垃圾分类的标准，应该属于{garbage_type}","图中展示的物品是书,根据垃圾分类的标准，应该属于可回收物
"
4359,"图中展示的物品是[文具],[垃圾]","图中展示的物品是涂改带,根据垃圾分类的标准，应该属于其他垃圾
"
4360,图中展示的物品是枕头，根据垃圾分类的标准，应该属于可回收物。,"图中展示的物品是枕头,根据垃圾分类的标准，应该属于可回收物
"
4361,图中展示的物品是西瓜片，根据垃圾分类的标准，应该属于厨余垃圾。,"图中展示的物品是西瓜皮,根据垃圾分类的标准，应该属于厨余垃圾
"
4362,"图中展示的物品是[garbage_object],根据垃圾分类的标准，应该属于[garbage_type]","图中展示的物品是餐垫,根据垃圾分类的标准，应该属于可回收物
"
4363,"图中展示的物品是{garbage_object},根据垃圾分类的标准，应该属于{garbage_type}","图中展示的物品是炸鸡,根据垃圾分类的标准，应该属于厨余垃圾
"
4364,图中展示的物品是手机，根据垃圾分类的标准，应该属于电子废弃物。,"图中展示的物品是手机,根据垃圾分类的标准，应该属于可回收物
"
4365,图中展示的物品是罐头，根据垃圾分类的标准，应该属于厨余垃圾。,"图中展示的物品是奶粉罐铝盖,根据垃圾分类的标准，应该属于可回收物
"
4366,图中展示的物品是汉堡，垃圾物品是食物垃圾，垃圾类型是餐厨垃圾。,"图中展示的物品是汉堡,根据垃圾分类的标准，应该属于厨余垃圾
"
4367,"图中展示的物品是[fruit],根据垃圾分类的标准，应该属于[vegetable]","图中展示的物品是西瓜皮,根据垃圾分类的标准，应该属于厨余垃圾
"
4368,图中展示的物品是玻璃瓶，根据垃圾分类的标准，应该属于玻璃垃圾。,"图中展示的物品是玻璃器皿,根据垃圾分类的标准，应该属于可回收物
"
4369,"图中展示的物品是糖果,根据垃圾分类的标准，应该属于可回收垃圾","图中展示的物品是糕点,根据垃圾分类的标准，应该属于厨余垃圾
"
4370,图中展示的物品是垃圾鸡蛋，根据垃圾分类的标准，应该属于垃圾食品,"图中展示的物品是蛋,根据垃圾分类的标准，应该属于厨余垃圾
"
4371,"图中展示的物品是[iron],根据垃圾分类的标准，应该属于[电子废弃物]","图中展示的物品是电熨斗,根据垃圾分类的标准，应该属于可回收物
"
4372,图中展示的物品是农药，根据垃圾分类的标准，应该属于有害垃圾。,"图中展示的物品是杀虫剂,根据垃圾分类的标准，应该属于有害垃圾
"
4373,图中展示的物品是尺子，根据垃圾分类的标准，应该属于废品,"图中展示的物品是尺子,根据垃圾分类的标准，应该属于可回收物
"
4374,"图中展示的物品是[garbage_object],根据垃圾分类的标准，应该属于[garbage_type]","图中展示的物品是单肩包手提包,根据垃圾分类的标准，应该属于可回收物
"
4375,"图中展示的物品是{garbage_object},根据垃圾分类的标准，应该属于{garbage_type}","图中展示的物品是茶叶罐,根据垃圾分类的标准，应该属于可回收物
"
4376,图中展示的物品是胶带，根据垃圾分类的标准，应该属于其他垃圾。,"图中展示的物品是胶带,根据垃圾分类的标准，应该属于其他垃圾
"
4377,图中展示的物品是[wood]，根据垃圾分类的标准，应该属于[wood],"图中展示的物品是木质梳子,根据垃圾分类的标准，应该属于可回收物
"
4378,图中展示的物品是金属尺，根据垃圾分类的标准，应该属于可回收垃圾。,"图中展示的物品是尺子,根据垃圾分类的标准，应该属于可回收物
"
4379,图中展示的物品是衣架，根据垃圾分类的标准，应该属于可回收垃圾。,"图中展示的物品是衣架,根据垃圾分类的标准，应该属于可回收物
"
4380,"图中展示的物品是[garbage_object],根据垃圾分类的标准，应该属于[garbage_type]","图中展示的物品是牛肉干,根据垃圾分类的标准，应该属于厨余垃圾
"
4381,图中展示的物品是吹风机，根据垃圾分类的标准，应该属于有害垃圾,"图中展示的物品是吹风机,根据垃圾分类的标准，应该属于可回收物
"
4382,图中展示的物品是验孕棒，根据垃圾分类的标准，应该属于有害垃圾,"图中展示的物品是验孕棒,根据垃圾分类的标准，应该属于其他垃圾
"
4383,"图中展示的物品是{garbage_object},根据垃圾分类的标准，应该属于{garbage_type}","图中展示的物品是生肉,根据垃圾分类的标准，应该属于厨余垃圾
"
4384,"图中展示的物品是珠宝,根据垃圾分类的标准，应该属于垃圾","图中展示的物品是手链,根据垃圾分类的标准，应该属于可回收物
"
4385,图中展示的物品是坚果，根据垃圾分类的标准，应该属于其他垃圾,"图中展示的物品是核桃,根据垃圾分类的标准，应该属于厨余垃圾
"
4386,图中展示的物品是档案盒，根据垃圾分类的标准，应该属于纸张类垃圾。,"图中展示的物品是档案袋,根据垃圾分类的标准，应该属于可回收物
"
4387,"图中展示的物品是{garbage_object},根据垃圾分类的标准，应该属于{garbage_type}","图中展示的物品是袜子,根据垃圾分类的标准，应该属于可回收物
"
4388,"图中展示的物品是[garbage_object],根据垃圾分类的标准，应该属于[garbage_type]","图中展示的物品是普通面包,根据垃圾分类的标准，应该属于厨余垃圾
"
4389,图中展示的物品是奶制品，根据垃圾分类的标准，应该属于{garbage_type}食品类,"图中展示的物品是保健品瓶,根据垃圾分类的标准，应该属于有害垃圾
"
4390,图中展示的物品是食物，根据垃圾分类的标准，应该属于厨余垃圾。,"图中展示的物品是冰糖葫芦,根据垃圾分类的标准，应该属于厨余垃圾
"
4391,"图中展示的物品是{garbage_object},根据垃圾分类的标准，应该属于{garbage_type}","图中展示的物品是玻璃器皿,根据垃圾分类的标准，应该属于可回收物
"
4392,"图中展示的物品是[garbage_object],根据垃圾分类的标准，应该属于[garbage_type]","图中展示的物品是糕点,根据垃圾分类的标准，应该属于厨余垃圾
"
4393,"图中展示的物品是[garbage_object],根据垃圾分类的标准，应该属于[garbage_type]","图中展示的物品是手链,根据垃圾分类的标准，应该属于可回收物
"
4394,"图中展示的物品是[garbage_object],根据垃圾分类的标准，应该属于[garbage_type]","图中展示的物品是骨肉相连,根据垃圾分类的标准，应该属于厨余垃圾
"
4395,图中展示的物品是纸箱，根据垃圾分类的标准，应该属于可回收物,"图中展示的物品是纸箱,根据垃圾分类的标准，应该属于可回收物
"
4396,图中展示的物品是花，根据垃圾分类的标准，应该属于垃圾类型其他。,"图中展示的物品是木质锅铲,根据垃圾分类的标准，应该属于可回收物
"
4397,"图中展示的物品是{garbage_object},根据垃圾分类的标准，应该属于{garbage_type}","图中展示的物品是单肩包手提包,根据垃圾分类的标准，应该属于可回收物
"
4398,"图中展示的物品是牛奶,根据垃圾分类的标准，应该属于可回收物","图中展示的物品是果冻,根据垃圾分类的标准，应该属于厨余垃圾
"
4399,图中展示的物品是玩具车，根据垃圾分类的标准，应该属于可回收物,"图中展示的物品是木制玩具,根据垃圾分类的标准，应该属于可回收物
"
4400,图中展示的物品是电视机，根据垃圾分类的标准，应该属于电子废弃物,"图中展示的物品是收音机,根据垃圾分类的标准，应该属于可回收物
"
4401,"图中展示的物品是杯子,根据垃圾分类的标准，应该属于其他垃圾","图中展示的物品是热水瓶,根据垃圾分类的标准，应该属于可回收物
"
4402,图中展示的物品是塑料瓶，根据垃圾分类的标准，应该属于可回收物,"图中展示的物品是塑料瓶,根据垃圾分类的标准，应该属于可回收物
"
4403,"图中展示的物品是{garbage_object},根据垃圾分类的标准，应该属于{garbage_type}垃圾。","图中展示的物品是木制玩具,根据垃圾分类的标准，应该属于可回收物
"
4404,"图中展示的物品是{garbage_object},根据垃圾分类的标准，应该属于{garbage_type}","图中展示的物品是贝果,根据垃圾分类的标准，应该属于厨余垃圾
"
4405,图中展示的物品是保温壶，根据垃圾分类的标准，应该属于可回收物。,"图中展示的物品是热水瓶,根据垃圾分类的标准，应该属于可回收物
"
4406,"图中展示的物品是{garbage_object},根据垃圾分类的标准，应该属于{garbage_type}","图中展示的物品是枕头,根据垃圾分类的标准，应该属于可回收物
"
4407,图中展示的物品是芹菜，根据垃圾分类的标准，应该属于厨余垃圾。,"图中展示的物品是蛋,根据垃圾分类的标准，应该属于厨余垃圾
"
4408,"图中展示的物品是{garbage_object},根据垃圾分类的标准，应该属于{garbage_type}","图中展示的物品是钟表,根据垃圾分类的标准，应该属于可回收物
"
4409,"图中展示的物品是{garbage_object},根据垃圾分类的标准，应该属于{garbage_type}","图中展示的物品是购物纸袋,根据垃圾分类的标准，应该属于可回收物
"
4410,图中展示的物品是枕套，根据垃圾分类的标准，应该属于可回收物,"图中展示的物品是枕头,根据垃圾分类的标准，应该属于可回收物
"
4411,"图中展示的物品是{garbage_object},根据垃圾分类的标准，应该属于{garbage_type}垃圾。","图中展示的物品是电熨斗,根据垃圾分类的标准，应该属于可回收物
"
4412,计算器{garbage_object}，电子垃圾{garbage_type},"图中展示的物品是计算器,根据垃圾分类的标准，应该属于可回收物
"
4413,图中展示的物品是电线，根据垃圾分类的标准，应该属于垃圾中的电线。,"图中展示的物品是充电线,根据垃圾分类的标准，应该属于可回收物
"
4414,图中展示的物品是遥控器，根据垃圾分类的标准，应该属于其他垃圾。,"图中展示的物品是空调遥控器,根据垃圾分类的标准，应该属于可回收物
"
4415,图中展示的物品是手摇气泵，根据垃圾分类的标准，应该属于{garbage_type}电子设备。,"图中展示的物品是打气筒,根据垃圾分类的标准，应该属于可回收物
"
4416,图中展示的物品是灯，根据垃圾分类的标准，应该属于有害垃圾,"图中展示的物品是台灯,根据垃圾分类的标准，应该属于可回收物
"
4417,"图中展示的物品是[garbage_object],根据垃圾分类的标准，应该属于[garbage_type]","图中展示的物品是保温杯,根据垃圾分类的标准，应该属于可回收物
"
4418,图中展示的物品是生南瓜子，根据垃圾分类的标准，应该属于垃圾食品,"图中展示的物品是瓜子,根据垃圾分类的标准，应该属于厨余垃圾
"
4419,图中展示的物品是{apple}，根据垃圾分类的标准，应该属于{food},"图中展示的物品是冰糖葫芦,根据垃圾分类的标准，应该属于厨余垃圾
"
4420,图中展示的物品是线轴，根据垃圾分类的标准，应该属于废纸,"图中展示的物品是粉条,根据垃圾分类的标准，应该属于厨余垃圾
"
4421,"图中展示的物品是{garbage_object},根据垃圾分类的标准，应该属于{garbage_type}","图中展示的物品是变形玩具,根据垃圾分类的标准，应该属于可回收物
"
4422,图中展示的物品是坚果，根据垃圾分类的标准，应该属于可回收垃圾,"图中展示的物品是巴旦木,根据垃圾分类的标准，应该属于厨余垃圾
"
4423,"图中展示的物品是{garbage_object},根据垃圾分类的标准，应该属于{garbage_type}","图中展示的物品是哈密瓜,根据垃圾分类的标准，应该属于厨余垃圾
"
4424,图中展示的物品是烟灰缸，根据垃圾分类的标准，应该属于可回收物。,"图中展示的物品是烟灰缸,根据垃圾分类的标准，应该属于可回收物
"
4425,图中展示的物品是花茶壶，根据垃圾分类的标准，应该属于{garbage_type}厨余垃圾。,"图中展示的物品是玻璃壶,根据垃圾分类的标准，应该属于可回收物
"
4426,"图中展示的物品是{garbage_object},根据垃圾分类的标准，应该属于{garbage_type}","图中展示的物品是汉堡,根据垃圾分类的标准，应该属于厨余垃圾
"
4427,"图中展示的物品是[wood_object],根据垃圾分类的标准，应该属于[wood]","图中展示的物品是木质锅铲,根据垃圾分类的标准，应该属于可回收物
"
4428,"图中展示的物品是{garbage_object},根据垃圾分类的标准，应该属于{garbage_type}","图中展示的物品是暖宝宝,根据垃圾分类的标准，应该属于可回收物
"
4429,图中展示的物品是玻璃制品，根据垃圾分类的标准，应该属于可回收物。,"图中展示的物品是玻璃器皿,根据垃圾分类的标准，应该属于可回收物
"
4430,图中展示的物品是垃圾,"图中展示的物品是鸡毛掸,根据垃圾分类的标准，应该属于其他垃圾
"
4431,图中展示的物品是塑料垃圾，根据垃圾分类的标准，应该属于塑料垃圾,"图中展示的物品是烟蒂,根据垃圾分类的标准，应该属于其他垃圾
"
4432,图中展示的物品是篮子，根据垃圾分类的标准，应该属于垃圾,"图中展示的物品是玩偶,根据垃圾分类的标准，应该属于可回收物
"
4433,"图中展示的物品是电话,根据垃圾分类的标准，应该属于垃圾","图中展示的物品是钟表,根据垃圾分类的标准，应该属于可回收物
"
4434,图中展示的物品是碗，根据垃圾分类的标准，应该属于厨余垃圾,"图中展示的物品是碗,根据垃圾分类的标准，应该属于可回收物
"
4435,图中展示的物品是药品，根据垃圾分类的标准，应该属于垃圾,"图中展示的物品是药片,根据垃圾分类的标准，应该属于有害垃圾
"
4436,"图中展示的物品是[garbage_object],根据垃圾分类的标准，应该属于[garbage_type]","图中展示的物品是西瓜皮,根据垃圾分类的标准，应该属于厨余垃圾
"
4437,图中展示的物品是铁，根据垃圾分类的标准，应该属于可回收垃圾,"图中展示的物品是电熨斗,根据垃圾分类的标准，应该属于可回收物
"
4438,"图中展示的物品是[garbage_object],根据垃圾分类的标准，应该属于[garbage_type]","图中展示的物品是热水瓶,根据垃圾分类的标准，应该属于可回收物
"
4439,图中展示的物品是汉堡包，根据垃圾分类的标准，应该属于垃圾食品,"图中展示的物品是汉堡,根据垃圾分类的标准，应该属于厨余垃圾
"
4440,"图中展示的物品是{garbage_object},根据垃圾分类的标准，应该属于{garbage_type}","图中展示的物品是登机牌,根据垃圾分类的标准，应该属于可回收物
"
4441,"图中展示的物品是{garbage_object},根据垃圾分类的标准，应该属于{garbage_type}","图中展示的物品是药品包装,根据垃圾分类的标准，应该属于有害垃圾
"
4442,图中展示的物品是咖啡机，根据垃圾分类的标准，应该属于厨余垃圾,"图中展示的物品是烧水壶,根据垃圾分类的标准，应该属于可回收物
"
4443,玻璃瓶,"图中展示的物品是玻璃器皿,根据垃圾分类的标准，应该属于可回收物
"
4444,图中展示的物品是塑料瓶，根据垃圾分类的标准，应该属于可回收物。,"图中展示的物品是胶水,根据垃圾分类的标准，应该属于有害垃圾
"
4445,图中展示的物品是垃圾，根据垃圾分类的标准，应该属于厨余垃圾,"图中展示的物品是炸鸡,根据垃圾分类的标准，应该属于厨余垃圾
"
4446,图中展示的物品是[无]，根据垃圾分类的标准，应该属于[无],"图中展示的物品是空气加湿器,根据垃圾分类的标准，应该属于可回收物
"
4447,图中展示的物品是梳子，根据垃圾分类的标准，应该属于废金属,"图中展示的物品是木质梳子,根据垃圾分类的标准，应该属于可回收物
"
4448,"图中展示的物品是{garbage_object},根据垃圾分类的标准，应该属于{garbage_type}厨余垃圾","图中展示的物品是甘蔗,根据垃圾分类的标准，应该属于厨余垃圾
"
4449,图中展示的物品是蚊子拍，根据垃圾分类的标准，应该属于其他垃圾,"图中展示的物品是苍蝇拍,根据垃圾分类的标准，应该属于其他垃圾
"
4450,"图中展示的物品是{Table Tennis Racket},根据垃圾分类的标准，应该属于{Sports Equipment}","图中展示的物品是乒乓球拍,根据垃圾分类的标准，应该属于可回收物
"
4451,图中展示的物品是香肠，根据垃圾分类的标准，应该属于厨余垃圾,"图中展示的物品是肠(火腿),根据垃圾分类的标准，应该属于厨余垃圾
"
4452,"图中展示的物品是{garbage_object},根据垃圾分类的标准，应该属于{garbage_type}垃圾。","图中展示的物品是口罩,根据垃圾分类的标准，应该属于其他垃圾
"
4453,图中展示的物品是笔筒，根据垃圾分类的标准，应该属于可回收物。,"图中展示的物品是台历,根据垃圾分类的标准，应该属于可回收物
"
4454,图中展示的物品是太阳能板，根据垃圾分类的标准，应该属于可回收物。,"图中展示的物品是电池板,根据垃圾分类的标准，应该属于有害垃圾
"
4455,"图中展示的物品是{garbage_object},根据垃圾分类的标准，应该属于{garbage_type}","图中展示的物品是帽子,根据垃圾分类的标准，应该属于可回收物
"
4456,图中展示的物品是一双硅胶洗车手套，属于可回收物。,"图中展示的物品是厨房手套,根据垃圾分类的标准，应该属于其他垃圾
"
4457,图中展示的物品是肉片，根据垃圾分类的标准，应该属于厨余垃圾。,"图中展示的物品是生肉,根据垃圾分类的标准，应该属于厨余垃圾
"
4458,"图中展示的物品是[garbage_object],根据垃圾分类的标准，应该属于[garbage_type]","图中展示的物品是订书机,根据垃圾分类的标准，应该属于可回收物
"
4459,"图中展示的物品是{garbage_object},根据垃圾分类的标准，应该属于{garbage_type}","图中展示的物品是汉堡,根据垃圾分类的标准，应该属于厨余垃圾
"
4460,"图中展示的物品是[garbage_object],根据垃圾分类的标准，应该属于[garbage_type]","图中展示的物品是肠(火腿),根据垃圾分类的标准，应该属于厨余垃圾
"
4461,"图中展示的物品是[garbage_object],根据垃圾分类的标准，应该属于[garbage_type]","图中展示的物品是耳钉耳环,根据垃圾分类的标准，应该属于可回收物
"
4462,"图中展示的物品是[garbage_object],根据垃圾分类的标准，应该属于[garbage_type]","图中展示的物品是耳套,根据垃圾分类的标准，应该属于可回收物
"
4463,图中展示的物品是牛肉，根据垃圾分类的标准，应该属于厨余垃圾。,"图中展示的物品是生肉,根据垃圾分类的标准，应该属于厨余垃圾
"
4464,图中展示的物品是萝卜，根据垃圾分类的标准，应该属于厨余垃圾。,"图中展示的物品是白萝卜,根据垃圾分类的标准，应该属于厨余垃圾
"
4465,图中展示的物品是键盘，根据垃圾分类的标准，应该属于电子废弃物。,"图中展示的物品是键盘,根据垃圾分类的标准，应该属于可回收物
"
4466,"图中展示的物品是{garbage_object},根据垃圾分类的标准，应该属于{garbage_type}其他垃圾。","图中展示的物品是PE塑料袋,根据垃圾分类的标准，应该属于其他垃圾
"
4467,图中展示的物品是塑料钳子，根据垃圾分类的标准，应该属于其他垃圾。,"图中展示的物品是镊子,根据垃圾分类的标准，应该属于可回收物
"
4468,图中展示的物品是玩具，根据垃圾分类的标准，应该属于可回收物,"图中展示的物品是蛋糕盒,根据垃圾分类的标准，应该属于可回收物
"
4469,"图中展示的物品是[coriander],根据垃圾分类的标准，应该属于[vegetable]","图中展示的物品是青菜,根据垃圾分类的标准，应该属于厨余垃圾
"
4470,"图中展示的物品是{garbage_object},根据垃圾分类的标准，应该属于{garbage_type}","图中展示的物品是蛋,根据垃圾分类的标准，应该属于厨余垃圾
"
4471,"图中展示的物品是{garbage_object},根据垃圾分类的标准，应该属于{garbage_type}","图中展示的物品是蘑菇,根据垃圾分类的标准，应该属于厨余垃圾
"
4472,图中展示的物品是怀表，根据垃圾分类的标准，应该属于废金属,"图中展示的物品是钟表,根据垃圾分类的标准，应该属于可回收物
"
4473,图中展示的物品是香菇，根据垃圾分类的标准，应该属于厨余垃圾。,"图中展示的物品是蘑菇,根据垃圾分类的标准，应该属于厨余垃圾
"
4474,"图中展示的物品是{food_object},根据垃圾分类的标准，应该属于{food}","图中展示的物品是瓜子,根据垃圾分类的标准，应该属于厨余垃圾
"
4475,图中展示的物品是香菜，根据垃圾分类的标准，应该属于可回收物,"图中展示的物品是青菜,根据垃圾分类的标准，应该属于厨余垃圾
"
4476,"图中展示的物品是{garbage_object},根据垃圾分类的标准，应该属于{garbage_type}","图中展示的物品是口服液瓶,根据垃圾分类的标准，应该属于有害垃圾
"
4477,图中展示的物品是电池，根据垃圾分类的标准，应该属于有害垃圾。,"图中展示的物品是电池,根据垃圾分类的标准，应该属于有害垃圾
"
4478,"图中展示的物品是{garbage_object},根据垃圾分类的标准，应该属于{garbage_type}垃圾。","图中展示的物品是干燥剂,根据垃圾分类的标准，应该属于其他垃圾
"
4479,"图中展示的物品是{garbage_object},根据垃圾分类的标准，应该属于{garbage_type}","图中展示的物品是车钥匙,根据垃圾分类的标准，应该属于可回收物
"
4480,图中展示的物品是塑料袋，根据垃圾分类的标准，应该属于可回收物,"图中展示的物品是果冻,根据垃圾分类的标准，应该属于厨余垃圾
"
4481,"图中展示的物品是{garbage_object},根据垃圾分类的标准，应该属于{garbage_type}","图中展示的物品是车钥匙,根据垃圾分类的标准，应该属于可回收物
"
4482,图中展示的物品是{meat}，根据垃圾分类的标准，应该属于{food},"图中展示的物品是牛肉干,根据垃圾分类的标准，应该属于厨余垃圾
"
4483,图中展示的物品是{fruit}，根据垃圾分类的标准，应该属于{food},"图中展示的物品是草莓,根据垃圾分类的标准，应该属于厨余垃圾
"
4484,"图中展示的物品是[metal],[metal],[metal],[metal],[metal],[metal],[metal],[metal],[metal],[metal],[metal],[metal],[metal],[metal],[metal],[metal],[metal],[metal],[metal],[metal],[metal],[metal],[metal],[metal],[metal],[metal],[metal],[metal],[metal],[metal],[metal],[metal],[metal],[metal],[metal],[metal],[metal],[metal],[metal],[metal],[metal],[metal],[metal],[metal],[metal],[metal],[metal],[metal],[metal],[metal],[metal],[metal],[metal],[metal],[metal],[metal],[metal],[metal],[metal],[metal],[metal],[metal],[metal],[metal],[metal],[metal],[metal],[metal],[metal],[metal],[metal],[metal],[metal],[metal],[metal],[metal],[metal],[metal],[metal],[metal],[metal],[metal],[metal],[metal],[metal],[metal],[metal],[metal],[metal],[metal],[metal],[metal],[metal],[metal],[metal],[metal],[metal],[metal],[metal],[metal],[metal],[metal],[metal],[metal],[metal],[metal],[metal],[metal],[metal],[metal],[metal],[metal],[metal],[metal],[metal],[metal],[metal],[metal],[metal],[metal],[metal],[metal],[metal],[metal],[metal],[metal],[metal],[metal],[metal],[metal],[metal],[metal],[metal],[metal],[metal],[metal],[metal],[metal],[metal],[metal],[metal],[metal],[metal],[metal],[metal],[metal],[metal],[metal],[metal],[metal],[metal],[metal],[metal],[metal],[metal],[metal],[metal],[metal],[metal],[metal],[metal],[metal],[metal],[metal],[metal],[metal],[metal],[metal],[metal],[metal],[metal],[metal],[metal],[metal],[metal],[metal],[metal],[metal],[metal],[metal],[metal],[metal],[metal],[metal],[metal],[metal],[metal],[metal],[metal],[metal],[metal],[metal],[metal],[metal],[metal],[metal],[metal],[metal],[metal],[metal],[metal],[metal],[metal],[metal],[metal],[metal],[metal],[metal],[metal],[metal],[metal],[metal],[metal],[metal],[metal],[metal],[metal],[metal],[metal],[metal],[metal],[metal],[metal],[metal],[metal],[metal],[metal],[metal],[metal],[metal],[metal],[metal],[metal],[metal],[metal],[metal],[metal],[metal],[metal],[metal],[metal],[metal],[metal],[metal],[metal],[metal],[metal],[metal],[metal],[metal],[metal],[metal],[metal","图中展示的物品是保温杯,根据垃圾分类的标准，应该属于可回收物
"
4485,"图中展示的物品是{radio_object},根据垃圾分类的标准，应该属于{garbage_type}","图中展示的物品是收音机,根据垃圾分类的标准，应该属于可回收物
"
4486,图中展示的物品是电池，根据垃圾分类的标准，应该属于有害垃圾,"图中展示的物品是电池,根据垃圾分类的标准，应该属于有害垃圾
"
4487,"图中展示的物品是{garbage_object},根据垃圾分类的标准，应该属于{garbage_type}","图中展示的物品是帽子,根据垃圾分类的标准，应该属于可回收物
"
4488,图中展示的物品是玻璃瓶，根据垃圾分类的标准，应该属于玻璃,"图中展示的物品是罐头瓶,根据垃圾分类的标准，应该属于可回收物
"
4489,图中展示的物品是[brick]，根据垃圾分类的标准，应该属于[垃圾],"图中展示的物品是手机,根据垃圾分类的标准，应该属于可回收物
"
4490,坚果,"图中展示的物品是核桃,根据垃圾分类的标准，应该属于厨余垃圾
"
4491,"图中展示的物品是{garbage_object},根据垃圾分类的标准，应该属于{garbage_type}","图中展示的物品是手提包,根据垃圾分类的标准，应该属于可回收物
"
4492,"图中展示的物品是coriander,根据垃圾分类的标准，应该属于green","图中展示的物品是青菜,根据垃圾分类的标准，应该属于厨余垃圾
"
4493,图中展示的物品是[烟灰缸]，根据垃圾分类的标准，应该属于[其他垃圾]。,"图中展示的物品是烟灰缸,根据垃圾分类的标准，应该属于可回收物
"
4494,"图中展示的物品是[garbage_object],根据垃圾分类的标准，应该属于[garbage_type]","图中展示的物品是烟灰缸,根据垃圾分类的标准，应该属于可回收物
"
4495,图中展示的物品是蛋糕，根据垃圾分类的标准，应该属于垃圾食品,"图中展示的物品是蛋挞,根据垃圾分类的标准，应该属于厨余垃圾
"
4496,"图中展示的物品是{garbage_object},根据垃圾分类的标准，应该属于{garbage_type}","图中展示的物品是钟表,根据垃圾分类的标准，应该属于可回收物
"
4497,图中展示的物品是牙刷，根据垃圾分类的标准，应该属于可回收物,"图中展示的物品是牙刷,根据垃圾分类的标准，应该属于其他垃圾
"
4498,"图中展示的物品是塑料杯,根据垃圾分类的标准，应该属于塑料","图中展示的物品是保温杯,根据垃圾分类的标准，应该属于可回收物
"
4499,"图中展示的物品是{garbage_object},根据垃圾分类的标准，应该属于{garbage_type}","图中展示的物品是木制切菜板,根据垃圾分类的标准，应该属于可回收物
"
4500,图中展示的物品是玻璃，根据垃圾分类的标准，应该属于可回收物,"图中展示的物品是玻璃壶,根据垃圾分类的标准，应该属于可回收物
"
4501,图中展示的物品是坚果，根据垃圾分类的标准，应该属于可回收物,"图中展示的物品是核桃,根据垃圾分类的标准，应该属于厨余垃圾
"
4502,图中展示的物品是锅盖，根据垃圾分类的标准，应该属于厨余垃圾。,"图中展示的物品是锅盖,根据垃圾分类的标准，应该属于可回收物
"
4503,图中展示的物品是{biscuit}，根据垃圾分类的标准，应该属于{food},"图中展示的物品是糕点,根据垃圾分类的标准，应该属于厨余垃圾
"
4504,图中展示的物品是梳子，根据垃圾分类的标准，应该属于废塑料。,"图中展示的物品是木质梳子,根据垃圾分类的标准，应该属于可回收物
"
4505,图中展示的物品是纸箱，根据垃圾分类的标准，应该属于可回收物,"图中展示的物品是纸箱,根据垃圾分类的标准，应该属于可回收物
"
4506,"图中展示的物品是[light],根据垃圾分类的标准，应该属于[recyclable]","图中展示的物品是手电筒,根据垃圾分类的标准，应该属于可回收物
"
4507,图中展示的物品是废电池，根据垃圾分类的标准，应该属于垃圾,"图中展示的物品是纽扣电池,根据垃圾分类的标准，应该属于有害垃圾
"
4508,"图中展示的物品是{garbage_object},根据垃圾分类的标准，应该属于{garbage_type}","图中展示的物品是报纸,根据垃圾分类的标准，应该属于可回收物
"
4509,"图中展示的物品是{garbage_object},根据垃圾分类的标准，应该属于{garbage_type}垃圾。","图中展示的物品是钢丝球,根据垃圾分类的标准，应该属于可回收物
"
4510,图中展示的物品是{box}，根据垃圾分类的标准，应该属于{recyclable},"图中展示的物品是纸箱,根据垃圾分类的标准，应该属于可回收物
"
4511,"图中展示的物品是{garbage_object},根据垃圾分类的标准，应该属于{garbage_type}","图中展示的物品是蛋糕盒,根据垃圾分类的标准，应该属于可回收物
"
4512,"图中展示的物品是{wood_object},根据垃圾分类的标准，应该属于{garbage_type}","图中展示的物品是核桃,根据垃圾分类的标准，应该属于厨余垃圾
"
4513,"图中展示的物品是{garbage_object},根据垃圾分类的标准，应该属于{garbage_type}","图中展示的物品是炸鸡,根据垃圾分类的标准，应该属于厨余垃圾
"
4514,"图中展示的物品是{garbage_object},根据垃圾分类的标准，应该属于{garbage_type}","图中展示的物品是玻璃壶,根据垃圾分类的标准，应该属于可回收物
"
4515,"图中展示的物品是[metal_object],根据垃圾分类的标准，应该属于[金属]","图中展示的物品是勺子,根据垃圾分类的标准，应该属于可回收物
"
4516,"图中展示的物品是{garbage_object},根据垃圾分类的标准，应该属于{garbage_type}垃圾。","图中展示的物品是票据,根据垃圾分类的标准，应该属于其他垃圾
"
4517,图中展示的物品是纸巾，根据垃圾分类的标准，应该属于可回收垃圾。,"图中展示的物品是纸巾,根据垃圾分类的标准，应该属于其他垃圾
"
4518,"图中展示的物品是[garbage_object],根据垃圾分类的标准，应该属于[garbage_type]","图中展示的物品是白菜,根据垃圾分类的标准，应该属于厨余垃圾
"
4519,图中展示的物品是啤酒，根据垃圾分类的标准，应该属于{garbage_type}垃圾。,"图中展示的物品是炸鸡,根据垃圾分类的标准，应该属于厨余垃圾
"
4520,图中展示的物品是砧板，根据垃圾分类的标准，应该属于厨余垃圾。,"图中展示的物品是木制切菜板,根据垃圾分类的标准，应该属于可回收物
"
4521,图中展示的物品是剪刀，根据垃圾分类的标准，应该属于厨余垃圾。,"图中展示的物品是剪刀,根据垃圾分类的标准，应该属于可回收物
"
4522,"图中展示的物品是玩具,根据垃圾分类的标准，应该属于玩具","图中展示的物品是玩偶,根据垃圾分类的标准，应该属于可回收物
"
4523,图中展示的物品是羽毛掸子，根据垃圾分类的标准，应该属于废品。,"图中展示的物品是鸡毛掸,根据垃圾分类的标准，应该属于其他垃圾
"
4524,图中展示的物品是西瓜皮，根据垃圾分类的标准，应该属于厨余垃圾。,"图中展示的物品是西瓜皮,根据垃圾分类的标准，应该属于厨余垃圾
"
4525,图中展示的物品是灯，根据垃圾分类的标准，应该属于其他垃圾。,"图中展示的物品是台灯,根据垃圾分类的标准，应该属于可回收物
"
4526,"图中展示的物品是{garbage_object},根据垃圾分类的标准，应该属于{garbage_type}","图中展示的物品是毛巾,根据垃圾分类的标准，应该属于其他垃圾
"
4527,"图中展示的物品是[garbage_object],根据垃圾分类的标准，应该属于[garbage_type]","图中展示的物品是玩偶,根据垃圾分类的标准，应该属于可回收物
"
4528,"图中展示的物品是{grass},根据垃圾分类的标准，应该属于{grass}","图中展示的物品是青菜,根据垃圾分类的标准，应该属于厨余垃圾
"
4529,"图中展示的物品是[garbage_object],根据垃圾分类的标准，应该属于[garbage_type]","图中展示的物品是汉堡,根据垃圾分类的标准，应该属于厨余垃圾
"
4530,图中展示的物品是手摇发电充电强光手电筒，根据垃圾分类的标准，应该属于可回收物。,"图中展示的物品是手电筒,根据垃圾分类的标准，应该属于可回收物
"
4531,图中展示的物品是气球打气筒，根据垃圾分类的标准，应该属于其他垃圾,"图中展示的物品是打气筒,根据垃圾分类的标准，应该属于可回收物
"
4532,"图中展示的物品是{garbage_object},根据垃圾分类的标准，应该属于{garbage_type}","图中展示的物品是鸡翅,根据垃圾分类的标准，应该属于厨余垃圾
"
4533,"图中展示的物品是{garbage_object},根据垃圾分类的标准，应该属于{garbage_type}","图中展示的物品是手机,根据垃圾分类的标准，应该属于可回收物
"
4534,"图中展示的物品是{garbage_object},根据垃圾分类的标准，应该属于{garbage_type}","图中展示的物品是鞋,根据垃圾分类的标准，应该属于可回收物
"
4535,图中展示的物品是牛肉干，根据垃圾分类的标准，应该属于垃圾食品。,"图中展示的物品是牛肉干,根据垃圾分类的标准，应该属于厨余垃圾
"
4536,图中展示的物品是纸箱，根据垃圾分类的标准，应该属于废纸,"图中展示的物品是纸箱,根据垃圾分类的标准，应该属于可回收物
"
4537,"图中展示的物品是{garbage_object},根据垃圾分类的标准，应该属于{garbage_type}垃圾。","图中展示的物品是杀虫剂,根据垃圾分类的标准，应该属于有害垃圾
"
4538,图中展示的物品是手套，根据垃圾分类的标准，应该属于有害垃圾。,"图中展示的物品是厨房手套,根据垃圾分类的标准，应该属于其他垃圾
"
4539,图中展示的物品是电源插座，根据垃圾分类的标准，应该属于可回收垃圾,"图中展示的物品是插线板,根据垃圾分类的标准，应该属于可回收物
"
4540,图中展示的物品是塑料杯，根据垃圾分类的标准，应该属于塑料。,"图中展示的物品是果冻,根据垃圾分类的标准，应该属于厨余垃圾
"
4541,图中展示的物品是书籍，根据垃圾分类的标准，应该属于可回收物,"图中展示的物品是手提包,根据垃圾分类的标准，应该属于可回收物
"
4542,"图中展示的物品是{garbage_object},根据垃圾分类的标准，应该属于{garbage_type}电子垃圾","图中展示的物品是收音机,根据垃圾分类的标准，应该属于可回收物
"
4543,图中展示的物品是塑料袋，根据垃圾分类的标准，应该属于其他垃圾,"图中展示的物品是购物纸袋,根据垃圾分类的标准，应该属于可回收物
"
4544,图中展示的物品是白菜，根据垃圾分类的标准，应该属于厨余垃圾。,"图中展示的物品是白菜,根据垃圾分类的标准，应该属于厨余垃圾
"
4545,图中展示的物品是{dog_food}，根据垃圾分类的标准，应该属于{dog_food},"图中展示的物品是保健品瓶,根据垃圾分类的标准，应该属于有害垃圾
"
4546,"图中展示的物品是{garbage_object},根据垃圾分类的标准，应该属于{garbage_type}废品","图中展示的物品是玩偶,根据垃圾分类的标准，应该属于可回收物
"
4547,图中展示的物品是油炸食品，根据垃圾分类的标准，应该属于垃圾食品,"图中展示的物品是炸鸡,根据垃圾分类的标准，应该属于厨余垃圾
"
4548,图中展示的物品是塑料瓶，根据垃圾分类的标准，应该属于可回收物。,"图中展示的物品是塑料瓶,根据垃圾分类的标准，应该属于可回收物
"
4549,"图中展示的物品是[garbage_object],根据垃圾分类的标准，应该属于[garbage_type]","图中展示的物品是药品包装,根据垃圾分类的标准，应该属于有害垃圾
"
4550,"图中展示的物品是{glass_object},根据垃圾分类的标准，应该属于{recyclable}","图中展示的物品是玻璃器皿,根据垃圾分类的标准，应该属于可回收物
"
4551,"图中展示的物品是[garbage_object],根据垃圾分类的标准，应该属于[garbage_type]","图中展示的物品是骨肉相连,根据垃圾分类的标准，应该属于厨余垃圾
"
4552,"图中展示的物品是{garbage_object},根据垃圾分类的标准，应该属于{garbage_type}","图中展示的物品是糕点,根据垃圾分类的标准，应该属于厨余垃圾
"
4553,"图中展示的物品是[ceramic_object],根据垃圾分类的标准，应该属于[garbage_type]","图中展示的物品是保温杯,根据垃圾分类的标准，应该属于可回收物
"
4554,图中展示的物品是卷发棒，根据垃圾分类的标准，应该属于有害垃圾,"图中展示的物品是电动卷发棒,根据垃圾分类的标准，应该属于可回收物
"
4555,图中展示的物品是{noGarbage}，根据垃圾分类的标准，应该属于{other},"图中展示的物品是空调遥控器,根据垃圾分类的标准，应该属于可回收物
"
4556,图中展示的物品是{purse}，根据垃圾分类的标准，应该属于{garbage_type}垃圾。,"图中展示的物品是手提包,根据垃圾分类的标准，应该属于可回收物
"
4557,"图中展示的物品是[watch],根据垃圾分类的标准，应该属于[垃圾]","图中展示的物品是钟表,根据垃圾分类的标准，应该属于可回收物
"
4558,"图中展示的物品是{garbage_object},根据垃圾分类的标准，应该属于{garbage_type}","图中展示的物品是生肉,根据垃圾分类的标准，应该属于厨余垃圾
"
4559,图中展示的物品是薯条，根据垃圾分类的标准，应该属于厨余垃圾。,"图中展示的物品是薯条,根据垃圾分类的标准，应该属于厨余垃圾
"
4560,图中展示的物品是香肠，根据垃圾分类的标准，应该属于厨余垃圾。,"图中展示的物品是肠(火腿),根据垃圾分类的标准，应该属于厨余垃圾
"
4561,图中展示的物品是袜子，根据垃圾分类的标准，应该属于不可回收垃圾。,"图中展示的物品是袜子,根据垃圾分类的标准，应该属于可回收物
"
4562,图中展示的物品是花瓶，根据垃圾分类的标准，应该属于废品,"图中展示的物品是台灯,根据垃圾分类的标准，应该属于可回收物
"
4563,"图中展示的物品是{garbage_object},根据垃圾分类的标准，应该属于{garbage_type}垃圾。","图中展示的物品是充电线,根据垃圾分类的标准，应该属于可回收物
"
4564,图中展示的物品是[food]，根据垃圾分类的标准，应该属于[food waste],"图中展示的物品是果冻,根据垃圾分类的标准，应该属于厨余垃圾
"
4565,"图中展示的物品是{garbage_object},根据垃圾分类的标准，应该属于{garbage_type}厨余垃圾","图中展示的物品是生肉,根据垃圾分类的标准，应该属于厨余垃圾
"
4566,"图中展示的物品是{garbage_object},根据垃圾分类的标准，应该属于{garbage_type}","图中展示的物品是药品包装,根据垃圾分类的标准，应该属于有害垃圾
"
4567,图中展示的物品是餐巾纸，根据垃圾分类的标准，应该属于可回收垃圾。,"图中展示的物品是百洁布,根据垃圾分类的标准，应该属于其他垃圾
"
4568,"图中展示的物品是[garbage_object],根据垃圾分类的标准，应该属于[garbage_type]","图中展示的物品是灯罩,根据垃圾分类的标准，应该属于可回收物
"
4569,"图中展示的物品是{handbag_object},根据垃圾分类的标准，应该属于{garbage_type}","图中展示的物品是单肩包手提包,根据垃圾分类的标准，应该属于可回收物
"
4570,"图中展示的物品是[笔],根据垃圾分类的标准，应该属于[可回收垃圾]","图中展示的物品是笔及笔芯,根据垃圾分类的标准，应该属于其他垃圾
"
4571,"图中展示的物品是{garbage_object},根据垃圾分类的标准，应该属于{garbage_type}","图中展示的物品是核桃,根据垃圾分类的标准，应该属于厨余垃圾
"
4572,图中展示的物品是蔬菜，根据垃圾分类的标准，应该属于可回收物,"图中展示的物品是番茄,根据垃圾分类的标准，应该属于厨余垃圾
"
4573,"图中展示的物品是{garbage_object},根据垃圾分类的标准，应该属于{garbage_type}","图中展示的物品是饼干,根据垃圾分类的标准，应该属于厨余垃圾
"
4574,"图中展示的物品是[shoe],根据垃圾分类的标准，应该属于[garbage_type]","图中展示的物品是鞋,根据垃圾分类的标准，应该属于可回收物
"
4575,图中展示的物品是{food}，根据垃圾分类的标准，应该属于{food},"图中展示的物品是蛋挞,根据垃圾分类的标准，应该属于厨余垃圾
"
4576,"图中展示的物品是{metal_object},根据垃圾分类的标准，应该属于{metal}","图中展示的物品是尺子,根据垃圾分类的标准，应该属于可回收物
"
4577,"图中展示的物品是{garbage_object},根据垃圾分类的标准，应该属于{garbage_type}垃圾。","图中展示的物品是碘伏空瓶,根据垃圾分类的标准，应该属于有害垃圾
"
4578,"图中展示的物品是{garbage_object},根据垃圾分类的标准，应该属于{garbage_type}","图中展示的物品是信封,根据垃圾分类的标准，应该属于可回收物
"
4579,"图中展示的物品是{glass_object},根据垃圾分类的标准，应该属于{garbage_type}","图中展示的物品是玻璃球,根据垃圾分类的标准，应该属于可回收物
"
4580,图中展示的物品是餐巾纸，根据垃圾分类的标准，应该属于可回收垃圾。,"图中展示的物品是纸巾,根据垃圾分类的标准，应该属于其他垃圾
"
4581,图中展示的物品是塑料袋，根据垃圾分类的标准，应该属于可回收垃圾。,"图中展示的物品是一次性棉签,根据垃圾分类的标准，应该属于其他垃圾
"
4582,"图中展示的物品是[garbage_object],根据垃圾分类的标准，应该属于[garbage_type]","图中展示的物品是保温杯,根据垃圾分类的标准，应该属于可回收物
"
4583,图中展示的物品是瓶子，根据垃圾分类的标准，应该属于可回收物。,"图中展示的物品是滴眼液瓶,根据垃圾分类的标准，应该属于有害垃圾
"
4584,图中展示的物品是放大镜，根据垃圾分类的标准，应该属于垃圾。,"图中展示的物品是放大镜,根据垃圾分类的标准，应该属于其他垃圾
"
4585,"图中展示的物品是{garbage_object},根据垃圾分类的标准，应该属于{garbage_type}电子废弃物。","图中展示的物品是充电线,根据垃圾分类的标准，应该属于可回收物
"
4586,"图中展示的物品是{wire_object},根据垃圾分类的标准，应该属于{waste_paper}","图中展示的物品是充电线,根据垃圾分类的标准，应该属于可回收物
"
4587,图中展示的物品是药品，根据垃圾分类的标准，应该属于{garbage_type}垃圾。,"图中展示的物品是药膏,根据垃圾分类的标准，应该属于有害垃圾
"
4588,"图中展示的物品是{garbage_object},根据垃圾分类的标准，应该属于{garbage_type}","图中展示的物品是打气筒,根据垃圾分类的标准，应该属于可回收物
"
4589,图中展示的物品是蔬菜，根据垃圾分类的标准，应该属于绿色垃圾,"图中展示的物品是青菜,根据垃圾分类的标准，应该属于厨余垃圾
"
4590,图中展示的物品是镊子，根据垃圾分类的标准，应该属于金属类垃圾。,"图中展示的物品是镊子,根据垃圾分类的标准，应该属于可回收物
"
4591,"图中展示的物品是[crystal_object],根据垃圾分类的标准，应该属于[recyclable]","图中展示的物品是玻璃器皿,根据垃圾分类的标准，应该属于可回收物
"
4592,"图中展示的物品是[garbage_object],根据垃圾分类的标准，应该属于[garbage_type]","图中展示的物品是护肤品空瓶,根据垃圾分类的标准，应该属于可回收物
"
4593,图中展示的物品是钳子，根据垃圾分类的标准，应该属于废金属,"图中展示的物品是镊子,根据垃圾分类的标准，应该属于可回收物
"
4594,图中展示的物品是刮刀片，根据垃圾分类的标准，应该属于废金属,"图中展示的物品是剃须刀片,根据垃圾分类的标准，应该属于可回收物
"
4595,"图中展示的物品是玩具,根据垃圾分类的标准，应该属于废品","图中展示的物品是玩偶,根据垃圾分类的标准，应该属于可回收物
"
4596,图中展示的物品是饼干，根据垃圾分类的标准，应该属于可回收物。,"图中展示的物品是饼干,根据垃圾分类的标准，应该属于厨余垃圾
"
4597,"图中展示的物品是[wooden spoon],[food],根据垃圾分类的标准，应该属于[garbage_type]","图中展示的物品是木质锅铲,根据垃圾分类的标准，应该属于可回收物
"
4598,图中展示的物品是刀，根据垃圾分类的标准，应该属于厨余垃圾,"图中展示的物品是刀,根据垃圾分类的标准，应该属于可回收物
"
4599,图中展示的物品是塑料盆，根据垃圾分类的标准，应该属于厨余垃圾,"图中展示的物品是塑料盆,根据垃圾分类的标准，应该属于可回收物
"
4600,图中展示的物品是玻璃制品，根据垃圾分类的标准，应该属于玻璃垃圾。,"图中展示的物品是灯罩,根据垃圾分类的标准，应该属于可回收物
"
4601,"图中展示的物品是[garbage_object],根据垃圾分类的标准，应该属于[garbage_type]","图中展示的物品是哈密瓜,根据垃圾分类的标准，应该属于厨余垃圾
"
4602,图中展示的物品是饼干，根据垃圾分类的标准，应该属于可回收垃圾。,"图中展示的物品是糕点,根据垃圾分类的标准，应该属于厨余垃圾
"
4603,"图中展示的物品是{garbage_object},根据垃圾分类的标准，应该属于{garbage_type}","图中展示的物品是网卡,根据垃圾分类的标准，应该属于可回收物
"
4604,图中展示的物品是信封，根据垃圾分类的标准，应该属于纸张,"图中展示的物品是信封,根据垃圾分类的标准，应该属于可回收物
"
4605,图中展示的物品是毛绒玩具，根据垃圾分类的标准，应该属于可回收物,"图中展示的物品是玩偶,根据垃圾分类的标准，应该属于可回收物
"
4606,图中展示的物品是塑料瓶，根据垃圾分类的标准，应该属于其他垃圾。,"图中展示的物品是滴眼液瓶,根据垃圾分类的标准，应该属于有害垃圾
"
4607,图中展示的物品是[food]，根据垃圾分类的标准，应该属于[food waste],"图中展示的物品是骨肉相连,根据垃圾分类的标准，应该属于厨余垃圾
"
4608,"图中展示的物品是玩具,根据垃圾分类的标准，应该属于玩具","图中展示的物品是玩偶,根据垃圾分类的标准，应该属于可回收物
"
4609,图中展示的物品是{baking pan}，根据垃圾分类的标准，应该属于{food waste},"图中展示的物品是饼干,根据垃圾分类的标准，应该属于厨余垃圾
"
4610,图中展示的物品是玩具，根据垃圾分类的标准，应该属于垃圾,"图中展示的物品是玩偶,根据垃圾分类的标准，应该属于可回收物
"
4611,"图中展示的物品是{garbage_object},根据垃圾分类的标准，应该属于{garbage_type}","图中展示的物品是青菜,根据垃圾分类的标准，应该属于厨余垃圾
"
4612,"图中展示的物品是[garbage_object],根据垃圾分类的标准，应该属于[garbage_type]","图中展示的物品是白菜,根据垃圾分类的标准，应该属于厨余垃圾
"
4613,图中展示的物品是剃须刀，根据垃圾分类的标准，应该属于家用电器。,"图中展示的物品是电动剃须刀,根据垃圾分类的标准，应该属于可回收物
"
4614,"图中展示的物品是{garbage_object},根据垃圾分类的标准，应该属于{garbage_type}","图中展示的物品是青菜,根据垃圾分类的标准，应该属于厨余垃圾
"
4615,图中展示的物品是球，根据垃圾分类的标准，应该属于可回收物,"图中展示的物品是鼠标,根据垃圾分类的标准，应该属于可回收物
"
4616,"图中展示的物品是[garbage_object], 根据垃圾分类的标准，应该属于[garbage_type]","图中展示的物品是巴旦木,根据垃圾分类的标准，应该属于厨余垃圾
"
4617,"图中展示的物品是{garbage_object},根据垃圾分类的标准，应该属于{garbage_type}","图中展示的物品是肠(火腿),根据垃圾分类的标准，应该属于厨余垃圾
"
4618,图中展示的物品是米饭，根据垃圾分类的标准，应该属于厨余垃圾。,"图中展示的物品是肠(火腿),根据垃圾分类的标准，应该属于厨余垃圾
"
4619,"图中展示的物品是[garbage_object],根据垃圾分类的标准，应该属于[garbage_type]","图中展示的物品是肠(火腿),根据垃圾分类的标准，应该属于厨余垃圾
"
4620,图中展示的物品是砧板，根据垃圾分类的标准，应该属于厨余垃圾。,"图中展示的物品是木制切菜板,根据垃圾分类的标准，应该属于可回收物
"
4621,"图中展示的物品是[garbage_object],根据垃圾分类的标准，应该属于[garbage_type]","图中展示的物品是键盘,根据垃圾分类的标准，应该属于可回收物
"
4622,图中展示的物品是芹菜，根据垃圾分类的标准，应该属于厨余垃圾。,"图中展示的物品是青菜,根据垃圾分类的标准，应该属于厨余垃圾
"
4623,图中展示的物品是萝卜，根据垃圾分类的标准，应该属于其他垃圾。,"图中展示的物品是白萝卜,根据垃圾分类的标准，应该属于厨余垃圾
"
4624,图中展示的物品是花，根据垃圾分类的标准，应该属于可回收物,"图中展示的物品是枕头,根据垃圾分类的标准，应该属于可回收物
"
4625,"图中展示的物品是[garbage_object],根据垃圾分类的标准，应该属于[garbage_type]","图中展示的物品是手链,根据垃圾分类的标准，应该属于可回收物
"
4626,"图中展示的物品是{garbage_object},根据垃圾分类的标准，应该属于{garbage_type}","图中展示的物品是帽子,根据垃圾分类的标准，应该属于可回收物
"
4627,"图中展示的物品是{garbage_object},根据垃圾分类的标准，应该属于{garbage_type}电子废弃物","图中展示的物品是充电线,根据垃圾分类的标准，应该属于可回收物
"
4628,图中展示的物品是茶壶，根据垃圾分类的标准，应该属于可回收垃圾。,"图中展示的物品是茶壶碎片,根据垃圾分类的标准，应该属于其他垃圾
"
4629,图中展示的物品是{cardboard_box}，根据垃圾分类的标准，应该属于{cardboard},"图中展示的物品是台历,根据垃圾分类的标准，应该属于可回收物
"
4630,图中展示的物品是{waste_paper}，根据垃圾分类的标准，应该属于{waste_paper}。,"图中展示的物品是纸巾,根据垃圾分类的标准，应该属于其他垃圾
"
4631,图中展示的物品是{iron}，根据垃圾分类的标准，应该属于{iron},"图中展示的物品是钢丝球,根据垃圾分类的标准，应该属于可回收物
"
4632,图中展示的物品是厨具刀具，根据垃圾分类的标准，应该属于厨余垃圾。,"图中展示的物品是刀,根据垃圾分类的标准，应该属于可回收物
"
4633,图中展示的物品是电池，根据垃圾分类的标准，应该属于有害垃圾,"图中展示的物品是电池,根据垃圾分类的标准，应该属于有害垃圾
"
4634,图中展示的物品是玻璃制品，根据垃圾分类的标准，应该属于玻璃垃圾。,"图中展示的物品是烟灰缸,根据垃圾分类的标准，应该属于可回收物
"
4635,"图中展示的物品是{garbage_object},根据垃圾分类的标准，应该属于{garbage_type}","图中展示的物品是车钥匙,根据垃圾分类的标准，应该属于可回收物
"
4636,图中展示的物品是电池，根据垃圾分类的标准，应该属于有害垃圾,"图中展示的物品是电池,根据垃圾分类的标准，应该属于有害垃圾
"
4637,图中展示的物品是{paper_material}，根据垃圾分类的标准，应该属于{paper},"图中展示的物品是档案袋,根据垃圾分类的标准，应该属于可回收物
"
4638,图中展示的物品是{apple}，根据垃圾分类的标准，应该属于{apple},"图中展示的物品是果冻,根据垃圾分类的标准，应该属于厨余垃圾
"
4639,图中展示的物品是钥匙，根据垃圾分类的标准，应该属于可回收垃圾。,"图中展示的物品是车钥匙,根据垃圾分类的标准，应该属于可回收物
"
4640,"图中展示的物品是{garbage_object},根据垃圾分类的标准，应该属于{garbage_type}垃圾。","图中展示的物品是信封,根据垃圾分类的标准，应该属于可回收物
"
4641,"图中展示的物品是{garbage_object},根据垃圾分类的标准，应该属于{garbage_type}厨余垃圾。","图中展示的物品是青菜,根据垃圾分类的标准，应该属于厨余垃圾
"
4642,图中展示的物品是果皮，根据垃圾分类的标准，应该属于厨余垃圾,"图中展示的物品是冰糖葫芦,根据垃圾分类的标准，应该属于厨余垃圾
"
4643,图中展示的物品是眼镜,"图中展示的物品是眼镜,根据垃圾分类的标准，应该属于其他垃圾
"
4644,图中展示的物品是纸箱，根据垃圾分类的标准，应该属于可回收物,"图中展示的物品是纸箱,根据垃圾分类的标准，应该属于可回收物
"
4645,图中展示的物品是玻璃壶，根据垃圾分类的标准，应该属于可回收物,"图中展示的物品是玻璃壶,根据垃圾分类的标准，应该属于可回收物
"
4646,"图中展示的物品是{garbage_object},根据垃圾分类的标准，应该属于{garbage_type}垃圾。","图中展示的物品是卡,根据垃圾分类的标准，应该属于可回收物
"
4647,"图中展示的物品是{garbage_object},根据垃圾分类的标准，应该属于{garbage_type}垃圾。","图中展示的物品是药品包装,根据垃圾分类的标准，应该属于有害垃圾
"
4648,"图中展示的物品是[garbage_object],根据垃圾分类的标准，应该属于[garbage_type]","图中展示的物品是纸牌,根据垃圾分类的标准，应该属于可回收物
"
4649,"图中展示的物品是[garbage_object],根据垃圾分类的标准，应该属于[garbage_type]","图中展示的物品是台灯,根据垃圾分类的标准，应该属于可回收物
"
4650,图中展示的物品是坚果，根据垃圾分类的标准，应该属于其他垃圾。,"图中展示的物品是巴旦木,根据垃圾分类的标准，应该属于厨余垃圾
"
4651,"图中展示的物品是[wood_object],根据垃圾分类的标准，应该属于[recycle]","图中展示的物品是收音机,根据垃圾分类的标准，应该属于可回收物
"
4652,图中展示的物品是塑料瓶，根据垃圾分类的标准，应该属于可回收物,"图中展示的物品是塑料瓶,根据垃圾分类的标准，应该属于可回收物
"
4653,"图中展示的物品是[garbage_object],根据垃圾分类的标准，应该属于[garbage_type]","图中展示的物品是红花油,根据垃圾分类的标准，应该属于有害垃圾
"
4654,"图中展示的物品是玩具,根据垃圾分类的标准，应该属于垃圾玩具","图中展示的物品是玩偶,根据垃圾分类的标准，应该属于可回收物
"
4655,"图中展示的物品是[ripe],[ripe],[ripe],[ripe],[ripe],[ripe],[ripe],[ripe],[ripe],[ripe],[ripe],[ripe],[ripe],[ripe],[ripe],[ripe],[ripe],[ripe],[ripe],[ripe],[ripe],[ripe],[ripe],[ripe],[ripe],[ripe],[ripe],[ripe],[ripe],[ripe],[ripe],[ripe],[ripe],[ripe],[ripe],[ripe],[ripe],[ripe],[ripe],[ripe],[ripe],[ripe],[ripe],[ripe],[ripe],[ripe],[ripe],[ripe],[ripe],[ripe],[ripe],[ripe],[ripe],[ripe],[ripe],[ripe],[ripe],[ripe],[ripe],[ripe],[ripe],[ripe],[ripe],[ripe],[ripe],[ripe],[ripe],[ripe],[ripe],[ripe],[ripe],[ripe],[ripe],[ripe],[ripe],[ripe],[ripe],[ripe],[ripe],[ripe],[ripe],[ripe],[ripe],[ripe],[ripe],[ripe],[ripe],[ripe],[ripe],[ripe],[ripe],[ripe],[ripe],[ripe],[ripe],[ripe],[ripe],[ripe],[ripe],[ripe],[ripe],[ripe],[ripe],[ripe],[ripe],[ripe],[ripe],[ripe],[ripe],[ripe],[ripe],[ripe],[ripe],[ripe],[ripe],[ripe],[ripe],[ripe],[ripe],[ripe],[ripe],[ripe],[ripe],[ripe],[ripe],[ripe],[ripe],[ripe],[ripe],[ripe],[ripe],[ripe],[ripe],[ripe],[ripe],[ripe],[ripe],[ripe],[ripe],[ripe],[ripe],[ripe],[ripe],[ripe],[ripe],[ripe],[ripe],[ripe],[ripe],[ripe],[ripe],[ripe],[ripe],[ripe],[ripe],[ripe],[ripe],[ripe],[ripe],[ripe],[ripe],[ripe],[ripe],[ripe],[ripe],[ripe],[ripe],[ripe],[ripe],[ripe],[ripe],[ripe],[ripe],[ripe],[ripe],[ripe],[ripe],[ripe],[ripe],[ripe],[ripe],[ripe],[ripe],[ripe],[ripe],[ripe],[ripe],[ripe],[ripe],[ripe],[ripe],[ripe],[ripe],[ripe],[ripe],[ripe],[ripe],[ripe],[ripe],[ripe],[ripe],[ripe],[ripe],[ripe],[ripe],[ripe],[ripe],[ripe],[ripe],[ripe],[ripe],[ripe],[ripe],[ripe],[ripe],[ripe],[ripe],[ripe],[ripe],[ripe],[ripe],[ripe],[ripe],[ripe],[ripe],[ripe],[ripe],[ripe],[ripe],[ripe],[ripe],[ripe],[ripe],[ripe],[ripe],[ripe],[ripe],[ripe],[ripe],[ripe],[ripe],[ripe],[ripe],[ripe],[ripe],[ripe],[ripe],[ripe],[ripe],[ripe],[ripe],[ripe],[ripe","图中展示的物品是哈密瓜,根据垃圾分类的标准，应该属于厨余垃圾
"
4656,图中展示的物品是糕点，根据垃圾分类的标准，应该属于垃圾食品。,"图中展示的物品是糕点,根据垃圾分类的标准，应该属于厨余垃圾
"
4657,"图中展示的物品是[wood_object],根据垃圾分类的标准，应该属于[recyclable]","图中展示的物品是木制切菜板,根据垃圾分类的标准，应该属于可回收物
"
4658,图中展示的物品是萝卜，根据垃圾分类的标准，应该属于厨余垃圾。,"图中展示的物品是白萝卜,根据垃圾分类的标准，应该属于厨余垃圾
"
4659,图中展示的物品是手套，根据垃圾分类的标准，应该属于废品,"图中展示的物品是厨房手套,根据垃圾分类的标准，应该属于其他垃圾
"
4660,"图中展示的物品是{garbage_object},根据垃圾分类的标准，应该属于{garbage_type}","图中展示的物品是玩偶,根据垃圾分类的标准，应该属于可回收物
"
4661,图中展示的物品是花瓶，根据垃圾分类的标准，应该属于废品,"图中展示的物品是空气加湿器,根据垃圾分类的标准，应该属于可回收物
"
4662,图中展示的物品是坚果，根据垃圾分类的标准，应该属于可回收垃圾。,"图中展示的物品是核桃,根据垃圾分类的标准，应该属于厨余垃圾
"
4663,图中展示的物品是玻璃制品，根据垃圾分类的标准，应该属于玻璃制品。,"图中展示的物品是灯罩,根据垃圾分类的标准，应该属于可回收物
"
4664,图中展示的物品是{fruit}，根据垃圾分类的标准，应该属于{food},"图中展示的物品是梨,根据垃圾分类的标准，应该属于厨余垃圾
"
4665,图中展示的物品是{no garbage},"图中展示的物品是地球仪,根据垃圾分类的标准，应该属于可回收物
"
4666,图中展示的物品是牙刷，根据垃圾分类的标准，应该属于可回收物,"图中展示的物品是电动牙刷,根据垃圾分类的标准，应该属于可回收物
"
4667,图中展示的物品是{glass_object}，根据垃圾分类的标准，应该属于{glass},"图中展示的物品是胶水,根据垃圾分类的标准，应该属于有害垃圾
"
4668,图中展示的物品是火车票，根据垃圾分类的标准，应该属于废纸,"图中展示的物品是票据,根据垃圾分类的标准，应该属于其他垃圾
"
4669,图中展示的物品是玻璃球，根据垃圾分类的标准，应该属于可回收物。,"图中展示的物品是玻璃球,根据垃圾分类的标准，应该属于可回收物
"
4670,图中展示的物品是蛋糕，根据垃圾分类的标准，应该属于厨余垃圾。,"图中展示的物品是糕点,根据垃圾分类的标准，应该属于厨余垃圾
"
4671,"图中展示的物品是{garbage_object},根据垃圾分类的标准，应该属于{garbage_type}垃圾。","图中展示的物品是报纸,根据垃圾分类的标准，应该属于可回收物
"
4672,"图中展示的物品是[garbage_object],根据垃圾分类的标准，应该属于[garbage_type]","图中展示的物品是打气筒,根据垃圾分类的标准，应该属于可回收物
"
4673,图中展示的物品是电池，根据垃圾分类的标准，应该属于电子垃圾。,"图中展示的物品是电池板,根据垃圾分类的标准，应该属于有害垃圾
"
4674,图中展示的物品是[garbage_object]，根据垃圾分类的标准，应该属于[garbage_type],"图中展示的物品是叉子,根据垃圾分类的标准，应该属于可回收物
"
4675,"图中展示的物品是笔,根据垃圾分类的标准，应该属于{garbage_type}文具","图中展示的物品是笔及笔芯,根据垃圾分类的标准，应该属于其他垃圾
"
4676,"图中展示的物品是{wood_object},根据垃圾分类的标准，应该属于{wood}","图中展示的物品是木制切菜板,根据垃圾分类的标准，应该属于可回收物
"
4677,图中展示的物品是{vegetable}，根据垃圾分类的标准，应该属于{green},"图中展示的物品是青菜,根据垃圾分类的标准，应该属于厨余垃圾
"
4678,图中展示的物品是锅盖，根据垃圾分类的标准，应该属于厨余垃圾。,"图中展示的物品是锅盖,根据垃圾分类的标准，应该属于可回收物
"
4679,图中展示的物品是香草油，根据垃圾分类的标准，应该属于厨余垃圾。,"图中展示的物品是青菜,根据垃圾分类的标准，应该属于厨余垃圾
"
4680,图中展示的物品是{fruit}，根据垃圾分类的标准，应该属于{food},"图中展示的物品是草莓,根据垃圾分类的标准，应该属于厨余垃圾
"
4681,"图中展示的物品是{garbage_object},根据垃圾分类的标准，应该属于{garbage_type}","图中展示的物品是变形玩具,根据垃圾分类的标准，应该属于可回收物
"
4682,图中展示的物品是[tools]，根据垃圾分类的标准，应该属于[厨余垃圾],"图中展示的物品是镊子,根据垃圾分类的标准，应该属于可回收物
"
4683,图中展示的物品是硒鼓，根据垃圾分类的标准，应该属于{garbage_type}电子废弃物。,"图中展示的物品是打印机墨盒,根据垃圾分类的标准，应该属于可回收物
"
4684,图中展示的物品是玻璃杯，根据垃圾分类的标准，应该属于玻璃,"图中展示的物品是罐头瓶,根据垃圾分类的标准，应该属于可回收物
"
4685,"图中展示的物品是{garbage_object},根据垃圾分类的标准，应该属于{garbage_type}","图中展示的物品是购物纸袋,根据垃圾分类的标准，应该属于可回收物
"
4686,图中展示的物品是地球仪，根据垃圾分类的标准，应该属于可回收物。,"图中展示的物品是地球仪,根据垃圾分类的标准，应该属于可回收物
"
4687,图中展示的物品是{bowl}，根据垃圾分类的标准，应该属于{recyclable},"图中展示的物品是塑料盆,根据垃圾分类的标准，应该属于可回收物
"
4688,图中展示的物品是玻璃瓶，根据垃圾分类的标准，应该属于可回收垃圾。,"图中展示的物品是玻璃器皿,根据垃圾分类的标准，应该属于可回收物
"
4689,图中展示的物品是纸箱，根据垃圾分类的标准，应该属于废纸,"图中展示的物品是纸箱,根据垃圾分类的标准，应该属于可回收物
"
4690,"图中展示的物品是{kettle_object},根据垃圾分类的标准，应该属于{trash}","图中展示的物品是烧水壶,根据垃圾分类的标准，应该属于可回收物
"
4691,图中展示的物品是干锅，根据垃圾分类的标准，应该属于厨余垃圾,"图中展示的物品是粉条,根据垃圾分类的标准，应该属于厨余垃圾
"
4692,"图中展示的物品是{glassware_object},根据垃圾分类的标准，应该属于{recyclable}","图中展示的物品是玻璃壶,根据垃圾分类的标准，应该属于可回收物
"
4693,图中展示的物品是罐头，根据垃圾分类的标准，应该属于可回收物,"图中展示的物品是八宝粥罐,根据垃圾分类的标准，应该属于可回收物
"
4694,图中展示的物品是塑料盒子，根据垃圾分类的标准，应该属于可回收垃圾。,"图中展示的物品是保鲜盒,根据垃圾分类的标准，应该属于可回收物
"
4695,图中展示的物品是[metal]，根据垃圾分类的标准，应该属于[金属],"图中展示的物品是车钥匙,根据垃圾分类的标准，应该属于可回收物
"
4696,图中展示的物品是书籍，根据垃圾分类的标准，应该属于废纸,"图中展示的物品是书,根据垃圾分类的标准，应该属于可回收物
"
4697,图中展示的物品是电视机遥控器，根据垃圾分类的标准，应该属于电子废弃物,"图中展示的物品是电视遥控器,根据垃圾分类的标准，应该属于可回收物
"
4698,图中展示的物品是塑料瓶，根据垃圾分类的标准，应该属于可回收物。,"图中展示的物品是塑料瓶,根据垃圾分类的标准，应该属于可回收物
"
4699,图中展示的物品是{dominoes_game}，根据垃圾分类的标准，应该属于{dominoes},"图中展示的物品是木制玩具,根据垃圾分类的标准，应该属于可回收物
"
4700,"图中展示的物品是{garbage_object},根据垃圾分类的标准，应该属于{garbage_type}","图中展示的物品是车钥匙,根据垃圾分类的标准，应该属于可回收物
"
4701,图中展示的物品是{coffee}，根据垃圾分类的标准，应该属于{garbage_type},"图中展示的物品是咖啡渣,根据垃圾分类的标准，应该属于厨余垃圾
"
4702,"图中展示的物品是[orange_object],根据垃圾分类的标准，应该属于[vegetable]","图中展示的物品是番茄,根据垃圾分类的标准，应该属于厨余垃圾
"
4703,图中展示的物品是遥控器，根据垃圾分类的标准，应该属于{garbage_type}电子废弃物。,"图中展示的物品是电视遥控器,根据垃圾分类的标准，应该属于可回收物
"
4704,"图中展示的物品是[fruit],根据垃圾分类的标准，应该属于[可回收物]","图中展示的物品是草莓,根据垃圾分类的标准，应该属于厨余垃圾
"
4705,"图中展示的物品是[garbage_object],根据垃圾分类的标准，应该属于[garbage_type]","图中展示的物品是护肤品空瓶,根据垃圾分类的标准，应该属于可回收物
"
4706,图中展示的物品是萝卜，根据垃圾分类的标准，应该属于厨余垃圾,"图中展示的物品是白萝卜,根据垃圾分类的标准，应该属于厨余垃圾
"
4707,图中展示的物品是耳机，根据垃圾分类的标准，应该属于可回收物,"图中展示的物品是耳机,根据垃圾分类的标准，应该属于可回收物
"
4708,"图中展示的物品是[garbage_object],根据垃圾分类的标准，应该属于[garbage_type]","图中展示的物品是玩偶,根据垃圾分类的标准，应该属于可回收物
"
4709,"图中展示的物品是{grass_object},根据垃圾分类的标准，应该属于{grass}","图中展示的物品是青菜,根据垃圾分类的标准，应该属于厨余垃圾
"
4710,图中展示的物品是玻璃瓶，根据垃圾分类的标准，应该属于可回收物,"图中展示的物品是玻璃器皿,根据垃圾分类的标准，应该属于可回收物
"
4711,图中展示的物品是玻璃瓶，根据垃圾分类的标准，应该属于其他垃圾。,"图中展示的物品是玻璃器皿,根据垃圾分类的标准，应该属于可回收物
"
4712,"图中展示的物品是{garbage_object},根据垃圾分类的标准，应该属于{garbage_type}","图中展示的物品是木制玩具,根据垃圾分类的标准，应该属于可回收物
"
4713,"图中展示的物品是[garbage_object],根据垃圾分类的标准，应该属于[garbage_type]","图中展示的物品是保温杯,根据垃圾分类的标准，应该属于可回收物
"
4714,图中展示的物品是电子线路板，根据垃圾分类的标准，应该属于电子垃圾,"图中展示的物品是电路板,根据垃圾分类的标准，应该属于可回收物
"
4715,"图中展示的物品是[USB线],[数据线],[充电线],[充电器],[插头],[电脑线],[电脑接口],[USB接口],[数据接口],[电脑线接口],[电脑接口插头],[电脑接口USB接口],[电脑接口数据接口],[电脑接口充电接口],[电脑接口USB接口充电接口],[电脑接口数据接口充电接口],[电脑接口充电接口USB接口充电接口],[电脑接口充电接口数据接口充电接口],[电脑接口充电接口USB接口充电接口数据接口],[电脑接口充电接口数据接口USB接口数据接口],[电脑接口充电接口数据接口USB接口充电接口数据接口],[电脑接口充电接口数据接口USB接口充电接口数据接口],[电脑接口充电接口数据接口USB接口充电接口数据接口],[电脑接口充电接口数据接口USB接口充电接口数据接口],[电脑接口充电接口数据接口USB接口充电接口数据接口],[电脑接口充电接口数据接口USB接口充电接口数据接口],[电脑接口充电接口数据接口USB接口充电接口数据接口],[电脑接口充电接口数据接口USB接口充电接口数据接口],[电脑接口充电接口数据接口USB接口充电接口数据接口],[电脑接口充电接口数据接口USB接口充电接口数据接口],[电脑接口充电接口数据接口USB接口充电接口数据接口],[电脑接口充电接口数据接口USB接口充电接口数据接口],[电脑接口充电接口数据接口USB接口充电接口数据接口],[电脑接口充电接口数据接口USB接口充电接口数据接口],[电脑接口充电接口数据接口USB接口充电接口数据接口],[电脑接口充电接口数据接口USB接口充电接口数据接口],[电脑接口充电接口数据接口USB接口充电接口数据接口],[电脑接口充电接口数据接口USB接口充电接口数据接口],[电脑接口充电接口数据接口USB接口充电接口数据接口],[电脑接口充电接口数据接口USB接口充电接口数据接口],[电脑接口充电接口数据接口USB接口充电接口数据接口],[电脑接口充电接口数据接口USB接口充电接口数据接口],[电脑接口充电接口数据接口USB接口充电接口数据接口],[电脑接口充电接口数据接口USB接口充电接口数据接口],[电脑接口充电接口数据接口USB接口充电接口数据接口],[电脑接口充电接口数据接口USB接口充电接口数据接口],[电脑接口充电接口数据接口USB接口充电接口数据接口],[电脑接口充电接口数据接口USB接口充电接口数据接口],[电脑接口充电接口数据接口USB接口充电接口数据接口],[电脑接口充电接口数据接口USB接口充电接口数据接口],[电脑接口充电接口数据接口USB接口充电接口","图中展示的物品是充电线,根据垃圾分类的标准，应该属于可回收物
"
4716,图中展示的物品是剃须刀，根据垃圾分类的标准，应该属于可回收物。,"图中展示的物品是电动剃须刀,根据垃圾分类的标准，应该属于可回收物
"
4717,图中展示的物品是饼干，根据垃圾分类的标准，应该属于厨余垃圾。,"图中展示的物品是糕点,根据垃圾分类的标准，应该属于厨余垃圾
"
4718,图中展示的物品是食物，根据垃圾分类的标准，应该属于垃圾,"图中展示的物品是烤鸡烤鸭,根据垃圾分类的标准，应该属于厨余垃圾
"
4719,"图中展示的物品是{garbage_object},根据垃圾分类的标准，应该属于{garbage_type}","图中展示的物品是玩偶,根据垃圾分类的标准，应该属于可回收物
"
4720,图中展示的物品是食物，根据垃圾分类的标准，应该属于垃圾,"图中展示的物品是炸鸡,根据垃圾分类的标准，应该属于厨余垃圾
"
4721,图中展示的物品是塑料制品，根据垃圾分类的标准，应该属于塑料垃圾。,"图中展示的物品是镊子,根据垃圾分类的标准，应该属于可回收物
"
4722,"图中展示的物品是[garbage_object],根据垃圾分类的标准，应该属于[garbage_type]","图中展示的物品是果冻,根据垃圾分类的标准，应该属于厨余垃圾
"
4723,"图中展示的物品是{garbage_object},根据垃圾分类的标准，应该属于{garbage_type}","图中展示的物品是木制切菜板,根据垃圾分类的标准，应该属于可回收物
"
4724,图中展示的物品是耳机，根据垃圾分类的标准，应该属于可回收垃圾。,"图中展示的物品是耳机,根据垃圾分类的标准，应该属于可回收物
"
4725,"图中展示的物品是{garbage_object},根据垃圾分类的标准，应该属于{garbage_type}废纸","图中展示的物品是创可贴,根据垃圾分类的标准，应该属于其他垃圾
"
4726,"图中展示的物品是[wire],[wire],[wire],垃圾物品是[wire],[wire],[wire],按照垃圾分类的标准，应该属于[垃圾]","图中展示的物品是耳机,根据垃圾分类的标准，应该属于可回收物
"
4727,"图中展示的物品是杂志,根据垃圾分类的标准，应该属于废纸","图中展示的物品是单肩包手提包,根据垃圾分类的标准，应该属于可回收物
"
4728,"图中展示的物品是{garbage_object},根据垃圾分类的标准，应该属于{garbage_type}厨余垃圾","图中展示的物品是糕点,根据垃圾分类的标准，应该属于厨余垃圾
"
4729,"图中展示的物品是[garbage_object],根据垃圾分类的标准，应该属于[garbage_type]","图中展示的物品是青菜,根据垃圾分类的标准，应该属于厨余垃圾
"
4730,图中展示的物品是烟蒂，根据垃圾分类的标准，应该属于烟蒂,"图中展示的物品是烟蒂,根据垃圾分类的标准，应该属于其他垃圾
"
4731,图中展示的物品是键盘，根据垃圾分类的标准，应该属于电子废弃物。,"图中展示的物品是键盘,根据垃圾分类的标准，应该属于可回收物
"
4732,图中展示的物品是玻璃瓶，根据垃圾分类的标准，应该属于可回收物。,"图中展示的物品是玻璃器皿,根据垃圾分类的标准，应该属于可回收物
"
4733,图中展示的物品是农药，根据垃圾分类的标准，应该属于有害垃圾。,"图中展示的物品是杀虫剂,根据垃圾分类的标准，应该属于有害垃圾
"
4734,"图中展示的物品是{garbage_object},根据垃圾分类的标准，应该属于{garbage_type}电子垃圾。","图中展示的物品是充电头,根据垃圾分类的标准，应该属于可回收物
"
4735,图中展示的物品是蔬菜，根据垃圾分类的标准，应该属于厨余垃圾。,"图中展示的物品是生肉,根据垃圾分类的标准，应该属于厨余垃圾
"
4736,图中展示的物品是一块电脑插卡，属于电子垃圾。,"图中展示的物品是网卡,根据垃圾分类的标准，应该属于可回收物
"
4737,"图中展示的物品是塑料袋,根据垃圾分类的标准，应该属于其他垃圾","图中展示的物品是药品包装,根据垃圾分类的标准，应该属于有害垃圾
"
4738,"图中展示的物品是[garbage_object],根据垃圾分类的标准，应该属于[garbage_type]","图中展示的物品是杀虫剂,根据垃圾分类的标准，应该属于有害垃圾
"
4739,图中展示的物品是胶带，根据垃圾分类的标准，应该属于可回收垃圾。,"图中展示的物品是胶带,根据垃圾分类的标准，应该属于其他垃圾
"
4740,"图中展示的物品是[garbage_object],根据垃圾分类的标准，应该属于[garbage_type]","图中展示的物品是灯罩,根据垃圾分类的标准，应该属于可回收物
"
4741,"图中展示的物品是{garbage_object},根据垃圾分类的标准，应该属于{garbage_type}","图中展示的物品是电动剃须刀,根据垃圾分类的标准，应该属于可回收物
"
4742,"图中展示的物品是{garbage_object},根据垃圾分类的标准，应该属于{garbage_type}","图中展示的物品是手提包,根据垃圾分类的标准，应该属于可回收物
"
4743,图中展示的物品是玻璃杯，根据垃圾分类的标准，应该属于可回收物。,"图中展示的物品是碗,根据垃圾分类的标准，应该属于可回收物
"
4744,"图中展示的物品是{fruit_object},根据垃圾分类的标准，应该属于{fruit}","图中展示的物品是草莓,根据垃圾分类的标准，应该属于厨余垃圾
"
4745,"图中展示的物品是蚊子拍,根据垃圾分类的标准，应该属于不可回收垃圾","图中展示的物品是苍蝇拍,根据垃圾分类的标准，应该属于其他垃圾
"
4746,图中展示的物品是玩具积木，根据垃圾分类的标准，应该属于可回收垃圾。,"图中展示的物品是木制玩具,根据垃圾分类的标准，应该属于可回收物
"
4747,"图中展示的物品是{garbage_object},根据垃圾分类的标准，应该属于{garbage_type}","图中展示的物品是玩偶,根据垃圾分类的标准，应该属于可回收物
"
4748,图中展示的物品是玻璃瓶，根据垃圾分类的标准，应该属于玻璃,"图中展示的物品是罐头瓶,根据垃圾分类的标准，应该属于可回收物
"
4749,图中展示的物品是塑料打包带，根据垃圾分类的标准，应该属于其他垃圾。,"图中展示的物品是PE塑料袋,根据垃圾分类的标准，应该属于其他垃圾
"
4750,图中展示的物品是票,"图中展示的物品是登机牌,根据垃圾分类的标准，应该属于可回收物
"
4751,"图中展示的物品是{garbage_object},根据垃圾分类的标准，应该属于{garbage_type}","图中展示的物品是暖宝宝,根据垃圾分类的标准，应该属于可回收物
"
4752,"图中展示的物品是{garbage_object},根据垃圾分类的标准，应该属于{garbage_type}","图中展示的物品是炸鸡,根据垃圾分类的标准，应该属于厨余垃圾
"
4753,"图中展示的物品是[garbage_object],根据垃圾分类的标准，应该属于[garbage_type]","图中展示的物品是台历,根据垃圾分类的标准，应该属于可回收物
"
4754,图中展示的物品是饼干，根据垃圾分类的标准，应该属于垃圾食品,"图中展示的物品是饼干,根据垃圾分类的标准，应该属于厨余垃圾
"
4755,图中展示的物品是手提袋，根据垃圾分类的标准，应该属于可回收物,"图中展示的物品是单肩包手提包,根据垃圾分类的标准，应该属于可回收物
"
4756,图中展示的物品是栗子，根据垃圾分类的标准，应该属于可回收物。,"图中展示的物品是板栗,根据垃圾分类的标准，应该属于厨余垃圾
"
4757,图中展示的物品是毛绒玩具，根据垃圾分类的标准，应该属于其他垃圾。,"图中展示的物品是玩偶,根据垃圾分类的标准，应该属于可回收物
"
4758,"图中展示的物品是邮资信封,根据垃圾分类的标准，应该属于废纸","图中展示的物品是票据,根据垃圾分类的标准，应该属于其他垃圾
"
4759,"图中展示的物品是[garbage_object],根据垃圾分类的标准，应该属于[garbage_type]","图中展示的物品是耳套,根据垃圾分类的标准，应该属于可回收物
"
4760,图中展示的物品是废纸，根据垃圾分类的标准，应该属于可回收垃圾,"图中展示的物品是易拉罐,根据垃圾分类的标准，应该属于可回收物
"
4761,图中展示的物品是充电器，根据垃圾分类的标准，应该属于电子废弃物。,"图中展示的物品是充电头,根据垃圾分类的标准，应该属于可回收物
"
4762,玻璃,"图中展示的物品是玻璃球,根据垃圾分类的标准，应该属于可回收物
"
4763,图中展示的物品是垃圾食品，根据垃圾分类的标准，应该属于垃圾食品。,"图中展示的物品是药品包装,根据垃圾分类的标准，应该属于有害垃圾
"
4764,图中展示的物品是吹风机，根据垃圾分类的标准，应该属于电子废弃物。,"图中展示的物品是吹风机,根据垃圾分类的标准，应该属于可回收物
"
4765,"图中展示的物品是面包,根据垃圾分类的标准，应该属于可回收垃圾","图中展示的物品是糕点,根据垃圾分类的标准，应该属于厨余垃圾
"
4766,"图中展示的物品是{garbage_object},根据垃圾分类的标准，应该属于{garbage_type}厨余垃圾。","图中展示的物品是残渣剩饭,根据垃圾分类的标准，应该属于厨余垃圾
"
4767,图中展示的物品是玩具，根据垃圾分类的标准，应该属于玩具,"图中展示的物品是变形玩具,根据垃圾分类的标准，应该属于可回收物
"
4768,"图中展示的物品是{garbage_object},根据垃圾分类的标准，应该属于{garbage_type}垃圾。","图中展示的物品是地球仪,根据垃圾分类的标准，应该属于可回收物
"
4769,"图中展示的物品是{garbage_object},根据垃圾分类的标准，应该属于{garbage_type}垃圾。","图中展示的物品是鞋,根据垃圾分类的标准，应该属于可回收物
"
4770,"图中展示的物品是[牛奶],[塑料袋],[纸],根据垃圾分类的标准，应该属于[厨余垃圾],[可回收物],[其他垃圾],[纸]","图中展示的物品是奶盒,根据垃圾分类的标准，应该属于可回收物
"
4771,"图中展示的物品是玩具,根据垃圾分类的标准，应该属于玩具","图中展示的物品是玩偶,根据垃圾分类的标准，应该属于可回收物
"
4772,"图中展示的物品是{food_object},根据垃圾分类的标准，应该属于{food}","图中展示的物品是果冻,根据垃圾分类的标准，应该属于厨余垃圾
"
4773,"图中展示的物品是{garbage_object},根据垃圾分类的标准，应该属于{garbage_type}","图中展示的物品是购物纸袋,根据垃圾分类的标准，应该属于可回收物
"
4774,图中展示的物品是机器，根据垃圾分类的标准，应该属于{垃圾类型},"图中展示的物品是钢丝球,根据垃圾分类的标准，应该属于可回收物
"
4775,图中展示的物品是腊肠，根据垃圾分类的标准，应该属于可回收物。,"图中展示的物品是肠(火腿),根据垃圾分类的标准，应该属于厨余垃圾
"
4776,图中展示的物品是电池，根据垃圾分类的标准，应该属于废电池,"图中展示的物品是蓄电池,根据垃圾分类的标准，应该属于有害垃圾
"
4777,"图中展示的物品是[garbage_object],根据垃圾分类的标准，应该属于[garbage_type]","图中展示的物品是鞋,根据垃圾分类的标准，应该属于可回收物
"
4778,图中展示的物品是{food_container}，根据垃圾分类的标准，应该属于{food},"图中展示的物品是碗,根据垃圾分类的标准，应该属于可回收物
"
4779,"图中展示的物品是{garbage_object},根据垃圾分类的标准，应该属于{garbage_type}","图中展示的物品是玩偶,根据垃圾分类的标准，应该属于可回收物
"
4780,图中展示的物品是蔬菜，根据垃圾分类的标准，应该属于厨余垃圾,"图中展示的物品是肠(火腿),根据垃圾分类的标准，应该属于厨余垃圾
"
4781,"图中展示的物品是[garbage_object],根据垃圾分类的标准，应该属于[garbage_type]","图中展示的物品是钟表,根据垃圾分类的标准，应该属于可回收物
"
4782,"图中展示的物品是{garbage_object},根据垃圾分类的标准，应该属于{garbage_type}电子废弃物","图中展示的物品是电池板,根据垃圾分类的标准，应该属于有害垃圾
"
4783,"图中展示的物品是书籍,根据垃圾分类的标准，应该属于废纸","图中展示的物品是书,根据垃圾分类的标准，应该属于可回收物
"
4784,"图中展示的物品是{garbage_object},根据垃圾分类的标准，应该属于{garbage_type}","图中展示的物品是干燥剂,根据垃圾分类的标准，应该属于其他垃圾
"
4785,图中展示的物品是袜子，根据垃圾分类的标准，应该属于废品,"图中展示的物品是袜子,根据垃圾分类的标准，应该属于可回收物
"
4786,"图中展示的物品是{garbage_object},根据垃圾分类的标准，应该属于{garbage_type}其他垃圾","图中展示的物品是电池板,根据垃圾分类的标准，应该属于有害垃圾
"
4787,"图中展示的物品是{garbage_object},根据垃圾分类的标准，应该属于{garbage_type}垃圾。","图中展示的物品是果冻,根据垃圾分类的标准，应该属于厨余垃圾
"
4788,图中展示的物品是毛巾，根据垃圾分类的标准，应该属于废品,"图中展示的物品是毛巾,根据垃圾分类的标准，应该属于其他垃圾
"
4789,垃圾物品,"图中展示的物品是饼干,根据垃圾分类的标准，应该属于厨余垃圾
"
4790,"图中展示的物品是玻璃杯,根据垃圾分类的标准，应该属于玻璃","图中展示的物品是量杯,根据垃圾分类的标准，应该属于可回收物
"
4791,"图中展示的物品是[文具],根据垃圾分类的标准，应该属于[废纸]","图中展示的物品是档案袋,根据垃圾分类的标准，应该属于可回收物
"
4792,图中展示的物品是灯泡，根据垃圾分类的标准，应该属于其他垃圾。,"图中展示的物品是LED灯泡,根据垃圾分类的标准，应该属于有害垃圾
"
4793,"图中展示的物品是[garbage_object],根据垃圾分类的标准，应该属于[garbage_type]","图中展示的物品是巴旦木,根据垃圾分类的标准，应该属于厨余垃圾
"
4794,图中展示的物品是玻璃杯，根据垃圾分类的标准，应该属于可回收物。,"图中展示的物品是水杯,根据垃圾分类的标准，应该属于可回收物
"
4795,图中展示的物品是{coffee}，根据垃圾分类的标准，应该属于{coffee},"图中展示的物品是玻璃壶,根据垃圾分类的标准，应该属于可回收物
"
4796,图中展示的物品是纸板，根据垃圾分类的标准，应该属于可回收垃圾。,"图中展示的物品是纸箱,根据垃圾分类的标准，应该属于可回收物
"
4797,图中展示的物品是剃须刀，根据垃圾分类的标准，应该属于电子垃圾,"图中展示的物品是电动剃须刀,根据垃圾分类的标准，应该属于可回收物
"
4798,图中展示的物品是纸张，根据垃圾分类的标准，应该属于废纸,"图中展示的物品是书,根据垃圾分类的标准，应该属于可回收物
"
4799,"图中展示的物品是毛绒玩具,根据垃圾分类的标准，应该属于废品","图中展示的物品是暖宝宝,根据垃圾分类的标准，应该属于可回收物
"
4800,"图中展示的物品是[spoon,fork,knife,tableware]，根据垃圾分类的标准，应该属于[厨余垃圾]","图中展示的物品是勺子,根据垃圾分类的标准，应该属于可回收物
"
4801,图中展示的物品是玩具，根据垃圾分类的标准，应该属于可回收物,"图中展示的物品是玩偶,根据垃圾分类的标准，应该属于可回收物
"
4802,"图中展示的物品是[garbage_object],根据垃圾分类的标准，应该属于[garbage_type]","图中展示的物品是瓜子,根据垃圾分类的标准，应该属于厨余垃圾
"
4803,"图中展示的物品是{garbage_object},根据垃圾分类的标准，应该属于{garbage_type}其他垃圾","图中展示的物品是泡沫盒子,根据垃圾分类的标准，应该属于可回收物
"
4804,图中展示的物品是充电器，根据垃圾分类的标准，应该属于电子废弃物,"图中展示的物品是充电头,根据垃圾分类的标准，应该属于可回收物
"
4805,图中展示的物品是{no garbage}，根据垃圾分类的标准，应该属于{no garbage},"图中展示的物品是鞋,根据垃圾分类的标准，应该属于可回收物
"
4806,图中展示的物品是{drinking_glass}，根据垃圾分类的标准，应该属于{garbage_type},"图中展示的物品是红花油,根据垃圾分类的标准，应该属于有害垃圾
"
4807,"图中展示的物品是{garbage_object},根据垃圾分类的标准，应该属于{garbage_type}","图中展示的物品是糕点,根据垃圾分类的标准，应该属于厨余垃圾
"
4808,图中展示的物品是垃圾物品，根据垃圾分类的标准，应该属于厨余垃圾,"图中展示的物品是验孕棒,根据垃圾分类的标准，应该属于其他垃圾
"
4809,"图中展示的物品是{garbage_object},根据垃圾分类的标准，应该属于{garbage_type}垃圾。","图中展示的物品是药品包装,根据垃圾分类的标准，应该属于有害垃圾
"
4810,"图中展示的物品是{garbage_object},根据垃圾分类的标准，应该属于{garbage_type}","图中展示的物品是白菜,根据垃圾分类的标准，应该属于厨余垃圾
"
4811,图中展示的物品是{tabletennis_racket}，根据垃圾分类的标准，应该属于{garbage_type}。,"图中展示的物品是乒乓球拍,根据垃圾分类的标准，应该属于可回收物
"
4812,"图中展示的物品是{garbage_object},根据垃圾分类的标准，应该属于{garbage_type}厨余垃圾","图中展示的物品是糕点,根据垃圾分类的标准，应该属于厨余垃圾
"
4813,图中展示的物品是西瓜皮，根据垃圾分类的标准，应该属于厨余垃圾。,"图中展示的物品是西瓜皮,根据垃圾分类的标准，应该属于厨余垃圾
"
4814,"图中展示的物品是[garbage_object],根据垃圾分类的标准，应该属于[garbage_type]","图中展示的物品是罐头瓶,根据垃圾分类的标准，应该属于可回收物
"
4815,图中展示的物品是烤鱼，根据垃圾分类的标准，应该属于厨余垃圾,"图中展示的物品是炸鸡,根据垃圾分类的标准，应该属于厨余垃圾
"
4816,图中展示的物品是牙签，根据垃圾分类的标准，应该属于厨余垃圾,"图中展示的物品是镊子,根据垃圾分类的标准，应该属于可回收物
"
4817,图中展示的物品是{fruit}，根据垃圾分类的标准，应该属于{fruit},"图中展示的物品是菠萝蜜,根据垃圾分类的标准，应该属于厨余垃圾
"
4818,图中展示的物品是电池，根据垃圾分类的标准，应该属于{garbage_type}电子产品/电器设备。,"图中展示的物品是蓄电池,根据垃圾分类的标准，应该属于有害垃圾
"
4819,图中展示的物品是芹菜，根据垃圾分类的标准，应该属于厨余垃圾。,"图中展示的物品是青菜,根据垃圾分类的标准，应该属于厨余垃圾
"
4820,图中展示的物品是咖啡豆，根据垃圾分类的标准，应该属于可回收物,"图中展示的物品是咖啡渣,根据垃圾分类的标准，应该属于厨余垃圾
"
4821,"图中展示的物品是杯子,根据垃圾分类的标准，应该属于可回收垃圾","图中展示的物品是热水瓶,根据垃圾分类的标准，应该属于可回收物
"
4822,"图中展示的物品是[garbage_object],根据垃圾分类的标准，应该属于[garbage_type]","图中展示的物品是保鲜盒,根据垃圾分类的标准，应该属于可回收物
"
4823,"图中展示的物品是[充电器],根据垃圾分类的标准，应该属于[电子废弃物]","图中展示的物品是充电头,根据垃圾分类的标准，应该属于可回收物
"
4824,"图中展示的物品是[garbage_object],根据垃圾分类的标准，应该属于[garbage_type]","图中展示的物品是陈皮,根据垃圾分类的标准，应该属于厨余垃圾
"
4825,图中展示的物品是牙刷，根据垃圾分类的标准，应该属于可回收物,"图中展示的物品是牙刷,根据垃圾分类的标准，应该属于其他垃圾
"
4826,"图中展示的物品是塑料袋,根据垃圾分类的标准，应该属于塑料垃圾","图中展示的物品是充电线,根据垃圾分类的标准，应该属于可回收物
"
4827,图中展示的物品是玩具，根据垃圾分类的标准，应该属于其他垃圾。,"图中展示的物品是玩偶,根据垃圾分类的标准，应该属于可回收物
"
4828,"图中展示的物品是{garbage_object},根据垃圾分类的标准，应该属于{garbage_type}","图中展示的物品是钢丝球,根据垃圾分类的标准，应该属于可回收物
"
4829,图中展示的物品是砧板，根据垃圾分类的标准，应该属于可回收物。,"图中展示的物品是木制切菜板,根据垃圾分类的标准，应该属于可回收物
"
4830,"图中展示的物品是{garbage_object},根据垃圾分类的标准，应该属于{garbage_type}","图中展示的物品是PE塑料袋,根据垃圾分类的标准，应该属于其他垃圾
"
4831,"图中展示的物品是{garbage_object},根据垃圾分类的标准，应该属于{garbage_type}","图中展示的物品是糕点,根据垃圾分类的标准，应该属于厨余垃圾
"
4832,图中展示的物品是西红柿，根据垃圾分类的标准，应该属于厨余垃圾。,"图中展示的物品是圣女果,根据垃圾分类的标准，应该属于厨余垃圾
"
4833,图中展示的物品是耳机，根据垃圾分类的标准，应该属于电子废弃物。,"图中展示的物品是耳机,根据垃圾分类的标准，应该属于可回收物
"
4834,"图中展示的物品是{garbage_object},根据垃圾分类的标准，应该属于{garbage_type}","图中展示的物品是肠(火腿),根据垃圾分类的标准，应该属于厨余垃圾
"
4835,"图中展示的物品是蔬菜,根据垃圾分类的标准，应该属于蔬菜","图中展示的物品是青菜,根据垃圾分类的标准，应该属于厨余垃圾
"
4836,图中展示的物品是饼干，根据垃圾分类的标准，应该属于可回收物,"图中展示的物品是糕点,根据垃圾分类的标准，应该属于厨余垃圾
"
4837,"图中展示的物品是坚果,根据垃圾分类的标准，应该属于垃圾食品","图中展示的物品是巴旦木,根据垃圾分类的标准，应该属于厨余垃圾
"
4838,"图中展示的物品是[garbage_object],根据垃圾分类的标准，应该属于[garbage_type]","图中展示的物品是乒乓球拍,根据垃圾分类的标准，应该属于可回收物
"
4839,图中展示的物品是{drugs}，根据垃圾分类的标准，应该属于{garbage_type}垃圾。,"图中展示的物品是药品包装,根据垃圾分类的标准，应该属于有害垃圾
"
4840,"图中展示的物品是[garbage_object],根据垃圾分类的标准，应该属于[garbage_type]","图中展示的物品是蚕豆,根据垃圾分类的标准，应该属于厨余垃圾
"
4841,"图中展示的物品是[garbage_object],根据垃圾分类的标准，应该属于[garbage_type]","图中展示的物品是核桃,根据垃圾分类的标准，应该属于厨余垃圾
"
4842,"图中展示的物品是{garbage_object},根据垃圾分类的标准，应该属于{garbage_type}","图中展示的物品是验孕棒,根据垃圾分类的标准，应该属于其他垃圾
"
4843,"图中展示的物品是[garbage_object],根据垃圾分类的标准，应该属于[garbage_type]","图中展示的物品是螺丝刀,根据垃圾分类的标准，应该属于可回收物
"
4844,图中展示的物品是{plate}，根据垃圾分类的标准，应该属于{tableware},"图中展示的物品是勺子,根据垃圾分类的标准，应该属于可回收物
"
4845,图中展示的物品是{pillow}，根据垃圾分类的标准，应该属于{furniture},"图中展示的物品是枕头,根据垃圾分类的标准，应该属于可回收物
"
4846,图中展示的物品是纸袋，根据垃圾分类的标准，应该属于可回收垃圾。,"图中展示的物品是购物纸袋,根据垃圾分类的标准，应该属于可回收物
"
4847,图中展示的物品是充电线，根据垃圾分类的标准，应该属于电子废弃物,"图中展示的物品是充电线,根据垃圾分类的标准，应该属于可回收物
"
4848,图中展示的物品是烟灰缸，根据垃圾分类的标准，应该属于其他垃圾。,"图中展示的物品是烟灰缸,根据垃圾分类的标准，应该属于可回收物
"
4849,图中展示的物品是电水壶，根据垃圾分类的标准，应该属于可回收物,"图中展示的物品是烧水壶,根据垃圾分类的标准，应该属于可回收物
"
4850,图中展示的物品是灯泡，根据垃圾分类的标准，应该属于废电池,"图中展示的物品是LED灯泡,根据垃圾分类的标准，应该属于有害垃圾
"
4851,图中展示的物品是玻璃容器，根据垃圾分类的标准，应该属于玻璃,"图中展示的物品是碗,根据垃圾分类的标准，应该属于可回收物
"
4852,"图中展示的物品是[apple],根据垃圾分类的标准，应该属于[厨余垃圾]","图中展示的物品是西瓜皮,根据垃圾分类的标准，应该属于厨余垃圾
"
4853,图中展示的物品是{wood}，根据垃圾分类的标准，应该属于{wood},"图中展示的物品是木制玩具,根据垃圾分类的标准，应该属于可回收物
"
4854,"图中展示的物品是[garbage_object],根据垃圾分类的标准，应该属于[garbage_type]","图中展示的物品是耳钉耳环,根据垃圾分类的标准，应该属于可回收物
"
4855,"图中展示的物品是{garbage_object},根据垃圾分类的标准，应该属于{garbage_type}","图中展示的物品是烤鸡烤鸭,根据垃圾分类的标准，应该属于厨余垃圾
"
4856,"图中展示的物品是饼干,根据垃圾分类的标准，应该属于可回收垃圾","图中展示的物品是饼干,根据垃圾分类的标准，应该属于厨余垃圾
"
4857,"图中展示的物品是[garbage_object],根据垃圾分类的标准，应该属于[garbage_type]","图中展示的物品是普通面包,根据垃圾分类的标准，应该属于厨余垃圾
"
4858,"图中展示的物品是{garbage_object},根据垃圾分类的标准，应该属于{garbage_type}垃圾。","图中展示的物品是鞋,根据垃圾分类的标准，应该属于可回收物
"
4859,"图中展示的物品是{vase_object},根据垃圾分类的标准，应该属于{garbage_type}","图中展示的物品是茶叶罐,根据垃圾分类的标准，应该属于可回收物
"
4860,"图中展示的物品是{garbage_object},根据垃圾分类的标准，应该属于{garbage_type}","图中展示的物品是糕点,根据垃圾分类的标准，应该属于厨余垃圾
"
4861,"图中展示的物品是{garbage_object},根据垃圾分类的标准，应该属于{garbage_type}","图中展示的物品是糕点,根据垃圾分类的标准，应该属于厨余垃圾
"
4862,图中展示的物品是蚊子拍，根据垃圾分类的标准，应该属于{gammable},"图中展示的物品是苍蝇拍,根据垃圾分类的标准，应该属于其他垃圾
"
4863,图中展示的物品是袜子，根据垃圾分类的标准，应该属于可回收物,"图中展示的物品是袜子,根据垃圾分类的标准，应该属于可回收物
"
4864,图中展示的物品是南瓜，根据垃圾分类的标准，应该属于厨余垃圾。,"图中展示的物品是哈密瓜,根据垃圾分类的标准，应该属于厨余垃圾
"
4865,图中展示的物品是玻璃壶，根据垃圾分类的标准，应该属于可回收物,"图中展示的物品是玻璃壶,根据垃圾分类的标准，应该属于可回收物
"
4866,图中展示的物品是饮料，根据垃圾分类的标准，应该属于废品,"图中展示的物品是易拉罐,根据垃圾分类的标准，应该属于可回收物
"
4867,"图中展示的物品是[garbage_object],根据垃圾分类的标准，应该属于[garbage_type]","图中展示的物品是八宝粥,根据垃圾分类的标准，应该属于厨余垃圾
"
4868,"图中展示的物品是{garbage_object},根据垃圾分类的标准，应该属于{garbage_type}","图中展示的物品是炸鸡,根据垃圾分类的标准，应该属于厨余垃圾
"
4869,图中展示的物品是玻璃杯，根据垃圾分类的标准，应该属于可回收物,"图中展示的物品是玻璃器皿,根据垃圾分类的标准，应该属于可回收物
"
4870,图中展示的物品是饼干，根据垃圾分类的标准，应该属于可回收物。,"图中展示的物品是饼干,根据垃圾分类的标准，应该属于厨余垃圾
"
4871,图中展示的物品是胶带，根据垃圾分类的标准，应该属于可回收垃圾。,"图中展示的物品是胶带,根据垃圾分类的标准，应该属于其他垃圾
"
4872,"图中展示的物品是[carrot, cucumber]，根据垃圾分类的标准，应该属于[organic]。","图中展示的物品是胡萝卜,根据垃圾分类的标准，应该属于厨余垃圾
"
4873,"图中展示的物品是[soap_bottle],[shampoo_bottle],根据垃圾分类的标准，应该属于[其他垃圾],[其他垃圾]","图中展示的物品是塑料瓶,根据垃圾分类的标准，应该属于可回收物
"
4874,图中展示的物品是瓶子，根据垃圾分类的标准，应该属于可回收物,"图中展示的物品是灯罩,根据垃圾分类的标准，应该属于可回收物
"
4875,图中展示的物品是{glass_bottle}，根据垃圾分类的标准，应该属于{recyclable},"图中展示的物品是玻璃器皿,根据垃圾分类的标准，应该属于可回收物
"
4876,"图中展示的物品是{garbage_object},根据垃圾分类的标准，应该属于{garbage_type}","图中展示的物品是玩偶,根据垃圾分类的标准，应该属于可回收物
"
4877,"图中展示的物品是[garbage_object],根据垃圾分类的标准，应该属于[garbage_type]","图中展示的物品是信封,根据垃圾分类的标准，应该属于可回收物
"
4878,"图中展示的物品是{garbage_object},根据垃圾分类的标准，应该属于{garbage_type}","图中展示的物品是衣架,根据垃圾分类的标准，应该属于可回收物
"
4879,图中展示的物品是塑料袋，根据垃圾分类的标准，应该属于其他垃圾。,"图中展示的物品是创可贴,根据垃圾分类的标准，应该属于其他垃圾
"
4880,"图中展示的物品是{garbage_object},根据垃圾分类的标准，应该属于{garbage_type}","图中展示的物品是残渣剩饭,根据垃圾分类的标准，应该属于厨余垃圾
"
4881,图中展示的物品是玻璃碎片，根据垃圾分类的标准，应该属于玻璃垃圾,"图中展示的物品是玻璃壶,根据垃圾分类的标准，应该属于可回收物
"
4882,"图中展示的物品是[none],根据垃圾分类的标准，应该属于[none]","图中展示的物品是钟表,根据垃圾分类的标准，应该属于可回收物
"
4883,图中展示的物品是线缆，根据垃圾分类的标准，应该属于{recyclable},"图中展示的物品是充电线,根据垃圾分类的标准，应该属于可回收物
"
4884,图中展示的物品是{pearl}，根据垃圾分类的标准，应该属于{jewelry},"图中展示的物品是耳钉耳环,根据垃圾分类的标准，应该属于可回收物
"
4885,图中展示的物品是蚊蝇拍，根据垃圾分类的标准，应该属于其他垃圾,"图中展示的物品是苍蝇拍,根据垃圾分类的标准，应该属于其他垃圾
"
4886,"图中展示的物品是{garbage_object},根据垃圾分类的标准，应该属于{garbage_type}","图中展示的物品是纸巾,根据垃圾分类的标准，应该属于其他垃圾
"
4887,"图中展示的物品是{garbage_object},根据垃圾分类的标准，应该属于{garbage_type}","图中展示的物品是保温杯,根据垃圾分类的标准，应该属于可回收物
"
4888,"图中展示的物品是{garbage_object},根据垃圾分类的标准，应该属于{garbage_type}","图中展示的物品是瓜子,根据垃圾分类的标准，应该属于厨余垃圾
"
4889,图中展示的物品是钢丝球，根据垃圾分类的标准，应该属于可回收垃圾。,"图中展示的物品是钢丝球,根据垃圾分类的标准，应该属于可回收物
"
4890,"图中展示的物品是{garbage_object},根据垃圾分类的标准，应该属于{garbage_type}","图中展示的物品是厨房手套,根据垃圾分类的标准，应该属于其他垃圾
"
4891,图中展示的物品是剪刀，根据垃圾分类的标准，应该属于厨具,"图中展示的物品是剪刀,根据垃圾分类的标准，应该属于可回收物
"
4892,图中展示的物品是灯泡，根据垃圾分类的标准，应该属于可回收垃圾。,"图中展示的物品是LED灯泡,根据垃圾分类的标准，应该属于有害垃圾
"
4893,"图中展示的物品是{garbage_object},根据垃圾分类的标准，应该属于{garbage_type}","图中展示的物品是废弃扩声器,根据垃圾分类的标准，应该属于可回收物
"
4894,"图中展示的物品是{garbage_object},根据垃圾分类的标准，应该属于{garbage_type}","图中展示的物品是贝果,根据垃圾分类的标准，应该属于厨余垃圾
"
4895,"图中展示的物品是[garbage_object],根据垃圾分类的标准，应该属于[garbage_type]","图中展示的物品是充电线,根据垃圾分类的标准，应该属于可回收物
"
4896,图中展示的物品是蛋糕，根据垃圾分类的标准，应该属于垃圾食品,"图中展示的物品是菠萝包,根据垃圾分类的标准，应该属于厨余垃圾
"
4897,"图中展示的物品是[fruit],根据垃圾分类的标准，应该属于[厨余垃圾]","图中展示的物品是橙子,根据垃圾分类的标准，应该属于厨余垃圾
"
4898,图中展示的物品是{food_box}，根据垃圾分类的标准，应该属于{food},"图中展示的物品是保鲜盒,根据垃圾分类的标准，应该属于可回收物
"
4899,"图中展示的物品是[garbage_object],根据垃圾分类的标准，应该属于[garbage_type]","图中展示的物品是车钥匙,根据垃圾分类的标准，应该属于可回收物
"
4900,"图中展示的物品是{toilet_paper},根据垃圾分类的标准，应该属于{garbage_type}","图中展示的物品是空气加湿器,根据垃圾分类的标准，应该属于可回收物
"
4901,"图中展示的物品是塑料袋,根据垃圾分类的标准，应该属于塑料垃圾","图中展示的物品是购物纸袋,根据垃圾分类的标准，应该属于可回收物
"
4902,"图中展示的物品是杯子,根据垃圾分类的标准，应该属于可回收垃圾","图中展示的物品是保温杯,根据垃圾分类的标准，应该属于可回收物
"
4903,图中展示的物品是玻璃杯，根据垃圾分类的标准，应该属于可回收垃圾。,"图中展示的物品是玻璃器皿,根据垃圾分类的标准，应该属于可回收物
"
4904,"图中展示的物品是{garbage_object},根据垃圾分类的标准，应该属于{garbage_type}","图中展示的物品是蛋,根据垃圾分类的标准，应该属于厨余垃圾
"
4905,图中展示的物品是电池，根据垃圾分类的标准，应该属于有害垃圾,"图中展示的物品是电池,根据垃圾分类的标准，应该属于有害垃圾
"
4906,图中展示的物品是花生，根据垃圾分类的标准，应该属于厨余垃圾。,"图中展示的物品是花生皮,根据垃圾分类的标准，应该属于厨余垃圾
"
4907,图中展示的物品是{fruit_box}，根据垃圾分类的标准，应该属于{organic_fruit},"图中展示的物品是纸箱,根据垃圾分类的标准，应该属于可回收物
"
4908,图中展示的物品是叉子，根据垃圾分类的标准，应该属于厨余垃圾。,"图中展示的物品是烤鸡烤鸭,根据垃圾分类的标准，应该属于厨余垃圾
"
4909,"图中展示的物品是[药品],根据垃圾分类的标准，应该属于[药品]","图中展示的物品是药品包装,根据垃圾分类的标准，应该属于有害垃圾
"
4910,图中展示的物品是{apple}，根据垃圾分类的标准，应该属于{apple},"图中展示的物品是菠萝,根据垃圾分类的标准，应该属于厨余垃圾
"
4911,"图中展示的物品是{garbage_object},根据垃圾分类的标准，应该属于{garbage_type}","图中展示的物品是烤鸡烤鸭,根据垃圾分类的标准，应该属于厨余垃圾
"
4912,"图中展示的物品是{garbage_object},根据垃圾分类的标准，应该属于{garbage_type}","图中展示的物品是辣椒,根据垃圾分类的标准，应该属于厨余垃圾
"
4913,图中展示的物品是塑料瓶，根据垃圾分类的标准，应该属于其他垃圾。,"图中展示的物品是胶水,根据垃圾分类的标准，应该属于有害垃圾
"
4914,"图中展示的物品是{garbage_object},根据垃圾分类的标准，应该属于{garbage_type}","图中展示的物品是勺子,根据垃圾分类的标准，应该属于可回收物
"
4915,"图中展示的物品是{burned paper object},根据垃圾分类的标准，应该属于{burned paper}","图中展示的物品是书,根据垃圾分类的标准，应该属于可回收物
"
4916,图中展示的物品是篮子，根据垃圾分类的标准，应该属于{recycling},"图中展示的物品是热水瓶,根据垃圾分类的标准，应该属于可回收物
"
4917,图中展示的物品是尺子，根据垃圾分类的标准，应该属于金属,"图中展示的物品是尺子,根据垃圾分类的标准，应该属于可回收物
"
4918,"图中展示的物品是[吹风机],根据垃圾分类的标准，应该属于[可回收垃圾]。","图中展示的物品是吹风机,根据垃圾分类的标准，应该属于可回收物
"
4919,图中展示的物品是干电池，根据垃圾分类的标准，应该属于有害垃圾,"图中展示的物品是电池,根据垃圾分类的标准，应该属于有害垃圾
"
4920,"图中展示的物品是勺子,根据垃圾分类的标准，应该属于厨余垃圾","图中展示的物品是木质锅铲,根据垃圾分类的标准，应该属于可回收物
"
4921,图中展示的物品是塑料篮子，根据垃圾分类的标准，应该属于其他垃圾。,"图中展示的物品是塑料盆,根据垃圾分类的标准，应该属于可回收物
"
4922,图中展示的物品是遥控器，根据垃圾分类的标准，应该属于电子废弃物,"图中展示的物品是空调遥控器,根据垃圾分类的标准，应该属于可回收物
"
4923,"图中展示的物品是{garbage_object},根据垃圾分类的标准，应该属于{garbage_type}","图中展示的物品是耳钉耳环,根据垃圾分类的标准，应该属于可回收物
"
4924,"图中展示的物品是{garbage_object},根据垃圾分类的标准，应该属于{garbage_type}","图中展示的物品是鞋,根据垃圾分类的标准，应该属于可回收物
"
4925,图中展示的物品是手机，根据垃圾分类的标准，应该属于电子垃圾。,"图中展示的物品是手机,根据垃圾分类的标准，应该属于可回收物
"
4926,图中展示的物品是计算器、计算器、计算器、计算器、计算器、计算器、计算器、计算器、计算器、计算器、计算器、计算器、计算器、计算器、计算器、计算器、计算器、计算器、计算器、计算器、计算器、计算器、计算器、计算器、计算器、计算器、计算器、计算器、计算器、计算器、计算器、计算器、计算器、计算器、计算器、计算器、计算器、计算器、计算器、计算器、计算器、计算器、计算器、计算器、计算器、计算器、计算器、计算器、计算器、计算器、计算器、计算器、计算器、计算器、计算器、计算器、计算器、计算器、计算器、计算器、计算器、计算器、计算器、计算器、计算器、计算器、计算器、计算器、计算器、计算器、计算器、计算器、计算器、计算器、计算器、计算器、计算器、计算器、计算器、计算器、计算器、计算器、计算器、计算器、计算器、计算器、计算器、计算器、计算器、计算器、计算器、计算器、计算器、计算器、计算器、计算器、计算器、计算器、计算器、计算器、计算器、计算器、计算器、计算器、计算器、计算器、计算器、计算器、计算器、计算器、计算器、计算器、计算器、计算器、计算器、计算器、计算器、计算器、计算器、计算器、计算器、计算器、计算器、计算器、计算器、计算器、计算器、计算器、计算器、计算器、计算器、计算器、计算器、计算器、计算器、计算器、计算器、计算器、计算器、计算器、计算器、计算器、计算器、计算器、计算器、计算器、计算器、计算器、计算器、计算器、计算器、计算器、计算器、计算器、计算器、计算器、计算器、计算器、计算器、计算器、计算器、计算器、计算器、计算器、计算器、计算器、计算器、计算器、计算器、计算器、计算器、计算器、计算器、计算器、计算器、计算器、计算器、计算器、计算器、计算器、计算器、计算器、计算器、计算器、计算器、计算器、计算器、计算器、计算器、计算器、计算器、计算器、计算器、计算器、计算器、计算器、计算器、计算器、计算器、计算器、计算器、计算器、计算器、计算器、计算器、计算器、计算器、计算器、计算器、计算器、计算器、计算器、计算器、计算器、计算器、计算器、计算器、计算器、计算器、计算器、计算器、计算器、计算器、计算器、计算器、计算器、计算器、计算器、计算器、计算器、计算器、计算器、计算器、计算器、计算器、计算器、计算器、计算器、计算器、计算器、计算器、计算器、计算器、计算器、计算器、计算器、计算器、计算器、计算器、计算器、计算器、计算器、计算器、,"图中展示的物品是计算器,根据垃圾分类的标准，应该属于可回收物
"
4927,图中展示的物品是勺子，根据垃圾分类的标准，应该属于厨余垃圾。,"图中展示的物品是勺子,根据垃圾分类的标准，应该属于可回收物
"
4928,"图中展示的物品是{garbage_object},根据垃圾分类的标准，应该属于{garbage_type}厨余垃圾","图中展示的物品是青菜,根据垃圾分类的标准，应该属于厨余垃圾
"
4929,"图中展示的物品是钢丝球,根据垃圾分类的标准，应该属于{garbage_type}厨余垃圾","图中展示的物品是钢丝球,根据垃圾分类的标准，应该属于可回收物
"
4930,图中展示的物品是蔬菜，根据垃圾分类的标准，应该属于厨余垃圾。,"图中展示的物品是西瓜皮,根据垃圾分类的标准，应该属于厨余垃圾
"
4931,图中展示的物品是线缆，根据垃圾分类的标准，应该属于废品,"图中展示的物品是充电线,根据垃圾分类的标准，应该属于可回收物
"
4932,图中展示的物品是果冻，根据垃圾分类的标准，应该属于可回收物。,"图中展示的物品是果冻,根据垃圾分类的标准，应该属于厨余垃圾
"
4933,图中展示的物品是{vinyl_record}，根据垃圾分类的标准，应该属于{vinyl_record},"图中展示的物品是唱片,根据垃圾分类的标准，应该属于其他垃圾
"
4934,"图中展示的物品是{clean_object},根据垃圾分类的标准，应该属于{clean}","图中展示的物品是烧水壶,根据垃圾分类的标准，应该属于可回收物
"
4935,图中展示的物品是玻璃杯，根据垃圾分类的标准，应该属于玻璃,"图中展示的物品是玻璃壶,根据垃圾分类的标准，应该属于可回收物
"
4936,图中展示的物品是玻璃瓶，根据垃圾分类的标准，应该属于玻璃垃圾,"图中展示的物品是玻璃器皿,根据垃圾分类的标准，应该属于可回收物
"
4937,"图中展示的物品是{garbage_object},根据垃圾分类的标准，应该属于{garbage_type}","图中展示的物品是青菜,根据垃圾分类的标准，应该属于厨余垃圾
"
4938,"图中展示的物品是{garbage_object},根据垃圾分类的标准，应该属于{garbage_type}","图中展示的物品是耳钉耳环,根据垃圾分类的标准，应该属于可回收物
"
4939,"图中展示的物品是[shampoo],根据垃圾分类的标准，应该属于[shampoo]","图中展示的物品是杀虫剂,根据垃圾分类的标准，应该属于有害垃圾
"
4940,图中展示的物品是电子废弃物，根据垃圾分类的标准，应该属于电子废弃物。,"图中展示的物品是LED灯泡,根据垃圾分类的标准，应该属于有害垃圾
"
4941,图中展示的物品是蔬菜，根据垃圾分类的标准，应该属于厨余垃圾,"图中展示的物品是青菜,根据垃圾分类的标准，应该属于厨余垃圾
"
4942,"图中展示的物品是{garbage_object},根据垃圾分类的标准，应该属于{garbage_type}垃圾。","图中展示的物品是红花油,根据垃圾分类的标准，应该属于有害垃圾
"
4943,图中展示的物品是鸡蛋，根据垃圾分类的标准，应该属于厨余垃圾。,"图中展示的物品是荷包蛋,根据垃圾分类的标准，应该属于厨余垃圾
"
4944,图中展示的物品是玻璃杯架，根据垃圾分类的标准，应该属于可回收物,"图中展示的物品是盘子,根据垃圾分类的标准，应该属于可回收物
"
4945,图中展示的物品是竹签，根据垃圾分类的标准，应该属于厨余垃圾。,"图中展示的物品是串串竹签,根据垃圾分类的标准，应该属于其他垃圾
"
4946,"图中展示的物品是[garbage_object],根据垃圾分类的标准，应该属于[garbage_type]","图中展示的物品是耳钉耳环,根据垃圾分类的标准，应该属于可回收物
"
4947,"图中展示的物品是[garbage_object],根据垃圾分类的标准，应该属于[garbage_type]","图中展示的物品是保温杯,根据垃圾分类的标准，应该属于可回收物
"
4948,图中展示的物品是路由器，根据垃圾分类的标准，应该属于电子废弃物。,"图中展示的物品是路由器,根据垃圾分类的标准，应该属于可回收物
"
4949,"图中展示的物品是[garbage_object],根据垃圾分类的标准，应该属于[garbage_type]","图中展示的物品是保温杯,根据垃圾分类的标准，应该属于可回收物
"
4950,图中展示的物品是塑料瓶，根据垃圾分类的标准，应该属于可回收垃圾,"图中展示的物品是塑料瓶,根据垃圾分类的标准，应该属于可回收物
"
4951,图中展示的物品是食物，根据垃圾分类的标准，应该属于垃圾食品,"图中展示的物品是骨肉相连,根据垃圾分类的标准，应该属于厨余垃圾
"
4952,图中展示的物品是{no garbage},"图中展示的物品是尺子,根据垃圾分类的标准，应该属于可回收物
"
4953,"图中展示的物品是{garbage_object},根据垃圾分类的标准，应该属于{garbage_type}","图中展示的物品是蛋,根据垃圾分类的标准，应该属于厨余垃圾
"
4954,图中展示的物品是茶壶，根据垃圾分类的标准，应该属于厨余垃圾。,"图中展示的物品是玻璃壶,根据垃圾分类的标准，应该属于可回收物
"
4955,"图中展示的物品是{garbage_object},根据垃圾分类的标准，应该属于{garbage_type}","图中展示的物品是肠(火腿),根据垃圾分类的标准，应该属于厨余垃圾
"
4956,"图中展示的物品是[lighting],根据垃圾分类的标准，应该属于[garbage]","图中展示的物品是台灯,根据垃圾分类的标准，应该属于可回收物
"
4957,图中展示的物品是钳子，根据垃圾分类的标准，应该属于{有害垃圾},"图中展示的物品是镊子,根据垃圾分类的标准，应该属于可回收物
"
4958,图中展示的物品是烟蒂，根据垃圾分类的标准，应该属于垃圾,"图中展示的物品是烟蒂,根据垃圾分类的标准，应该属于其他垃圾
"
4959,图中展示的物品是硬币，根据垃圾分类的标准，应该属于垃圾,"图中展示的物品是地铁票,根据垃圾分类的标准，应该属于可回收物
"
4960,图中展示的物品是干电池，根据垃圾分类的标准，应该属于有害垃圾。,"图中展示的物品是电池,根据垃圾分类的标准，应该属于有害垃圾
"
4961,图中展示的物品是塑料衣架，根据垃圾分类的标准，应该属于可回收物,"图中展示的物品是衣架,根据垃圾分类的标准，应该属于可回收物
"
4962,图中展示的物品是键盘，根据垃圾分类的标准，应该属于电子废弃物,"图中展示的物品是键盘,根据垃圾分类的标准，应该属于可回收物
"
4963,图中展示的物品是芹菜，根据垃圾分类的标准，应该属于厨余垃圾,"图中展示的物品是青菜,根据垃圾分类的标准，应该属于厨余垃圾
"
4964,图中展示的物品是电水壶，根据垃圾分类的标准，应该属于可回收物,"图中展示的物品是烧水壶,根据垃圾分类的标准，应该属于可回收物
"
4965,图中展示的物品是保温杯，根据垃圾分类的标准，应该属于可回收物。,"图中展示的物品是保温杯,根据垃圾分类的标准，应该属于可回收物
"
4966,"图中展示的物品是{garbage_object},根据垃圾分类的标准，应该属于{garbage_type}垃圾。","图中展示的物品是板栗,根据垃圾分类的标准，应该属于厨余垃圾
"
4967,"图中展示的物品是{garbage_object},根据垃圾分类的标准，应该属于{garbage_type}","图中展示的物品是饼干,根据垃圾分类的标准，应该属于厨余垃圾
"
4968,图中展示的物品是玩具车，根据垃圾分类的标准，应该属于玩具,"图中展示的物品是变形玩具,根据垃圾分类的标准，应该属于可回收物
"
4969,图中展示的物品是书籍，根据垃圾分类的标准，应该属于废纸,"图中展示的物品是书,根据垃圾分类的标准，应该属于可回收物
"
4970,图中展示的物品是{paper_bag}，根据垃圾分类的标准，应该属于{recyclable},"图中展示的物品是购物纸袋,根据垃圾分类的标准，应该属于可回收物
"
4971,"图中展示的物品是[drink_object],根据垃圾分类的标准，应该属于[drinks]","图中展示的物品是水杯,根据垃圾分类的标准，应该属于可回收物
"
4972,图中展示的物品是毛绒玩具，根据垃圾分类的标准，应该属于可回收物,"图中展示的物品是玩偶,根据垃圾分类的标准，应该属于可回收物
"
4973,图中展示的物品是玻璃杯，根据垃圾分类的标准，应该属于其他垃圾。,"图中展示的物品是玻璃器皿,根据垃圾分类的标准，应该属于可回收物
"
4974,图中展示的物品是纸箱，根据垃圾分类的标准，应该属于可回收垃圾。,"图中展示的物品是纸箱,根据垃圾分类的标准，应该属于可回收物
"
4975,"图中展示的物品是{garbage_object},根据垃圾分类的标准，应该属于{garbage_type}","图中展示的物品是书,根据垃圾分类的标准，应该属于可回收物
"
4976,"图中展示的物品是玻璃杯,根据垃圾分类的标准，应该属于可回收垃圾","图中展示的物品是碗,根据垃圾分类的标准，应该属于可回收物
"
4977,"图中展示的物品是{garbage_object},根据垃圾分类的标准，应该属于{garbage_type}","图中展示的物品是肠(火腿),根据垃圾分类的标准，应该属于厨余垃圾
"
4978,图中展示的物品是玻璃杯，根据垃圾分类的标准，应该属于可回收物,"图中展示的物品是水杯,根据垃圾分类的标准，应该属于可回收物
"
4979,"图中展示的物品是饼干,根据垃圾分类的标准，应该属于垃圾食品","图中展示的物品是糕点,根据垃圾分类的标准，应该属于厨余垃圾
"
4980,"图中展示的物品是{garbage_object},根据垃圾分类的标准，应该属于{garbage_type}","图中展示的物品是玩偶,根据垃圾分类的标准，应该属于可回收物
"
4981,"图中展示的物品是{garbage_object},根据垃圾分类的标准，应该属于{garbage_type}垃圾。","图中展示的物品是手提包,根据垃圾分类的标准，应该属于可回收物
"
4982,"图中展示的物品是{garbage_object},根据垃圾分类的标准，应该属于{garbage_type}","图中展示的物品是档案袋,根据垃圾分类的标准，应该属于可回收物
"
4983,"图中展示的物品是{garbage_object},根据垃圾分类的标准，应该属于{garbage_type}","图中展示的物品是残渣剩饭,根据垃圾分类的标准，应该属于厨余垃圾
"
4984,图中展示的物品是玻璃杯，根据垃圾分类的标准，应该属于可回收物。,"图中展示的物品是玻璃壶,根据垃圾分类的标准，应该属于可回收物
"
4985,图中展示的物品是锅盖，根据垃圾分类的标准，应该属于{厨余垃圾},"图中展示的物品是锅盖,根据垃圾分类的标准，应该属于可回收物
"
4986,"图中展示的物品是{garbage_object},根据垃圾分类的标准，应该属于{garbage_type}","图中展示的物品是创可贴,根据垃圾分类的标准，应该属于其他垃圾
"
4987,图中展示的物品是塑料瓶，根据垃圾分类的标准，应该属于可回收物,"图中展示的物品是塑料瓶,根据垃圾分类的标准，应该属于可回收物
"
4988,图中展示的物品是玻璃体温计，根据垃圾分类的标准，应该属于其他垃圾。,"图中展示的物品是温度计,根据垃圾分类的标准，应该属于有害垃圾
"
4989,"图中展示的物品是{garbage_object},根据垃圾分类的标准，应该属于{garbage_type}","图中展示的物品是咖啡渣,根据垃圾分类的标准，应该属于厨余垃圾
"
4990,"图中展示的物品是[lighting, household, rechargeable, flashlight, orange, plastic, light, illumination, bright, portable, durable, power, rechargeable, rechargeable flashlight, energy, electricity, power supply, battery, light source, illumination source, energy source, power source, recharge, charge, battery power, battery, flashlight battery, energy source, power source, rechargeable flashlight battery, rechargeable flashlight, rechargeable power, power source, battery power, battery, rechargeable flashlight battery, flashlight battery, rechargeable power, power source, battery power, battery, rechargeable flashlight battery, rechargeable power, power source, battery power, battery, rechargeable flashlight battery, rechargeable power, power source, battery power, battery, rechargeable flashlight battery, rechargeable power, power source, battery power, battery, rechargeable flashlight battery, rechargeable power, power source, battery power, battery, rechargeable flashlight battery, rechargeable power, power source, battery power, battery, rechargeable flashlight battery, rechargeable power, power source, battery power, battery, rechargeable flashlight battery, rechargeable power, power source, battery power, battery, rechargeable flashlight battery, rechargeable power, power source, battery power, battery, rechargeable flashlight battery, rechargeable power, power source, battery power, battery, rechargeable flashlight battery, rechargeable power, power source, battery power, battery, rechargeable flashlight battery, rechargeable power, power source, battery power, battery, rechargeable flashlight battery, rechargeable power, power source, battery power, battery, rechargeable flashlight battery, rechargeable power, power source, battery power, battery, rechargeable flashlight battery, rechargeable power, power source, battery power, battery, rechargeable flashlight battery, rechargeable power, power source, battery power, battery, rechargeable flashlight battery, rechargeable power, power source, battery power, battery, rechargeable flashlight battery, rechargeable power, power source, battery power, battery, rechargeable flashlight battery, rechargeable power, power source, battery power, battery, rechargeable flashlight battery, rechargeable power, power source, battery power, battery, rechargeable flashlight battery, rechargeable power, power source, battery power, battery, rechargeable flashlight battery, rechargeable power, power source, battery power, battery, rechargeable flashlight battery, rechargeable power, power source, battery power, battery, rechargeable flashlight battery, rechargeable power, power source, battery power, battery, recharge","图中展示的物品是手电筒,根据垃圾分类的标准，应该属于可回收物
"
4991,图中展示的物品是{drugs}，根据垃圾分类的标准，应该属于{garbage_type}垃圾。,"图中展示的物品是药品包装,根据垃圾分类的标准，应该属于有害垃圾
"
4992,"图中展示的物品是[garbage_object],根据垃圾分类的标准，应该属于[garbage_type]","图中展示的物品是纸牌,根据垃圾分类的标准，应该属于可回收物
"
4993,图中展示的物品是牛奶，根据垃圾分类的标准，应该属于废食品,"图中展示的物品是奶盒,根据垃圾分类的标准，应该属于可回收物
"
4994,"图中展示的物品是笔,根据垃圾分类的标准，应该属于废纸","图中展示的物品是笔及笔芯,根据垃圾分类的标准，应该属于其他垃圾
"
4995,图中展示的物品是食品包装盒，根据垃圾分类的标准，应该属于其他垃圾。,"图中展示的物品是蛋糕盒,根据垃圾分类的标准，应该属于可回收物
"
4996,"图中展示的物品是{garbage_object},根据垃圾分类的标准，应该属于{garbage_type}","图中展示的物品是碘伏空瓶,根据垃圾分类的标准，应该属于有害垃圾
"
4997,"图中展示的物品是{garbage_object},根据垃圾分类的标准，应该属于{garbage_type}","图中展示的物品是车钥匙,根据垃圾分类的标准，应该属于可回收物
"
4998,图中展示的物品是刀具，根据垃圾分类的标准，应该属于{厨余垃圾},"图中展示的物品是刀,根据垃圾分类的标准，应该属于可回收物
"
4999,"图中展示的物品是[orange],根据垃圾分类的标准，应该属于[可回收物]","图中展示的物品是橙子,根据垃圾分类的标准，应该属于厨余垃圾
"
5000,图中展示的物品是蔬菜,"图中展示的物品是青菜,根据垃圾分类的标准，应该属于厨余垃圾
"
5001,图中展示的物品是纸袋，根据垃圾分类的标准，应该属于可回收物,"图中展示的物品是购物纸袋,根据垃圾分类的标准，应该属于可回收物
"
5002,"图中展示的物品是{garbage_object},根据垃圾分类的标准，应该属于{garbage_type}厨余垃圾","图中展示的物品是圣女果,根据垃圾分类的标准，应该属于厨余垃圾
"
5003,图中展示的物品是{fruit}，根据垃圾分类的标准，应该属于{fruit},"图中展示的物品是菠萝蜜,根据垃圾分类的标准，应该属于厨余垃圾
"
5004,"图中展示的物品是{garbage_object},根据垃圾分类的标准，应该属于{garbage_type}","图中展示的物品是搓衣板,根据垃圾分类的标准，应该属于可回收物
"
5005,图中展示的物品是{bracelet}，根据垃圾分类的标准，应该属于{jewelry},"图中展示的物品是手链,根据垃圾分类的标准，应该属于可回收物
"
5006,"图中展示的物品是{garbage_object},根据垃圾分类的标准，应该属于{garbage_type}厨余垃圾","图中展示的物品是锅,根据垃圾分类的标准，应该属于可回收物
"
5007,"图中展示的物品是[garbage_object],根据垃圾分类的标准，应该属于[garbage_type]","图中展示的物品是单肩包手提包,根据垃圾分类的标准，应该属于可回收物
"
5008,图中展示的物品是毛巾，根据垃圾分类的标准，应该属于可回收垃圾。,"图中展示的物品是毛巾,根据垃圾分类的标准，应该属于其他垃圾
"
5009,"图中展示的物品是[garbage_object],根据垃圾分类的标准，应该属于[garbage_type]","图中展示的物品是裤子,根据垃圾分类的标准，应该属于可回收物
"
5010,"图中展示的物品是{garbage_object},根据垃圾分类的标准，应该属于{garbage_type}","图中展示的物品是鼠标,根据垃圾分类的标准，应该属于可回收物
"
5011,"图中展示的物品是{garbage_object},根据垃圾分类的标准，应该属于{garbage_type}垃圾。","图中展示的物品是单肩包手提包,根据垃圾分类的标准，应该属于可回收物
"
5012,图中展示的物品是面包，根据垃圾分类的标准，应该属于可回收物。,"图中展示的物品是糕点,根据垃圾分类的标准，应该属于厨余垃圾
"
5013,图中展示的物品是塑料瓶，根据垃圾分类的标准，应该属于可回收物。,"图中展示的物品是胶水,根据垃圾分类的标准，应该属于有害垃圾
"
5014,图中展示的物品是玻璃杯，根据垃圾分类的标准，应该属于可回收物,"图中展示的物品是量杯,根据垃圾分类的标准，应该属于可回收物
"
5015,图中展示的物品是玻璃杯，根据垃圾分类的标准，应该属于可回收物。,"图中展示的物品是量杯,根据垃圾分类的标准，应该属于可回收物
"
5016,图中展示的物品是{food}，根据垃圾分类的标准，应该属于{food waste},"图中展示的物品是糕点,根据垃圾分类的标准，应该属于厨余垃圾
"
5017,图中展示的物品是抹布，根据垃圾分类的标准，应该属于厨余垃圾,"图中展示的物品是手机,根据垃圾分类的标准，应该属于可回收物
"
5018,图中展示的物品是食物，根据垃圾分类的标准，应该属于垃圾食品,"图中展示的物品是骨肉相连,根据垃圾分类的标准，应该属于厨余垃圾
"
5019,"图中展示的物品是鞋,根据垃圾分类的标准，应该属于废品","图中展示的物品是鞋,根据垃圾分类的标准，应该属于可回收物
"
5020,图中展示的物品是纸杯，根据垃圾分类的标准，应该属于可回收物。,"图中展示的物品是蛋挞,根据垃圾分类的标准，应该属于厨余垃圾
"
5021,"图中展示的物品是茶罐,根据垃圾分类的标准，应该属于可回收物","图中展示的物品是茶叶罐,根据垃圾分类的标准，应该属于可回收物
"
5022,"图中展示的物品是{garbage_object},根据垃圾分类的标准，应该属于{garbage_type}垃圾。","图中展示的物品是炸鸡,根据垃圾分类的标准，应该属于厨余垃圾
"
5023,"图中展示的物品是[garbage_object],根据垃圾分类的标准，应该属于[garbage_type]","图中展示的物品是玻璃器皿,根据垃圾分类的标准，应该属于可回收物
"
5024,"图中展示的物品是{garbage_object},根据垃圾分类的标准，应该属于{garbage_type}","图中展示的物品是瓜子,根据垃圾分类的标准，应该属于厨余垃圾
"
5025,"图中展示的物品是{garbage_object},根据垃圾分类的标准，应该属于{garbage_type}厨余垃圾","图中展示的物品是青菜,根据垃圾分类的标准，应该属于厨余垃圾
"
5026,"图中展示的物品是{garbage_object},根据垃圾分类的标准，应该属于{garbage_type}垃圾。","图中展示的物品是糕点,根据垃圾分类的标准，应该属于厨余垃圾
"
5027,"图中展示的物品是[garbage_object],根据垃圾分类的标准，应该属于[garbage_type]","图中展示的物品是干果壳,根据垃圾分类的标准，应该属于其他垃圾
"
5028,图中展示的物品是橘子皮，根据垃圾分类的标准，应该属于可回收垃圾。,"图中展示的物品是菠萝蜜,根据垃圾分类的标准，应该属于厨余垃圾
"
5029,图中展示的物品是键盘，根据垃圾分类的标准，应该属于电子垃圾。,"图中展示的物品是键盘,根据垃圾分类的标准，应该属于可回收物
"
5030,"图中展示的物品是{garbage_object},根据垃圾分类的标准，应该属于{garbage_type}","图中展示的物品是烟蒂,根据垃圾分类的标准，应该属于其他垃圾
"
5031,"图中展示的物品是{garbage_object},根据垃圾分类的标准，应该属于{garbage_type}","图中展示的物品是笔及笔芯,根据垃圾分类的标准，应该属于其他垃圾
"
5032,"图中展示的物品是{garbage_object},根据垃圾分类的标准，应该属于{garbage_type}","图中展示的物品是咖啡渣,根据垃圾分类的标准，应该属于厨余垃圾
"
5033,"图中展示的物品是瓜果,根据垃圾分类的标准，应该属于厨余垃圾","图中展示的物品是西瓜皮,根据垃圾分类的标准，应该属于厨余垃圾
"
5034,图中展示的物品是奶粉罐，根据垃圾分类的标准，应该属于厨余垃圾。,"图中展示的物品是奶粉罐,根据垃圾分类的标准，应该属于可回收物
"
5035,图中展示的物品是胶粘剂，根据垃圾分类的标准，应该属于有害垃圾。,"图中展示的物品是胶水废包装,根据垃圾分类的标准，应该属于其他垃圾
"
5036,图中展示的物品是电池，根据垃圾分类的标准，应该属于垃圾中的有害垃圾。,"图中展示的物品是纽扣电池,根据垃圾分类的标准，应该属于有害垃圾
"
5037,图中展示的物品是坚果，根据垃圾分类的标准，应该属于垃圾食品,"图中展示的物品是干果壳,根据垃圾分类的标准，应该属于其他垃圾
"
5038,"图中展示的物品是[garbage_object],根据垃圾分类的标准，应该属于[garbage_type]","图中展示的物品是玩偶,根据垃圾分类的标准，应该属于可回收物
"
5039,图中展示的物品是坚果，根据垃圾分类的标准，应该属于可回收物,"图中展示的物品是巴旦木,根据垃圾分类的标准，应该属于厨余垃圾
"
5040,图中展示的物品是饼干，根据垃圾分类的标准，应该属于可回收物,"图中展示的物品是饼干,根据垃圾分类的标准，应该属于厨余垃圾
"
5041,图中展示的物品是木制梳子，根据垃圾分类的标准，应该属于其他垃圾,"图中展示的物品是木质梳子,根据垃圾分类的标准，应该属于可回收物
"
5042,图中展示的物品是保温壶，根据垃圾分类的标准，应该属于金属垃圾,"图中展示的物品是保温杯,根据垃圾分类的标准，应该属于可回收物
"
5043,图中展示的物品是盘子，根据垃圾分类的标准，应该属于厨余垃圾,"图中展示的物品是钢丝球,根据垃圾分类的标准，应该属于可回收物
"
5044,图中展示的物品是卡片，根据垃圾分类的标准，应该属于废纸,"图中展示的物品是地铁票,根据垃圾分类的标准，应该属于可回收物
"
5045,图中展示的物品是台灯，根据垃圾分类的标准，应该属于废品,"图中展示的物品是台灯,根据垃圾分类的标准，应该属于可回收物
"
5046,"图中展示的物品是{garbage_object},根据垃圾分类的标准，应该属于{garbage_type}","图中展示的物品是玩偶,根据垃圾分类的标准，应该属于可回收物
"
5047,"图中展示的物品是{garbage_object},根据垃圾分类的标准，应该属于{garbage_type}","图中展示的物品是蛋,根据垃圾分类的标准，应该属于厨余垃圾
"
5048,图中展示的物品是[台灯]，根据垃圾分类的标准，应该属于[有害垃圾],"图中展示的物品是台灯,根据垃圾分类的标准，应该属于可回收物
"
5049,图中展示的物品是杀虫气雾剂，根据垃圾分类的标准，应该属于不可回收物。,"图中展示的物品是杀虫剂,根据垃圾分类的标准，应该属于有害垃圾
"
5050,"图中展示的物品是{garbage_object},根据垃圾分类的标准，应该属于{garbage_type}","图中展示的物品是鸡翅,根据垃圾分类的标准，应该属于厨余垃圾
"
5051,图中展示的物品是胶水，根据垃圾分类的标准，应该属于有害垃圾,"图中展示的物品是胶水,根据垃圾分类的标准，应该属于有害垃圾
"
5052,图中展示的物品是肉类，根据垃圾分类的标准，应该属于垃圾食品,"图中展示的物品是肠(火腿),根据垃圾分类的标准，应该属于厨余垃圾
"
5053,"图中展示的物品是[garbage_object],根据垃圾分类的标准，应该属于[garbage_type]","图中展示的物品是玩偶,根据垃圾分类的标准，应该属于可回收物
"
5054,图中展示的物品是{fruit}，根据垃圾分类的标准，应该属于{food},"图中展示的物品是番茄,根据垃圾分类的标准，应该属于厨余垃圾
"
5055,图中展示的物品是枕头，根据垃圾分类的标准，应该属于可回收物,"图中展示的物品是枕头,根据垃圾分类的标准，应该属于可回收物
"
5056,"图中展示的物品是{garbage_object},根据垃圾分类的标准，应该属于{garbage_type}","图中展示的物品是普通面包,根据垃圾分类的标准，应该属于厨余垃圾
"
5057,图中展示的物品是卫生纸，根据垃圾分类的标准，应该属于可回收物,"图中展示的物品是湿纸巾,根据垃圾分类的标准，应该属于其他垃圾
"
5058,"图中展示的物品是[garbage_object],根据垃圾分类的标准，应该属于[garbage_type]","图中展示的物品是茶叶罐,根据垃圾分类的标准，应该属于可回收物
"
5059,"图中展示的物品是{garbage_object},根据垃圾分类的标准，应该属于{garbage_type}","图中展示的物品是购物纸袋,根据垃圾分类的标准，应该属于可回收物
"
5060,图中展示的物品是插座，根据垃圾分类的标准，应该属于电子垃圾。,"图中展示的物品是插线板,根据垃圾分类的标准，应该属于可回收物
"
5061,"图中展示的物品是[hand_towel],根据垃圾分类的标准，应该属于[garbage_type]手巾","图中展示的物品是湿纸巾,根据垃圾分类的标准，应该属于其他垃圾
"
5062,图中展示的物品是药品，根据垃圾分类的标准，应该属于垃圾类型：有害垃圾,"图中展示的物品是药品包装,根据垃圾分类的标准，应该属于有害垃圾
"
5063,图中展示的物品是牛肉，根据垃圾分类的标准，应该属于{food},"图中展示的物品是生肉,根据垃圾分类的标准，应该属于厨余垃圾
"
5064,"图中展示的物品是[garbage_object],根据垃圾分类的标准，应该属于[garbage_type]","图中展示的物品是玩偶,根据垃圾分类的标准，应该属于可回收物
"
5065,"图中展示的物品是[garbage_object],根据垃圾分类的标准，应该属于[garbage_type]","图中展示的物品是红花油,根据垃圾分类的标准，应该属于有害垃圾
"
5066,图中展示的物品是毛绒玩具，根据垃圾分类的标准，应该属于可回收物。,"图中展示的物品是暖宝宝,根据垃圾分类的标准，应该属于可回收物
"
5067,图中展示的物品是车票，根据垃圾分类的标准，应该属于垃圾,"图中展示的物品是地铁票,根据垃圾分类的标准，应该属于可回收物
"
5068,图中展示的物品是报纸，根据垃圾分类的标准，应该属于垃圾纸,"图中展示的物品是报纸,根据垃圾分类的标准，应该属于可回收物
"
5069,图中展示的物品是废电池，根据垃圾分类的标准，应该属于有害垃圾。,"图中展示的物品是烟蒂,根据垃圾分类的标准，应该属于其他垃圾
"
5070,图中展示的物品是电池，根据垃圾分类的标准，应该属于可回收物,"图中展示的物品是电池,根据垃圾分类的标准，应该属于有害垃圾
"
5071,图中展示的物品是玻璃杯，根据垃圾分类的标准，应该属于可回收物。,"图中展示的物品是水杯,根据垃圾分类的标准，应该属于可回收物
"
5072,"图中展示的物品是[thermos bottle],根据垃圾分类的标准，应该属于[recyclable]。","图中展示的物品是保温杯,根据垃圾分类的标准，应该属于可回收物
"
5073,"图中展示的物品是{garbage_object},根据垃圾分类的标准，应该属于{garbage_type}厨余垃圾","图中展示的物品是蛋挞,根据垃圾分类的标准，应该属于厨余垃圾
"
5074,图中展示的物品是咖啡渣，根据垃圾分类的标准，应该属于厨余垃圾。,"图中展示的物品是玻璃壶,根据垃圾分类的标准，应该属于可回收物
"
5075,图中展示的物品是糕点，根据垃圾分类的标准，应该属于可回收垃圾。,"图中展示的物品是蛋挞,根据垃圾分类的标准，应该属于厨余垃圾
"
5076,"图中展示的物品是[garbage_object],根据垃圾分类的标准，应该属于[garbage_type]","图中展示的物品是车钥匙,根据垃圾分类的标准，应该属于可回收物
"
5077,"图中展示的物品是{garbage_object},根据垃圾分类的标准，应该属于{garbage_type}电子废弃物","图中展示的物品是网卡,根据垃圾分类的标准，应该属于可回收物
"
5078,图中展示的物品是塑料，根据垃圾分类的标准，应该属于可回收垃圾。,"图中展示的物品是纸箱,根据垃圾分类的标准，应该属于可回收物
"
5079,图中展示的物品是梳子，根据垃圾分类的标准，应该属于垃圾中的其他垃圾。,"图中展示的物品是木质梳子,根据垃圾分类的标准，应该属于可回收物
"
5080,"图中展示的物品是{garbage_object},根据垃圾分类的标准，应该属于{garbage_type}","图中展示的物品是拖鞋,根据垃圾分类的标准，应该属于可回收物
"
5081,"图中展示的物品是{garbage_object},根据垃圾分类的标准，应该属于{garbage_type}垃圾。","图中展示的物品是八宝粥罐,根据垃圾分类的标准，应该属于可回收物
"
5082,"图中展示的物品是[garbage_object],根据垃圾分类的标准，应该属于[garbage_type]","图中展示的物品是尺子,根据垃圾分类的标准，应该属于可回收物
"
5083,图中展示的物品是纸杯，根据垃圾分类的标准，应该属于可回收物,"图中展示的物品是一次性杯子,根据垃圾分类的标准，应该属于其他垃圾
"
5084,图中展示的物品是玻璃杯，根据垃圾分类的标准，应该属于可回收物。,"图中展示的物品是玻璃器皿,根据垃圾分类的标准，应该属于可回收物
"
5085,"图中展示的物品是[garbage_object],根据垃圾分类的标准，应该属于[garbage_type]","图中展示的物品是打气筒,根据垃圾分类的标准，应该属于可回收物
"
5086,图中展示的物品是袜子，根据垃圾分类的标准，应该属于可回收垃圾,"图中展示的物品是袜子,根据垃圾分类的标准，应该属于可回收物
"
5087,坚果{garbage_type}坚果,"图中展示的物品是干果壳,根据垃圾分类的标准，应该属于其他垃圾
"
5088,"图中展示的物品是[钳子],[剪刀],[夹子],[塑料]，根据垃圾分类的标准，应该属于[其他垃圾]。","图中展示的物品是订书机,根据垃圾分类的标准，应该属于可回收物
"
5089,"图中展示的物品是花瓶,根据垃圾分类的标准，应该属于其他垃圾","图中展示的物品是拖鞋,根据垃圾分类的标准，应该属于可回收物
"
5090,图中展示的物品是砧板，根据垃圾分类的标准，应该属于厨余垃圾,"图中展示的物品是木质梳子,根据垃圾分类的标准，应该属于可回收物
"
5091,图中展示的物品是干香菇，根据垃圾分类的标准，应该属于干垃圾。,"图中展示的物品是蘑菇,根据垃圾分类的标准，应该属于厨余垃圾
"
5092,"图中展示的物品是{garbage_object},根据垃圾分类的标准，应该属于{garbage_type}","图中展示的物品是鸡毛掸,根据垃圾分类的标准，应该属于其他垃圾
"
5093,图中展示的物品是[wood]，根据垃圾分类的标准，应该属于[garbage_type],"图中展示的物品是木制玩具,根据垃圾分类的标准，应该属于可回收物
"
5094,"图中展示的物品是{garbage_object},根据垃圾分类的标准，应该属于{garbage_type}","图中展示的物品是玩偶,根据垃圾分类的标准，应该属于可回收物
"
5095,图中展示的物品是玻璃瓶,"图中展示的物品是罐头瓶,根据垃圾分类的标准，应该属于可回收物
"
5096,"图中展示的物品是{garbage_object},根据垃圾分类的标准，应该属于{garbage_type}","图中展示的物品是吹风机,根据垃圾分类的标准，应该属于可回收物
"
5097,"图中展示的物品是[wood_object],根据垃圾分类的标准，应该属于[recyclable]","图中展示的物品是木制切菜板,根据垃圾分类的标准，应该属于可回收物
"
5098,"图中展示的物品是{garbage_object},根据垃圾分类的标准，应该属于{garbage_type}","图中展示的物品是木制玩具,根据垃圾分类的标准，应该属于可回收物
"
5099,"图中展示的物品是{garbage_object},根据垃圾分类的标准，应该属于{garbage_type}","图中展示的物品是八宝粥,根据垃圾分类的标准，应该属于厨余垃圾
"
5100,"图中展示的物品是{garbage_object},根据垃圾分类的标准，应该属于{garbage_type}","图中展示的物品是蛋,根据垃圾分类的标准，应该属于厨余垃圾
"
5101,图中展示的物品是面包，根据垃圾分类的标准，应该属于厨余垃圾,"图中展示的物品是糕点,根据垃圾分类的标准，应该属于厨余垃圾
"
5102,"图中展示的物品是[garbage_object],根据垃圾分类的标准，应该属于[garbage_type]","图中展示的物品是护肤品空瓶,根据垃圾分类的标准，应该属于可回收物
"
5103,"图中展示的物品是[garbage_object],根据垃圾分类的标准，应该属于[garbage_type]","图中展示的物品是陈皮,根据垃圾分类的标准，应该属于厨余垃圾
"
5104,图中展示的物品是{food}，根据垃圾分类的标准，应该属于{food},"图中展示的物品是糕点,根据垃圾分类的标准，应该属于厨余垃圾
"
5105,"图中展示的物品是[garbage_object],根据垃圾分类的标准，应该属于[garbage_type]","图中展示的物品是药品包装,根据垃圾分类的标准，应该属于有害垃圾
"
5106,"图中展示的物品是[garbage_object], 根据垃圾分类的标准，应该属于[garbage_type]","图中展示的物品是巴旦木,根据垃圾分类的标准，应该属于厨余垃圾
"
5107,"图中展示的物品是{garbage_object},根据垃圾分类的标准，应该属于{garbage_type}","图中展示的物品是纸箱,根据垃圾分类的标准，应该属于可回收物
"
5108,图中展示的物品是玩具，根据垃圾分类的标准，应该属于可回收垃圾,"图中展示的物品是变形玩具,根据垃圾分类的标准，应该属于可回收物
"
5109,图中展示的物品是[card]，根据垃圾分类的标准，应该属于[垃圾],"图中展示的物品是地铁票,根据垃圾分类的标准，应该属于可回收物
"
5110,图中展示的物品是文件夹，根据垃圾分类的标准，应该属于其他垃圾。,"图中展示的物品是书,根据垃圾分类的标准，应该属于可回收物
"
5111,图中展示的物品是蔬菜,"图中展示的物品是青菜,根据垃圾分类的标准，应该属于厨余垃圾
"
5112,图中展示的物品是纸张，根据垃圾分类的标准，应该属于可回收物。,"图中展示的物品是信封,根据垃圾分类的标准，应该属于可回收物
"
5113,图中展示的物品是{tomato}，根据垃圾分类的标准，应该属于{food},"图中展示的物品是圣女果,根据垃圾分类的标准，应该属于厨余垃圾
"
5114,图中展示的物品是灯，根据垃圾分类的标准，应该属于可回收物,"图中展示的物品是灯罩,根据垃圾分类的标准，应该属于可回收物
"
5115,图中展示的物品是[thermos]，根据垃圾分类的标准，应该属于[recyclable],"图中展示的物品是保温杯,根据垃圾分类的标准，应该属于可回收物
"
5116,图中展示的物品是[garbage]，根据垃圾分类的标准，应该属于[garbage],"图中展示的物品是青菜,根据垃圾分类的标准，应该属于厨余垃圾
"
5117,图中展示的物品是玻璃瓶，根据垃圾分类的标准，应该属于玻璃,"图中展示的物品是玻璃器皿,根据垃圾分类的标准，应该属于可回收物
"
5118,图中展示的物品是玻璃制品，根据垃圾分类的标准，应该属于玻璃,"图中展示的物品是碗,根据垃圾分类的标准，应该属于可回收物
"
5119,"图中展示的物品是[garbage_object],根据垃圾分类的标准，应该属于[garbage_type]","图中展示的物品是保温杯,根据垃圾分类的标准，应该属于可回收物
"
5120,图中展示的物品是垃圾食品，根据垃圾分类的标准，应该属于垃圾食品,"图中展示的物品是饼干,根据垃圾分类的标准，应该属于厨余垃圾
"
5121,"图中展示的物品是[garbage_object],根据垃圾分类的标准，应该属于[garbage_type]","图中展示的物品是鸡翅,根据垃圾分类的标准，应该属于厨余垃圾
"
5122,"图中展示的物品是{kettle_object},根据垃圾分类的标准，应该属于{drainage}","图中展示的物品是烧水壶,根据垃圾分类的标准，应该属于可回收物
"
5123,图中展示的物品是玻璃瓶，根据垃圾分类的标准，应该属于玻璃垃圾。,"图中展示的物品是玻璃器皿,根据垃圾分类的标准，应该属于可回收物
"
5124,"图中展示的物品是[garbage_object],根据垃圾分类的标准，应该属于[garbage_type]","图中展示的物品是糕点,根据垃圾分类的标准，应该属于厨余垃圾
"
5125,"图中展示的物品是{glass_object},根据垃圾分类的标准，应该属于{glass}","图中展示的物品是烟灰缸,根据垃圾分类的标准，应该属于可回收物
"
5126,图中展示的物品是{no garbage}，根据垃圾分类的标准，应该属于{other},"图中展示的物品是鞋,根据垃圾分类的标准，应该属于可回收物
"
5127,"图中展示的物品是[wooden spoon],根据垃圾分类的标准，应该属于[recyclable]","图中展示的物品是木质锅铲,根据垃圾分类的标准，应该属于可回收物
"
5128,"图中展示的物品是[garbage_object],根据垃圾分类的标准，应该属于[garbage_type]","图中展示的物品是电熨斗,根据垃圾分类的标准，应该属于可回收物
"
5129,图中展示的物品是[garbage_object]，根据垃圾分类的标准，应该属于[garbage_type],"图中展示的物品是钟表,根据垃圾分类的标准，应该属于可回收物
"
5130,图中展示的物品是灯泡，根据垃圾分类的标准，应该属于可回收垃圾,"图中展示的物品是灯罩,根据垃圾分类的标准，应该属于可回收物
"
5131,"图中展示的物品是{garbage_object},根据垃圾分类的标准，应该属于{garbage_type}垃圾。","图中展示的物品是卡,根据垃圾分类的标准，应该属于可回收物
"
5132,图中展示的物品是{bag}，根据垃圾分类的标准，应该属于{recycle}。,"图中展示的物品是购物纸袋,根据垃圾分类的标准，应该属于可回收物
"
5133,"图中展示的物品是{glass_object},根据垃圾分类的标准，应该属于{glass}","图中展示的物品是耳钉耳环,根据垃圾分类的标准，应该属于可回收物
"
5134,图中展示的物品是遥控器，根据垃圾分类的标准，应该属于电子废弃物。,"图中展示的物品是空调遥控器,根据垃圾分类的标准，应该属于可回收物
"
5135,"图中展示的物品是[garbage_object],根据垃圾分类的标准，应该属于[garbage_type]","图中展示的物品是玩偶,根据垃圾分类的标准，应该属于可回收物
"
5136,"图中展示的物品是[garbage_object],根据垃圾分类的标准，应该属于[garbage_type]","图中展示的物品是生肉,根据垃圾分类的标准，应该属于厨余垃圾
"
5137,"图中展示的物品是[garbage_object],根据垃圾分类的标准，应该属于[garbage_type]","图中展示的物品是玩偶,根据垃圾分类的标准，应该属于可回收物
"
5138,图中展示的物品是干果，根据垃圾分类的标准，应该属于干果,"图中展示的物品是牛肉干,根据垃圾分类的标准，应该属于厨余垃圾
"
5139,图中展示的物品是面包，根据垃圾分类的标准，应该属于可回收垃圾。,"图中展示的物品是饼干,根据垃圾分类的标准，应该属于厨余垃圾
"
5140,"图中展示的物品是{garbage_object},根据垃圾分类的标准，应该属于{garbage_type}","图中展示的物品是耳钉耳环,根据垃圾分类的标准，应该属于可回收物
"
5141,图中展示的物品是胶带，根据垃圾分类的标准，应该属于{有害垃圾},"图中展示的物品是胶带,根据垃圾分类的标准，应该属于其他垃圾
"
5142,"图中展示的物品是{garbage_object},根据垃圾分类的标准，应该属于{garbage_type}","图中展示的物品是玩偶,根据垃圾分类的标准，应该属于可回收物
"
5143,图中展示的物品是{food_container}，根据垃圾分类的标准，应该属于{recyclable},"图中展示的物品是碗,根据垃圾分类的标准，应该属于可回收物
"
5144,图中展示的物品是食物，根据垃圾分类的标准，应该属于垃圾食品,"图中展示的物品是肠(火腿),根据垃圾分类的标准，应该属于厨余垃圾
"
5145,"图中展示的物品是[garbage_object],根据垃圾分类的标准，应该属于[garbage_type]","图中展示的物品是蛋挞,根据垃圾分类的标准，应该属于厨余垃圾
"
5146,图中展示的物品是[wood]，根据垃圾分类的标准，应该属于[wood],"图中展示的物品是木质锅铲,根据垃圾分类的标准，应该属于可回收物
"
5147,图中展示的物品是汉堡包，根据垃圾分类的标准，应该属于厨余垃圾。,"图中展示的物品是汉堡,根据垃圾分类的标准，应该属于厨余垃圾
"
5148,图中展示的物品是纸杯，根据垃圾分类的标准，应该属于可回收垃圾。,"图中展示的物品是一次性杯子,根据垃圾分类的标准，应该属于其他垃圾
"
5149,图中展示的物品是蔬菜，根据垃圾分类的标准，应该属于可回收物。,"图中展示的物品是粉条,根据垃圾分类的标准，应该属于厨余垃圾
"
5150,图中展示的物品是蔬菜,"图中展示的物品是青菜,根据垃圾分类的标准，应该属于厨余垃圾
"
5151,"图中展示的物品是{garbage_object},根据垃圾分类的标准，应该属于{garbage_type}","图中展示的物品是放大镜,根据垃圾分类的标准，应该属于可回收物
"
5152,"图中展示的物品是{garbage_object},根据垃圾分类的标准，应该属于{garbage_type}","图中展示的物品是玻璃壶,根据垃圾分类的标准，应该属于可回收物
"
5153,"图中展示的物品是[garbage_object],根据垃圾分类的标准，应该属于[garbage_type]","图中展示的物品是护肤品空瓶,根据垃圾分类的标准，应该属于可回收物
"
5154,图中展示的物品是面包，根据垃圾分类的标准，应该属于可回收物。,"图中展示的物品是菠萝包,根据垃圾分类的标准，应该属于厨余垃圾
"
5155,"图中展示的物品是{garbage_object},根据垃圾分类的标准，应该属于{garbage_type}垃圾。","图中展示的物品是袜子,根据垃圾分类的标准，应该属于可回收物
"
5156,图中展示的物品是{wood}，根据垃圾分类的标准，应该属于{wood},"图中展示的物品是木制玩具,根据垃圾分类的标准，应该属于可回收物
"
5157,"图中展示的物品是{garbage_object},根据垃圾分类的标准，应该属于{garbage_type}垃圾。","图中展示的物品是玩偶,根据垃圾分类的标准，应该属于可回收物
"
5158,"图中展示的物品是[garbage_object],根据垃圾分类的标准，应该属于[garbage_type]","图中展示的物品是哈密瓜,根据垃圾分类的标准，应该属于厨余垃圾
"
5159,图中展示的物品是[手表][机械][零件][机械部件][金属][机械部件][机械部件][机械部件][机械部件][机械部件][机械部件][机械部件][机械部件][机械部件][机械部件][机械部件][机械部件][机械部件][机械部件][机械部件][机械部件][机械部件][机械部件][机械部件][机械部件][机械部件][机械部件][机械部件][机械部件][机械部件][机械部件][机械部件][机械部件][机械部件][机械部件][机械部件][机械部件][机械部件][机械部件][机械部件][机械部件][机械部件][机械部件][机械部件][机械部件][机械部件][机械部件][机械部件][机械部件][机械部件][机械部件][机械部件][机械部件][机械部件][机械部件][机械部件][机械部件][机械部件][机械部件][机械部件][机械部件][机械部件][机械部件][机械部件][机械部件][机械部件][机械部件][机械部件][机械部件][机械部件][机械部件][机械部件][机械部件][机械部件][机械部件][机械部件][机械部件][机械部件][机械部件][机械部件][机械部件][机械部件][机械部件][机械部件][机械部件][机械部件][机械部件][机械部件][机械部件][机械部件][机械部件][机械部件][机械部件][机械部件][机械部件][机械部件][机械部件][机械部件][机械部件][机械部件][机械部件][机械部件][机械部件][机械部件][机械部件][机械部件][机械部件][机械部件][机械部件][机械部件][机械部件][机械部件][机械部件][机械部件][机械部件][机械部件][机械部件][机械部件][机械部件][机械部件][机械部件][机械部件][机械部件][机械部件][机械部件][机械部件][机械部件][机械部件][机械部件][机械部件][机械部件][机械部件][机械部件][机械部件][机械部件][机械部件][机械部件][机械部件][机械部件][机械部件][机械部件][机械部件][机械部件][机械部件][机械部件][机械部件][机械部件][机械部件][机械部件][机械部件][机械部件][机械部件][机械部件][机械部件][机械部件][机械部件][机械部件][机械部件][机械部件][机械部件][机械部件][机械部件][机械部件][机械部件][机械部件][机械部件][机械部件][机械部件][机械部件][机械部件,"图中展示的物品是钟表,根据垃圾分类的标准，应该属于可回收物
"
5160,"图中展示的物品是jar, 根据垃圾分类的标准，应该属于可回收垃圾","图中展示的物品是玻璃器皿,根据垃圾分类的标准，应该属于可回收物
"
5161,"图中展示的物品是{garbage_object},根据垃圾分类的标准，应该属于{garbage_type}垃圾。","图中展示的物品是药品包装,根据垃圾分类的标准，应该属于有害垃圾
"
5162,"图中展示的物品是{garbage_object},根据垃圾分类的标准，应该属于{garbage_type}","图中展示的物品是纸巾,根据垃圾分类的标准，应该属于其他垃圾
"
5163,"图中展示的物品是{garbage_object},根据垃圾分类的标准，应该属于{garbage_type}","图中展示的物品是毛巾,根据垃圾分类的标准，应该属于其他垃圾
"
5164,"图中展示的物品是{garbage_object},根据垃圾分类的标准，应该属于{garbage_type}","图中展示的物品是粉条,根据垃圾分类的标准，应该属于厨余垃圾
"
5165,图中展示的物品是{fruit}，根据垃圾分类的标准，应该属于{fruit},"图中展示的物品是菠萝蜜,根据垃圾分类的标准，应该属于厨余垃圾
"
5166,"图中展示的物品是{garbage_object},根据垃圾分类的标准，应该属于{garbage_type}","图中展示的物品是碘伏空瓶,根据垃圾分类的标准，应该属于有害垃圾
"
5167,图中展示的物品是{bag}，根据垃圾分类的标准，应该属于{waste},"图中展示的物品是单肩包手提包,根据垃圾分类的标准，应该属于可回收物
"
5168,"图中展示的物品是{garbage_object},根据垃圾分类的标准，应该属于{garbage_type}","图中展示的物品是青菜,根据垃圾分类的标准，应该属于厨余垃圾
"
5169,"图中展示的物品是{ice cream},根据垃圾分类的标准，应该属于{food}","图中展示的物品是果冻,根据垃圾分类的标准，应该属于厨余垃圾
"
5170,"图中展示的物品是[garbage_object],根据垃圾分类的标准，应该属于[garbage_type]","图中展示的物品是地铁票,根据垃圾分类的标准，应该属于可回收物
"
5171,"图中展示的物品是{garbage_object},根据垃圾分类的标准，应该属于{garbage_type}","图中展示的物品是钢丝球,根据垃圾分类的标准，应该属于可回收物
"
5172,图中展示的物品是票，根据垃圾分类的标准，应该属于垃圾,"图中展示的物品是登机牌,根据垃圾分类的标准，应该属于可回收物
"
5173,"图中展示的物品是[玻璃容器],根据垃圾分类的标准，应该属于[其他垃圾]","图中展示的物品是保鲜盒,根据垃圾分类的标准，应该属于可回收物
"
5174,图中展示的物品是纸，根据垃圾分类的标准，应该属于可回收垃圾,"图中展示的物品是普通面包,根据垃圾分类的标准，应该属于厨余垃圾
"
5175,图中展示的物品是干肉制品，根据垃圾分类的标准，应该属于厨余垃圾。,"图中展示的物品是肠(火腿),根据垃圾分类的标准，应该属于厨余垃圾
"
5176,图中展示的物品是玻璃制品，根据垃圾分类的标准，应该属于可回收物,"图中展示的物品是玻璃器皿,根据垃圾分类的标准，应该属于可回收物
"
5177,图中展示的物品是电子元件，根据垃圾分类的标准，应该属于电子垃圾。,"图中展示的物品是电路板,根据垃圾分类的标准，应该属于可回收物
"
5178,"图中展示的物品是[egg, egg, egg, egg, egg, egg, egg, egg, egg, egg, egg, egg, egg, egg, egg, egg, egg, egg, egg, egg, egg, egg, egg, egg, egg, egg, egg, egg, egg, egg, egg, egg, egg, egg, egg, egg, egg, egg, egg, egg, egg, egg, egg, egg, egg, egg, egg, egg, egg, egg, egg, egg, egg, egg, egg, egg, egg, egg, egg, egg, egg, egg, egg, egg, egg, egg, egg, egg, egg, egg, egg, egg, egg, egg, egg, egg, egg, egg, egg, egg, egg, egg, egg, egg, egg, egg, egg, egg, egg, egg, egg, egg, egg, egg, egg, egg, egg, egg, egg, egg, egg, egg, egg, egg, egg, egg, egg, egg, egg, egg, egg, egg, egg, egg, egg, egg, egg, egg, egg, egg, egg, egg, egg, egg, egg, egg, egg, egg, egg, egg, egg, egg, egg, egg, egg, egg, egg, egg, egg, egg, egg, egg, egg, egg, egg, egg, egg, egg, egg, egg, egg, egg, egg, egg, egg, egg, egg, egg, egg, egg, egg, egg, egg, egg, egg, egg, egg, egg, egg, egg, egg, egg, egg, egg, egg, egg, egg, egg, egg, egg, egg, egg, egg, egg, egg, egg, egg, egg, egg, egg, egg, egg, egg, egg, egg, egg, egg, egg, egg, egg, egg, egg, egg, egg, egg, egg, egg, egg, egg, egg, egg, egg, egg, egg, egg, egg, egg, egg, egg, egg, egg, egg, egg, egg, egg, egg, egg, egg, egg, egg, egg, egg, egg, egg, egg, egg, egg, egg, egg, egg, egg, egg, egg, egg, egg, egg, egg, egg, egg, egg, egg, egg, egg","图中展示的物品是蛋,根据垃圾分类的标准，应该属于厨余垃圾
"
5179,图中展示的物品是玻璃制品，根据垃圾分类的标准，应该属于玻璃垃圾。,"图中展示的物品是灯罩,根据垃圾分类的标准，应该属于可回收物
"
5180,图中展示的物品是药品，根据垃圾分类的标准，应该属于垃圾食品,"图中展示的物品是保健品瓶,根据垃圾分类的标准，应该属于有害垃圾
"
5181,图中展示的物品是{toy}，根据垃圾分类的标准，应该属于{toy waste},"图中展示的物品是玩偶,根据垃圾分类的标准，应该属于可回收物
"
5182,"图中展示的物品是[garbage_object],根据垃圾分类的标准，应该属于[garbage_type]","图中展示的物品是变形玩具,根据垃圾分类的标准，应该属于可回收物
"
5183,"图中展示的物品是{garbage_object},根据垃圾分类的标准，应该属于{garbage_type}垃圾。","图中展示的物品是碘伏空瓶,根据垃圾分类的标准，应该属于有害垃圾
"
5184,"图中展示的物品是{garbage_object},根据垃圾分类的标准，应该属于{garbage_type}","图中展示的物品是裤子,根据垃圾分类的标准，应该属于可回收物
"
5185,"图中展示的物品是[garbage_object],根据垃圾分类的标准，应该属于[garbage_type]","图中展示的物品是枕头,根据垃圾分类的标准，应该属于可回收物
"
5186,图中展示的物品是坚果，根据垃圾分类的标准，应该属于可回收物。,"图中展示的物品是蚕豆,根据垃圾分类的标准，应该属于厨余垃圾
"
5187,"图中展示的物品是[garbage_object],根据垃圾分类的标准，应该属于[garbage_type]","图中展示的物品是信封,根据垃圾分类的标准，应该属于可回收物
"
5188,图中展示的物品是[spoon]，根据垃圾分类的标准，应该属于[tableware]。,"图中展示的物品是勺子,根据垃圾分类的标准，应该属于可回收物
"
5189,"图中展示的物品是[garbage_object],根据垃圾分类的标准，应该属于[garbage_type]","图中展示的物品是PE塑料袋,根据垃圾分类的标准，应该属于其他垃圾
"
5190,图中展示的物品是{no garbage}，根据垃圾分类的标准，应该属于{no garbage},"图中展示的物品是网卡,根据垃圾分类的标准，应该属于可回收物
"
5191,图中展示的物品是望远镜，根据垃圾分类的标准，应该属于废弃物品。,"图中展示的物品是望远镜,根据垃圾分类的标准，应该属于可回收物
"
5192,"图中展示的物品是{garbage_object},根据垃圾分类的标准，应该属于{garbage_type}","图中展示的物品是刀,根据垃圾分类的标准，应该属于可回收物
"
5193,"图中展示的物品是[garbage_object],根据垃圾分类的标准，应该属于[garbage_type]","图中展示的物品是螺丝刀,根据垃圾分类的标准，应该属于可回收物
"
5194,"图中展示的物品是{garbage_object},根据垃圾分类的标准，应该属于{garbage_type}垃圾。","图中展示的物品是钟表,根据垃圾分类的标准，应该属于可回收物
"
5195,"图中展示的物品是[garbage_object],根据垃圾分类的标准，应该属于[garbage_type]","图中展示的物品是肠(火腿),根据垃圾分类的标准，应该属于厨余垃圾
"
5196,图中展示的物品是墨盒，根据垃圾分类的标准，应该属于废品,"图中展示的物品是打印机墨盒,根据垃圾分类的标准，应该属于可回收物
"
5197,"图中展示的物品是{garbage_object},根据垃圾分类的标准，应该属于{garbage_type}","图中展示的物品是木质梳子,根据垃圾分类的标准，应该属于可回收物
"
5198,图中展示的物品是菠萝，根据垃圾分类的标准，应该属于可回收物。,"图中展示的物品是菠萝,根据垃圾分类的标准，应该属于厨余垃圾
"
5199,"图中展示的物品是{garbage_object},根据垃圾分类的标准，应该属于{garbage_type}","图中展示的物品是甘蔗,根据垃圾分类的标准，应该属于厨余垃圾
"
5200,"图中展示的物品是{garbage_object},根据垃圾分类的标准，应该属于{garbage_type}垃圾。","图中展示的物品是耳钉耳环,根据垃圾分类的标准，应该属于可回收物
"
5201,"图中展示的物品是{garbage_object},根据垃圾分类的标准，应该属于{garbage_type}","图中展示的物品是充电线,根据垃圾分类的标准，应该属于可回收物
"
5202,"图中展示的物品是{garbage_object},根据垃圾分类的标准，应该属于{garbage_type}垃圾。","图中展示的物品是暖宝宝,根据垃圾分类的标准，应该属于可回收物
"
5203,图中展示的物品是[台灯]，根据垃圾分类的标准，应该属于[可回收物],"图中展示的物品是台灯,根据垃圾分类的标准，应该属于可回收物
"
5204,图中展示的物品是{cutting_board}，根据垃圾分类的标准，应该属于{food},"图中展示的物品是木制切菜板,根据垃圾分类的标准，应该属于可回收物
"
5205,"图中展示的物品是{garbage_object},根据垃圾分类的标准，应该属于{garbage_type}","图中展示的物品是单肩包手提包,根据垃圾分类的标准，应该属于可回收物
"
5206,图中展示的物品是[电子废弃物]，根据垃圾分类的标准，应该属于[电子垃圾],"图中展示的物品是电熨斗,根据垃圾分类的标准，应该属于可回收物
"
5207,图中展示的物品是刀，根据垃圾分类的标准，应该属于{厨余垃圾},"图中展示的物品是刀,根据垃圾分类的标准，应该属于可回收物
"
5208,"图中展示的物品是[garbage_object],根据垃圾分类的标准，应该属于[garbage_type]","图中展示的物品是瓜子,根据垃圾分类的标准，应该属于厨余垃圾
"
5209,图中展示的物品是针织包，根据垃圾分类的标准，应该属于可回收垃圾。,"图中展示的物品是单肩包手提包,根据垃圾分类的标准，应该属于可回收物
"
5210,"图中展示的物品是{garbage_object},根据垃圾分类的标准，应该属于{garbage_type}厨余垃圾。","图中展示的物品是锅盖,根据垃圾分类的标准，应该属于可回收物
"
5211,图中展示的物品是吹风机，根据垃圾分类的标准，应该属于其他垃圾。,"图中展示的物品是吹风机,根据垃圾分类的标准，应该属于可回收物
"
5212,"图中展示的物品是{garbage_object},根据垃圾分类的标准，应该属于{garbage_type}","图中展示的物品是咖啡渣,根据垃圾分类的标准，应该属于厨余垃圾
"
5213,"图中展示的物品是{garbage_object},根据垃圾分类的标准，应该属于{garbage_type}","图中展示的物品是档案袋,根据垃圾分类的标准，应该属于可回收物
"
5214,图中展示的物品是{backpack}，根据垃圾分类的标准，应该属于{garbage_type},"图中展示的物品是手提包,根据垃圾分类的标准，应该属于可回收物
"
5215,图中展示的物品是{fruit}，根据垃圾分类的标准，应该属于{fruit},"图中展示的物品是菠萝蜜,根据垃圾分类的标准，应该属于厨余垃圾
"
5216,"图中展示的物品是{box_object},根据垃圾分类的标准，应该属于{garbage_type}","图中展示的物品是纸箱,根据垃圾分类的标准，应该属于可回收物
"
5217,图中展示的物品是玻璃容器，根据垃圾分类的标准，应该属于可回收物。,"图中展示的物品是碗,根据垃圾分类的标准，应该属于可回收物
"
5218,图中展示的物品是塑料袋，根据垃圾分类的标准，应该属于可回收物。,"图中展示的物品是PE塑料袋,根据垃圾分类的标准，应该属于其他垃圾
"
5219,图中展示的物品是玻璃杯，根据垃圾分类的标准，应该属于可回收垃圾。,"图中展示的物品是水杯,根据垃圾分类的标准，应该属于可回收物
"
5220,图中展示的物品是笔尖，根据垃圾分类的标准，应该属于有害垃圾,"图中展示的物品是笔及笔芯,根据垃圾分类的标准，应该属于其他垃圾
"
5221,图中展示的物品是香蕉皮，根据垃圾分类的标准，应该属于厨余垃圾。,"图中展示的物品是香蕉皮,根据垃圾分类的标准，应该属于厨余垃圾
"
5222,图中展示的物品是草莓，根据垃圾分类的标准，应该属于可回收物,"图中展示的物品是草莓,根据垃圾分类的标准，应该属于厨余垃圾
"
5223,图中展示的物品是袜子，根据垃圾分类的标准，应该属于可回收物,"图中展示的物品是袜子,根据垃圾分类的标准，应该属于可回收物
"
5224,"图中展示的物品是[shiseido],根据垃圾分类的标准，应该属于[有害垃圾]","图中展示的物品是护肤品空瓶,根据垃圾分类的标准，应该属于可回收物
"
5225,"图中展示的物品是{garbage_object},根据垃圾分类的标准，应该属于{garbage_type}","图中展示的物品是炸鸡,根据垃圾分类的标准，应该属于厨余垃圾
"
5226,"图中展示的物品是{garbage_object},根据垃圾分类的标准，应该属于{garbage_type}","图中展示的物品是电路板,根据垃圾分类的标准，应该属于可回收物
"
5227,图中展示的物品是[玻璃杯]，根据垃圾分类的标准，应该属于[其他垃圾]。,"图中展示的物品是量杯,根据垃圾分类的标准，应该属于可回收物
"
5228,图中展示的物品是玻璃杯，根据垃圾分类的标准，应该属于可回收物,"图中展示的物品是水杯,根据垃圾分类的标准，应该属于可回收物
"
5229,图中展示的物品是电池，根据垃圾分类的标准，应该属于有害垃圾,"图中展示的物品是电池,根据垃圾分类的标准，应该属于有害垃圾
"
5230,"图中展示的物品是{fruit_object},根据垃圾分类的标准，应该属于{fruit}","图中展示的物品是塑料盆,根据垃圾分类的标准，应该属于可回收物
"
5231,图中展示的物品是档案袋，根据垃圾分类的标准，应该属于不可回收垃圾。,"图中展示的物品是档案袋,根据垃圾分类的标准，应该属于可回收物
"
5232,"图中展示的物品是{garbage_object},根据垃圾分类的标准，应该属于{garbage_type}垃圾。","图中展示的物品是车钥匙,根据垃圾分类的标准，应该属于可回收物
"
5233,图中展示的物品是汉堡，根据垃圾分类的标准，应该属于可回收垃圾。,"图中展示的物品是汉堡,根据垃圾分类的标准，应该属于厨余垃圾
"
5234,"图中展示的物品是{garbage_object},根据垃圾分类的标准，应该属于{garbage_type}","图中展示的物品是空调滤芯,根据垃圾分类的标准，应该属于其他垃圾
"
5235,"图中展示的物品是[garbage_object],根据垃圾分类的标准，应该属于[garbage_type]","图中展示的物品是乒乓球拍,根据垃圾分类的标准，应该属于可回收物
"
5236,"图中展示的物品是{garbage_object},根据垃圾分类的标准，应该属于{garbage_type}","图中展示的物品是裤子,根据垃圾分类的标准，应该属于可回收物
"
5237,"图中展示的物品是{garbage_object},根据垃圾分类的标准，应该属于{garbage_type}","图中展示的物品是肠(火腿),根据垃圾分类的标准，应该属于厨余垃圾
"
5238,图中展示的物品是食物，根据垃圾分类的标准，应该属于可回收物,"图中展示的物品是鸡翅,根据垃圾分类的标准，应该属于厨余垃圾
"
5239,"图中展示的物品是{garbage_object},根据垃圾分类的标准，应该属于{garbage_type}厨余垃圾","图中展示的物品是炸鸡,根据垃圾分类的标准，应该属于厨余垃圾
"
5240,"图中展示的物品是{garbage_object},根据垃圾分类的标准，应该属于{garbage_type}垃圾。","图中展示的物品是湿纸巾,根据垃圾分类的标准，应该属于其他垃圾
"
5241,图中展示的物品是玩具，根据垃圾分类的标准，应该属于可回收物,"图中展示的物品是呼啦圈,根据垃圾分类的标准，应该属于可回收物
"
5242,"图中展示的物品是{garbage_object},根据垃圾分类的标准，应该属于{garbage_type}垃圾。","图中展示的物品是药片,根据垃圾分类的标准，应该属于有害垃圾
"
5243,"图中展示的物品是[garbage_object],根据垃圾分类的标准，应该属于[garbage_type]","图中展示的物品是放大镜,根据垃圾分类的标准，应该属于可回收物
"
5244,图中展示的物品是电路板，根据垃圾分类的标准，应该属于电子垃圾,"图中展示的物品是电路板,根据垃圾分类的标准，应该属于可回收物
"
5245,图中展示的物品是一米钢尺正反面，宽2.8厘米厚1毫米，不属于垃圾。,"图中展示的物品是尺子,根据垃圾分类的标准，应该属于可回收物
"
5246,图中展示的物品是保温杯，根据垃圾分类的标准，应该属于不可回收物。,"图中展示的物品是保温杯,根据垃圾分类的标准，应该属于可回收物
"
5247,图中展示的物品是咖啡豆，根据垃圾分类的标准，应该属于厨余垃圾。,"图中展示的物品是咖啡渣,根据垃圾分类的标准，应该属于厨余垃圾
"
5248,"图中展示的物品是{garbage_object},根据垃圾分类的标准，应该属于{garbage_type}厨余垃圾","图中展示的物品是保温杯,根据垃圾分类的标准，应该属于可回收物
"
5249,"图中展示的物品是{garbage_object},根据垃圾分类的标准，应该属于{garbage_type}","图中展示的物品是台灯,根据垃圾分类的标准，应该属于可回收物
"
5250,图中展示的物品是[收音机]，根据垃圾分类的标准，应该属于[电子废弃物]。,"图中展示的物品是收音机,根据垃圾分类的标准，应该属于可回收物
"
5251,图中展示的物品是面包，根据垃圾分类的标准，应该属于可回收垃圾。,"图中展示的物品是菠萝包,根据垃圾分类的标准，应该属于厨余垃圾
"
5252,图中展示的物品是毛巾，根据垃圾分类的标准，应该属于可回收垃圾,"图中展示的物品是毛巾,根据垃圾分类的标准，应该属于其他垃圾
"
5253,图中展示的物品是大蒜，根据垃圾分类的标准，应该属于可回收物。,"图中展示的物品是西瓜皮,根据垃圾分类的标准，应该属于厨余垃圾
"
5254,图中展示的物品是面包，根据垃圾分类的标准，应该属于可回收物,"图中展示的物品是贝果,根据垃圾分类的标准，应该属于厨余垃圾
"
5255,图中展示的物品是铁勺，根据垃圾分类的标准，应该属于金属垃圾。,"图中展示的物品是勺子,根据垃圾分类的标准，应该属于可回收物
"
5256,图中展示的物品是罐头，根据垃圾分类的标准，应该属于可回收物。,"图中展示的物品是奶粉罐,根据垃圾分类的标准，应该属于可回收物
"
5257,"图中展示的物品是{garbage_object},根据垃圾分类的标准，应该属于{garbage_type}","图中展示的物品是玩偶,根据垃圾分类的标准，应该属于可回收物
"
5258,"图中展示的物品是[fruit],根据垃圾分类的标准，应该属于[fruit]","图中展示的物品是菠萝蜜,根据垃圾分类的标准，应该属于厨余垃圾
"
5259,图中展示的物品是{vegetable}，根据垃圾分类的标准，应该属于{vegetable},"图中展示的物品是西瓜皮,根据垃圾分类的标准，应该属于厨余垃圾
"
5260,图中展示的物品是毛绒玩具，根据垃圾分类的标准，应该属于可回收物,"图中展示的物品是玩偶,根据垃圾分类的标准，应该属于可回收物
"
5261,图中展示的物品是{cartridge}，根据垃圾分类的标准，应该属于{cartridge},"图中展示的物品是空调滤芯,根据垃圾分类的标准，应该属于其他垃圾
"
5262,图中展示的物品是化妆品，根据垃圾分类的标准，应该属于可回收垃圾。,"图中展示的物品是护肤品空瓶,根据垃圾分类的标准，应该属于可回收物
"
5263,图中展示的物品是汉堡，根据垃圾分类的标准，应该属于垃圾食品,"图中展示的物品是汉堡,根据垃圾分类的标准，应该属于厨余垃圾
"
5264,图中展示的物品是{food}，根据垃圾分类的标准，应该属于{food},"图中展示的物品是糕点,根据垃圾分类的标准，应该属于厨余垃圾
"
5265,图中展示的物品是胶水，根据垃圾分类的标准，应该属于其他垃圾,"图中展示的物品是胶水,根据垃圾分类的标准，应该属于有害垃圾
"
5266,饼干,"图中展示的物品是饼干,根据垃圾分类的标准，应该属于厨余垃圾
"
5267,图中展示的物品是砧板，根据垃圾分类的标准，应该属于厨余垃圾,"图中展示的物品是木制切菜板,根据垃圾分类的标准，应该属于可回收物
"
5268,"图中展示的物品是[银器],根据垃圾分类的标准，应该属于[其他垃圾]","图中展示的物品是地球仪,根据垃圾分类的标准，应该属于可回收物
"
5269,"图中展示的物品是{garbage_object},根据垃圾分类的标准，应该属于{garbage_type}垃圾。","图中展示的物品是肠(火腿),根据垃圾分类的标准，应该属于厨余垃圾
"
5270,图中展示的物品是毛巾，根据垃圾分类的标准，应该属于其他垃圾,"图中展示的物品是毛巾,根据垃圾分类的标准，应该属于其他垃圾
"
5271,砧板,"图中展示的物品是木制切菜板,根据垃圾分类的标准，应该属于可回收物
"
5272,"图中展示的物品是{garbage_object},根据垃圾分类的标准，应该属于{garbage_type}","图中展示的物品是肠(火腿),根据垃圾分类的标准，应该属于厨余垃圾
"
5273,图中展示的物品是叉子，根据垃圾分类的标准，应该属于厨余垃圾,"图中展示的物品是糕点,根据垃圾分类的标准，应该属于厨余垃圾
"
5274,图中展示的物品是豆腐，根据垃圾分类的标准，应该属于厨余垃圾。,"图中展示的物品是青菜,根据垃圾分类的标准，应该属于厨余垃圾
"
5275,图中展示的物品是纸盒，根据垃圾分类的标准，应该属于可回收垃圾。,"图中展示的物品是糕点,根据垃圾分类的标准，应该属于厨余垃圾
"
5276,图中展示的物品是锅，根据垃圾分类的标准，应该属于厨余垃圾。,"图中展示的物品是锅,根据垃圾分类的标准，应该属于可回收物
"
5277,图中展示的物品是电池，根据垃圾分类的标准，应该属于可回收垃圾。,"图中展示的物品是电池,根据垃圾分类的标准，应该属于有害垃圾
"
5278,"图中展示的物品是[garbage_object],根据垃圾分类的标准，应该属于[garbage_type]","图中展示的物品是芭比娃娃,根据垃圾分类的标准，应该属于可回收物
"
5279,图中展示的物品是尺子，根据垃圾分类的标准，应该属于可回收物。,"图中展示的物品是尺子,根据垃圾分类的标准，应该属于可回收物
"
5280,"图中展示的物品是[pepper, corn, carrot, green peas]，根据垃圾分类的标准，应该属于[蔬菜]","图中展示的物品是残渣剩饭,根据垃圾分类的标准，应该属于厨余垃圾
"
5281,图中展示的物品是饼干，根据垃圾分类的标准，应该属于可回收垃圾。,"图中展示的物品是饼干,根据垃圾分类的标准，应该属于厨余垃圾
"
5282,图中展示的物品是[food]，根据垃圾分类的标准，应该属于[food waste],"图中展示的物品是蚕豆,根据垃圾分类的标准，应该属于厨余垃圾
"
5283,图中展示的物品是{cap}，根据垃圾分类的标准，应该属于{garbage_type},"图中展示的物品是帽子,根据垃圾分类的标准，应该属于可回收物
"
5284,"图中展示的物品是[笔],根据垃圾分类的标准，应该属于[废纸]","图中展示的物品是笔及笔芯,根据垃圾分类的标准，应该属于其他垃圾
"
5285,图中展示的物品是{backpack}，根据垃圾分类的标准，应该属于{recyclable},"图中展示的物品是手提包,根据垃圾分类的标准，应该属于可回收物
"
5286,"图中展示的物品是[garbage_object],根据垃圾分类的标准，应该属于[garbage_type]","图中展示的物品是单肩包手提包,根据垃圾分类的标准，应该属于可回收物
"
5287,"图中展示的物品是[garbage_object],根据垃圾分类的标准，应该属于[garbage_type]","图中展示的物品是笔及笔芯,根据垃圾分类的标准，应该属于其他垃圾
"
5288,"图中展示的物品是[garbage_object],根据垃圾分类的标准，应该属于[garbage_type]","图中展示的物品是甘蔗,根据垃圾分类的标准，应该属于厨余垃圾
"
5289,"图中展示的物品是{garbage_object},根据垃圾分类的标准，应该属于{garbage_type}","图中展示的物品是枕头,根据垃圾分类的标准，应该属于可回收物
"
5290,"图中展示的物品是{garbage_object},根据垃圾分类的标准，应该属于{garbage_type}","图中展示的物品是粉条,根据垃圾分类的标准，应该属于厨余垃圾
"
5291,"图中展示的物品是{garbage_object},根据垃圾分类的标准，应该属于{garbage_type}","图中展示的物品是耳机,根据垃圾分类的标准，应该属于可回收物
"
5292,图中展示的物品是计算器，根据垃圾分类的标准，应该属于{garbage_type}电子废弃物,"图中展示的物品是计算器,根据垃圾分类的标准，应该属于可回收物
"
5293,图中展示的物品是手机，根据垃圾分类的标准，应该属于电子废弃物,"图中展示的物品是手机,根据垃圾分类的标准，应该属于可回收物
"
5294,图中展示的物品是眼镜，根据垃圾分类的标准，应该属于可回收垃圾。,"图中展示的物品是眼镜,根据垃圾分类的标准，应该属于其他垃圾
"
5295,图中展示的物品是罐头，根据垃圾分类的标准，应该属于可回收物。,"图中展示的物品是罐头瓶,根据垃圾分类的标准，应该属于可回收物
"
5296,图中展示的物品是[肉松][豆沙][紫薯][牛肉]，根据垃圾分类的标准，应该属于[有害垃圾][可回收垃圾][易腐垃圾][可降解垃圾],"图中展示的物品是糕点,根据垃圾分类的标准，应该属于厨余垃圾
"
5297,"图中展示的物品是[red_tomato],根据垃圾分类的标准，应该属于[food]","图中展示的物品是圣女果,根据垃圾分类的标准，应该属于厨余垃圾
"
5298,图中展示的物品是{oil_paint_media}，根据垃圾分类的标准，应该属于{garbage_type},"图中展示的物品是红花油,根据垃圾分类的标准，应该属于有害垃圾
"
5299,图中展示的物品是竹签，根据垃圾分类的标准，应该属于厨余垃圾。,"图中展示的物品是串串竹签,根据垃圾分类的标准，应该属于其他垃圾
"
5300,图中展示的物品是[ceramic_container]，根据垃圾分类的标准，应该属于[recyclable]。,"图中展示的物品是茶叶罐,根据垃圾分类的标准，应该属于可回收物
"
5301,"图中展示的物品是[wooden spoon],根据垃圾分类的标准，应该属于[wood]","图中展示的物品是木质锅铲,根据垃圾分类的标准，应该属于可回收物
"
5302,图中展示的物品是耳机，根据垃圾分类的标准，应该属于电子废弃物,"图中展示的物品是耳机,根据垃圾分类的标准，应该属于可回收物
"
5303,图中展示的物品是玻璃杯盖，根据垃圾分类的标准，应该属于其他垃圾,"图中展示的物品是灯罩,根据垃圾分类的标准，应该属于可回收物
"
5304,图中展示的物品是电池，根据垃圾分类的标准，应该属于有害垃圾,"图中展示的物品是纽扣电池,根据垃圾分类的标准，应该属于有害垃圾
"
5305,"图中展示的物品是{garbage_object},根据垃圾分类的标准，应该属于{garbage_type}","图中展示的物品是鸡翅,根据垃圾分类的标准，应该属于厨余垃圾
"
5306,"图中展示的物品是{garbage_object},根据垃圾分类的标准，应该属于{garbage_type}","图中展示的物品是鞋,根据垃圾分类的标准，应该属于可回收物
"
5307,"图中展示的物品是{garbage_object},根据垃圾分类的标准，应该属于{garbage_type}厨余垃圾","图中展示的物品是生肉,根据垃圾分类的标准，应该属于厨余垃圾
"
5308,图中展示的物品是地球仪，根据垃圾分类的标准，应该属于其他垃圾。,"图中展示的物品是地球仪,根据垃圾分类的标准，应该属于可回收物
"
5309,图中展示的物品是塑料袋，根据垃圾分类的标准，应该属于其他垃圾。,"图中展示的物品是PE塑料袋,根据垃圾分类的标准，应该属于其他垃圾
"
5310,"图中展示的物品是[笔],根据垃圾分类的标准，应该属于[其他垃圾]","图中展示的物品是笔及笔芯,根据垃圾分类的标准，应该属于其他垃圾
"
5311,"图中展示的物品是[thermos],根据垃圾分类的标准，应该属于[recyclable]","图中展示的物品是保温杯,根据垃圾分类的标准，应该属于可回收物
"
5312,图中展示的物品是电池，根据垃圾分类的标准，应该属于有害垃圾,"图中展示的物品是电池,根据垃圾分类的标准，应该属于有害垃圾
"
5313,"图中展示的物品是{garbage_object},根据垃圾分类的标准，应该属于{garbage_type}","图中展示的物品是鞋,根据垃圾分类的标准，应该属于可回收物
"
5314,图中展示的物品是{food}，根据垃圾分类的标准，应该属于{food},"图中展示的物品是果冻,根据垃圾分类的标准，应该属于厨余垃圾
"
5315,"图中展示的物品是{garbage_object},根据垃圾分类的标准，应该属于{garbage_type}","图中展示的物品是胶带,根据垃圾分类的标准，应该属于其他垃圾
"
5316,图中展示的物品是{food}，根据垃圾分类的标准，应该属于{food},"图中展示的物品是饼干,根据垃圾分类的标准，应该属于厨余垃圾
"
5317,"图中展示的物品是{garbage_object},根据垃圾分类的标准，应该属于{garbage_type}垃圾。","图中展示的物品是红花油,根据垃圾分类的标准，应该属于有害垃圾
"
5318,图中展示的物品是{no garbage}，根据垃圾分类的标准，应该属于{不可回收垃圾},"图中展示的物品是电熨斗,根据垃圾分类的标准，应该属于可回收物
"
5319,图中展示的物品是桌球拍，根据垃圾分类的标准，应该属于其他垃圾,"图中展示的物品是乒乓球拍,根据垃圾分类的标准，应该属于可回收物
"
5320,图中展示的物品是{shoes}，根据垃圾分类的标准，应该属于{trash},"图中展示的物品是鞋,根据垃圾分类的标准，应该属于可回收物
"
5321,图中展示的物品是垃圾食品，根据垃圾分类的标准，应该属于垃圾食品,"图中展示的物品是薯条,根据垃圾分类的标准，应该属于厨余垃圾
"
5322,图中展示的物品是塑料碗，根据垃圾分类的标准，应该属于厨余垃圾。,"图中展示的物品是塑料盆,根据垃圾分类的标准，应该属于可回收物
"
5323,图中展示的物品是{egg}，根据垃圾分类的标准，应该属于{food},"图中展示的物品是蛋,根据垃圾分类的标准，应该属于厨余垃圾
"
5324,"图中展示的物品是[clear objects],根据垃圾分类的标准，应该属于[recyclable]","图中展示的物品是量杯,根据垃圾分类的标准，应该属于可回收物
"
5325,图中展示的物品是塑料容器，根据垃圾分类的标准，应该属于可回收物。,"图中展示的物品是保鲜盒,根据垃圾分类的标准，应该属于可回收物
"
5326,图中展示的物品是书籍，根据垃圾分类的标准，应该属于废纸,"图中展示的物品是书,根据垃圾分类的标准，应该属于可回收物
"
5327,图中展示的物品是牙膏，根据垃圾分类的标准，应该属于可回收垃圾。,"图中展示的物品是药膏,根据垃圾分类的标准，应该属于有害垃圾
"
5328,"图中展示的物品是{garbage_object},根据垃圾分类的标准，应该属于{garbage_type}废塑料","图中展示的物品是胶水,根据垃圾分类的标准，应该属于有害垃圾
"
5329,"图中展示的物品是{burger_object},根据垃圾分类的标准，应该属于{food}","图中展示的物品是汉堡,根据垃圾分类的标准，应该属于厨余垃圾
"
5330,"图中展示的物品是{garbage_object},根据垃圾分类的标准，应该属于{garbage_type}","图中展示的物品是炸鸡,根据垃圾分类的标准，应该属于厨余垃圾
"
5331,"图中展示的物品是{garbage_object},根据垃圾分类的标准，应该属于{garbage_type}","图中展示的物品是药膏,根据垃圾分类的标准，应该属于有害垃圾
"
5332,图中展示的物品是[肉制品]，根据垃圾分类的标准，应该属于[有害垃圾]。,"图中展示的物品是生肉,根据垃圾分类的标准，应该属于厨余垃圾
"
5333,图中展示的物品是{noGarbage}，根据垃圾分类的标准，应该属于{noGarbage},"图中展示的物品是残渣剩饭,根据垃圾分类的标准，应该属于厨余垃圾
"
5334,图中展示的物品是刀具，根据垃圾分类的标准，应该属于厨余垃圾。,"图中展示的物品是刀,根据垃圾分类的标准，应该属于可回收物
"
5335,"图中展示的物品是{garbage_object},根据垃圾分类的标准，应该属于{garbage_type}","图中展示的物品是耳钉耳环,根据垃圾分类的标准，应该属于可回收物
"
5336,"图中展示的物品是{garbage_object},根据垃圾分类的标准，应该属于{garbage_type}","图中展示的物品是一次性棉签,根据垃圾分类的标准，应该属于其他垃圾
"
5337,图中展示的物品是遥控器，根据垃圾分类的标准，应该属于家用电器,"图中展示的物品是空调遥控器,根据垃圾分类的标准，应该属于可回收物
"
5338,图中展示的物品是[钟表]，根据垃圾分类的标准，应该属于[家用电器]。,"图中展示的物品是钟表,根据垃圾分类的标准，应该属于可回收物
"
5339,"图中展示的物品是[scissors],根据垃圾分类的标准，应该属于[recyclable]","图中展示的物品是剪刀,根据垃圾分类的标准，应该属于可回收物
"
5340,图中展示的物品是玻璃杯，根据垃圾分类的标准，应该属于可回收垃圾。,"图中展示的物品是罐头瓶,根据垃圾分类的标准，应该属于可回收物
"
5341,图中展示的物品是杯子，根据垃圾分类的标准，应该属于可回收物,"图中展示的物品是水杯,根据垃圾分类的标准，应该属于可回收物
"
5342,"图中展示的物品是{garbage_object},根据垃圾分类的标准，应该属于{garbage_type}","图中展示的物品是糕点,根据垃圾分类的标准，应该属于厨余垃圾
"
5343,"图中展示的物品是{garbage_object},根据垃圾分类的标准，应该属于{garbage_type}","图中展示的物品是信封,根据垃圾分类的标准，应该属于可回收物
"
5344,"图中展示的物品是[garbage_object],根据垃圾分类的标准，应该属于[garbage_type]","图中展示的物品是手电筒,根据垃圾分类的标准，应该属于可回收物
"
5345,图中展示的物品是蔬菜，根据垃圾分类的标准，应该属于可回收物,"图中展示的物品是青菜,根据垃圾分类的标准，应该属于厨余垃圾
"
5346,图中展示的物品是{coffee Bean}，根据垃圾分类的标准，应该属于{coffee},"图中展示的物品是咖啡渣,根据垃圾分类的标准，应该属于厨余垃圾
"
5347,图中展示的物品是EVA胶水，根据垃圾分类的标准，应该属于有害垃圾,"图中展示的物品是奶粉罐,根据垃圾分类的标准，应该属于可回收物
"
5348,图中展示的物品是肉，根据垃圾分类的标准，应该属于可回收物。,"图中展示的物品是生肉,根据垃圾分类的标准，应该属于厨余垃圾
"
5349,图中展示的物品是电池，根据垃圾分类的标准，应该属于废电池,"图中展示的物品是电池,根据垃圾分类的标准，应该属于有害垃圾
"
5350,"图中展示的物品是[iron],根据垃圾分类的标准，应该属于[有害垃圾]","图中展示的物品是电熨斗,根据垃圾分类的标准，应该属于可回收物
"
5351,图中展示的物品是垃圾，根据垃圾分类的标准，应该属于垃圾,"图中展示的物品是蛋,根据垃圾分类的标准，应该属于厨余垃圾
"
5352,"图中展示的物品是{garbage_object},根据垃圾分类的标准，应该属于{garbage_type}","图中展示的物品是纸箱,根据垃圾分类的标准，应该属于可回收物
"
5353,"图中展示的物品是{garbage_object},根据垃圾分类的标准，应该属于{garbage_type}","图中展示的物品是哈密瓜,根据垃圾分类的标准，应该属于厨余垃圾
"
5354,"图中展示的物品是[apple],根据垃圾分类的标准，应该属于[厨余垃圾]","图中展示的物品是梨,根据垃圾分类的标准，应该属于厨余垃圾
"
5355,图中展示的物品是{vase}，根据垃圾分类的标准，应该属于{garbage_type}其他垃圾。,"图中展示的物品是茶叶罐,根据垃圾分类的标准，应该属于可回收物
"
5356,图中展示的物品是玻璃,"图中展示的物品是锅盖,根据垃圾分类的标准，应该属于可回收物
"
5357,图中展示的物品是玩具，根据垃圾分类的标准，应该属于可回收物。,"图中展示的物品是玩偶,根据垃圾分类的标准，应该属于可回收物
"
5358,图中展示的物品是竹签，根据垃圾分类的标准，应该属于厨余垃圾。,"图中展示的物品是串串竹签,根据垃圾分类的标准，应该属于其他垃圾
"
5359,图中展示的物品是[fruit]，根据垃圾分类的标准，应该属于[厨余垃圾],"图中展示的物品是哈密瓜,根据垃圾分类的标准，应该属于厨余垃圾
"
5360,图中展示的物品是[card]，根据垃圾分类的标准，应该属于[垃圾],"图中展示的物品是卡,根据垃圾分类的标准，应该属于可回收物
"
5361,"图中展示的物品是[garbage_object],根据垃圾分类的标准，应该属于[garbage_type]","图中展示的物品是玩偶,根据垃圾分类的标准，应该属于可回收物
"
5362,图中展示的物品是刀具，根据垃圾分类的标准，应该属于厨余垃圾,"图中展示的物品是刀,根据垃圾分类的标准，应该属于可回收物
"
5363,图中展示的物品是[lightbulb]，根据垃圾分类的标准，应该属于[recycle]。,"图中展示的物品是LED灯泡,根据垃圾分类的标准，应该属于有害垃圾
"
5364,"图中展示的物品是{garbage_object},根据垃圾分类的标准，应该属于{garbage_type}","图中展示的物品是生肉,根据垃圾分类的标准，应该属于厨余垃圾
"
5365,图中展示的物品是插排，根据垃圾分类的标准，应该属于电子废弃物。,"图中展示的物品是插线板,根据垃圾分类的标准，应该属于可回收物
"
5366,图中展示的物品是桌球拍，根据垃圾分类的标准，应该属于有害垃圾,"图中展示的物品是乒乓球拍,根据垃圾分类的标准，应该属于可回收物
"
5367,"图中展示的物品是{green_object},根据垃圾分类的标准，应该属于{green}","图中展示的物品是青菜,根据垃圾分类的标准，应该属于厨余垃圾
"
5368,图中展示的物品是{handbag}，根据垃圾分类的标准，应该属于{garbage_type}。,"图中展示的物品是单肩包手提包,根据垃圾分类的标准，应该属于可回收物
"
5369,"图中展示的物品是[garbage_object],根据垃圾分类的标准，应该属于[garbage_type]","图中展示的物品是蘑菇,根据垃圾分类的标准，应该属于厨余垃圾
"
5370,"图中展示的物品是{garbage_object},根据垃圾分类的标准，应该属于{garbage_type}","图中展示的物品是鸡翅,根据垃圾分类的标准，应该属于厨余垃圾
"
5371,"图中展示的物品是卡片,根据垃圾分类的标准，应该属于{garbage_type}","图中展示的物品是卡,根据垃圾分类的标准，应该属于可回收物
"
5372,图中展示的物品是[玻璃容器]，根据垃圾分类的标准，应该属于[玻璃],"图中展示的物品是碗,根据垃圾分类的标准，应该属于可回收物
"
5373,"图中展示的物品是{garbage_object},根据垃圾分类的标准，应该属于{garbage_type}","图中展示的物品是蛋糕盒,根据垃圾分类的标准，应该属于可回收物
"
5374,计算器{garbage_type},"图中展示的物品是计算器,根据垃圾分类的标准，应该属于可回收物
"
5375,图中展示的物品是梳子，根据垃圾分类的标准，应该属于其他垃圾。,"图中展示的物品是木质梳子,根据垃圾分类的标准，应该属于可回收物
"
5376,"图中展示的物品是{garbage_object},根据垃圾分类的标准，应该属于{garbage_type}","图中展示的物品是开心果,根据垃圾分类的标准，应该属于厨余垃圾
"
5377,图中展示的物品是钢丝球，根据垃圾分类的标准，应该属于废品,"图中展示的物品是钢丝球,根据垃圾分类的标准，应该属于可回收物
"
5378,图中展示的物品是废笔，根据垃圾分类的标准，应该属于废纸,"图中展示的物品是笔及笔芯,根据垃圾分类的标准，应该属于其他垃圾
"
5379,"图中展示的物品是{garbage_object},根据垃圾分类的标准，应该属于{garbage_type}","图中展示的物品是购物纸袋,根据垃圾分类的标准，应该属于可回收物
"
5380,"图中展示的物品是{garbage_object},根据垃圾分类的标准，应该属于{garbage_type}","图中展示的物品是裤子,根据垃圾分类的标准，应该属于可回收物
"
5381,"图中展示的物品是{garbage_object},根据垃圾分类的标准，应该属于{garbage_type}","图中展示的物品是饼干,根据垃圾分类的标准，应该属于厨余垃圾
"
5382,图中展示的物品是衣架，根据垃圾分类的标准，应该属于可回收物。,"图中展示的物品是衣架,根据垃圾分类的标准，应该属于可回收物
"
5383,垃圾物品,"图中展示的物品是烤鸡烤鸭,根据垃圾分类的标准，应该属于厨余垃圾
"
5384,"图中展示的物品是[plush],根据垃圾分类的标准，应该属于[garbage_type]","图中展示的物品是暖宝宝,根据垃圾分类的标准，应该属于可回收物
"
5385,图中展示的物品是塑料袋，根据垃圾分类的标准，应该属于其他垃圾。,"图中展示的物品是青菜,根据垃圾分类的标准，应该属于厨余垃圾
"
5386,"图中展示的物品是塑料袋,根据垃圾分类的标准，应该属于其他垃圾","图中展示的物品是冰糖葫芦,根据垃圾分类的标准，应该属于厨余垃圾
"
5387,图中展示的物品是{paper_bag}，根据垃圾分类的标准，应该属于{recyclable}。,"图中展示的物品是购物纸袋,根据垃圾分类的标准，应该属于可回收物
"
5388,图中展示的物品是咖啡豆，根据垃圾分类的标准，应该属于可回收垃圾。,"图中展示的物品是咖啡渣,根据垃圾分类的标准，应该属于厨余垃圾
"
5389,图中展示的物品是{apple}，根据垃圾分类的标准，应该属于{厨余垃圾},"图中展示的物品是苹果,根据垃圾分类的标准，应该属于厨余垃圾
"
5390,图中展示的物品是坚果，根据垃圾分类的标准，应该属于可回收物,"图中展示的物品是巴旦木,根据垃圾分类的标准，应该属于厨余垃圾
"
5391,图中展示的物品是遥控器，根据垃圾分类的标准，应该属于电子废弃物,"图中展示的物品是电视遥控器,根据垃圾分类的标准，应该属于可回收物
"
5392,图中展示的物品是茶壶，根据垃圾分类的标准，应该属于废品,"图中展示的物品是茶壶碎片,根据垃圾分类的标准，应该属于其他垃圾
"
5393,"图中展示的物品是{garbage_object},根据垃圾分类的标准，应该属于{garbage_type}","图中展示的物品是糕点,根据垃圾分类的标准，应该属于厨余垃圾
"
5394,"图中展示的物品是{garbage_object},根据垃圾分类的标准，应该属于{garbage_type}垃圾。","图中展示的物品是空调遥控器,根据垃圾分类的标准，应该属于可回收物
"
5395,图中展示的物品是牙刷，根据垃圾分类的标准，应该属于可回收物。,"图中展示的物品是电动牙刷,根据垃圾分类的标准，应该属于可回收物
"
5396,"图中展示的物品是[药瓶],根据垃圾分类的标准，应该属于[有害垃圾]","图中展示的物品是玻璃器皿,根据垃圾分类的标准，应该属于可回收物
"
5397,图中展示的物品是【废纸】，根据垃圾分类的标准，应该属于【其他垃圾】,"图中展示的物品是订书机,根据垃圾分类的标准，应该属于可回收物
"
5398,图中展示的物品是{kinesio_tape}，根据垃圾分类的标准，应该属于{garbage_type},"图中展示的物品是胶带,根据垃圾分类的标准，应该属于其他垃圾
"
5399,图中展示的物品是塑料盒，根据垃圾分类的标准，应该属于可回收物,"图中展示的物品是餐盒,根据垃圾分类的标准，应该属于其他垃圾
"
5400,"图中展示的物品是[garbage_object],根据垃圾分类的标准，应该属于[garbage_type]","图中展示的物品是单肩包手提包,根据垃圾分类的标准，应该属于可回收物
"
5401,图中展示的物品是毛刷，根据垃圾分类的标准，应该属于{other},"图中展示的物品是鸡毛掸,根据垃圾分类的标准，应该属于其他垃圾
"
5402,图中展示的物品是玻璃瓶，根据垃圾分类的标准，应该属于玻璃垃圾。,"图中展示的物品是罐头瓶,根据垃圾分类的标准，应该属于可回收物
"
5403,"图中展示的物品是{garbage_object},根据垃圾分类的标准，应该属于{garbage_type}","图中展示的物品是裤子,根据垃圾分类的标准，应该属于可回收物
"
5404,图中展示的物品是卫生纸，根据垃圾分类的标准，应该属于可回收垃圾。,"图中展示的物品是验孕棒,根据垃圾分类的标准，应该属于其他垃圾
"
5405,图中展示的物品是纸盒，根据垃圾分类的标准，应该属于其他垃圾。,"图中展示的物品是蛋挞,根据垃圾分类的标准，应该属于厨余垃圾
"
5406,图中展示的物品是{data_cable}，根据垃圾分类的标准，应该属于{electronics},"图中展示的物品是充电线,根据垃圾分类的标准，应该属于可回收物
"
5407,图中展示的物品是{fruit}，根据垃圾分类的标准，应该属于{fruit},"图中展示的物品是草莓,根据垃圾分类的标准，应该属于厨余垃圾
"
5408,图中展示的物品是{baked_food}，根据垃圾分类的标准，应该属于{food},"图中展示的物品是糕点,根据垃圾分类的标准，应该属于厨余垃圾
"
5409,"图中展示的物品是{glass_object},根据垃圾分类的标准，应该属于{glass}","图中展示的物品是玻璃器皿,根据垃圾分类的标准，应该属于可回收物
"
5410,"图中展示的物品是{garbage_object},根据垃圾分类的标准，应该属于{garbage_type}","图中展示的物品是耳钉耳环,根据垃圾分类的标准，应该属于可回收物
"
5411,"图中展示的物品是[garbage_object],根据垃圾分类的标准，应该属于[garbage_type]","图中展示的物品是木质梳子,根据垃圾分类的标准，应该属于可回收物
"
5412,图中展示的物品是纸张，根据垃圾分类的标准，应该属于可回收物,"图中展示的物品是信封,根据垃圾分类的标准，应该属于可回收物
"
5413,"图中展示的物品是{garbage_object},根据垃圾分类的标准，应该属于{garbage_type}","图中展示的物品是玩偶,根据垃圾分类的标准，应该属于可回收物
"
5414,图中展示的物品是乒乓球拍，根据垃圾分类的标准，应该属于可回收物,"图中展示的物品是乒乓球拍,根据垃圾分类的标准，应该属于可回收物
"
5415,"图中展示的物品是{garbage_object},根据垃圾分类的标准，应该属于{garbage_type}垃圾。","图中展示的物品是拖鞋,根据垃圾分类的标准，应该属于可回收物
"
5416,图中展示的物品是{water_bottle}，根据垃圾分类的标准，应该属于{plastic},"图中展示的物品是PE塑料袋,根据垃圾分类的标准，应该属于其他垃圾
"
5417,"图中展示的物品是{garbage_object},根据垃圾分类的标准，应该属于{garbage_type}","图中展示的物品是打印机墨盒,根据垃圾分类的标准，应该属于可回收物
"
5418,"图中展示的物品是{garbage_object},根据垃圾分类的标准，应该属于{garbage_type}","图中展示的物品是糕点,根据垃圾分类的标准，应该属于厨余垃圾
"
5419,图中展示的物品是牙刷，根据垃圾分类的标准，应该属于可回收物。,"图中展示的物品是验孕棒,根据垃圾分类的标准，应该属于其他垃圾
"
5420,"图中展示的物品是[罐装饮料],根据垃圾分类的标准，应该属于[可回收垃圾]","图中展示的物品是易拉罐,根据垃圾分类的标准，应该属于可回收物
"
5421,"图中展示的物品是{garbage_object},根据垃圾分类的标准，应该属于{garbage_type}","图中展示的物品是蛋,根据垃圾分类的标准，应该属于厨余垃圾
"
5422,图中展示的物品是玻璃杯，根据垃圾分类的标准，应该属于可回收垃圾。,"图中展示的物品是玻璃器皿,根据垃圾分类的标准，应该属于可回收物
"
5423,图中展示的物品是玻璃瓶,"图中展示的物品是玻璃器皿,根据垃圾分类的标准，应该属于可回收物
"
5424,图中展示的物品是枪，根据垃圾分类的标准，应该属于{garbage_type},"图中展示的物品是望远镜,根据垃圾分类的标准，应该属于可回收物
"
5425,"图中展示的物品是{garbage_object},根据垃圾分类的标准，应该属于{garbage_type}其他垃圾","图中展示的物品是糕点,根据垃圾分类的标准，应该属于厨余垃圾
"
5426,"图中展示的物品是{garbage_object},根据垃圾分类的标准，应该属于{garbage_type}厨余垃圾。","图中展示的物品是青菜,根据垃圾分类的标准，应该属于厨余垃圾
"
5427,图中展示的物品是[plastic_bag]，根据垃圾分类的标准，应该属于[recyclable]。,"图中展示的物品是果冻,根据垃圾分类的标准，应该属于厨余垃圾
"
5428,图中展示的物品是手套，根据垃圾分类的标准，应该属于可回收垃圾。,"图中展示的物品是厨房手套,根据垃圾分类的标准，应该属于其他垃圾
"
5429,图中展示的物品是纸箱，根据垃圾分类的标准，应该属于可回收物。,"图中展示的物品是纸箱,根据垃圾分类的标准，应该属于可回收物
"
5430,"图中展示的物品是{garbage_object},根据垃圾分类的标准，应该属于{garbage_type}","图中展示的物品是杀虫剂,根据垃圾分类的标准，应该属于有害垃圾
"
5431,"图中展示的物品是{garbage_object},根据垃圾分类的标准，应该属于{garbage_type}其他垃圾。","图中展示的物品是胶带,根据垃圾分类的标准，应该属于其他垃圾
"
5432,图中展示的物品是坚果，根据垃圾分类的标准，应该属于厨余垃圾,"图中展示的物品是核桃,根据垃圾分类的标准，应该属于厨余垃圾
"
5433,图中展示的物品是笔，根据垃圾分类的标准，应该属于有害垃圾,"图中展示的物品是耳机,根据垃圾分类的标准，应该属于可回收物
"
5434,"图中展示的物品是[garbage_object],根据垃圾分类的标准，应该属于[garbage_type]","图中展示的物品是烟灰缸,根据垃圾分类的标准，应该属于可回收物
"
5435,"图中展示的物品是{garbage_object},根据垃圾分类的标准，应该属于{garbage_type}垃圾。","图中展示的物品是圣女果,根据垃圾分类的标准，应该属于厨余垃圾
"
5436,"图中展示的物品是[food_object],根据垃圾分类的标准，应该属于[food]","图中展示的物品是饼干,根据垃圾分类的标准，应该属于厨余垃圾
"
5437,"图中展示的物品是{garbage_object},根据垃圾分类的标准，应该属于{garbage_type}","图中展示的物品是玩偶,根据垃圾分类的标准，应该属于可回收物
"
5438,图中展示的物品是太阳能板，根据垃圾分类的标准，应该属于可回收物。,"图中展示的物品是电池板,根据垃圾分类的标准，应该属于有害垃圾
"
5439,图中展示的物品是蔬菜，根据垃圾分类的标准，应该属于可回收物。,"图中展示的物品是胡萝卜,根据垃圾分类的标准，应该属于厨余垃圾
"
5440,"图中展示的物品是{garbage_object},根据垃圾分类的标准，应该属于{garbage_type}","图中展示的物品是蓄电池,根据垃圾分类的标准，应该属于有害垃圾
"
5441,"图中展示的物品是{garbage_object},根据垃圾分类的标准，应该属于{garbage_type}","图中展示的物品是白菜,根据垃圾分类的标准，应该属于厨余垃圾
"
5442,图中展示的物品是电水壶，根据垃圾分类的标准，应该属于其他垃圾。,"图中展示的物品是烧水壶,根据垃圾分类的标准，应该属于可回收物
"
5443,图中展示的物品是纸箱，根据垃圾分类的标准，应该属于废纸,"图中展示的物品是纸箱,根据垃圾分类的标准，应该属于可回收物
"
5444,图中展示的物品是{fruit}，根据垃圾分类的标准，应该属于{food},"图中展示的物品是草莓,根据垃圾分类的标准，应该属于厨余垃圾
"
5445,"图中展示的物品是{garbage_object},根据垃圾分类的标准，应该属于{garbage_type}","图中展示的物品是菠萝,根据垃圾分类的标准，应该属于厨余垃圾
"
5446,饼干,"图中展示的物品是饼干,根据垃圾分类的标准，应该属于厨余垃圾
"
5447,"图中展示的物品是{garbage_object},根据垃圾分类的标准，应该属于{garbage_type}","图中展示的物品是汉堡,根据垃圾分类的标准，应该属于厨余垃圾
"
5448,图中展示的物品是塑料瓶，根据垃圾分类的标准，应该属于可回收物,"图中展示的物品是塑料瓶,根据垃圾分类的标准，应该属于可回收物
"
5449,"图中展示的物品是[garbage_object],根据垃圾分类的标准，应该属于[garbage_type]","图中展示的物品是暖宝宝,根据垃圾分类的标准，应该属于可回收物
"
5450,图中展示的物品是毛掸，根据垃圾分类的标准，应该属于其他垃圾。,"图中展示的物品是鸡毛掸,根据垃圾分类的标准，应该属于其他垃圾
"
5451,"图中展示的物品是{garbage_object},根据垃圾分类的标准，应该属于{garbage_type}垃圾。","图中展示的物品是核桃,根据垃圾分类的标准，应该属于厨余垃圾
"
5452,图中展示的物品是{pill}，根据垃圾分类的标准，应该属于{garbage_type}垃圾。,"图中展示的物品是保健品瓶,根据垃圾分类的标准，应该属于有害垃圾
"
5453,塑料瓶；垃圾,"图中展示的物品是滴眼液瓶,根据垃圾分类的标准，应该属于有害垃圾
"
5454,"图中展示的物品是[swatter],根据垃圾分类的标准，应该属于[垃圾]","图中展示的物品是苍蝇拍,根据垃圾分类的标准，应该属于其他垃圾
"
5455,图中展示的物品是洗发球，根据垃圾分类的标准，应该属于可回收物,"图中展示的物品是玩偶,根据垃圾分类的标准，应该属于可回收物
"
5456,"图中展示的物品是{plastic_object},根据垃圾分类的标准，应该属于{plastic}","图中展示的物品是木制切菜板,根据垃圾分类的标准，应该属于可回收物
"
5457,图中展示的物品是木勺，根据垃圾分类的标准，应该属于可回收垃圾。,"图中展示的物品是木质锅铲,根据垃圾分类的标准，应该属于可回收物
"
5458,"图中展示的物品是{garbage_object},根据垃圾分类的标准，应该属于{garbage_type}","图中展示的物品是尺子,根据垃圾分类的标准，应该属于可回收物
"
5459,图中展示的物品是{pillow}，根据垃圾分类的标准，应该属于{garbage_type}其他垃圾。,"图中展示的物品是枕头,根据垃圾分类的标准，应该属于可回收物
"
5460,图中展示的物品是电池，根据垃圾分类的标准，应该属于{garbage_type}电子废弃物。,"图中展示的物品是电池,根据垃圾分类的标准，应该属于有害垃圾
"
5461,"图中展示的物品是[garbage_object],根据垃圾分类的标准，应该属于[garbage_type]","图中展示的物品是核桃,根据垃圾分类的标准，应该属于厨余垃圾
"
5462,"图中展示的物品是玻璃杯,根据垃圾分类的标准，应该属于垃圾食品","图中展示的物品是果冻,根据垃圾分类的标准，应该属于厨余垃圾
"
5463,"图中展示的物品是[fruit_object],根据垃圾分类的标准，应该属于[food]","图中展示的物品是草莓,根据垃圾分类的标准，应该属于厨余垃圾
"
5464,"图中展示的物品是{garbage_object},根据垃圾分类的标准，应该属于{garbage_type}","图中展示的物品是望远镜,根据垃圾分类的标准，应该属于可回收物
"
5465,图中展示的物品是玻璃杯，根据垃圾分类的标准，应该属于玻璃,"图中展示的物品是玻璃器皿,根据垃圾分类的标准，应该属于可回收物
"
5466,"图中展示的物品是{garbage_object},根据垃圾分类的标准，应该属于{garbage_type}","图中展示的物品是青菜,根据垃圾分类的标准，应该属于厨余垃圾
"
5467,图中展示的物品是玻璃杯，根据垃圾分类的标准，应该属于可回收物。,"图中展示的物品是玻璃器皿,根据垃圾分类的标准，应该属于可回收物
"
5468,图中展示的物品是袜子，根据垃圾分类的标准，应该属于可回收垃圾,"图中展示的物品是袜子,根据垃圾分类的标准，应该属于可回收物
"
5469,"图中展示的物品是衣架,根据垃圾分类的标准，应该属于可回收物","图中展示的物品是衣架,根据垃圾分类的标准，应该属于可回收物
"
5470,图中展示的物品是米饭，根据垃圾分类的标准，应该属于厨余垃圾。,"图中展示的物品是生肉,根据垃圾分类的标准，应该属于厨余垃圾
"
5471,"图中展示的物品是{garbage_object},根据垃圾分类的标准，应该属于{garbage_type}废纸","图中展示的物品是碘伏空瓶,根据垃圾分类的标准，应该属于有害垃圾
"
5472,"图中展示的物品是{garbage_object},根据垃圾分类的标准，应该属于{garbage_type}","图中展示的物品是蛋,根据垃圾分类的标准，应该属于厨余垃圾
"
5473,"图中展示的物品是[drinking_bottle],[glass],[empty],[glass],[glass],[glass],[glass],[glass],[glass],[glass],[glass],[glass],[glass],[glass],[glass],[glass],[glass],[glass],[glass],[glass],[glass],[glass],[glass],[glass],[glass],[glass],[glass],[glass],[glass],[glass],[glass],[glass],[glass],[glass],[glass],[glass],[glass],[glass],[glass],[glass],[glass],[glass],[glass],[glass],[glass],[glass],[glass],[glass],[glass],[glass],[glass],[glass],[glass],[glass],[glass],[glass],[glass],[glass],[glass],[glass],[glass],[glass],[glass],[glass],[glass],[glass],[glass],[glass],[glass],[glass],[glass],[glass],[glass],[glass],[glass],[glass],[glass],[glass],[glass],[glass],[glass],[glass],[glass],[glass],[glass],[glass],[glass],[glass],[glass],[glass],[glass],[glass],[glass],[glass],[glass],[glass],[glass],[glass],[glass],[glass],[glass],[glass],[glass],[glass],[glass],[glass],[glass],[glass],[glass],[glass],[glass],[glass],[glass],[glass],[glass],[glass],[glass],[glass],[glass],[glass],[glass],[glass],[glass],[glass],[glass],[glass],[glass],[glass],[glass],[glass],[glass],[glass],[glass],[glass],[glass],[glass],[glass],[glass],[glass],[glass],[glass],[glass],[glass],[glass],[glass],[glass],[glass],[glass],[glass],[glass],[glass],[glass],[glass],[glass],[glass],[glass],[glass],[glass],[glass],[glass],[glass],[glass],[glass],[glass],[glass],[glass],[glass],[glass],[glass],[glass],[glass],[glass],[glass],[glass],[glass],[glass],[glass],[glass],[glass],[glass],[glass],[glass],[glass],[glass],[glass],[glass],[glass],[glass],[glass],[glass],[glass],[glass],[glass],[glass],[glass],[glass],[glass],[glass],[glass],[glass],[glass],[glass],[glass],[glass],[glass],[glass],[glass],[glass],[glass],[glass],[glass],[glass],[glass],[glass],[glass],[glass],[glass],[glass],[glass],[glass],[glass],[glass],[glass],[glass],[glass],[glass],[glass],[glass],[glass],[glass],[glass],[glass],[glass],[glass],[glass],[glass],[glass],[glass],[glass],[glass],[glass],[glass],[glass],[glass],[glass],[glass],[glass],[glass],[glass],[glass],[glass],[","图中展示的物品是玻璃器皿,根据垃圾分类的标准，应该属于可回收物
"
5474,图中展示的物品是{drinkingware}，根据垃圾分类的标准，应该属于{recyclable},"图中展示的物品是保温杯,根据垃圾分类的标准，应该属于可回收物
"
5475,图中展示的物品是蔬菜，根据垃圾分类的标准，应该属于厨余垃圾。,"图中展示的物品是青菜,根据垃圾分类的标准，应该属于厨余垃圾
"
5476,图中展示的物品是[票证]，根据垃圾分类的标准，应该属于[废纸],"图中展示的物品是登机牌,根据垃圾分类的标准，应该属于可回收物
"
5477,图中展示的物品是咖啡豆，根据垃圾分类的标准，应该属于可回收物。,"图中展示的物品是咖啡渣,根据垃圾分类的标准，应该属于厨余垃圾
"
5478,图中展示的物品是吹风机，根据垃圾分类的标准，应该属于电子垃圾,"图中展示的物品是吹风机,根据垃圾分类的标准，应该属于可回收物
"
5479,图中展示的物品是烟蒂，根据垃圾分类的标准，应该属于垃圾,"图中展示的物品是烟蒂,根据垃圾分类的标准，应该属于其他垃圾
"
5480,图中展示的物品是糖果，根据垃圾分类的标准，应该属于垃圾食品,"图中展示的物品是冰糖葫芦,根据垃圾分类的标准，应该属于厨余垃圾
"
5481,"图中展示的物品是{apple},根据垃圾分类的标准，应该属于{food}","图中展示的物品是贝果,根据垃圾分类的标准，应该属于厨余垃圾
"
5482,图中展示的物品是纸巾，根据垃圾分类的标准，应该属于废纸,"图中展示的物品是验孕棒,根据垃圾分类的标准，应该属于其他垃圾
"
5483,"图中展示的物品是[garbage_object],根据垃圾分类的标准，应该属于[garbage_type]","图中展示的物品是鞋,根据垃圾分类的标准，应该属于可回收物
"
5484,图中展示的物品是咖啡豆，根据垃圾分类的标准，应该属于可回收物。,"图中展示的物品是咖啡渣,根据垃圾分类的标准，应该属于厨余垃圾
"
5485,"图中展示的物品是[garbage_object],根据垃圾分类的标准，应该属于[garbage_type]","图中展示的物品是一次性棉签,根据垃圾分类的标准，应该属于其他垃圾
"
5486,"图中展示的物品是[garbage_object],根据垃圾分类的标准，应该属于[garbage_type]","图中展示的物品是蛋挞,根据垃圾分类的标准，应该属于厨余垃圾
"
5487,"图中展示的物品是{garbage_object},根据垃圾分类的标准，应该属于{garbage_type}","图中展示的物品是购物纸袋,根据垃圾分类的标准，应该属于可回收物
"
5488,图中展示的物品是红辣椒，根据垃圾分类的标准，应该属于厨余垃圾,"图中展示的物品是辣椒,根据垃圾分类的标准，应该属于厨余垃圾
"
5489,"图中展示的物品是[garbage_object],根据垃圾分类的标准，应该属于[garbage_type]","图中展示的物品是耳钉耳环,根据垃圾分类的标准，应该属于可回收物
"
5490,"图中展示的物品是纸袋,根据垃圾分类的标准，应该属于可回收垃圾","图中展示的物品是购物纸袋,根据垃圾分类的标准，应该属于可回收物
"
5491,"图中展示的物品是{garbage_object},根据垃圾分类的标准，应该属于{garbage_type}","图中展示的物品是干燥剂,根据垃圾分类的标准，应该属于其他垃圾
"
5492,"图中展示的物品是{garbage_object},根据垃圾分类的标准，应该属于{garbage_type}","图中展示的物品是垫子,根据垃圾分类的标准，应该属于可回收物
"
5493,"图中展示的物品是{garbage_object},根据垃圾分类的标准，应该属于{garbage_type}","图中展示的物品是鸡毛掸,根据垃圾分类的标准，应该属于其他垃圾
"
5494,"图中展示的物品是[watermelon],根据垃圾分类的标准，应该属于[厨余垃圾]","图中展示的物品是西瓜皮,根据垃圾分类的标准，应该属于厨余垃圾
"
5495,图中展示的物品是饼干，根据垃圾分类的标准，应该属于可回收物。,"图中展示的物品是饼干,根据垃圾分类的标准，应该属于厨余垃圾
"
5496,图中展示的物品是{chips}，根据垃圾分类的标准，应该属于{garbage_type},"图中展示的物品是牛肉干,根据垃圾分类的标准，应该属于厨余垃圾
"
5497,"图中展示的物品是[garbage_object],根据垃圾分类的标准，应该属于[garbage_type]","图中展示的物品是热水瓶,根据垃圾分类的标准，应该属于可回收物
"
5498,"图中展示的物品是[glass],[glass]，根据垃圾分类的标准，应该属于[recycle]","图中展示的物品是盘子,根据垃圾分类的标准，应该属于可回收物
"
5499,图中展示的物品是[drinking_glass]，根据垃圾分类的标准，应该属于[garbage_type]垃圾。,"图中展示的物品是水杯,根据垃圾分类的标准，应该属于可回收物
"
5500,"图中展示的物品是[garbage_object],根据垃圾分类的标准，应该属于[garbage_type]","图中展示的物品是手链,根据垃圾分类的标准，应该属于可回收物
"
5501,图中展示的物品是电池，根据垃圾分类的标准，应该属于废电池,"图中展示的物品是蓄电池,根据垃圾分类的标准，应该属于有害垃圾
"
5502,"图中展示的物品是[收音机],根据垃圾分类的标准，应该属于[电子废弃物]","图中展示的物品是收音机,根据垃圾分类的标准，应该属于可回收物
"
5503,"图中展示的物品是{purse_object},根据垃圾分类的标准，应该属于{waste}","图中展示的物品是单肩包手提包,根据垃圾分类的标准，应该属于可回收物
"
5504,图中展示的物品是薯条，根据垃圾分类的标准，应该属于可回收物。,"图中展示的物品是薯条,根据垃圾分类的标准，应该属于厨余垃圾
"
5505,图中展示的物品是纸箱，根据垃圾分类的标准，应该属于可回收垃圾。,"图中展示的物品是纸箱,根据垃圾分类的标准，应该属于可回收物
"
5506,"图中展示的物品是{garbage_object},根据垃圾分类的标准，应该属于{garbage_type}","图中展示的物品是蛋,根据垃圾分类的标准，应该属于厨余垃圾
"
5507,"图中展示的物品是[wood_object],根据垃圾分类的标准，应该属于[recyclable]","图中展示的物品是木质梳子,根据垃圾分类的标准，应该属于可回收物
"
5508,图中展示的物品是[玻璃杯]，根据垃圾分类的标准，应该属于[玻璃],"图中展示的物品是量杯,根据垃圾分类的标准，应该属于可回收物
"
5509,图中展示的物品是遥控器，根据垃圾分类的标准，应该属于{garbage_type}电子废弃物。,"图中展示的物品是空调遥控器,根据垃圾分类的标准，应该属于可回收物
"
5510,"图中展示的物品是[wood, table_ware, tableware, tableware, wood, tableware, tableware, wood, tableware, tableware, wood, tableware, wood, tableware, wood, tableware, wood, tableware, wood, tableware, wood, tableware, wood, tableware, wood, tableware, wood, tableware, wood, tableware, wood, tableware, wood, tableware, wood, tableware, wood, tableware, wood, tableware, wood, tableware, wood, tableware, wood, tableware, wood, tableware, wood, tableware, wood, tableware, wood, tableware, wood, tableware, wood, tableware, wood, tableware, wood, tableware, wood, tableware, wood, tableware, wood, tableware, wood, tableware, wood, tableware, wood, tableware, wood, tableware, wood, tableware, wood, tableware, wood, tableware, wood, tableware, wood, tableware, wood, tableware, wood, tableware, wood, tableware, wood, tableware, wood, tableware, wood, tableware, wood, tableware, wood, tableware, wood, tableware, wood, tableware, wood, tableware, wood, tableware, wood, tableware, wood, tableware, wood, tableware, wood, tableware, wood, tableware, wood, tableware, wood, tableware, wood, tableware, wood, tableware, wood, tableware, wood, tableware, wood, tableware, wood, tableware, wood, tableware, wood, tableware, wood, tableware, wood, tableware, wood, tableware, wood, tableware, wood, tableware, wood, tableware, wood, tableware, wood, tableware, wood, tableware, wood, tableware, wood, tableware, wood, tableware, wood, tableware, wood, tableware, wood, tableware, wood, tableware, wood, tableware, wood, tableware, wood, tableware, wood, tableware, wood, tableware, wood, tableware, wood, tableware, wood, tableware, wood, tableware, wood, tableware, wood, tableware, wood, tableware, wood, tableware, wood, tableware, wood,","图中展示的物品是乒乓球拍,根据垃圾分类的标准，应该属于可回收物
"
5511,"图中展示的物品是{garbage_object},根据垃圾分类的标准，应该属于{garbage_type}","图中展示的物品是糕点,根据垃圾分类的标准，应该属于厨余垃圾
"
5512,图中展示的物品是玩具，根据垃圾分类的标准，应该属于可回收垃圾,"图中展示的物品是耳套,根据垃圾分类的标准，应该属于可回收物
"
5513,图中展示的物品是玻璃瓶，根据垃圾分类的标准，应该属于可回收物,"图中展示的物品是玻璃器皿,根据垃圾分类的标准，应该属于可回收物
"
5514,"图中展示的物品是电池,根据垃圾分类的标准，应该属于有害垃圾","图中展示的物品是电池,根据垃圾分类的标准，应该属于有害垃圾
"
5515,"图中展示的物品是[garbage_object], 根据垃圾分类的标准，应该属于[garbage_type]","图中展示的物品是生肉,根据垃圾分类的标准，应该属于厨余垃圾
"
5516,图中展示的物品是冬瓜子，根据垃圾分类的标准，应该属于可回收垃圾。,"图中展示的物品是瓜子,根据垃圾分类的标准，应该属于厨余垃圾
"
5517,图中展示的物品是{card}，根据垃圾分类的标准，应该属于{card},"图中展示的物品是纸牌,根据垃圾分类的标准，应该属于可回收物
"
5518,"图中展示的物品是{garbage_object},根据垃圾分类的标准，应该属于{garbage_type}","图中展示的物品是咖啡渣,根据垃圾分类的标准，应该属于厨余垃圾
"
5519,图中展示的物品是玻璃杯，根据垃圾分类的标准，应该属于可回收物,"图中展示的物品是玻璃器皿,根据垃圾分类的标准，应该属于可回收物
"
5520,图中展示的物品是面包，根据垃圾分类的标准，应该属于可回收物,"图中展示的物品是普通面包,根据垃圾分类的标准，应该属于厨余垃圾
"
5521,图中展示的物品是{pill_box}，根据垃圾分类的标准，应该属于{recyclable},"图中展示的物品是药片,根据垃圾分类的标准，应该属于有害垃圾
"
5522,"图中展示的物品是{garbage_object},根据垃圾分类的标准，应该属于{garbage_type}垃圾。","图中展示的物品是蛋糕盒,根据垃圾分类的标准，应该属于可回收物
"
5523,图中展示的物品是{herb}，根据垃圾分类的标准，应该属于{vegetable},"图中展示的物品是青菜,根据垃圾分类的标准，应该属于厨余垃圾
"
5524,图中展示的物品是铝箔盒，根据垃圾分类的标准，应该属于其他垃圾。,"图中展示的物品是餐盒,根据垃圾分类的标准，应该属于其他垃圾
"
5525,图中展示的物品是{vegetable}，根据垃圾分类的标准，应该属于{vegetable},"图中展示的物品是青菜,根据垃圾分类的标准，应该属于厨余垃圾
"
5526,"图中展示的物品是{handbag_object},根据垃圾分类的标准，应该属于{garbage_type}","图中展示的物品是单肩包手提包,根据垃圾分类的标准，应该属于可回收物
"
5527,图中展示的物品是{garbage_object}，根据垃圾分类的标准，应该属于{garbage_type},"图中展示的物品是手提包,根据垃圾分类的标准，应该属于可回收物
"
5528,图中展示的物品是果皮，根据垃圾分类的标准，应该属于厨余垃圾,"图中展示的物品是火龙果,根据垃圾分类的标准，应该属于厨余垃圾
"
5529,图中展示的物品是坚果，根据垃圾分类的标准，应该属于可回收物。,"图中展示的物品是干果壳,根据垃圾分类的标准，应该属于其他垃圾
"
5530,图中展示的物品是[electric_kettle]，根据垃圾分类的标准，应该属于[厨余垃圾],"图中展示的物品是玻璃壶,根据垃圾分类的标准，应该属于可回收物
"
5531,图中展示的物品是台历，根据垃圾分类的标准，应该属于可回收物。,"图中展示的物品是台历,根据垃圾分类的标准，应该属于可回收物
"
5532,"图中展示的物品是{garbage_object},根据垃圾分类的标准，应该属于{garbage_type}垃圾。","图中展示的物品是车钥匙,根据垃圾分类的标准，应该属于可回收物
"
5533,"图中展示的物品是塑料袋,根据垃圾分类的标准，应该属于其他垃圾","图中展示的物品是PE塑料袋,根据垃圾分类的标准，应该属于其他垃圾
"
5534,"图中展示的物品是{remote_control_object},根据垃圾分类的标准，应该属于{电子废弃物}","图中展示的物品是空调遥控器,根据垃圾分类的标准，应该属于可回收物
"
5535,"图中展示的物品是{garbage_object},根据垃圾分类的标准，应该属于{garbage_type}","图中展示的物品是纸箱,根据垃圾分类的标准，应该属于可回收物
"
5536,"图中展示的物品是[garbage_object],根据垃圾分类的标准，应该属于[garbage_type]","图中展示的物品是糕点,根据垃圾分类的标准，应该属于厨余垃圾
"
5537,图中展示的物品是{bracelet}，根据垃圾分类的标准，应该属于{jewelry},"图中展示的物品是手链,根据垃圾分类的标准，应该属于可回收物
"
5538,图中展示的物品是[塑料瓶]，根据垃圾分类的标准，应该属于[塑料],"图中展示的物品是胶水,根据垃圾分类的标准，应该属于有害垃圾
"
5539,"图中展示的物品是[banana],根据垃圾分类的标准，应该属于[厨余垃圾]","图中展示的物品是菠萝蜜,根据垃圾分类的标准，应该属于厨余垃圾
"
5540,"图中展示的物品是[garbage_object],根据垃圾分类的标准，应该属于[garbage_type]","图中展示的物品是钟表,根据垃圾分类的标准，应该属于可回收物
"
5541,"图中展示的物品是{garbage_object},根据垃圾分类的标准，应该属于{garbage_type}电子垃圾","图中展示的物品是纽扣电池,根据垃圾分类的标准，应该属于有害垃圾
"
5542,"图中展示的物品是{garbage_object},根据垃圾分类的标准，应该属于{garbage_type}垃圾。","图中展示的物品是鞋,根据垃圾分类的标准，应该属于可回收物
"
5543,图中展示的物品是罐头，根据垃圾分类的标准，应该属于厨余垃圾,"图中展示的物品是八宝粥罐,根据垃圾分类的标准，应该属于可回收物
"
5544,"图中展示的物品是{garbage_object},根据垃圾分类的标准，应该属于{garbage_type}","图中展示的物品是键盘,根据垃圾分类的标准，应该属于可回收物
"
5545,图中展示的物品是{apple}，根据垃圾分类的标准，应该属于{apple},"图中展示的物品是汉堡,根据垃圾分类的标准，应该属于厨余垃圾
"
5546,图中展示的物品是遥控器，根据垃圾分类的标准，应该属于电子废弃物。,"图中展示的物品是电视遥控器,根据垃圾分类的标准，应该属于可回收物
"
5547,"图中展示的物品是[garbage_object],根据垃圾分类的标准，应该属于[garbage_type]","图中展示的物品是肠(火腿),根据垃圾分类的标准，应该属于厨余垃圾
"
5548,图中展示的物品是剃须刀，根据垃圾分类的标准，应该属于电子废弃物,"图中展示的物品是电动剃须刀,根据垃圾分类的标准，应该属于可回收物
"
5549,"图中展示的物品是[wood, plastic, metal, wood, plastic, wood, plastic, wood, wood, wood, wood, wood, wood, wood, wood, wood, wood, wood, wood, wood, wood, wood, wood, wood, wood, wood, wood, wood, wood, wood, wood, wood, wood, wood, wood, wood, wood, wood, wood, wood, wood, wood, wood, wood, wood, wood, wood, wood, wood, wood, wood, wood, wood, wood, wood, wood, wood, wood, wood, wood, wood, wood, wood, wood, wood, wood, wood, wood, wood, wood, wood, wood, wood, wood, wood, wood, wood, wood, wood, wood, wood, wood, wood, wood, wood, wood, wood, wood, wood, wood, wood, wood, wood, wood, wood, wood, wood, wood, wood, wood, wood, wood, wood, wood, wood, wood, wood, wood, wood, wood, wood, wood, wood, wood, wood, wood, wood, wood, wood, wood, wood, wood, wood, wood, wood, wood, wood, wood, wood, wood, wood, wood, wood, wood, wood, wood, wood, wood, wood, wood, wood, wood, wood, wood, wood, wood, wood, wood, wood, wood, wood, wood, wood, wood, wood, wood, wood, wood, wood, wood, wood, wood, wood, wood, wood, wood, wood, wood, wood, wood, wood, wood, wood, wood, wood, wood, wood, wood, wood, wood, wood, wood, wood, wood, wood, wood, wood, wood, wood, wood, wood, wood, wood, wood, wood, wood, wood, wood, wood, wood, wood, wood, wood, wood, wood, wood, wood, wood, wood, wood, wood, wood, wood, wood, wood, wood, wood, wood, wood, wood, wood, wood, wood, wood, wood, wood, wood, wood, wood, wood, wood, wood, wood, wood, wood, wood, wood, wood, wood, wood, wood, wood, wood, wood, wood, wood, wood, wood, wood, wood, wood, wood, wood","图中展示的物品是乒乓球拍,根据垃圾分类的标准，应该属于可回收物
"
5550,"图中展示的物品是{garbage_object},根据垃圾分类的标准，应该属于{garbage_type}","图中展示的物品是PE塑料袋,根据垃圾分类的标准，应该属于其他垃圾
"
5551,图中展示的物品是保温壶，根据垃圾分类的标准，应该属于厨余垃圾。,"图中展示的物品是热水瓶,根据垃圾分类的标准，应该属于可回收物
"
5552,图中展示的物品是{noGarbage}，根据垃圾分类的标准，应该属于{noGarbage},"图中展示的物品是糕点,根据垃圾分类的标准，应该属于厨余垃圾
"
5553,"图中展示的物品是{garbage_object},根据垃圾分类的标准，应该属于{garbage_type}","图中展示的物品是档案袋,根据垃圾分类的标准，应该属于可回收物
"
5554,图中展示的物品是线缆，根据垃圾分类的标准，应该属于线缆垃圾。,"图中展示的物品是充电线,根据垃圾分类的标准，应该属于可回收物
"
5555,"图中展示的物品是[garbage_object],根据垃圾分类的标准，应该属于[garbage_type]","图中展示的物品是火龙果,根据垃圾分类的标准，应该属于厨余垃圾
"
5556,图中展示的物品是塑料瓶，根据垃圾分类的标准，应该属于可回收物。,"图中展示的物品是塑料瓶,根据垃圾分类的标准，应该属于可回收物
"
5557,"图中展示的物品是[garbage_object],根据垃圾分类的标准，应该属于[garbage_type]","图中展示的物品是餐垫,根据垃圾分类的标准，应该属于可回收物
"
5558,"图中展示的物品是{paper_object},根据垃圾分类的标准，应该属于{paper}","图中展示的物品是书,根据垃圾分类的标准，应该属于可回收物
"
5559,图中展示的物品是{cardboard_box}，根据垃圾分类的标准，应该属于{recyclable},"图中展示的物品是纸箱,根据垃圾分类的标准，应该属于可回收物
"
5560,"图中展示的物品是[garbage_object],根据垃圾分类的标准，应该属于[garbage_type]","图中展示的物品是炸鸡,根据垃圾分类的标准，应该属于厨余垃圾
"
5561,"图中展示的物品是[recycle_paper],[garbage_type]","图中展示的物品是便利贴,根据垃圾分类的标准，应该属于其他垃圾
"
5562,"图中展示的物品是{garbage_object},根据垃圾分类的标准，应该属于{garbage_type}垃圾。","图中展示的物品是耳钉耳环,根据垃圾分类的标准，应该属于可回收物
"
5563,"图中展示的物品是{garbage_object},根据垃圾分类的标准，应该属于{garbage_type}垃圾。","图中展示的物品是饼干,根据垃圾分类的标准，应该属于厨余垃圾
"
5564,"图中展示的物品是[garbage_object],根据垃圾分类的标准，应该属于[garbage_type]","图中展示的物品是空调遥控器,根据垃圾分类的标准，应该属于可回收物
"
5565,"图中展示的物品是[garbage_object],根据垃圾分类的标准，应该属于[garbage_type]","图中展示的物品是玩偶,根据垃圾分类的标准，应该属于可回收物
"
5566,"图中展示的物品是{garbage_object},根据垃圾分类的标准，应该属于{garbage_type}电子废弃物","图中展示的物品是路由器,根据垃圾分类的标准，应该属于可回收物
"
5567,图中展示的物品是瓶子，根据垃圾分类的标准，应该属于可回收垃圾。,"图中展示的物品是护肤品空瓶,根据垃圾分类的标准，应该属于可回收物
"
5568,"图中展示的物品是[garbage_object],根据垃圾分类的标准，应该属于[garbage_type]","图中展示的物品是护肤品空瓶,根据垃圾分类的标准，应该属于可回收物
"
5569,"图中展示的物品是[garbage_object],根据垃圾分类的标准，应该属于[garbage_type]","图中展示的物品是鸡毛掸,根据垃圾分类的标准，应该属于其他垃圾
"
5570,图中展示的物品是路由器，根据垃圾分类的标准，应该属于电子废弃物。,"图中展示的物品是路由器,根据垃圾分类的标准，应该属于可回收物
"
5571,图中展示的物品是梳子，根据垃圾分类的标准，应该属于废塑料。,"图中展示的物品是木质梳子,根据垃圾分类的标准，应该属于可回收物
"
5572,"图中展示的物品是{garbage_object},根据垃圾分类的标准，应该属于{garbage_type}","图中展示的物品是糕点,根据垃圾分类的标准，应该属于厨余垃圾
"
5573,图中展示的物品是键盘，根据垃圾分类的标准，应该属于电子废弃物,"图中展示的物品是键盘,根据垃圾分类的标准，应该属于可回收物
"
5574,图中展示的物品是面包，根据垃圾分类的标准，应该属于可回收垃圾。,"图中展示的物品是糕点,根据垃圾分类的标准，应该属于厨余垃圾
"
5575,图中展示的物品是汉堡包，根据垃圾分类的标准，应该属于厨余垃圾,"图中展示的物品是汉堡,根据垃圾分类的标准，应该属于厨余垃圾
"
5576,"图中展示的物品是{garbage_object},根据垃圾分类的标准，应该属于{garbage_type}","图中展示的物品是纸巾,根据垃圾分类的标准，应该属于其他垃圾
"
5577,图中展示的物品是糖果，根据垃圾分类的标准，应该属于垃圾食品,"图中展示的物品是果冻,根据垃圾分类的标准，应该属于厨余垃圾
"
5578,"图中展示的物品是{glassware_object},根据垃圾分类的标准，应该属于{glass}","图中展示的物品是玻璃壶,根据垃圾分类的标准，应该属于可回收物
"
5579,"图中展示的物品是{garbage_object},根据垃圾分类的标准，应该属于{garbage_type}电子垃圾","图中展示的物品是电路板,根据垃圾分类的标准，应该属于可回收物
"
5580,"图中展示的物品是[garbage_object],根据垃圾分类的标准，应该属于[garbage_type]","图中展示的物品是白菜,根据垃圾分类的标准，应该属于厨余垃圾
"
5581,图中展示的物品是盘子，根据垃圾分类的标准，应该属于厨余垃圾,"图中展示的物品是蛋挞,根据垃圾分类的标准，应该属于厨余垃圾
"
5582,图中展示的物品是{backpack}，根据垃圾分类的标准，应该属于{garbage_type},"图中展示的物品是手提包,根据垃圾分类的标准，应该属于可回收物
"
5583,图中展示的物品是放大镜，根据垃圾分类的标准，应该属于可回收物,"图中展示的物品是放大镜,根据垃圾分类的标准，应该属于可回收物
"
5584,"图中展示的物品是{garbage_object},根据垃圾分类的标准，应该属于{garbage_type}","图中展示的物品是计算器,根据垃圾分类的标准，应该属于可回收物
"
5585,图中展示的物品是{no garbage},"图中展示的物品是枕头,根据垃圾分类的标准，应该属于可回收物
"
5586,"图中展示的物品是{garbage_object},根据垃圾分类的标准，应该属于{garbage_type}垃圾。","图中展示的物品是订书机,根据垃圾分类的标准，应该属于可回收物
"
5587,图中展示的物品是无双剑翅，根据垃圾分类的标准，应该属于厨余垃圾,"图中展示的物品是鸡翅,根据垃圾分类的标准，应该属于厨余垃圾
"
5588,图中展示的物品是{cardboard_box}，根据垃圾分类的标准，应该属于{cardboard},"图中展示的物品是纸箱,根据垃圾分类的标准，应该属于可回收物
"
5589,"图中展示的物品是[garbage_object],根据垃圾分类的标准，应该属于[garbage_type]","图中展示的物品是茶叶罐,根据垃圾分类的标准，应该属于可回收物
"
5590,"图中展示的物品是[garbage_object],根据垃圾分类的标准，应该属于[garbage_type]","图中展示的物品是饼干,根据垃圾分类的标准，应该属于厨余垃圾
"
5591,图中展示的物品是电池，根据垃圾分类的标准，应该属于有害垃圾。,"图中展示的物品是蓄电池,根据垃圾分类的标准，应该属于有害垃圾
"
5592,"图中展示的物品是{garbage_object},根据垃圾分类的标准，应该属于{garbage_type}垃圾。","图中展示的物品是乒乓球拍,根据垃圾分类的标准，应该属于可回收物
"
5593,"图中展示的物品是{garbage_object},根据垃圾分类的标准，应该属于{garbage_type}","图中展示的物品是白菜,根据垃圾分类的标准，应该属于厨余垃圾
"
5594,"图中展示的物品是[garbage_object],根据垃圾分类的标准，应该属于[garbage_type]","图中展示的物品是玩偶,根据垃圾分类的标准，应该属于可回收物
"
5595,鼠标,"图中展示的物品是鼠标,根据垃圾分类的标准，应该属于可回收物
"
5596,图中展示的物品是插线板，根据垃圾分类的标准，应该属于其他垃圾。,"图中展示的物品是插线板,根据垃圾分类的标准，应该属于可回收物
"
5597,"图中展示的物品是剃须刀,根据垃圾分类的标准，应该属于废品","图中展示的物品是电动剃须刀,根据垃圾分类的标准，应该属于可回收物
"
5598,图中展示的物品是塑料瓶，根据垃圾分类的标准，应该属于可回收物,"图中展示的物品是滴眼液瓶,根据垃圾分类的标准，应该属于有害垃圾
"
5599,"图中展示的物品是{garbage_object},根据垃圾分类的标准，应该属于{garbage_type}垃圾。","图中展示的物品是蛋,根据垃圾分类的标准，应该属于厨余垃圾
"
5600,图中展示的物品是手提包，根据垃圾分类的标准，应该属于可回收垃圾,"图中展示的物品是单肩包手提包,根据垃圾分类的标准，应该属于可回收物
"
5601,"图中展示的物品是{paper_box_object},根据垃圾分类的标准，应该属于{paper}","图中展示的物品是蛋糕盒,根据垃圾分类的标准，应该属于可回收物
"
5602,"图中展示的物品是{garbage_object},根据垃圾分类的标准，应该属于{garbage_type}","图中展示的物品是蛋,根据垃圾分类的标准，应该属于厨余垃圾
"
5603,"图中展示的物品是{apple_object},根据垃圾分类的标准，应该属于{compost}","图中展示的物品是冰糖葫芦,根据垃圾分类的标准，应该属于厨余垃圾
"
5604,图中展示的物品是一本书,"图中展示的物品是书,根据垃圾分类的标准，应该属于可回收物
"
5605,图中展示的物品是废塑料，根据垃圾分类的标准，应该属于其他垃圾,"图中展示的物品是易拉罐,根据垃圾分类的标准，应该属于可回收物
"
5606,"图中展示的物品是{garbage_object},根据垃圾分类的标准，应该属于{garbage_type}","图中展示的物品是单肩包手提包,根据垃圾分类的标准，应该属于可回收物
"
5607,图中展示的物品是烟蒂，根据垃圾分类的标准，应该属于垃圾,"图中展示的物品是烟蒂,根据垃圾分类的标准，应该属于其他垃圾
"
5608,"图中展示的物品是[garbage_object],根据垃圾分类的标准，应该属于[garbage_type]","图中展示的物品是贝果,根据垃圾分类的标准，应该属于厨余垃圾
"
5609,图中展示的物品是{kettle}，根据垃圾分类的标准，应该属于{glass},"图中展示的物品是茶壶碎片,根据垃圾分类的标准，应该属于其他垃圾
"
5610,图中展示的物品是纸张，根据垃圾分类的标准，应该属于纸张,"图中展示的物品是台历,根据垃圾分类的标准，应该属于可回收物
"
5611,"图中展示的物品是{garbage_object},根据垃圾分类的标准，应该属于{garbage_type}垃圾。","图中展示的物品是药品包装,根据垃圾分类的标准，应该属于有害垃圾
"
5612,"图中展示的物品是{garbage_object},根据垃圾分类的标准，应该属于{garbage_type}","图中展示的物品是蛋挞,根据垃圾分类的标准，应该属于厨余垃圾
"
5613,"图中展示的物品是[garbage_object],根据垃圾分类的标准，应该属于[garbage_type]","图中展示的物品是耳钉耳环,根据垃圾分类的标准，应该属于可回收物
"
5614,图中展示的物品是桌布，根据垃圾分类的标准，应该属于可回收物,"图中展示的物品是餐垫,根据垃圾分类的标准，应该属于可回收物
"
5615,图中展示的物品是塑料制品，根据垃圾分类的标准，应该属于塑料垃圾,"图中展示的物品是书,根据垃圾分类的标准，应该属于可回收物
"
5616,图中展示的物品是硒鼓，根据垃圾分类的标准，应该属于电子废弃物。,"图中展示的物品是打印机墨盒,根据垃圾分类的标准，应该属于可回收物
"
5617,"图中展示的物品是[garbage_object],根据垃圾分类的标准，应该属于[garbage_type]","图中展示的物品是玩偶,根据垃圾分类的标准，应该属于可回收物
"
5618,"图中展示的物品是{garbage_object},根据垃圾分类的标准，应该属于{garbage_type}","图中展示的物品是糕点,根据垃圾分类的标准，应该属于厨余垃圾
"
5619,"图中展示的物品是饼干,根据垃圾分类的标准，应该属于可回收垃圾","图中展示的物品是饼干,根据垃圾分类的标准，应该属于厨余垃圾
"
5620,"图中展示的物品是[garbage_object],根据垃圾分类的标准，应该属于[garbage_type]","图中展示的物品是纸牌,根据垃圾分类的标准，应该属于可回收物
"
5621,图中展示的物品是香肠，根据垃圾分类的标准，应该属于厨余垃圾。,"图中展示的物品是肠(火腿),根据垃圾分类的标准，应该属于厨余垃圾
"
5622,"图中展示的物品是{garbage_object},根据垃圾分类的标准，应该属于{garbage_type}","图中展示的物品是鞋,根据垃圾分类的标准，应该属于可回收物
"
5623,图中展示的物品是[garbage_object]，根据垃圾分类的标准，应该属于[garbage_type],"图中展示的物品是钟表,根据垃圾分类的标准，应该属于可回收物
"
5624,"图中展示的物品是{garbage_object},根据垃圾分类的标准，应该属于{garbage_type}","图中展示的物品是咖啡渣,根据垃圾分类的标准，应该属于厨余垃圾
"
5625,"图中展示的物品是{garbage_object},根据垃圾分类的标准，应该属于{garbage_type}垃圾。","图中展示的物品是口服液瓶,根据垃圾分类的标准，应该属于有害垃圾
"
5626,"图中展示的物品是{garbage_object},根据垃圾分类的标准，应该属于{garbage_type}废弃物","图中展示的物品是药品包装,根据垃圾分类的标准，应该属于有害垃圾
"
5627,图中展示的物品是{bamboo}，根据垃圾分类的标准，应该属于{recyclable},"图中展示的物品是书,根据垃圾分类的标准，应该属于可回收物
"
5628,"图中展示的物品是[garbage_object],根据垃圾分类的标准，应该属于[garbage_type]","图中展示的物品是碘伏空瓶,根据垃圾分类的标准，应该属于有害垃圾
"
5629,"图中展示的物品是[garbage_object],根据垃圾分类的标准，应该属于[garbage_type]","图中展示的物品是蚕豆,根据垃圾分类的标准，应该属于厨余垃圾
"
5630,图中展示的物品是透明塑料尺，根据垃圾分类的标准，应该属于可回收垃圾。,"图中展示的物品是尺子,根据垃圾分类的标准，应该属于可回收物
"
5631,"图中展示的物品是[garbage_object],根据垃圾分类的标准，应该属于[garbage_type]","图中展示的物品是手电筒,根据垃圾分类的标准，应该属于可回收物
"
5632,"图中展示的物品是[garbage_object],根据垃圾分类的标准，应该属于[garbage_type]","图中展示的物品是糕点,根据垃圾分类的标准，应该属于厨余垃圾
"
5633,"图中展示的物品是[garbage_object],根据垃圾分类的标准，应该属于[garbage_type]","图中展示的物品是手提包,根据垃圾分类的标准，应该属于可回收物
"
5634,图中展示的物品是{shoe}，根据垃圾分类的标准，应该属于{shoe},"图中展示的物品是鞋,根据垃圾分类的标准，应该属于可回收物
"
5635,图中展示的物品是杯子，根据垃圾分类的标准，应该属于可回收物。,"图中展示的物品是热水瓶,根据垃圾分类的标准，应该属于可回收物
"
5636,"图中展示的物品是杯子,根据垃圾分类的标准，应该属于其他垃圾","图中展示的物品是保温杯,根据垃圾分类的标准，应该属于可回收物
"
5637,"图中展示的物品是[garbage_object],根据垃圾分类的标准，应该属于[garbage_type]","图中展示的物品是打气筒,根据垃圾分类的标准，应该属于可回收物
"
5638,图中展示的物品是{orange}，根据垃圾分类的标准，应该属于{organic},"图中展示的物品是橙子,根据垃圾分类的标准，应该属于厨余垃圾
"
5639,"图中展示的物品是{garbage_object},根据垃圾分类的标准，应该属于{garbage_type}","图中展示的物品是青菜,根据垃圾分类的标准，应该属于厨余垃圾
"
5640,图中展示的物品是坚果，根据垃圾分类的标准，应该属于可回收物。,"图中展示的物品是巴旦木,根据垃圾分类的标准，应该属于厨余垃圾
"
5641,"图中展示的物品是{garbage_object},根据垃圾分类的标准，应该属于{garbage_type}垃圾。","图中展示的物品是充电头,根据垃圾分类的标准，应该属于可回收物
"
5642,"图中展示的物品是{garbage_object},根据垃圾分类的标准，应该属于{garbage_type}","图中展示的物品是贝果,根据垃圾分类的标准，应该属于厨余垃圾
"
5643,"图中展示的物品是{garbage_object},根据垃圾分类的标准，应该属于{garbage_type}电子废弃物","图中展示的物品是电池,根据垃圾分类的标准，应该属于有害垃圾
"
5644,"图中展示的物品是{garbage_object},根据垃圾分类的标准，应该属于{garbage_type}","图中展示的物品是纸巾,根据垃圾分类的标准，应该属于其他垃圾
"
5645,"图中展示的物品是{garbage_object},根据垃圾分类的标准，应该属于{garbage_type}","图中展示的物品是咖啡渣,根据垃圾分类的标准，应该属于厨余垃圾
"
5646,图中展示的物品是{fruit}，根据垃圾分类的标准，应该属于{fruit},"图中展示的物品是菠萝,根据垃圾分类的标准，应该属于厨余垃圾
"
5647,图中展示的物品是袜子，根据垃圾分类的标准，应该属于可回收垃圾,"图中展示的物品是袜子,根据垃圾分类的标准，应该属于可回收物
"
5648,图中展示的物品是{backpack}，根据垃圾分类的标准，应该属于{recyclable}。,"图中展示的物品是手提包,根据垃圾分类的标准，应该属于可回收物
"
5649,图中展示的物品是铁丝水滴串灯，根据垃圾分类的标准，应该属于可回收垃圾。,"图中展示的物品是钢丝球,根据垃圾分类的标准，应该属于可回收物
"
5650,图中展示的物品是钳子，根据垃圾分类的标准，应该属于有害垃圾,"图中展示的物品是镊子,根据垃圾分类的标准，应该属于可回收物
"
5651,图中展示的物品是塑料，根据垃圾分类的标准，应该属于可回收垃圾,"图中展示的物品是充电线,根据垃圾分类的标准，应该属于可回收物
"
5652,"图中展示的物品是{garbage_object},根据垃圾分类的标准，应该属于{garbage_type}垃圾。","图中展示的物品是耳机,根据垃圾分类的标准，应该属于可回收物
"
5653,坚果,"图中展示的物品是巴旦木,根据垃圾分类的标准，应该属于厨余垃圾
"
5654,图中展示的物品是墨盒，根据垃圾分类的标准，应该属于有害垃圾,"图中展示的物品是打印机墨盒,根据垃圾分类的标准，应该属于可回收物
"
5655,"图中展示的物品是{garbage_object},根据垃圾分类的标准，应该属于{garbage_type}垃圾。","图中展示的物品是瓜子,根据垃圾分类的标准，应该属于厨余垃圾
"
5656,"图中展示的物品是{garbage_object},根据垃圾分类的标准，应该属于{garbage_type}","图中展示的物品是纸箱,根据垃圾分类的标准，应该属于可回收物
"
5657,"图中展示的物品是{toy_object},根据垃圾分类的标准，应该属于{garbage_type}","图中展示的物品是玩偶,根据垃圾分类的标准，应该属于可回收物
"
5658,图中展示的物品是塑料笔芯，根据垃圾分类的标准，应该属于可回收物。,"图中展示的物品是笔及笔芯,根据垃圾分类的标准，应该属于其他垃圾
"
5659,"图中展示的物品是[tabletennis_racket],根据垃圾分类的标准，应该属于[garbage_type]","图中展示的物品是乒乓球拍,根据垃圾分类的标准，应该属于可回收物
"
5660,"图中展示的物品是[car_seat],根据垃圾分类的标准，应该属于[garbage_type]","图中展示的物品是车钥匙,根据垃圾分类的标准，应该属于可回收物
"
5661,图中展示的物品是{fruit}，根据垃圾分类的标准，应该属于{fruit},"图中展示的物品是塑料盆,根据垃圾分类的标准，应该属于可回收物
"
5662,"图中展示的物品是[glow object],根据垃圾分类的标准，应该属于[garbage]","图中展示的物品是帽子,根据垃圾分类的标准，应该属于可回收物
"
5663,图中展示的物品是坚果，根据垃圾分类的标准，应该属于可回收物。,"图中展示的物品是核桃,根据垃圾分类的标准，应该属于厨余垃圾
"
5664,"图中展示的物品是{garbage_object},根据垃圾分类的标准，应该属于{garbage_type}","图中展示的物品是打印机墨盒,根据垃圾分类的标准，应该属于可回收物
"
5665,图中展示的物品是果冻，根据垃圾分类的标准，应该属于可回收物,"图中展示的物品是果冻,根据垃圾分类的标准，应该属于厨余垃圾
"
5666,"图中展示的物品是{garbage_object},根据垃圾分类的标准，应该属于{garbage_type}","图中展示的物品是残渣剩饭,根据垃圾分类的标准，应该属于厨余垃圾
"
5667,"图中展示的物品是[phone removed],根据垃圾分类的标准，应该属于[garbage_type]","图中展示的物品是地铁票,根据垃圾分类的标准，应该属于可回收物
"
5668,图中展示的物品是五香鹌鹑蛋，根据垃圾分类的标准，应该属于可回收垃圾,"图中展示的物品是蛋,根据垃圾分类的标准，应该属于厨余垃圾
"
5669,"图中展示的物品是{garbage_object},根据垃圾分类的标准，应该属于{garbage_type}","图中展示的物品是糕点,根据垃圾分类的标准，应该属于厨余垃圾
"
5670,"图中展示的物品是[garbage_object],根据垃圾分类的标准，应该属于[garbage_type]","图中展示的物品是保温杯,根据垃圾分类的标准，应该属于可回收物
"
5671,"图中展示的物品是瓶子,根据垃圾分类的标准，应该属于废塑料","图中展示的物品是塑料瓶,根据垃圾分类的标准，应该属于可回收物
"
5672,"图中展示的物品是[wood_object, plastic_object]，根据垃圾分类的标准，应该属于[garbage_type]","图中展示的物品是木质梳子,根据垃圾分类的标准，应该属于可回收物
"
5673,图中展示的物品是面包，根据垃圾分类的标准，应该属于可回收垃圾,"图中展示的物品是糕点,根据垃圾分类的标准，应该属于厨余垃圾
"
5674,图中展示的物品是棉签，根据垃圾分类的标准，应该属于可回收垃圾。,"图中展示的物品是一次性棉签,根据垃圾分类的标准，应该属于其他垃圾
"
5675,"图中展示的物品是[none],根据垃圾分类的标准，应该属于[none]","图中展示的物品是保温杯,根据垃圾分类的标准，应该属于可回收物
"
5676,"图中展示的物品是{garbage_object},根据垃圾分类的标准，应该属于{garbage_type}","图中展示的物品是购物纸袋,根据垃圾分类的标准，应该属于可回收物
"
5677,"图中展示的物品是{kettle_object},根据垃圾分类的标准，应该属于{garbage_type}","图中展示的物品是烧水壶,根据垃圾分类的标准，应该属于可回收物
"
5678,图中展示的物品是[food]，根据垃圾分类的标准，应该属于[垃圾],"图中展示的物品是蛋挞,根据垃圾分类的标准，应该属于厨余垃圾
"
5679,图中展示的物品是[wood]，根据垃圾分类的标准，应该属于[wood],"图中展示的物品是木质梳子,根据垃圾分类的标准，应该属于可回收物
"
5680,图中展示的物品是罐头，根据垃圾分类的标准，应该属于可回收物。,"图中展示的物品是罐头瓶,根据垃圾分类的标准，应该属于可回收物
"
5681,图中展示的物品是药品，根据垃圾分类的标准，应该属于有害垃圾,"图中展示的物品是杀虫剂,根据垃圾分类的标准，应该属于有害垃圾
"
5682,图中展示的物品是塑料袋，根据垃圾分类的标准，应该属于其他垃圾,"图中展示的物品是菠萝蜜,根据垃圾分类的标准，应该属于厨余垃圾
"
5683,"图中展示的物品是{garbage_object},根据垃圾分类的标准，应该属于{garbage_type}","图中展示的物品是茶叶罐,根据垃圾分类的标准，应该属于可回收物
"
5684,图中展示的物品是修正带，根据垃圾分类的标准，应该属于其他垃圾。,"图中展示的物品是涂改带,根据垃圾分类的标准，应该属于其他垃圾
"
5685,"图中展示的物品是{garbage_object},根据垃圾分类的标准，应该属于{garbage_type}","图中展示的物品是车钥匙,根据垃圾分类的标准，应该属于可回收物
"
5686,"图中展示的物品是[iron],[trash]，根据垃圾分类的标准，应该属于[trash]","图中展示的物品是电熨斗,根据垃圾分类的标准，应该属于可回收物
"
5687,图中展示的物品是{grass}，根据垃圾分类的标准，应该属于{grass},"图中展示的物品是青菜,根据垃圾分类的标准，应该属于厨余垃圾
"
5688,"图中展示的物品是{garbage_object},根据垃圾分类的标准，应该属于{garbage_type}垃圾。","图中展示的物品是蛋挞,根据垃圾分类的标准，应该属于厨余垃圾
"
5689,"图中展示的物品是[fruit, food]，根据垃圾分类的标准，应该属于[food]。","图中展示的物品是果冻,根据垃圾分类的标准，应该属于厨余垃圾
"
5690,图中展示的物品是废电池，根据垃圾分类的标准，应该属于有害垃圾,"图中展示的物品是烟蒂,根据垃圾分类的标准，应该属于其他垃圾
"
5691,图中展示的物品是烟蒂，根据垃圾分类的标准，应该属于烟蒂,"图中展示的物品是烟蒂,根据垃圾分类的标准，应该属于其他垃圾
"
5692,"图中展示的物品是{wood_object},根据垃圾分类的标准，应该属于{wood}","图中展示的物品是木质梳子,根据垃圾分类的标准，应该属于可回收物
"
5693,"图中展示的物品是果袋,根据垃圾分类的标准，应该属于废纸","图中展示的物品是购物纸袋,根据垃圾分类的标准，应该属于可回收物
"
5694,图中展示的物品是{chestnut}，根据垃圾分类的标准，应该属于{food},"图中展示的物品是板栗,根据垃圾分类的标准，应该属于厨余垃圾
"
5695,"图中展示的物品是[玻璃杯],根据垃圾分类的标准，应该属于[其他垃圾]","图中展示的物品是罐头瓶,根据垃圾分类的标准，应该属于可回收物
"
5696,"图中展示的物品是{garbage_object},根据垃圾分类的标准，应该属于{garbage_type}垃圾。","图中展示的物品是纽扣电池,根据垃圾分类的标准，应该属于有害垃圾
"
5697,图中展示的物品是米饭，根据垃圾分类的标准，应该属于厨余垃圾。,"图中展示的物品是残渣剩饭,根据垃圾分类的标准，应该属于厨余垃圾
"
5698,图中展示的物品是白菜，根据垃圾分类的标准，应该属于厨余垃圾,"图中展示的物品是白菜,根据垃圾分类的标准，应该属于厨余垃圾
"
5699,图中展示的物品是{apple}，根据垃圾分类的标准，应该属于{green},"图中展示的物品是西瓜皮,根据垃圾分类的标准，应该属于厨余垃圾
"
5700,图中展示的物品是饼干，根据垃圾分类的标准，应该属于可回收垃圾。,"图中展示的物品是饼干,根据垃圾分类的标准，应该属于厨余垃圾
"
5701,图中展示的物品是[金属][不锈钢][塑料][玻璃][塑料][塑料][玻璃][塑料][塑料][玻璃][塑料][塑料][塑料][塑料][塑料][塑料][塑料][塑料][塑料][塑料][塑料][塑料][塑料][塑料][塑料][塑料][塑料][塑料][塑料][塑料][塑料][塑料][塑料][塑料][塑料][塑料][塑料][塑料][塑料][塑料][塑料][塑料][塑料][塑料][塑料][塑料][塑料][塑料][塑料][塑料][塑料][塑料][塑料][塑料][塑料][塑料][塑料][塑料][塑料][塑料][塑料][塑料][塑料][塑料][塑料][塑料][塑料][塑料][塑料][塑料][塑料][塑料][塑料][塑料][塑料][塑料][塑料][塑料][塑料][塑料][塑料][塑料][塑料][塑料][塑料][塑料][塑料][塑料][塑料][塑料][塑料][塑料][塑料][塑料][塑料][塑料][塑料][塑料][塑料][塑料][塑料][塑料][塑料][塑料][塑料][塑料][塑料][塑料][塑料][塑料][塑料][塑料][塑料][塑料][塑料][塑料][塑料][塑料][塑料][塑料][塑料][塑料][塑料][塑料][塑料][塑料][塑料][塑料][塑料][塑料][塑料][塑料][塑料][塑料][塑料][塑料][塑料][塑料][塑料][塑料][塑料][塑料][塑料][塑料][塑料][塑料][塑料][塑料][塑料][塑料][塑料][塑料][塑料][塑料][塑料][塑料][塑料][塑料][塑料][塑料][塑料][塑料][塑料][塑料][塑料][塑料][塑料][塑料][塑料][塑料][塑料][塑料][塑料][塑料][塑料][塑料][塑料][塑料][塑料][塑料][塑料][塑料][塑料][塑料][塑料][塑料][塑料][塑料][塑料][塑料][塑料][塑料][塑料][塑料][塑料][塑料][塑料][塑料][塑料][塑料][塑料][塑料][塑料][塑料][塑料][塑料][塑料][塑料][塑料][塑料][塑料][塑料][塑料][塑料][塑料][塑料][塑料][塑料][塑料][塑料][塑料][塑料][塑料][塑料][塑料][塑料][塑料][塑料][塑料][塑料][塑料][塑料][塑料][塑料][塑料][塑料][塑料][塑料][塑料][塑料][塑料][塑料][塑料][塑料][塑料][塑料][塑料][塑料][塑料][塑料][塑料][塑料][塑料,"图中展示的物品是保温杯,根据垃圾分类的标准，应该属于可回收物
"
5702,图中展示的物品是{blanket}，根据垃圾分类的标准，应该属于{fashion},"图中展示的物品是毛巾,根据垃圾分类的标准，应该属于其他垃圾
"
5703,"图中展示的物品是[garbage_object],根据垃圾分类的标准，应该属于[garbage_type]","图中展示的物品是火龙果,根据垃圾分类的标准，应该属于厨余垃圾
"
5704,"图中展示的物品是{garbage_object},根据垃圾分类的标准，应该属于{garbage_type}","图中展示的物品是鞋,根据垃圾分类的标准，应该属于可回收物
"
